TIME,DATA_VALUE,retrieved_at
20080101,5,2026-08-05
20080102,5,2026-08-05
20080103,5,2026-08-05
20080104,5,2026-08-05
20080105,5,2026-08-05
20080106,5,2026-08-05
20080107,5,2026-08-05
20080108,5,2026-08-05
20080109,5,2026-08-05
20080110,5,2026-08-05
20080111,5,2026-08-05
20080112,5,2026-08-05
20080113,5,2026-08-05
20080114,5,2026-08-05
20080115,5,2026-08-05
20080116,5,2026-08-05
20080117,5,2026-08-05
20080118,5,2026-08-05
20080119,5,2026-08-05
20080120,5,2026-08-05
20080121,5,2026-08-05
20080122,5,2026-08-05
20080123,5,2026-08-05
20080124,5,2026-08-05
20080125,5,2026-08-05
20080126,5,2026-08-05
20080127,5,2026-08-05
20080128,5,2026-08-05
20080129,5,2026-08-05
20080130,5,2026-08-05
20080131,5,2026-08-05
20080201,5,2026-08-05
20080202,5,2026-08-05
20080203,5,2026-08-05
20080204,5,2026-08-05
20080205,5,2026-08-05
20080206,5,2026-08-05
20080207,5,2026-08-05
20080208,5,2026-08-05
20080209,5,2026-08-05
20080210,5,2026-08-05
20080211,5,2026-08-05
20080212,5,2026-08-05
20080213,5,2026-08-05
20080214,5,2026-08-05
20080215,5,2026-08-05
20080216,5,2026-08-05
20080217,5,2026-08-05
20080218,5,2026-08-05
20080219,5,2026-08-05
20080220,5,2026-08-05
20080221,5,2026-08-05
20080222,5,2026-08-05
20080223,5,2026-08-05
20080224,5,2026-08-05
20080225,5,2026-08-05
20080226,5,2026-08-05
20080227,5,2026-08-05
20080228,5,2026-08-05
20080229,5,2026-08-05
20080301,5,2026-08-05
20080302,5,2026-08-05
20080303,5,2026-08-05
20080304,5,2026-08-05
20080305,5,2026-08-05
20080306,5,2026-08-05
20080307,5,2026-08-05
20080308,5,2026-08-05
20080309,5,2026-08-05
20080310,5,2026-08-05
20080311,5,2026-08-05
20080312,5,2026-08-05
20080313,5,2026-08-05
20080314,5,2026-08-05
20080315,5,2026-08-05
20080316,5,2026-08-05
20080317,5,2026-08-05
20080318,5,2026-08-05
20080319,5,2026-08-05
20080320,5,2026-08-05
20080321,5,2026-08-05
20080322,5,2026-08-05
20080323,5,2026-08-05
20080324,5,2026-08-05
20080325,5,2026-08-05
20080326,5,2026-08-05
20080327,5,2026-08-05
20080328,5,2026-08-05
20080329,5,2026-08-05
20080330,5,2026-08-05
20080331,5,2026-08-05
20080401,5,2026-08-05
20080402,5,2026-08-05
20080403,5,2026-08-05
20080404,5,2026-08-05
20080405,5,2026-08-05
20080406,5,2026-08-05
20080407,5,2026-08-05
20080408,5,2026-08-05
20080409,5,2026-08-05
20080410,5,2026-08-05
20080411,5,2026-08-05
20080412,5,2026-08-05
20080413,5,2026-08-05
20080414,5,2026-08-05
20080415,5,2026-08-05
20080416,5,2026-08-05
20080417,5,2026-08-05
20080418,5,2026-08-05
20080419,5,2026-08-05
20080420,5,2026-08-05
20080421,5,2026-08-05
20080422,5,2026-08-05
20080423,5,2026-08-05
20080424,5,2026-08-05
20080425,5,2026-08-05
20080426,5,2026-08-05
20080427,5,2026-08-05
20080428,5,2026-08-05
20080429,5,2026-08-05
20080430,5,2026-08-05
20080501,5,2026-08-05
20080502,5,2026-08-05
20080503,5,2026-08-05
20080504,5,2026-08-05
20080505,5,2026-08-05
20080506,5,2026-08-05
20080507,5,2026-08-05
20080508,5,2026-08-05
20080509,5,2026-08-05
20080510,5,2026-08-05
20080511,5,2026-08-05
20080512,5,2026-08-05
20080513,5,2026-08-05
20080514,5,2026-08-05
20080515,5,2026-08-05
20080516,5,2026-08-05
20080517,5,2026-08-05
20080518,5,2026-08-05
20080519,5,2026-08-05
20080520,5,2026-08-05
20080521,5,2026-08-05
20080522,5,2026-08-05
20080523,5,2026-08-05
20080524,5,2026-08-05
20080525,5,2026-08-05
20080526,5,2026-08-05
20080527,5,2026-08-05
20080528,5,2026-08-05
20080529,5,2026-08-05
20080530,5,2026-08-05
20080531,5,2026-08-05
20080601,5,2026-08-05
20080602,5,2026-08-05
20080603,5,2026-08-05
20080604,5,2026-08-05
20080605,5,2026-08-05
20080606,5,2026-08-05
20080607,5,2026-08-05
20080608,5,2026-08-05
20080609,5,2026-08-05
20080610,5,2026-08-05
20080611,5,2026-08-05
20080612,5,2026-08-05
20080613,5,2026-08-05
20080614,5,2026-08-05
20080615,5,2026-08-05
20080616,5,2026-08-05
20080617,5,2026-08-05
20080618,5,2026-08-05
20080619,5,2026-08-05
20080620,5,2026-08-05
20080621,5,2026-08-05
20080622,5,2026-08-05
20080623,5,2026-08-05
20080624,5,2026-08-05
20080625,5,2026-08-05
20080626,5,2026-08-05
20080627,5,2026-08-05
20080628,5,2026-08-05
20080629,5,2026-08-05
20080630,5,2026-08-05
20080701,5,2026-08-05
20080702,5,2026-08-05
20080703,5,2026-08-05
20080704,5,2026-08-05
20080705,5,2026-08-05
20080706,5,2026-08-05
20080707,5,2026-08-05
20080708,5,2026-08-05
20080709,5,2026-08-05
20080710,5,2026-08-05
20080711,5,2026-08-05
20080712,5,2026-08-05
20080713,5,2026-08-05
20080714,5,2026-08-05
20080715,5,2026-08-05
20080716,5,2026-08-05
20080717,5,2026-08-05
20080718,5,2026-08-05
20080719,5,2026-08-05
20080720,5,2026-08-05
20080721,5,2026-08-05
20080722,5,2026-08-05
20080723,5,2026-08-05
20080724,5,2026-08-05
20080725,5,2026-08-05
20080726,5,2026-08-05
20080727,5,2026-08-05
20080728,5,2026-08-05
20080729,5,2026-08-05
20080730,5,2026-08-05
20080731,5,2026-08-05
20080801,5,2026-08-05
20080802,5,2026-08-05
20080803,5,2026-08-05
20080804,5,2026-08-05
20080805,5,2026-08-05
20080806,5,2026-08-05
20080807,5.25,2026-08-05
20080808,5.25,2026-08-05
20080809,5.25,2026-08-05
20080810,5.25,2026-08-05
20080811,5.25,2026-08-05
20080812,5.25,2026-08-05
20080813,5.25,2026-08-05
20080814,5.25,2026-08-05
20080815,5.25,2026-08-05
20080816,5.25,2026-08-05
20080817,5.25,2026-08-05
20080818,5.25,2026-08-05
20080819,5.25,2026-08-05
20080820,5.25,2026-08-05
20080821,5.25,2026-08-05
20080822,5.25,2026-08-05
20080823,5.25,2026-08-05
20080824,5.25,2026-08-05
20080825,5.25,2026-08-05
20080826,5.25,2026-08-05
20080827,5.25,2026-08-05
20080828,5.25,2026-08-05
20080829,5.25,2026-08-05
20080830,5.25,2026-08-05
20080831,5.25,2026-08-05
20080901,5.25,2026-08-05
20080902,5.25,2026-08-05
20080903,5.25,2026-08-05
20080904,5.25,2026-08-05
20080905,5.25,2026-08-05
20080906,5.25,2026-08-05
20080907,5.25,2026-08-05
20080908,5.25,2026-08-05
20080909,5.25,2026-08-05
20080910,5.25,2026-08-05
20080911,5.25,2026-08-05
20080912,5.25,2026-08-05
20080913,5.25,2026-08-05
20080914,5.25,2026-08-05
20080915,5.25,2026-08-05
20080916,5.25,2026-08-05
20080917,5.25,2026-08-05
20080918,5.25,2026-08-05
20080919,5.25,2026-08-05
20080920,5.25,2026-08-05
20080921,5.25,2026-08-05
20080922,5.25,2026-08-05
20080923,5.25,2026-08-05
20080924,5.25,2026-08-05
20080925,5.25,2026-08-05
20080926,5.25,2026-08-05
20080927,5.25,2026-08-05
20080928,5.25,2026-08-05
20080929,5.25,2026-08-05
20080930,5.25,2026-08-05
20081001,5.25,2026-08-05
20081002,5.25,2026-08-05
20081003,5.25,2026-08-05
20081004,5.25,2026-08-05
20081005,5.25,2026-08-05
20081006,5.25,2026-08-05
20081007,5.25,2026-08-05
20081008,5.25,2026-08-05
20081009,5,2026-08-05
20081010,5,2026-08-05
20081011,5,2026-08-05
20081012,5,2026-08-05
20081013,5,2026-08-05
20081014,5,2026-08-05
20081015,5,2026-08-05
20081016,5,2026-08-05
20081017,5,2026-08-05
20081018,5,2026-08-05
20081019,5,2026-08-05
20081020,5,2026-08-05
20081021,5,2026-08-05
20081022,5,2026-08-05
20081023,5,2026-08-05
20081024,5,2026-08-05
20081025,5,2026-08-05
20081026,5,2026-08-05
20081027,4.25,2026-08-05
20081028,4.25,2026-08-05
20081029,4.25,2026-08-05
20081030,4.25,2026-08-05
20081031,4.25,2026-08-05
20081101,4.25,2026-08-05
20081102,4.25,2026-08-05
20081103,4.25,2026-08-05
20081104,4.25,2026-08-05
20081105,4.25,2026-08-05
20081106,4.25,2026-08-05
20081107,4,2026-08-05
20081108,4,2026-08-05
20081109,4,2026-08-05
20081110,4,2026-08-05
20081111,4,2026-08-05
20081112,4,2026-08-05
20081113,4,2026-08-05
20081114,4,2026-08-05
20081115,4,2026-08-05
20081116,4,2026-08-05
20081117,4,2026-08-05
20081118,4,2026-08-05
20081119,4,2026-08-05
20081120,4,2026-08-05
20081121,4,2026-08-05
20081122,4,2026-08-05
20081123,4,2026-08-05
20081124,4,2026-08-05
20081125,4,2026-08-05
20081126,4,2026-08-05
20081127,4,2026-08-05
20081128,4,2026-08-05
20081129,4,2026-08-05
20081130,4,2026-08-05
20081201,4,2026-08-05
20081202,4,2026-08-05
20081203,4,2026-08-05
20081204,4,2026-08-05
20081205,4,2026-08-05
20081206,4,2026-08-05
20081207,4,2026-08-05
20081208,4,2026-08-05
20081209,4,2026-08-05
20081210,4,2026-08-05
20081211,3,2026-08-05
20081212,3,2026-08-05
20081213,3,2026-08-05
20081214,3,2026-08-05
20081215,3,2026-08-05
20081216,3,2026-08-05
20081217,3,2026-08-05
20081218,3,2026-08-05
20081219,3,2026-08-05
20081220,3,2026-08-05
20081221,3,2026-08-05
20081222,3,2026-08-05
20081223,3,2026-08-05
20081224,3,2026-08-05
20081225,3,2026-08-05
20081226,3,2026-08-05
20081227,3,2026-08-05
20081228,3,2026-08-05
20081229,3,2026-08-05
20081230,3,2026-08-05
20081231,3,2026-08-05
20090101,3,2026-08-05
20090102,3,2026-08-05
20090103,3,2026-08-05
20090104,3,2026-08-05
20090105,3,2026-08-05
20090106,3,2026-08-05
20090107,3,2026-08-05
20090108,3,2026-08-05
20090109,2.5,2026-08-05
20090110,2.5,2026-08-05
20090111,2.5,2026-08-05
20090112,2.5,2026-08-05
20090113,2.5,2026-08-05
20090114,2.5,2026-08-05
20090115,2.5,2026-08-05
20090116,2.5,2026-08-05
20090117,2.5,2026-08-05
20090118,2.5,2026-08-05
20090119,2.5,2026-08-05
20090120,2.5,2026-08-05
20090121,2.5,2026-08-05
20090122,2.5,2026-08-05
20090123,2.5,2026-08-05
20090124,2.5,2026-08-05
20090125,2.5,2026-08-05
20090126,2.5,2026-08-05
20090127,2.5,2026-08-05
20090128,2.5,2026-08-05
20090129,2.5,2026-08-05
20090130,2.5,2026-08-05
20090131,2.5,2026-08-05
20090201,2.5,2026-08-05
20090202,2.5,2026-08-05
20090203,2.5,2026-08-05
20090204,2.5,2026-08-05
20090205,2.5,2026-08-05
20090206,2.5,2026-08-05
20090207,2.5,2026-08-05
20090208,2.5,2026-08-05
20090209,2.5,2026-08-05
20090210,2.5,2026-08-05
20090211,2.5,2026-08-05
20090212,2,2026-08-05
20090213,2,2026-08-05
20090214,2,2026-08-05
20090215,2,2026-08-05
20090216,2,2026-08-05
20090217,2,2026-08-05
20090218,2,2026-08-05
20090219,2,2026-08-05
20090220,2,2026-08-05
20090221,2,2026-08-05
20090222,2,2026-08-05
20090223,2,2026-08-05
20090224,2,2026-08-05
20090225,2,2026-08-05
20090226,2,2026-08-05
20090227,2,2026-08-05
20090228,2,2026-08-05
20090301,2,2026-08-05
20090302,2,2026-08-05
20090303,2,2026-08-05
20090304,2,2026-08-05
20090305,2,2026-08-05
20090306,2,2026-08-05
20090307,2,2026-08-05
20090308,2,2026-08-05
20090309,2,2026-08-05
20090310,2,2026-08-05
20090311,2,2026-08-05
20090312,2,2026-08-05
20090313,2,2026-08-05
20090314,2,2026-08-05
20090315,2,2026-08-05
20090316,2,2026-08-05
20090317,2,2026-08-05
20090318,2,2026-08-05
20090319,2,2026-08-05
20090320,2,2026-08-05
20090321,2,2026-08-05
20090322,2,2026-08-05
20090323,2,2026-08-05
20090324,2,2026-08-05
20090325,2,2026-08-05
20090326,2,2026-08-05
20090327,2,2026-08-05
20090328,2,2026-08-05
20090329,2,2026-08-05
20090330,2,2026-08-05
20090331,2,2026-08-05
20090401,2,2026-08-05
20090402,2,2026-08-05
20090403,2,2026-08-05
20090404,2,2026-08-05
20090405,2,2026-08-05
20090406,2,2026-08-05
20090407,2,2026-08-05
20090408,2,2026-08-05
20090409,2,2026-08-05
20090410,2,2026-08-05
20090411,2,2026-08-05
20090412,2,2026-08-05
20090413,2,2026-08-05
20090414,2,2026-08-05
20090415,2,2026-08-05
20090416,2,2026-08-05
20090417,2,2026-08-05
20090418,2,2026-08-05
20090419,2,2026-08-05
20090420,2,2026-08-05
20090421,2,2026-08-05
20090422,2,2026-08-05
20090423,2,2026-08-05
20090424,2,2026-08-05
20090425,2,2026-08-05
20090426,2,2026-08-05
20090427,2,2026-08-05
20090428,2,2026-08-05
20090429,2,2026-08-05
20090430,2,2026-08-05
20090501,2,2026-08-05
20090502,2,2026-08-05
20090503,2,2026-08-05
20090504,2,2026-08-05
20090505,2,2026-08-05
20090506,2,2026-08-05
20090507,2,2026-08-05
20090508,2,2026-08-05
20090509,2,2026-08-05
20090510,2,2026-08-05
20090511,2,2026-08-05
20090512,2,2026-08-05
20090513,2,2026-08-05
20090514,2,2026-08-05
20090515,2,2026-08-05
20090516,2,2026-08-05
20090517,2,2026-08-05
20090518,2,2026-08-05
20090519,2,2026-08-05
20090520,2,2026-08-05
20090521,2,2026-08-05
20090522,2,2026-08-05
20090523,2,2026-08-05
20090524,2,2026-08-05
20090525,2,2026-08-05
20090526,2,2026-08-05
20090527,2,2026-08-05
20090528,2,2026-08-05
20090529,2,2026-08-05
20090530,2,2026-08-05
20090531,2,2026-08-05
20090601,2,2026-08-05
20090602,2,2026-08-05
20090603,2,2026-08-05
20090604,2,2026-08-05
20090605,2,2026-08-05
20090606,2,2026-08-05
20090607,2,2026-08-05
20090608,2,2026-08-05
20090609,2,2026-08-05
20090610,2,2026-08-05
20090611,2,2026-08-05
20090612,2,2026-08-05
20090613,2,2026-08-05
20090614,2,2026-08-05
20090615,2,2026-08-05
20090616,2,2026-08-05
20090617,2,2026-08-05
20090618,2,2026-08-05
20090619,2,2026-08-05
20090620,2,2026-08-05
20090621,2,2026-08-05
20090622,2,2026-08-05
20090623,2,2026-08-05
20090624,2,2026-08-05
20090625,2,2026-08-05
20090626,2,2026-08-05
20090627,2,2026-08-05
20090628,2,2026-08-05
20090629,2,2026-08-05
20090630,2,2026-08-05
20090701,2,2026-08-05
20090702,2,2026-08-05
20090703,2,2026-08-05
20090704,2,2026-08-05
20090705,2,2026-08-05
20090706,2,2026-08-05
20090707,2,2026-08-05
20090708,2,2026-08-05
20090709,2,2026-08-05
20090710,2,2026-08-05
20090711,2,2026-08-05
20090712,2,2026-08-05
20090713,2,2026-08-05
20090714,2,2026-08-05
20090715,2,2026-08-05
20090716,2,2026-08-05
20090717,2,2026-08-05
20090718,2,2026-08-05
20090719,2,2026-08-05
20090720,2,2026-08-05
20090721,2,2026-08-05
20090722,2,2026-08-05
20090723,2,2026-08-05
20090724,2,2026-08-05
20090725,2,2026-08-05
20090726,2,2026-08-05
20090727,2,2026-08-05
20090728,2,2026-08-05
20090729,2,2026-08-05
20090730,2,2026-08-05
20090731,2,2026-08-05
20090801,2,2026-08-05
20090802,2,2026-08-05
20090803,2,2026-08-05
20090804,2,2026-08-05
20090805,2,2026-08-05
20090806,2,2026-08-05
20090807,2,2026-08-05
20090808,2,2026-08-05
20090809,2,2026-08-05
20090810,2,2026-08-05
20090811,2,2026-08-05
20090812,2,2026-08-05
20090813,2,2026-08-05
20090814,2,2026-08-05
20090815,2,2026-08-05
20090816,2,2026-08-05
20090817,2,2026-08-05
20090818,2,2026-08-05
20090819,2,2026-08-05
20090820,2,2026-08-05
20090821,2,2026-08-05
20090822,2,2026-08-05
20090823,2,2026-08-05
20090824,2,2026-08-05
20090825,2,2026-08-05
20090826,2,2026-08-05
20090827,2,2026-08-05
20090828,2,2026-08-05
20090829,2,2026-08-05
20090830,2,2026-08-05
20090831,2,2026-08-05
20090901,2,2026-08-05
20090902,2,2026-08-05
20090903,2,2026-08-05
20090904,2,2026-08-05
20090905,2,2026-08-05
20090906,2,2026-08-05
20090907,2,2026-08-05
20090908,2,2026-08-05
20090909,2,2026-08-05
20090910,2,2026-08-05
20090911,2,2026-08-05
20090912,2,2026-08-05
20090913,2,2026-08-05
20090914,2,2026-08-05
20090915,2,2026-08-05
20090916,2,2026-08-05
20090917,2,2026-08-05
20090918,2,2026-08-05
20090919,2,2026-08-05
20090920,2,2026-08-05
20090921,2,2026-08-05
20090922,2,2026-08-05
20090923,2,2026-08-05
20090924,2,2026-08-05
20090925,2,2026-08-05
20090926,2,2026-08-05
20090927,2,2026-08-05
20090928,2,2026-08-05
20090929,2,2026-08-05
20090930,2,2026-08-05
20091001,2,2026-08-05
20091002,2,2026-08-05
20091003,2,2026-08-05
20091004,2,2026-08-05
20091005,2,2026-08-05
20091006,2,2026-08-05
20091007,2,2026-08-05
20091008,2,2026-08-05
20091009,2,2026-08-05
20091010,2,2026-08-05
20091011,2,2026-08-05
20091012,2,2026-08-05
20091013,2,2026-08-05
20091014,2,2026-08-05
20091015,2,2026-08-05
20091016,2,2026-08-05
20091017,2,2026-08-05
20091018,2,2026-08-05
20091019,2,2026-08-05
20091020,2,2026-08-05
20091021,2,2026-08-05
20091022,2,2026-08-05
20091023,2,2026-08-05
20091024,2,2026-08-05
20091025,2,2026-08-05
20091026,2,2026-08-05
20091027,2,2026-08-05
20091028,2,2026-08-05
20091029,2,2026-08-05
20091030,2,2026-08-05
20091031,2,2026-08-05
20091101,2,2026-08-05
20091102,2,2026-08-05
20091103,2,2026-08-05
20091104,2,2026-08-05
20091105,2,2026-08-05
20091106,2,2026-08-05
20091107,2,2026-08-05
20091108,2,2026-08-05
20091109,2,2026-08-05
20091110,2,2026-08-05
20091111,2,2026-08-05
20091112,2,2026-08-05
20091113,2,2026-08-05
20091114,2,2026-08-05
20091115,2,2026-08-05
20091116,2,2026-08-05
20091117,2,2026-08-05
20091118,2,2026-08-05
20091119,2,2026-08-05
20091120,2,2026-08-05
20091121,2,2026-08-05
20091122,2,2026-08-05
20091123,2,2026-08-05
20091124,2,2026-08-05
20091125,2,2026-08-05
20091126,2,2026-08-05
20091127,2,2026-08-05
20091128,2,2026-08-05
20091129,2,2026-08-05
20091130,2,2026-08-05
20091201,2,2026-08-05
20091202,2,2026-08-05
20091203,2,2026-08-05
20091204,2,2026-08-05
20091205,2,2026-08-05
20091206,2,2026-08-05
20091207,2,2026-08-05
20091208,2,2026-08-05
20091209,2,2026-08-05
20091210,2,2026-08-05
20091211,2,2026-08-05
20091212,2,2026-08-05
20091213,2,2026-08-05
20091214,2,2026-08-05
20091215,2,2026-08-05
20091216,2,2026-08-05
20091217,2,2026-08-05
20091218,2,2026-08-05
20091219,2,2026-08-05
20091220,2,2026-08-05
20091221,2,2026-08-05
20091222,2,2026-08-05
20091223,2,2026-08-05
20091224,2,2026-08-05
20091225,2,2026-08-05
20091226,2,2026-08-05
20091227,2,2026-08-05
20091228,2,2026-08-05
20091229,2,2026-08-05
20091230,2,2026-08-05
20091231,2,2026-08-05
20100101,2,2026-08-05
20100102,2,2026-08-05
20100103,2,2026-08-05
20100104,2,2026-08-05
20100105,2,2026-08-05
20100106,2,2026-08-05
20100107,2,2026-08-05
20100108,2,2026-08-05
20100109,2,2026-08-05
20100110,2,2026-08-05
20100111,2,2026-08-05
20100112,2,2026-08-05
20100113,2,2026-08-05
20100114,2,2026-08-05
20100115,2,2026-08-05
20100116,2,2026-08-05
20100117,2,2026-08-05
20100118,2,2026-08-05
20100119,2,2026-08-05
20100120,2,2026-08-05
20100121,2,2026-08-05
20100122,2,2026-08-05
20100123,2,2026-08-05
20100124,2,2026-08-05
20100125,2,2026-08-05
20100126,2,2026-08-05
20100127,2,2026-08-05
20100128,2,2026-08-05
20100129,2,2026-08-05
20100130,2,2026-08-05
20100131,2,2026-08-05
20100201,2,2026-08-05
20100202,2,2026-08-05
20100203,2,2026-08-05
20100204,2,2026-08-05
20100205,2,2026-08-05
20100206,2,2026-08-05
20100207,2,2026-08-05
20100208,2,2026-08-05
20100209,2,2026-08-05
20100210,2,2026-08-05
20100211,2,2026-08-05
20100212,2,2026-08-05
20100213,2,2026-08-05
20100214,2,2026-08-05
20100215,2,2026-08-05
20100216,2,2026-08-05
20100217,2,2026-08-05
20100218,2,2026-08-05
20100219,2,2026-08-05
20100220,2,2026-08-05
20100221,2,2026-08-05
20100222,2,2026-08-05
20100223,2,2026-08-05
20100224,2,2026-08-05
20100225,2,2026-08-05
20100226,2,2026-08-05
20100227,2,2026-08-05
20100228,2,2026-08-05
20100301,2,2026-08-05
20100302,2,2026-08-05
20100303,2,2026-08-05
20100304,2,2026-08-05
20100305,2,2026-08-05
20100306,2,2026-08-05
20100307,2,2026-08-05
20100308,2,2026-08-05
20100309,2,2026-08-05
20100310,2,2026-08-05
20100311,2,2026-08-05
20100312,2,2026-08-05
20100313,2,2026-08-05
20100314,2,2026-08-05
20100315,2,2026-08-05
20100316,2,2026-08-05
20100317,2,2026-08-05
20100318,2,2026-08-05
20100319,2,2026-08-05
20100320,2,2026-08-05
20100321,2,2026-08-05
20100322,2,2026-08-05
20100323,2,2026-08-05
20100324,2,2026-08-05
20100325,2,2026-08-05
20100326,2,2026-08-05
20100327,2,2026-08-05
20100328,2,2026-08-05
20100329,2,2026-08-05
20100330,2,2026-08-05
20100331,2,2026-08-05
20100401,2,2026-08-05
20100402,2,2026-08-05
20100403,2,2026-08-05
20100404,2,2026-08-05
20100405,2,2026-08-05
20100406,2,2026-08-05
20100407,2,2026-08-05
20100408,2,2026-08-05
20100409,2,2026-08-05
20100410,2,2026-08-05
20100411,2,2026-08-05
20100412,2,2026-08-05
20100413,2,2026-08-05
20100414,2,2026-08-05
20100415,2,2026-08-05
20100416,2,2026-08-05
20100417,2,2026-08-05
20100418,2,2026-08-05
20100419,2,2026-08-05
20100420,2,2026-08-05
20100421,2,2026-08-05
20100422,2,2026-08-05
20100423,2,2026-08-05
20100424,2,2026-08-05
20100425,2,2026-08-05
20100426,2,2026-08-05
20100427,2,2026-08-05
20100428,2,2026-08-05
20100429,2,2026-08-05
20100430,2,2026-08-05
20100501,2,2026-08-05
20100502,2,2026-08-05
20100503,2,2026-08-05
20100504,2,2026-08-05
20100505,2,2026-08-05
20100506,2,2026-08-05
20100507,2,2026-08-05
20100508,2,2026-08-05
20100509,2,2026-08-05
20100510,2,2026-08-05
20100511,2,2026-08-05
20100512,2,2026-08-05
20100513,2,2026-08-05
20100514,2,2026-08-05
20100515,2,2026-08-05
20100516,2,2026-08-05
20100517,2,2026-08-05
20100518,2,2026-08-05
20100519,2,2026-08-05
20100520,2,2026-08-05
20100521,2,2026-08-05
20100522,2,2026-08-05
20100523,2,2026-08-05
20100524,2,2026-08-05
20100525,2,2026-08-05
20100526,2,2026-08-05
20100527,2,2026-08-05
20100528,2,2026-08-05
20100529,2,2026-08-05
20100530,2,2026-08-05
20100531,2,2026-08-05
20100601,2,2026-08-05
20100602,2,2026-08-05
20100603,2,2026-08-05
20100604,2,2026-08-05
20100605,2,2026-08-05
20100606,2,2026-08-05
20100607,2,2026-08-05
20100608,2,2026-08-05
20100609,2,2026-08-05
20100610,2,2026-08-05
20100611,2,2026-08-05
20100612,2,2026-08-05
20100613,2,2026-08-05
20100614,2,2026-08-05
20100615,2,2026-08-05
20100616,2,2026-08-05
20100617,2,2026-08-05
20100618,2,2026-08-05
20100619,2,2026-08-05
20100620,2,2026-08-05
20100621,2,2026-08-05
20100622,2,2026-08-05
20100623,2,2026-08-05
20100624,2,2026-08-05
20100625,2,2026-08-05
20100626,2,2026-08-05
20100627,2,2026-08-05
20100628,2,2026-08-05
20100629,2,2026-08-05
20100630,2,2026-08-05
20100701,2,2026-08-05
20100702,2,2026-08-05
20100703,2,2026-08-05
20100704,2,2026-08-05
20100705,2,2026-08-05
20100706,2,2026-08-05
20100707,2,2026-08-05
20100708,2,2026-08-05
20100709,2.25,2026-08-05
20100710,2.25,2026-08-05
20100711,2.25,2026-08-05
20100712,2.25,2026-08-05
20100713,2.25,2026-08-05
20100714,2.25,2026-08-05
20100715,2.25,2026-08-05
20100716,2.25,2026-08-05
20100717,2.25,2026-08-05
20100718,2.25,2026-08-05
20100719,2.25,2026-08-05
20100720,2.25,2026-08-05
20100721,2.25,2026-08-05
20100722,2.25,2026-08-05
20100723,2.25,2026-08-05
20100724,2.25,2026-08-05
20100725,2.25,2026-08-05
20100726,2.25,2026-08-05
20100727,2.25,2026-08-05
20100728,2.25,2026-08-05
20100729,2.25,2026-08-05
20100730,2.25,2026-08-05
20100731,2.25,2026-08-05
20100801,2.25,2026-08-05
20100802,2.25,2026-08-05
20100803,2.25,2026-08-05
20100804,2.25,2026-08-05
20100805,2.25,2026-08-05
20100806,2.25,2026-08-05
20100807,2.25,2026-08-05
20100808,2.25,2026-08-05
20100809,2.25,2026-08-05
20100810,2.25,2026-08-05
20100811,2.25,2026-08-05
20100812,2.25,2026-08-05
20100813,2.25,2026-08-05
20100814,2.25,2026-08-05
20100815,2.25,2026-08-05
20100816,2.25,2026-08-05
20100817,2.25,2026-08-05
20100818,2.25,2026-08-05
20100819,2.25,2026-08-05
20100820,2.25,2026-08-05
20100821,2.25,2026-08-05
20100822,2.25,2026-08-05
20100823,2.25,2026-08-05
20100824,2.25,2026-08-05
20100825,2.25,2026-08-05
20100826,2.25,2026-08-05
20100827,2.25,2026-08-05
20100828,2.25,2026-08-05
20100829,2.25,2026-08-05
20100830,2.25,2026-08-05
20100831,2.25,2026-08-05
20100901,2.25,2026-08-05
20100902,2.25,2026-08-05
20100903,2.25,2026-08-05
20100904,2.25,2026-08-05
20100905,2.25,2026-08-05
20100906,2.25,2026-08-05
20100907,2.25,2026-08-05
20100908,2.25,2026-08-05
20100909,2.25,2026-08-05
20100910,2.25,2026-08-05
20100911,2.25,2026-08-05
20100912,2.25,2026-08-05
20100913,2.25,2026-08-05
20100914,2.25,2026-08-05
20100915,2.25,2026-08-05
20100916,2.25,2026-08-05
20100917,2.25,2026-08-05
20100918,2.25,2026-08-05
20100919,2.25,2026-08-05
20100920,2.25,2026-08-05
20100921,2.25,2026-08-05
20100922,2.25,2026-08-05
20100923,2.25,2026-08-05
20100924,2.25,2026-08-05
20100925,2.25,2026-08-05
20100926,2.25,2026-08-05
20100927,2.25,2026-08-05
20100928,2.25,2026-08-05
20100929,2.25,2026-08-05
20100930,2.25,2026-08-05
20101001,2.25,2026-08-05
20101002,2.25,2026-08-05
20101003,2.25,2026-08-05
20101004,2.25,2026-08-05
20101005,2.25,2026-08-05
20101006,2.25,2026-08-05
20101007,2.25,2026-08-05
20101008,2.25,2026-08-05
20101009,2.25,2026-08-05
20101010,2.25,2026-08-05
20101011,2.25,2026-08-05
20101012,2.25,2026-08-05
20101013,2.25,2026-08-05
20101014,2.25,2026-08-05
20101015,2.25,2026-08-05
20101016,2.25,2026-08-05
20101017,2.25,2026-08-05
20101018,2.25,2026-08-05
20101019,2.25,2026-08-05
20101020,2.25,2026-08-05
20101021,2.25,2026-08-05
20101022,2.25,2026-08-05
20101023,2.25,2026-08-05
20101024,2.25,2026-08-05
20101025,2.25,2026-08-05
20101026,2.25,2026-08-05
20101027,2.25,2026-08-05
20101028,2.25,2026-08-05
20101029,2.25,2026-08-05
20101030,2.25,2026-08-05
20101031,2.25,2026-08-05
20101101,2.25,2026-08-05
20101102,2.25,2026-08-05
20101103,2.25,2026-08-05
20101104,2.25,2026-08-05
20101105,2.25,2026-08-05
20101106,2.25,2026-08-05
20101107,2.25,2026-08-05
20101108,2.25,2026-08-05
20101109,2.25,2026-08-05
20101110,2.25,2026-08-05
20101111,2.25,2026-08-05
20101112,2.25,2026-08-05
20101113,2.25,2026-08-05
20101114,2.25,2026-08-05
20101115,2.25,2026-08-05
20101116,2.5,2026-08-05
20101117,2.5,2026-08-05
20101118,2.5,2026-08-05
20101119,2.5,2026-08-05
20101120,2.5,2026-08-05
20101121,2.5,2026-08-05
20101122,2.5,2026-08-05
20101123,2.5,2026-08-05
20101124,2.5,2026-08-05
20101125,2.5,2026-08-05
20101126,2.5,2026-08-05
20101127,2.5,2026-08-05
20101128,2.5,2026-08-05
20101129,2.5,2026-08-05
20101130,2.5,2026-08-05
20101201,2.5,2026-08-05
20101202,2.5,2026-08-05
20101203,2.5,2026-08-05
20101204,2.5,2026-08-05
20101205,2.5,2026-08-05
20101206,2.5,2026-08-05
20101207,2.5,2026-08-05
20101208,2.5,2026-08-05
20101209,2.5,2026-08-05
20101210,2.5,2026-08-05
20101211,2.5,2026-08-05
20101212,2.5,2026-08-05
20101213,2.5,2026-08-05
20101214,2.5,2026-08-05
20101215,2.5,2026-08-05
20101216,2.5,2026-08-05
20101217,2.5,2026-08-05
20101218,2.5,2026-08-05
20101219,2.5,2026-08-05
20101220,2.5,2026-08-05
20101221,2.5,2026-08-05
20101222,2.5,2026-08-05
20101223,2.5,2026-08-05
20101224,2.5,2026-08-05
20101225,2.5,2026-08-05
20101226,2.5,2026-08-05
20101227,2.5,2026-08-05
20101228,2.5,2026-08-05
20101229,2.5,2026-08-05
20101230,2.5,2026-08-05
20101231,2.5,2026-08-05
20110101,2.5,2026-08-05
20110102,2.5,2026-08-05
20110103,2.5,2026-08-05
20110104,2.5,2026-08-05
20110105,2.5,2026-08-05
20110106,2.5,2026-08-05
20110107,2.5,2026-08-05
20110108,2.5,2026-08-05
20110109,2.5,2026-08-05
20110110,2.5,2026-08-05
20110111,2.5,2026-08-05
20110112,2.5,2026-08-05
20110113,2.75,2026-08-05
20110114,2.75,2026-08-05
20110115,2.75,2026-08-05
20110116,2.75,2026-08-05
20110117,2.75,2026-08-05
20110118,2.75,2026-08-05
20110119,2.75,2026-08-05
20110120,2.75,2026-08-05
20110121,2.75,2026-08-05
20110122,2.75,2026-08-05
20110123,2.75,2026-08-05
20110124,2.75,2026-08-05
20110125,2.75,2026-08-05
20110126,2.75,2026-08-05
20110127,2.75,2026-08-05
20110128,2.75,2026-08-05
20110129,2.75,2026-08-05
20110130,2.75,2026-08-05
20110131,2.75,2026-08-05
20110201,2.75,2026-08-05
20110202,2.75,2026-08-05
20110203,2.75,2026-08-05
20110204,2.75,2026-08-05
20110205,2.75,2026-08-05
20110206,2.75,2026-08-05
20110207,2.75,2026-08-05
20110208,2.75,2026-08-05
20110209,2.75,2026-08-05
20110210,2.75,2026-08-05
20110211,2.75,2026-08-05
20110212,2.75,2026-08-05
20110213,2.75,2026-08-05
20110214,2.75,2026-08-05
20110215,2.75,2026-08-05
20110216,2.75,2026-08-05
20110217,2.75,2026-08-05
20110218,2.75,2026-08-05
20110219,2.75,2026-08-05
20110220,2.75,2026-08-05
20110221,2.75,2026-08-05
20110222,2.75,2026-08-05
20110223,2.75,2026-08-05
20110224,2.75,2026-08-05
20110225,2.75,2026-08-05
20110226,2.75,2026-08-05
20110227,2.75,2026-08-05
20110228,2.75,2026-08-05
20110301,2.75,2026-08-05
20110302,2.75,2026-08-05
20110303,2.75,2026-08-05
20110304,2.75,2026-08-05
20110305,2.75,2026-08-05
20110306,2.75,2026-08-05
20110307,2.75,2026-08-05
20110308,2.75,2026-08-05
20110309,2.75,2026-08-05
20110310,3,2026-08-05
20110311,3,2026-08-05
20110312,3,2026-08-05
20110313,3,2026-08-05
20110314,3,2026-08-05
20110315,3,2026-08-05
20110316,3,2026-08-05
20110317,3,2026-08-05
20110318,3,2026-08-05
20110319,3,2026-08-05
20110320,3,2026-08-05
20110321,3,2026-08-05
20110322,3,2026-08-05
20110323,3,2026-08-05
20110324,3,2026-08-05
20110325,3,2026-08-05
20110326,3,2026-08-05
20110327,3,2026-08-05
20110328,3,2026-08-05
20110329,3,2026-08-05
20110330,3,2026-08-05
20110331,3,2026-08-05
20110401,3,2026-08-05
20110402,3,2026-08-05
20110403,3,2026-08-05
20110404,3,2026-08-05
20110405,3,2026-08-05
20110406,3,2026-08-05
20110407,3,2026-08-05
20110408,3,2026-08-05
20110409,3,2026-08-05
20110410,3,2026-08-05
20110411,3,2026-08-05
20110412,3,2026-08-05
20110413,3,2026-08-05
20110414,3,2026-08-05
20110415,3,2026-08-05
20110416,3,2026-08-05
20110417,3,2026-08-05
20110418,3,2026-08-05
20110419,3,2026-08-05
20110420,3,2026-08-05
20110421,3,2026-08-05
20110422,3,2026-08-05
20110423,3,2026-08-05
20110424,3,2026-08-05
20110425,3,2026-08-05
20110426,3,2026-08-05
20110427,3,2026-08-05
20110428,3,2026-08-05
20110429,3,2026-08-05
20110430,3,2026-08-05
20110501,3,2026-08-05
20110502,3,2026-08-05
20110503,3,2026-08-05
20110504,3,2026-08-05
20110505,3,2026-08-05
20110506,3,2026-08-05
20110507,3,2026-08-05
20110508,3,2026-08-05
20110509,3,2026-08-05
20110510,3,2026-08-05
20110511,3,2026-08-05
20110512,3,2026-08-05
20110513,3,2026-08-05
20110514,3,2026-08-05
20110515,3,2026-08-05
20110516,3,2026-08-05
20110517,3,2026-08-05
20110518,3,2026-08-05
20110519,3,2026-08-05
20110520,3,2026-08-05
20110521,3,2026-08-05
20110522,3,2026-08-05
20110523,3,2026-08-05
20110524,3,2026-08-05
20110525,3,2026-08-05
20110526,3,2026-08-05
20110527,3,2026-08-05
20110528,3,2026-08-05
20110529,3,2026-08-05
20110530,3,2026-08-05
20110531,3,2026-08-05
20110601,3,2026-08-05
20110602,3,2026-08-05
20110603,3,2026-08-05
20110604,3,2026-08-05
20110605,3,2026-08-05
20110606,3,2026-08-05
20110607,3,2026-08-05
20110608,3,2026-08-05
20110609,3,2026-08-05
20110610,3.25,2026-08-05
20110611,3.25,2026-08-05
20110612,3.25,2026-08-05
20110613,3.25,2026-08-05
20110614,3.25,2026-08-05
20110615,3.25,2026-08-05
20110616,3.25,2026-08-05
20110617,3.25,2026-08-05
20110618,3.25,2026-08-05
20110619,3.25,2026-08-05
20110620,3.25,2026-08-05
20110621,3.25,2026-08-05
20110622,3.25,2026-08-05
20110623,3.25,2026-08-05
20110624,3.25,2026-08-05
20110625,3.25,2026-08-05
20110626,3.25,2026-08-05
20110627,3.25,2026-08-05
20110628,3.25,2026-08-05
20110629,3.25,2026-08-05
20110630,3.25,2026-08-05
20110701,3.25,2026-08-05
20110702,3.25,2026-08-05
20110703,3.25,2026-08-05
20110704,3.25,2026-08-05
20110705,3.25,2026-08-05
20110706,3.25,2026-08-05
20110707,3.25,2026-08-05
20110708,3.25,2026-08-05
20110709,3.25,2026-08-05
20110710,3.25,2026-08-05
20110711,3.25,2026-08-05
20110712,3.25,2026-08-05
20110713,3.25,2026-08-05
20110714,3.25,2026-08-05
20110715,3.25,2026-08-05
20110716,3.25,2026-08-05
20110717,3.25,2026-08-05
20110718,3.25,2026-08-05
20110719,3.25,2026-08-05
20110720,3.25,2026-08-05
20110721,3.25,2026-08-05
20110722,3.25,2026-08-05
20110723,3.25,2026-08-05
20110724,3.25,2026-08-05
20110725,3.25,2026-08-05
20110726,3.25,2026-08-05
20110727,3.25,2026-08-05
20110728,3.25,2026-08-05
20110729,3.25,2026-08-05
20110730,3.25,2026-08-05
20110731,3.25,2026-08-05
20110801,3.25,2026-08-05
20110802,3.25,2026-08-05
20110803,3.25,2026-08-05
20110804,3.25,2026-08-05
20110805,3.25,2026-08-05
20110806,3.25,2026-08-05
20110807,3.25,2026-08-05
20110808,3.25,2026-08-05
20110809,3.25,2026-08-05
20110810,3.25,2026-08-05
20110811,3.25,2026-08-05
20110812,3.25,2026-08-05
20110813,3.25,2026-08-05
20110814,3.25,2026-08-05
20110815,3.25,2026-08-05
20110816,3.25,2026-08-05
20110817,3.25,2026-08-05
20110818,3.25,2026-08-05
20110819,3.25,2026-08-05
20110820,3.25,2026-08-05
20110821,3.25,2026-08-05
20110822,3.25,2026-08-05
20110823,3.25,2026-08-05
20110824,3.25,2026-08-05
20110825,3.25,2026-08-05
20110826,3.25,2026-08-05
20110827,3.25,2026-08-05
20110828,3.25,2026-08-05
20110829,3.25,2026-08-05
20110830,3.25,2026-08-05
20110831,3.25,2026-08-05
20110901,3.25,2026-08-05
20110902,3.25,2026-08-05
20110903,3.25,2026-08-05
20110904,3.25,2026-08-05
20110905,3.25,2026-08-05
20110906,3.25,2026-08-05
20110907,3.25,2026-08-05
20110908,3.25,2026-08-05
20110909,3.25,2026-08-05
20110910,3.25,2026-08-05
20110911,3.25,2026-08-05
20110912,3.25,2026-08-05
20110913,3.25,2026-08-05
20110914,3.25,2026-08-05
20110915,3.25,2026-08-05
20110916,3.25,2026-08-05
20110917,3.25,2026-08-05
20110918,3.25,2026-08-05
20110919,3.25,2026-08-05
20110920,3.25,2026-08-05
20110921,3.25,2026-08-05
20110922,3.25,2026-08-05
20110923,3.25,2026-08-05
20110924,3.25,2026-08-05
20110925,3.25,2026-08-05
20110926,3.25,2026-08-05
20110927,3.25,2026-08-05
20110928,3.25,2026-08-05
20110929,3.25,2026-08-05
20110930,3.25,2026-08-05
20111001,3.25,2026-08-05
20111002,3.25,2026-08-05
20111003,3.25,2026-08-05
20111004,3.25,2026-08-05
20111005,3.25,2026-08-05
20111006,3.25,2026-08-05
20111007,3.25,2026-08-05
20111008,3.25,2026-08-05
20111009,3.25,2026-08-05
20111010,3.25,2026-08-05
20111011,3.25,2026-08-05
20111012,3.25,2026-08-05
20111013,3.25,2026-08-05
20111014,3.25,2026-08-05
20111015,3.25,2026-08-05
20111016,3.25,2026-08-05
20111017,3.25,2026-08-05
20111018,3.25,2026-08-05
20111019,3.25,2026-08-05
20111020,3.25,2026-08-05
20111021,3.25,2026-08-05
20111022,3.25,2026-08-05
20111023,3.25,2026-08-05
20111024,3.25,2026-08-05
20111025,3.25,2026-08-05
20111026,3.25,2026-08-05
20111027,3.25,2026-08-05
20111028,3.25,2026-08-05
20111029,3.25,2026-08-05
20111030,3.25,2026-08-05
20111031,3.25,2026-08-05
20111101,3.25,2026-08-05
20111102,3.25,2026-08-05
20111103,3.25,2026-08-05
20111104,3.25,2026-08-05
20111105,3.25,2026-08-05
20111106,3.25,2026-08-05
20111107,3.25,2026-08-05
20111108,3.25,2026-08-05
20111109,3.25,2026-08-05
20111110,3.25,2026-08-05
20111111,3.25,2026-08-05
20111112,3.25,2026-08-05
20111113,3.25,2026-08-05
20111114,3.25,2026-08-05
20111115,3.25,2026-08-05
20111116,3.25,2026-08-05
20111117,3.25,2026-08-05
20111118,3.25,2026-08-05
20111119,3.25,2026-08-05
20111120,3.25,2026-08-05
20111121,3.25,2026-08-05
20111122,3.25,2026-08-05
20111123,3.25,2026-08-05
20111124,3.25,2026-08-05
20111125,3.25,2026-08-05
20111126,3.25,2026-08-05
20111127,3.25,2026-08-05
20111128,3.25,2026-08-05
20111129,3.25,2026-08-05
20111130,3.25,2026-08-05
20111201,3.25,2026-08-05
20111202,3.25,2026-08-05
20111203,3.25,2026-08-05
20111204,3.25,2026-08-05
20111205,3.25,2026-08-05
20111206,3.25,2026-08-05
20111207,3.25,2026-08-05
20111208,3.25,2026-08-05
20111209,3.25,2026-08-05
20111210,3.25,2026-08-05
20111211,3.25,2026-08-05
20111212,3.25,2026-08-05
20111213,3.25,2026-08-05
20111214,3.25,2026-08-05
20111215,3.25,2026-08-05
20111216,3.25,2026-08-05
20111217,3.25,2026-08-05
20111218,3.25,2026-08-05
20111219,3.25,2026-08-05
20111220,3.25,2026-08-05
20111221,3.25,2026-08-05
20111222,3.25,2026-08-05
20111223,3.25,2026-08-05
20111224,3.25,2026-08-05
20111225,3.25,2026-08-05
20111226,3.25,2026-08-05
20111227,3.25,2026-08-05
20111228,3.25,2026-08-05
20111229,3.25,2026-08-05
20111230,3.25,2026-08-05
20111231,3.25,2026-08-05
20120101,3.25,2026-08-05
20120102,3.25,2026-08-05
20120103,3.25,2026-08-05
20120104,3.25,2026-08-05
20120105,3.25,2026-08-05
20120106,3.25,2026-08-05
20120107,3.25,2026-08-05
20120108,3.25,2026-08-05
20120109,3.25,2026-08-05
20120110,3.25,2026-08-05
20120111,3.25,2026-08-05
20120112,3.25,2026-08-05
20120113,3.25,2026-08-05
20120114,3.25,2026-08-05
20120115,3.25,2026-08-05
20120116,3.25,2026-08-05
20120117,3.25,2026-08-05
20120118,3.25,2026-08-05
20120119,3.25,2026-08-05
20120120,3.25,2026-08-05
20120121,3.25,2026-08-05
20120122,3.25,2026-08-05
20120123,3.25,2026-08-05
20120124,3.25,2026-08-05
20120125,3.25,2026-08-05
20120126,3.25,2026-08-05
20120127,3.25,2026-08-05
20120128,3.25,2026-08-05
20120129,3.25,2026-08-05
20120130,3.25,2026-08-05
20120131,3.25,2026-08-05
20120201,3.25,2026-08-05
20120202,3.25,2026-08-05
20120203,3.25,2026-08-05
20120204,3.25,2026-08-05
20120205,3.25,2026-08-05
20120206,3.25,2026-08-05
20120207,3.25,2026-08-05
20120208,3.25,2026-08-05
20120209,3.25,2026-08-05
20120210,3.25,2026-08-05
20120211,3.25,2026-08-05
20120212,3.25,2026-08-05
20120213,3.25,2026-08-05
20120214,3.25,2026-08-05
20120215,3.25,2026-08-05
20120216,3.25,2026-08-05
20120217,3.25,2026-08-05
20120218,3.25,2026-08-05
20120219,3.25,2026-08-05
20120220,3.25,2026-08-05
20120221,3.25,2026-08-05
20120222,3.25,2026-08-05
20120223,3.25,2026-08-05
20120224,3.25,2026-08-05
20120225,3.25,2026-08-05
20120226,3.25,2026-08-05
20120227,3.25,2026-08-05
20120228,3.25,2026-08-05
20120229,3.25,2026-08-05
20120301,3.25,2026-08-05
20120302,3.25,2026-08-05
20120303,3.25,2026-08-05
20120304,3.25,2026-08-05
20120305,3.25,2026-08-05
20120306,3.25,2026-08-05
20120307,3.25,2026-08-05
20120308,3.25,2026-08-05
20120309,3.25,2026-08-05
20120310,3.25,2026-08-05
20120311,3.25,2026-08-05
20120312,3.25,2026-08-05
20120313,3.25,2026-08-05
20120314,3.25,2026-08-05
20120315,3.25,2026-08-05
20120316,3.25,2026-08-05
20120317,3.25,2026-08-05
20120318,3.25,2026-08-05
20120319,3.25,2026-08-05
20120320,3.25,2026-08-05
20120321,3.25,2026-08-05
20120322,3.25,2026-08-05
20120323,3.25,2026-08-05
20120324,3.25,2026-08-05
20120325,3.25,2026-08-05
20120326,3.25,2026-08-05
20120327,3.25,2026-08-05
20120328,3.25,2026-08-05
20120329,3.25,2026-08-05
20120330,3.25,2026-08-05
20120331,3.25,2026-08-05
20120401,3.25,2026-08-05
20120402,3.25,2026-08-05
20120403,3.25,2026-08-05
20120404,3.25,2026-08-05
20120405,3.25,2026-08-05
20120406,3.25,2026-08-05
20120407,3.25,2026-08-05
20120408,3.25,2026-08-05
20120409,3.25,2026-08-05
20120410,3.25,2026-08-05
20120411,3.25,2026-08-05
20120412,3.25,2026-08-05
20120413,3.25,2026-08-05
20120414,3.25,2026-08-05
20120415,3.25,2026-08-05
20120416,3.25,2026-08-05
20120417,3.25,2026-08-05
20120418,3.25,2026-08-05
20120419,3.25,2026-08-05
20120420,3.25,2026-08-05
20120421,3.25,2026-08-05
20120422,3.25,2026-08-05
20120423,3.25,2026-08-05
20120424,3.25,2026-08-05
20120425,3.25,2026-08-05
20120426,3.25,2026-08-05
20120427,3.25,2026-08-05
20120428,3.25,2026-08-05
20120429,3.25,2026-08-05
20120430,3.25,2026-08-05
20120501,3.25,2026-08-05
20120502,3.25,2026-08-05
20120503,3.25,2026-08-05
20120504,3.25,2026-08-05
20120505,3.25,2026-08-05
20120506,3.25,2026-08-05
20120507,3.25,2026-08-05
20120508,3.25,2026-08-05
20120509,3.25,2026-08-05
20120510,3.25,2026-08-05
20120511,3.25,2026-08-05
20120512,3.25,2026-08-05
20120513,3.25,2026-08-05
20120514,3.25,2026-08-05
20120515,3.25,2026-08-05
20120516,3.25,2026-08-05
20120517,3.25,2026-08-05
20120518,3.25,2026-08-05
20120519,3.25,2026-08-05
20120520,3.25,2026-08-05
20120521,3.25,2026-08-05
20120522,3.25,2026-08-05
20120523,3.25,2026-08-05
20120524,3.25,2026-08-05
20120525,3.25,2026-08-05
20120526,3.25,2026-08-05
20120527,3.25,2026-08-05
20120528,3.25,2026-08-05
20120529,3.25,2026-08-05
20120530,3.25,2026-08-05
20120531,3.25,2026-08-05
20120601,3.25,2026-08-05
20120602,3.25,2026-08-05
20120603,3.25,2026-08-05
20120604,3.25,2026-08-05
20120605,3.25,2026-08-05
20120606,3.25,2026-08-05
20120607,3.25,2026-08-05
20120608,3.25,2026-08-05
20120609,3.25,2026-08-05
20120610,3.25,2026-08-05
20120611,3.25,2026-08-05
20120612,3.25,2026-08-05
20120613,3.25,2026-08-05
20120614,3.25,2026-08-05
20120615,3.25,2026-08-05
20120616,3.25,2026-08-05
20120617,3.25,2026-08-05
20120618,3.25,2026-08-05
20120619,3.25,2026-08-05
20120620,3.25,2026-08-05
20120621,3.25,2026-08-05
20120622,3.25,2026-08-05
20120623,3.25,2026-08-05
20120624,3.25,2026-08-05
20120625,3.25,2026-08-05
20120626,3.25,2026-08-05
20120627,3.25,2026-08-05
20120628,3.25,2026-08-05
20120629,3.25,2026-08-05
20120630,3.25,2026-08-05
20120701,3.25,2026-08-05
20120702,3.25,2026-08-05
20120703,3.25,2026-08-05
20120704,3.25,2026-08-05
20120705,3.25,2026-08-05
20120706,3.25,2026-08-05
20120707,3.25,2026-08-05
20120708,3.25,2026-08-05
20120709,3.25,2026-08-05
20120710,3.25,2026-08-05
20120711,3.25,2026-08-05
20120712,3,2026-08-05
20120713,3,2026-08-05
20120714,3,2026-08-05
20120715,3,2026-08-05
20120716,3,2026-08-05
20120717,3,2026-08-05
20120718,3,2026-08-05
20120719,3,2026-08-05
20120720,3,2026-08-05
20120721,3,2026-08-05
20120722,3,2026-08-05
20120723,3,2026-08-05
20120724,3,2026-08-05
20120725,3,2026-08-05
20120726,3,2026-08-05
20120727,3,2026-08-05
20120728,3,2026-08-05
20120729,3,2026-08-05
20120730,3,2026-08-05
20120731,3,2026-08-05
20120801,3,2026-08-05
20120802,3,2026-08-05
20120803,3,2026-08-05
20120804,3,2026-08-05
20120805,3,2026-08-05
20120806,3,2026-08-05
20120807,3,2026-08-05
20120808,3,2026-08-05
20120809,3,2026-08-05
20120810,3,2026-08-05
20120811,3,2026-08-05
20120812,3,2026-08-05
20120813,3,2026-08-05
20120814,3,2026-08-05
20120815,3,2026-08-05
20120816,3,2026-08-05
20120817,3,2026-08-05
20120818,3,2026-08-05
20120819,3,2026-08-05
20120820,3,2026-08-05
20120821,3,2026-08-05
20120822,3,2026-08-05
20120823,3,2026-08-05
20120824,3,2026-08-05
20120825,3,2026-08-05
20120826,3,2026-08-05
20120827,3,2026-08-05
20120828,3,2026-08-05
20120829,3,2026-08-05
20120830,3,2026-08-05
20120831,3,2026-08-05
20120901,3,2026-08-05
20120902,3,2026-08-05
20120903,3,2026-08-05
20120904,3,2026-08-05
20120905,3,2026-08-05
20120906,3,2026-08-05
20120907,3,2026-08-05
20120908,3,2026-08-05
20120909,3,2026-08-05
20120910,3,2026-08-05
20120911,3,2026-08-05
20120912,3,2026-08-05
20120913,3,2026-08-05
20120914,3,2026-08-05
20120915,3,2026-08-05
20120916,3,2026-08-05
20120917,3,2026-08-05
20120918,3,2026-08-05
20120919,3,2026-08-05
20120920,3,2026-08-05
20120921,3,2026-08-05
20120922,3,2026-08-05
20120923,3,2026-08-05
20120924,3,2026-08-05
20120925,3,2026-08-05
20120926,3,2026-08-05
20120927,3,2026-08-05
20120928,3,2026-08-05
20120929,3,2026-08-05
20120930,3,2026-08-05
20121001,3,2026-08-05
20121002,3,2026-08-05
20121003,3,2026-08-05
20121004,3,2026-08-05
20121005,3,2026-08-05
20121006,3,2026-08-05
20121007,3,2026-08-05
20121008,3,2026-08-05
20121009,3,2026-08-05
20121010,3,2026-08-05
20121011,2.75,2026-08-05
20121012,2.75,2026-08-05
20121013,2.75,2026-08-05
20121014,2.75,2026-08-05
20121015,2.75,2026-08-05
20121016,2.75,2026-08-05
20121017,2.75,2026-08-05
20121018,2.75,2026-08-05
20121019,2.75,2026-08-05
20121020,2.75,2026-08-05
20121021,2.75,2026-08-05
20121022,2.75,2026-08-05
20121023,2.75,2026-08-05
20121024,2.75,2026-08-05
20121025,2.75,2026-08-05
20121026,2.75,2026-08-05
20121027,2.75,2026-08-05
20121028,2.75,2026-08-05
20121029,2.75,2026-08-05
20121030,2.75,2026-08-05
20121031,2.75,2026-08-05
20121101,2.75,2026-08-05
20121102,2.75,2026-08-05
20121103,2.75,2026-08-05
20121104,2.75,2026-08-05
20121105,2.75,2026-08-05
20121106,2.75,2026-08-05
20121107,2.75,2026-08-05
20121108,2.75,2026-08-05
20121109,2.75,2026-08-05
20121110,2.75,2026-08-05
20121111,2.75,2026-08-05
20121112,2.75,2026-08-05
20121113,2.75,2026-08-05
20121114,2.75,2026-08-05
20121115,2.75,2026-08-05
20121116,2.75,2026-08-05
20121117,2.75,2026-08-05
20121118,2.75,2026-08-05
20121119,2.75,2026-08-05
20121120,2.75,2026-08-05
20121121,2.75,2026-08-05
20121122,2.75,2026-08-05
20121123,2.75,2026-08-05
20121124,2.75,2026-08-05
20121125,2.75,2026-08-05
20121126,2.75,2026-08-05
20121127,2.75,2026-08-05
20121128,2.75,2026-08-05
20121129,2.75,2026-08-05
20121130,2.75,2026-08-05
20121201,2.75,2026-08-05
20121202,2.75,2026-08-05
20121203,2.75,2026-08-05
20121204,2.75,2026-08-05
20121205,2.75,2026-08-05
20121206,2.75,2026-08-05
20121207,2.75,2026-08-05
20121208,2.75,2026-08-05
20121209,2.75,2026-08-05
20121210,2.75,2026-08-05
20121211,2.75,2026-08-05
20121212,2.75,2026-08-05
20121213,2.75,2026-08-05
20121214,2.75,2026-08-05
20121215,2.75,2026-08-05
20121216,2.75,2026-08-05
20121217,2.75,2026-08-05
20121218,2.75,2026-08-05
20121219,2.75,2026-08-05
20121220,2.75,2026-08-05
20121221,2.75,2026-08-05
20121222,2.75,2026-08-05
20121223,2.75,2026-08-05
20121224,2.75,2026-08-05
20121225,2.75,2026-08-05
20121226,2.75,2026-08-05
20121227,2.75,2026-08-05
20121228,2.75,2026-08-05
20121229,2.75,2026-08-05
20121230,2.75,2026-08-05
20121231,2.75,2026-08-05
20130101,2.75,2026-08-05
20130102,2.75,2026-08-05
20130103,2.75,2026-08-05
20130104,2.75,2026-08-05
20130105,2.75,2026-08-05
20130106,2.75,2026-08-05
20130107,2.75,2026-08-05
20130108,2.75,2026-08-05
20130109,2.75,2026-08-05
20130110,2.75,2026-08-05
20130111,2.75,2026-08-05
20130112,2.75,2026-08-05
20130113,2.75,2026-08-05
20130114,2.75,2026-08-05
20130115,2.75,2026-08-05
20130116,2.75,2026-08-05
20130117,2.75,2026-08-05
20130118,2.75,2026-08-05
20130119,2.75,2026-08-05
20130120,2.75,2026-08-05
20130121,2.75,2026-08-05
20130122,2.75,2026-08-05
20130123,2.75,2026-08-05
20130124,2.75,2026-08-05
20130125,2.75,2026-08-05
20130126,2.75,2026-08-05
20130127,2.75,2026-08-05
20130128,2.75,2026-08-05
20130129,2.75,2026-08-05
20130130,2.75,2026-08-05
20130131,2.75,2026-08-05
20130201,2.75,2026-08-05
20130202,2.75,2026-08-05
20130203,2.75,2026-08-05
20130204,2.75,2026-08-05
20130205,2.75,2026-08-05
20130206,2.75,2026-08-05
20130207,2.75,2026-08-05
20130208,2.75,2026-08-05
20130209,2.75,2026-08-05
20130210,2.75,2026-08-05
20130211,2.75,2026-08-05
20130212,2.75,2026-08-05
20130213,2.75,2026-08-05
20130214,2.75,2026-08-05
20130215,2.75,2026-08-05
20130216,2.75,2026-08-05
20130217,2.75,2026-08-05
20130218,2.75,2026-08-05
20130219,2.75,2026-08-05
20130220,2.75,2026-08-05
20130221,2.75,2026-08-05
20130222,2.75,2026-08-05
20130223,2.75,2026-08-05
20130224,2.75,2026-08-05
20130225,2.75,2026-08-05
20130226,2.75,2026-08-05
20130227,2.75,2026-08-05
20130228,2.75,2026-08-05
20130301,2.75,2026-08-05
20130302,2.75,2026-08-05
20130303,2.75,2026-08-05
20130304,2.75,2026-08-05
20130305,2.75,2026-08-05
20130306,2.75,2026-08-05
20130307,2.75,2026-08-05
20130308,2.75,2026-08-05
20130309,2.75,2026-08-05
20130310,2.75,2026-08-05
20130311,2.75,2026-08-05
20130312,2.75,2026-08-05
20130313,2.75,2026-08-05
20130314,2.75,2026-08-05
20130315,2.75,2026-08-05
20130316,2.75,2026-08-05
20130317,2.75,2026-08-05
20130318,2.75,2026-08-05
20130319,2.75,2026-08-05
20130320,2.75,2026-08-05
20130321,2.75,2026-08-05
20130322,2.75,2026-08-05
20130323,2.75,2026-08-05
20130324,2.75,2026-08-05
20130325,2.75,2026-08-05
20130326,2.75,2026-08-05
20130327,2.75,2026-08-05
20130328,2.75,2026-08-05
20130329,2.75,2026-08-05
20130330,2.75,2026-08-05
20130331,2.75,2026-08-05
20130401,2.75,2026-08-05
20130402,2.75,2026-08-05
20130403,2.75,2026-08-05
20130404,2.75,2026-08-05
20130405,2.75,2026-08-05
20130406,2.75,2026-08-05
20130407,2.75,2026-08-05
20130408,2.75,2026-08-05
20130409,2.75,2026-08-05
20130410,2.75,2026-08-05
20130411,2.75,2026-08-05
20130412,2.75,2026-08-05
20130413,2.75,2026-08-05
20130414,2.75,2026-08-05
20130415,2.75,2026-08-05
20130416,2.75,2026-08-05
20130417,2.75,2026-08-05
20130418,2.75,2026-08-05
20130419,2.75,2026-08-05
20130420,2.75,2026-08-05
20130421,2.75,2026-08-05
20130422,2.75,2026-08-05
20130423,2.75,2026-08-05
20130424,2.75,2026-08-05
20130425,2.75,2026-08-05
20130426,2.75,2026-08-05
20130427,2.75,2026-08-05
20130428,2.75,2026-08-05
20130429,2.75,2026-08-05
20130430,2.75,2026-08-05
20130501,2.75,2026-08-05
20130502,2.75,2026-08-05
20130503,2.75,2026-08-05
20130504,2.75,2026-08-05
20130505,2.75,2026-08-05
20130506,2.75,2026-08-05
20130507,2.75,2026-08-05
20130508,2.75,2026-08-05
20130509,2.5,2026-08-05
20130510,2.5,2026-08-05
20130511,2.5,2026-08-05
20130512,2.5,2026-08-05
20130513,2.5,2026-08-05
20130514,2.5,2026-08-05
20130515,2.5,2026-08-05
20130516,2.5,2026-08-05
20130517,2.5,2026-08-05
20130518,2.5,2026-08-05
20130519,2.5,2026-08-05
20130520,2.5,2026-08-05
20130521,2.5,2026-08-05
20130522,2.5,2026-08-05
20130523,2.5,2026-08-05
20130524,2.5,2026-08-05
20130525,2.5,2026-08-05
20130526,2.5,2026-08-05
20130527,2.5,2026-08-05
20130528,2.5,2026-08-05
20130529,2.5,2026-08-05
20130530,2.5,2026-08-05
20130531,2.5,2026-08-05
20130601,2.5,2026-08-05
20130602,2.5,2026-08-05
20130603,2.5,2026-08-05
20130604,2.5,2026-08-05
20130605,2.5,2026-08-05
20130606,2.5,2026-08-05
20130607,2.5,2026-08-05
20130608,2.5,2026-08-05
20130609,2.5,2026-08-05
20130610,2.5,2026-08-05
20130611,2.5,2026-08-05
20130612,2.5,2026-08-05
20130613,2.5,2026-08-05
20130614,2.5,2026-08-05
20130615,2.5,2026-08-05
20130616,2.5,2026-08-05
20130617,2.5,2026-08-05
20130618,2.5,2026-08-05
20130619,2.5,2026-08-05
20130620,2.5,2026-08-05
20130621,2.5,2026-08-05
20130622,2.5,2026-08-05
20130623,2.5,2026-08-05
20130624,2.5,2026-08-05
20130625,2.5,2026-08-05
20130626,2.5,2026-08-05
20130627,2.5,2026-08-05
20130628,2.5,2026-08-05
20130629,2.5,2026-08-05
20130630,2.5,2026-08-05
20130701,2.5,2026-08-05
20130702,2.5,2026-08-05
20130703,2.5,2026-08-05
20130704,2.5,2026-08-05
20130705,2.5,2026-08-05
20130706,2.5,2026-08-05
20130707,2.5,2026-08-05
20130708,2.5,2026-08-05
20130709,2.5,2026-08-05
20130710,2.5,2026-08-05
20130711,2.5,2026-08-05
20130712,2.5,2026-08-05
20130713,2.5,2026-08-05
20130714,2.5,2026-08-05
20130715,2.5,2026-08-05
20130716,2.5,2026-08-05
20130717,2.5,2026-08-05
20130718,2.5,2026-08-05
20130719,2.5,2026-08-05
20130720,2.5,2026-08-05
20130721,2.5,2026-08-05
20130722,2.5,2026-08-05
20130723,2.5,2026-08-05
20130724,2.5,2026-08-05
20130725,2.5,2026-08-05
20130726,2.5,2026-08-05
20130727,2.5,2026-08-05
20130728,2.5,2026-08-05
20130729,2.5,2026-08-05
20130730,2.5,2026-08-05
20130731,2.5,2026-08-05
20130801,2.5,2026-08-05
20130802,2.5,2026-08-05
20130803,2.5,2026-08-05
20130804,2.5,2026-08-05
20130805,2.5,2026-08-05
20130806,2.5,2026-08-05
20130807,2.5,2026-08-05
20130808,2.5,2026-08-05
20130809,2.5,2026-08-05
20130810,2.5,2026-08-05
20130811,2.5,2026-08-05
20130812,2.5,2026-08-05
20130813,2.5,2026-08-05
20130814,2.5,2026-08-05
20130815,2.5,2026-08-05
20130816,2.5,2026-08-05
20130817,2.5,2026-08-05
20130818,2.5,2026-08-05
20130819,2.5,2026-08-05
20130820,2.5,2026-08-05
20130821,2.5,2026-08-05
20130822,2.5,2026-08-05
20130823,2.5,2026-08-05
20130824,2.5,2026-08-05
20130825,2.5,2026-08-05
20130826,2.5,2026-08-05
20130827,2.5,2026-08-05
20130828,2.5,2026-08-05
20130829,2.5,2026-08-05
20130830,2.5,2026-08-05
20130831,2.5,2026-08-05
20130901,2.5,2026-08-05
20130902,2.5,2026-08-05
20130903,2.5,2026-08-05
20130904,2.5,2026-08-05
20130905,2.5,2026-08-05
20130906,2.5,2026-08-05
20130907,2.5,2026-08-05
20130908,2.5,2026-08-05
20130909,2.5,2026-08-05
20130910,2.5,2026-08-05
20130911,2.5,2026-08-05
20130912,2.5,2026-08-05
20130913,2.5,2026-08-05
20130914,2.5,2026-08-05
20130915,2.5,2026-08-05
20130916,2.5,2026-08-05
20130917,2.5,2026-08-05
20130918,2.5,2026-08-05
20130919,2.5,2026-08-05
20130920,2.5,2026-08-05
20130921,2.5,2026-08-05
20130922,2.5,2026-08-05
20130923,2.5,2026-08-05
20130924,2.5,2026-08-05
20130925,2.5,2026-08-05
20130926,2.5,2026-08-05
20130927,2.5,2026-08-05
20130928,2.5,2026-08-05
20130929,2.5,2026-08-05
20130930,2.5,2026-08-05
20131001,2.5,2026-08-05
20131002,2.5,2026-08-05
20131003,2.5,2026-08-05
20131004,2.5,2026-08-05
20131005,2.5,2026-08-05
20131006,2.5,2026-08-05
20131007,2.5,2026-08-05
20131008,2.5,2026-08-05
20131009,2.5,2026-08-05
20131010,2.5,2026-08-05
20131011,2.5,2026-08-05
20131012,2.5,2026-08-05
20131013,2.5,2026-08-05
20131014,2.5,2026-08-05
20131015,2.5,2026-08-05
20131016,2.5,2026-08-05
20131017,2.5,2026-08-05
20131018,2.5,2026-08-05
20131019,2.5,2026-08-05
20131020,2.5,2026-08-05
20131021,2.5,2026-08-05
20131022,2.5,2026-08-05
20131023,2.5,2026-08-05
20131024,2.5,2026-08-05
20131025,2.5,2026-08-05
20131026,2.5,2026-08-05
20131027,2.5,2026-08-05
20131028,2.5,2026-08-05
20131029,2.5,2026-08-05
20131030,2.5,2026-08-05
20131031,2.5,2026-08-05
20131101,2.5,2026-08-05
20131102,2.5,2026-08-05
20131103,2.5,2026-08-05
20131104,2.5,2026-08-05
20131105,2.5,2026-08-05
20131106,2.5,2026-08-05
20131107,2.5,2026-08-05
20131108,2.5,2026-08-05
20131109,2.5,2026-08-05
20131110,2.5,2026-08-05
20131111,2.5,2026-08-05
20131112,2.5,2026-08-05
20131113,2.5,2026-08-05
20131114,2.5,2026-08-05
20131115,2.5,2026-08-05
20131116,2.5,2026-08-05
20131117,2.5,2026-08-05
20131118,2.5,2026-08-05
20131119,2.5,2026-08-05
20131120,2.5,2026-08-05
20131121,2.5,2026-08-05
20131122,2.5,2026-08-05
20131123,2.5,2026-08-05
20131124,2.5,2026-08-05
20131125,2.5,2026-08-05
20131126,2.5,2026-08-05
20131127,2.5,2026-08-05
20131128,2.5,2026-08-05
20131129,2.5,2026-08-05
20131130,2.5,2026-08-05
20131201,2.5,2026-08-05
20131202,2.5,2026-08-05
20131203,2.5,2026-08-05
20131204,2.5,2026-08-05
20131205,2.5,2026-08-05
20131206,2.5,2026-08-05
20131207,2.5,2026-08-05
20131208,2.5,2026-08-05
20131209,2.5,2026-08-05
20131210,2.5,2026-08-05
20131211,2.5,2026-08-05
20131212,2.5,2026-08-05
20131213,2.5,2026-08-05
20131214,2.5,2026-08-05
20131215,2.5,2026-08-05
20131216,2.5,2026-08-05
20131217,2.5,2026-08-05
20131218,2.5,2026-08-05
20131219,2.5,2026-08-05
20131220,2.5,2026-08-05
20131221,2.5,2026-08-05
20131222,2.5,2026-08-05
20131223,2.5,2026-08-05
20131224,2.5,2026-08-05
20131225,2.5,2026-08-05
20131226,2.5,2026-08-05
20131227,2.5,2026-08-05
20131228,2.5,2026-08-05
20131229,2.5,2026-08-05
20131230,2.5,2026-08-05
20131231,2.5,2026-08-05
20140101,2.5,2026-08-05
20140102,2.5,2026-08-05
20140103,2.5,2026-08-05
20140104,2.5,2026-08-05
20140105,2.5,2026-08-05
20140106,2.5,2026-08-05
20140107,2.5,2026-08-05
20140108,2.5,2026-08-05
20140109,2.5,2026-08-05
20140110,2.5,2026-08-05
20140111,2.5,2026-08-05
20140112,2.5,2026-08-05
20140113,2.5,2026-08-05
20140114,2.5,2026-08-05
20140115,2.5,2026-08-05
20140116,2.5,2026-08-05
20140117,2.5,2026-08-05
20140118,2.5,2026-08-05
20140119,2.5,2026-08-05
20140120,2.5,2026-08-05
20140121,2.5,2026-08-05
20140122,2.5,2026-08-05
20140123,2.5,2026-08-05
20140124,2.5,2026-08-05
20140125,2.5,2026-08-05
20140126,2.5,2026-08-05
20140127,2.5,2026-08-05
20140128,2.5,2026-08-05
20140129,2.5,2026-08-05
20140130,2.5,2026-08-05
20140131,2.5,2026-08-05
20140201,2.5,2026-08-05
20140202,2.5,2026-08-05
20140203,2.5,2026-08-05
20140204,2.5,2026-08-05
20140205,2.5,2026-08-05
20140206,2.5,2026-08-05
20140207,2.5,2026-08-05
20140208,2.5,2026-08-05
20140209,2.5,2026-08-05
20140210,2.5,2026-08-05
20140211,2.5,2026-08-05
20140212,2.5,2026-08-05
20140213,2.5,2026-08-05
20140214,2.5,2026-08-05
20140215,2.5,2026-08-05
20140216,2.5,2026-08-05
20140217,2.5,2026-08-05
20140218,2.5,2026-08-05
20140219,2.5,2026-08-05
20140220,2.5,2026-08-05
20140221,2.5,2026-08-05
20140222,2.5,2026-08-05
20140223,2.5,2026-08-05
20140224,2.5,2026-08-05
20140225,2.5,2026-08-05
20140226,2.5,2026-08-05
20140227,2.5,2026-08-05
20140228,2.5,2026-08-05
20140301,2.5,2026-08-05
20140302,2.5,2026-08-05
20140303,2.5,2026-08-05
20140304,2.5,2026-08-05
20140305,2.5,2026-08-05
20140306,2.5,2026-08-05
20140307,2.5,2026-08-05
20140308,2.5,2026-08-05
20140309,2.5,2026-08-05
20140310,2.5,2026-08-05
20140311,2.5,2026-08-05
20140312,2.5,2026-08-05
20140313,2.5,2026-08-05
20140314,2.5,2026-08-05
20140315,2.5,2026-08-05
20140316,2.5,2026-08-05
20140317,2.5,2026-08-05
20140318,2.5,2026-08-05
20140319,2.5,2026-08-05
20140320,2.5,2026-08-05
20140321,2.5,2026-08-05
20140322,2.5,2026-08-05
20140323,2.5,2026-08-05
20140324,2.5,2026-08-05
20140325,2.5,2026-08-05
20140326,2.5,2026-08-05
20140327,2.5,2026-08-05
20140328,2.5,2026-08-05
20140329,2.5,2026-08-05
20140330,2.5,2026-08-05
20140331,2.5,2026-08-05
20140401,2.5,2026-08-05
20140402,2.5,2026-08-05
20140403,2.5,2026-08-05
20140404,2.5,2026-08-05
20140405,2.5,2026-08-05
20140406,2.5,2026-08-05
20140407,2.5,2026-08-05
20140408,2.5,2026-08-05
20140409,2.5,2026-08-05
20140410,2.5,2026-08-05
20140411,2.5,2026-08-05
20140412,2.5,2026-08-05
20140413,2.5,2026-08-05
20140414,2.5,2026-08-05
20140415,2.5,2026-08-05
20140416,2.5,2026-08-05
20140417,2.5,2026-08-05
20140418,2.5,2026-08-05
20140419,2.5,2026-08-05
20140420,2.5,2026-08-05
20140421,2.5,2026-08-05
20140422,2.5,2026-08-05
20140423,2.5,2026-08-05
20140424,2.5,2026-08-05
20140425,2.5,2026-08-05
20140426,2.5,2026-08-05
20140427,2.5,2026-08-05
20140428,2.5,2026-08-05
20140429,2.5,2026-08-05
20140430,2.5,2026-08-05
20140501,2.5,2026-08-05
20140502,2.5,2026-08-05
20140503,2.5,2026-08-05
20140504,2.5,2026-08-05
20140505,2.5,2026-08-05
20140506,2.5,2026-08-05
20140507,2.5,2026-08-05
20140508,2.5,2026-08-05
20140509,2.5,2026-08-05
20140510,2.5,2026-08-05
20140511,2.5,2026-08-05
20140512,2.5,2026-08-05
20140513,2.5,2026-08-05
20140514,2.5,2026-08-05
20140515,2.5,2026-08-05
20140516,2.5,2026-08-05
20140517,2.5,2026-08-05
20140518,2.5,2026-08-05
20140519,2.5,2026-08-05
20140520,2.5,2026-08-05
20140521,2.5,2026-08-05
20140522,2.5,2026-08-05
20140523,2.5,2026-08-05
20140524,2.5,2026-08-05
20140525,2.5,2026-08-05
20140526,2.5,2026-08-05
20140527,2.5,2026-08-05
20140528,2.5,2026-08-05
20140529,2.5,2026-08-05
20140530,2.5,2026-08-05
20140531,2.5,2026-08-05
20140601,2.5,2026-08-05
20140602,2.5,2026-08-05
20140603,2.5,2026-08-05
20140604,2.5,2026-08-05
20140605,2.5,2026-08-05
20140606,2.5,2026-08-05
20140607,2.5,2026-08-05
20140608,2.5,2026-08-05
20140609,2.5,2026-08-05
20140610,2.5,2026-08-05
20140611,2.5,2026-08-05
20140612,2.5,2026-08-05
20140613,2.5,2026-08-05
20140614,2.5,2026-08-05
20140615,2.5,2026-08-05
20140616,2.5,2026-08-05
20140617,2.5,2026-08-05
20140618,2.5,2026-08-05
20140619,2.5,2026-08-05
20140620,2.5,2026-08-05
20140621,2.5,2026-08-05
20140622,2.5,2026-08-05
20140623,2.5,2026-08-05
20140624,2.5,2026-08-05
20140625,2.5,2026-08-05
20140626,2.5,2026-08-05
20140627,2.5,2026-08-05
20140628,2.5,2026-08-05
20140629,2.5,2026-08-05
20140630,2.5,2026-08-05
20140701,2.5,2026-08-05
20140702,2.5,2026-08-05
20140703,2.5,2026-08-05
20140704,2.5,2026-08-05
20140705,2.5,2026-08-05
20140706,2.5,2026-08-05
20140707,2.5,2026-08-05
20140708,2.5,2026-08-05
20140709,2.5,2026-08-05
20140710,2.5,2026-08-05
20140711,2.5,2026-08-05
20140712,2.5,2026-08-05
20140713,2.5,2026-08-05
20140714,2.5,2026-08-05
20140715,2.5,2026-08-05
20140716,2.5,2026-08-05
20140717,2.5,2026-08-05
20140718,2.5,2026-08-05
20140719,2.5,2026-08-05
20140720,2.5,2026-08-05
20140721,2.5,2026-08-05
20140722,2.5,2026-08-05
20140723,2.5,2026-08-05
20140724,2.5,2026-08-05
20140725,2.5,2026-08-05
20140726,2.5,2026-08-05
20140727,2.5,2026-08-05
20140728,2.5,2026-08-05
20140729,2.5,2026-08-05
20140730,2.5,2026-08-05
20140731,2.5,2026-08-05
20140801,2.5,2026-08-05
20140802,2.5,2026-08-05
20140803,2.5,2026-08-05
20140804,2.5,2026-08-05
20140805,2.5,2026-08-05
20140806,2.5,2026-08-05
20140807,2.5,2026-08-05
20140808,2.5,2026-08-05
20140809,2.5,2026-08-05
20140810,2.5,2026-08-05
20140811,2.5,2026-08-05
20140812,2.5,2026-08-05
20140813,2.5,2026-08-05
20140814,2.25,2026-08-05
20140815,2.25,2026-08-05
20140816,2.25,2026-08-05
20140817,2.25,2026-08-05
20140818,2.25,2026-08-05
20140819,2.25,2026-08-05
20140820,2.25,2026-08-05
20140821,2.25,2026-08-05
20140822,2.25,2026-08-05
20140823,2.25,2026-08-05
20140824,2.25,2026-08-05
20140825,2.25,2026-08-05
20140826,2.25,2026-08-05
20140827,2.25,2026-08-05
20140828,2.25,2026-08-05
20140829,2.25,2026-08-05
20140830,2.25,2026-08-05
20140831,2.25,2026-08-05
20140901,2.25,2026-08-05
20140902,2.25,2026-08-05
20140903,2.25,2026-08-05
20140904,2.25,2026-08-05
20140905,2.25,2026-08-05
20140906,2.25,2026-08-05
20140907,2.25,2026-08-05
20140908,2.25,2026-08-05
20140909,2.25,2026-08-05
20140910,2.25,2026-08-05
20140911,2.25,2026-08-05
20140912,2.25,2026-08-05
20140913,2.25,2026-08-05
20140914,2.25,2026-08-05
20140915,2.25,2026-08-05
20140916,2.25,2026-08-05
20140917,2.25,2026-08-05
20140918,2.25,2026-08-05
20140919,2.25,2026-08-05
20140920,2.25,2026-08-05
20140921,2.25,2026-08-05
20140922,2.25,2026-08-05
20140923,2.25,2026-08-05
20140924,2.25,2026-08-05
20140925,2.25,2026-08-05
20140926,2.25,2026-08-05
20140927,2.25,2026-08-05
20140928,2.25,2026-08-05
20140929,2.25,2026-08-05
20140930,2.25,2026-08-05
20141001,2.25,2026-08-05
20141002,2.25,2026-08-05
20141003,2.25,2026-08-05
20141004,2.25,2026-08-05
20141005,2.25,2026-08-05
20141006,2.25,2026-08-05
20141007,2.25,2026-08-05
20141008,2.25,2026-08-05
20141009,2.25,2026-08-05
20141010,2.25,2026-08-05
20141011,2.25,2026-08-05
20141012,2.25,2026-08-05
20141013,2.25,2026-08-05
20141014,2.25,2026-08-05
20141015,2,2026-08-05
20141016,2,2026-08-05
20141017,2,2026-08-05
20141018,2,2026-08-05
20141019,2,2026-08-05
20141020,2,2026-08-05
20141021,2,2026-08-05
20141022,2,2026-08-05
20141023,2,2026-08-05
20141024,2,2026-08-05
20141025,2,2026-08-05
20141026,2,2026-08-05
20141027,2,2026-08-05
20141028,2,2026-08-05
20141029,2,2026-08-05
20141030,2,2026-08-05
20141031,2,2026-08-05
20141101,2,2026-08-05
20141102,2,2026-08-05
20141103,2,2026-08-05
20141104,2,2026-08-05
20141105,2,2026-08-05
20141106,2,2026-08-05
20141107,2,2026-08-05
20141108,2,2026-08-05
20141109,2,2026-08-05
20141110,2,2026-08-05
20141111,2,2026-08-05
20141112,2,2026-08-05
20141113,2,2026-08-05
20141114,2,2026-08-05
20141115,2,2026-08-05
20141116,2,2026-08-05
20141117,2,2026-08-05
20141118,2,2026-08-05
20141119,2,2026-08-05
20141120,2,2026-08-05
20141121,2,2026-08-05
20141122,2,2026-08-05
20141123,2,2026-08-05
20141124,2,2026-08-05
20141125,2,2026-08-05
20141126,2,2026-08-05
20141127,2,2026-08-05
20141128,2,2026-08-05
20141129,2,2026-08-05
20141130,2,2026-08-05
20141201,2,2026-08-05
20141202,2,2026-08-05
20141203,2,2026-08-05
20141204,2,2026-08-05
20141205,2,2026-08-05
20141206,2,2026-08-05
20141207,2,2026-08-05
20141208,2,2026-08-05
20141209,2,2026-08-05
20141210,2,2026-08-05
20141211,2,2026-08-05
20141212,2,2026-08-05
20141213,2,2026-08-05
20141214,2,2026-08-05
20141215,2,2026-08-05
20141216,2,2026-08-05
20141217,2,2026-08-05
20141218,2,2026-08-05
20141219,2,2026-08-05
20141220,2,2026-08-05
20141221,2,2026-08-05
20141222,2,2026-08-05
20141223,2,2026-08-05
20141224,2,2026-08-05
20141225,2,2026-08-05
20141226,2,2026-08-05
20141227,2,2026-08-05
20141228,2,2026-08-05
20141229,2,2026-08-05
20141230,2,2026-08-05
20141231,2,2026-08-05
20150101,2,2026-08-05
20150102,2,2026-08-05
20150103,2,2026-08-05
20150104,2,2026-08-05
20150105,2,2026-08-05
20150106,2,2026-08-05
20150107,2,2026-08-05
20150108,2,2026-08-05
20150109,2,2026-08-05
20150110,2,2026-08-05
20150111,2,2026-08-05
20150112,2,2026-08-05
20150113,2,2026-08-05
20150114,2,2026-08-05
20150115,2,2026-08-05
20150116,2,2026-08-05
20150117,2,2026-08-05
20150118,2,2026-08-05
20150119,2,2026-08-05
20150120,2,2026-08-05
20150121,2,2026-08-05
20150122,2,2026-08-05
20150123,2,2026-08-05
20150124,2,2026-08-05
20150125,2,2026-08-05
20150126,2,2026-08-05
20150127,2,2026-08-05
20150128,2,2026-08-05
20150129,2,2026-08-05
20150130,2,2026-08-05
20150131,2,2026-08-05
20150201,2,2026-08-05
20150202,2,2026-08-05
20150203,2,2026-08-05
20150204,2,2026-08-05
20150205,2,2026-08-05
20150206,2,2026-08-05
20150207,2,2026-08-05
20150208,2,2026-08-05
20150209,2,2026-08-05
20150210,2,2026-08-05
20150211,2,2026-08-05
20150212,2,2026-08-05
20150213,2,2026-08-05
20150214,2,2026-08-05
20150215,2,2026-08-05
20150216,2,2026-08-05
20150217,2,2026-08-05
20150218,2,2026-08-05
20150219,2,2026-08-05
20150220,2,2026-08-05
20150221,2,2026-08-05
20150222,2,2026-08-05
20150223,2,2026-08-05
20150224,2,2026-08-05
20150225,2,2026-08-05
20150226,2,2026-08-05
20150227,2,2026-08-05
20150228,2,2026-08-05
20150301,2,2026-08-05
20150302,2,2026-08-05
20150303,2,2026-08-05
20150304,2,2026-08-05
20150305,2,2026-08-05
20150306,2,2026-08-05
20150307,2,2026-08-05
20150308,2,2026-08-05
20150309,2,2026-08-05
20150310,2,2026-08-05
20150311,2,2026-08-05
20150312,1.75,2026-08-05
20150313,1.75,2026-08-05
20150314,1.75,2026-08-05
20150315,1.75,2026-08-05
20150316,1.75,2026-08-05
20150317,1.75,2026-08-05
20150318,1.75,2026-08-05
20150319,1.75,2026-08-05
20150320,1.75,2026-08-05
20150321,1.75,2026-08-05
20150322,1.75,2026-08-05
20150323,1.75,2026-08-05
20150324,1.75,2026-08-05
20150325,1.75,2026-08-05
20150326,1.75,2026-08-05
20150327,1.75,2026-08-05
20150328,1.75,2026-08-05
20150329,1.75,2026-08-05
20150330,1.75,2026-08-05
20150331,1.75,2026-08-05
20150401,1.75,2026-08-05
20150402,1.75,2026-08-05
20150403,1.75,2026-08-05
20150404,1.75,2026-08-05
20150405,1.75,2026-08-05
20150406,1.75,2026-08-05
20150407,1.75,2026-08-05
20150408,1.75,2026-08-05
20150409,1.75,2026-08-05
20150410,1.75,2026-08-05
20150411,1.75,2026-08-05
20150412,1.75,2026-08-05
20150413,1.75,2026-08-05
20150414,1.75,2026-08-05
20150415,1.75,2026-08-05
20150416,1.75,2026-08-05
20150417,1.75,2026-08-05
20150418,1.75,2026-08-05
20150419,1.75,2026-08-05
20150420,1.75,2026-08-05
20150421,1.75,2026-08-05
20150422,1.75,2026-08-05
20150423,1.75,2026-08-05
20150424,1.75,2026-08-05
20150425,1.75,2026-08-05
20150426,1.75,2026-08-05
20150427,1.75,2026-08-05
20150428,1.75,2026-08-05
20150429,1.75,2026-08-05
20150430,1.75,2026-08-05
20150501,1.75,2026-08-05
20150502,1.75,2026-08-05
20150503,1.75,2026-08-05
20150504,1.75,2026-08-05
20150505,1.75,2026-08-05
20150506,1.75,2026-08-05
20150507,1.75,2026-08-05
20150508,1.75,2026-08-05
20150509,1.75,2026-08-05
20150510,1.75,2026-08-05
20150511,1.75,2026-08-05
20150512,1.75,2026-08-05
20150513,1.75,2026-08-05
20150514,1.75,2026-08-05
20150515,1.75,2026-08-05
20150516,1.75,2026-08-05
20150517,1.75,2026-08-05
20150518,1.75,2026-08-05
20150519,1.75,2026-08-05
20150520,1.75,2026-08-05
20150521,1.75,2026-08-05
20150522,1.75,2026-08-05
20150523,1.75,2026-08-05
20150524,1.75,2026-08-05
20150525,1.75,2026-08-05
20150526,1.75,2026-08-05
20150527,1.75,2026-08-05
20150528,1.75,2026-08-05
20150529,1.75,2026-08-05
20150530,1.75,2026-08-05
20150531,1.75,2026-08-05
20150601,1.75,2026-08-05
20150602,1.75,2026-08-05
20150603,1.75,2026-08-05
20150604,1.75,2026-08-05
20150605,1.75,2026-08-05
20150606,1.75,2026-08-05
20150607,1.75,2026-08-05
20150608,1.75,2026-08-05
20150609,1.75,2026-08-05
20150610,1.75,2026-08-05
20150611,1.5,2026-08-05
20150612,1.5,2026-08-05
20150613,1.5,2026-08-05
20150614,1.5,2026-08-05
20150615,1.5,2026-08-05
20150616,1.5,2026-08-05
20150617,1.5,2026-08-05
20150618,1.5,2026-08-05
20150619,1.5,2026-08-05
20150620,1.5,2026-08-05
20150621,1.5,2026-08-05
20150622,1.5,2026-08-05
20150623,1.5,2026-08-05
20150624,1.5,2026-08-05
20150625,1.5,2026-08-05
20150626,1.5,2026-08-05
20150627,1.5,2026-08-05
20150628,1.5,2026-08-05
20150629,1.5,2026-08-05
20150630,1.5,2026-08-05
20150701,1.5,2026-08-05
20150702,1.5,2026-08-05
20150703,1.5,2026-08-05
20150704,1.5,2026-08-05
20150705,1.5,2026-08-05
20150706,1.5,2026-08-05
20150707,1.5,2026-08-05
20150708,1.5,2026-08-05
20150709,1.5,2026-08-05
20150710,1.5,2026-08-05
20150711,1.5,2026-08-05
20150712,1.5,2026-08-05
20150713,1.5,2026-08-05
20150714,1.5,2026-08-05
20150715,1.5,2026-08-05
20150716,1.5,2026-08-05
20150717,1.5,2026-08-05
20150718,1.5,2026-08-05
20150719,1.5,2026-08-05
20150720,1.5,2026-08-05
20150721,1.5,2026-08-05
20150722,1.5,2026-08-05
20150723,1.5,2026-08-05
20150724,1.5,2026-08-05
20150725,1.5,2026-08-05
20150726,1.5,2026-08-05
20150727,1.5,2026-08-05
20150728,1.5,2026-08-05
20150729,1.5,2026-08-05
20150730,1.5,2026-08-05
20150731,1.5,2026-08-05
20150801,1.5,2026-08-05
20150802,1.5,2026-08-05
20150803,1.5,2026-08-05
20150804,1.5,2026-08-05
20150805,1.5,2026-08-05
20150806,1.5,2026-08-05
20150807,1.5,2026-08-05
20150808,1.5,2026-08-05
20150809,1.5,2026-08-05
20150810,1.5,2026-08-05
20150811,1.5,2026-08-05
20150812,1.5,2026-08-05
20150813,1.5,2026-08-05
20150814,1.5,2026-08-05
20150815,1.5,2026-08-05
20150816,1.5,2026-08-05
20150817,1.5,2026-08-05
20150818,1.5,2026-08-05
20150819,1.5,2026-08-05
20150820,1.5,2026-08-05
20150821,1.5,2026-08-05
20150822,1.5,2026-08-05
20150823,1.5,2026-08-05
20150824,1.5,2026-08-05
20150825,1.5,2026-08-05
20150826,1.5,2026-08-05
20150827,1.5,2026-08-05
20150828,1.5,2026-08-05
20150829,1.5,2026-08-05
20150830,1.5,2026-08-05
20150831,1.5,2026-08-05
20150901,1.5,2026-08-05
20150902,1.5,2026-08-05
20150903,1.5,2026-08-05
20150904,1.5,2026-08-05
20150905,1.5,2026-08-05
20150906,1.5,2026-08-05
20150907,1.5,2026-08-05
20150908,1.5,2026-08-05
20150909,1.5,2026-08-05
20150910,1.5,2026-08-05
20150911,1.5,2026-08-05
20150912,1.5,2026-08-05
20150913,1.5,2026-08-05
20150914,1.5,2026-08-05
20150915,1.5,2026-08-05
20150916,1.5,2026-08-05
20150917,1.5,2026-08-05
20150918,1.5,2026-08-05
20150919,1.5,2026-08-05
20150920,1.5,2026-08-05
20150921,1.5,2026-08-05
20150922,1.5,2026-08-05
20150923,1.5,2026-08-05
20150924,1.5,2026-08-05
20150925,1.5,2026-08-05
20150926,1.5,2026-08-05
20150927,1.5,2026-08-05
20150928,1.5,2026-08-05
20150929,1.5,2026-08-05
20150930,1.5,2026-08-05
20151001,1.5,2026-08-05
20151002,1.5,2026-08-05
20151003,1.5,2026-08-05
20151004,1.5,2026-08-05
20151005,1.5,2026-08-05
20151006,1.5,2026-08-05
20151007,1.5,2026-08-05
20151008,1.5,2026-08-05
20151009,1.5,2026-08-05
20151010,1.5,2026-08-05
20151011,1.5,2026-08-05
20151012,1.5,2026-08-05
20151013,1.5,2026-08-05
20151014,1.5,2026-08-05
20151015,1.5,2026-08-05
20151016,1.5,2026-08-05
20151017,1.5,2026-08-05
20151018,1.5,2026-08-05
20151019,1.5,2026-08-05
20151020,1.5,2026-08-05
20151021,1.5,2026-08-05
20151022,1.5,2026-08-05
20151023,1.5,2026-08-05
20151024,1.5,2026-08-05
20151025,1.5,2026-08-05
20151026,1.5,2026-08-05
20151027,1.5,2026-08-05
20151028,1.5,2026-08-05
20151029,1.5,2026-08-05
20151030,1.5,2026-08-05
20151101,1.5,2026-08-05
20151102,1.5,2026-08-05
20151103,1.5,2026-08-05
20151104,1.5,2026-08-05
20151105,1.5,2026-08-05
20151106,1.5,2026-08-05
20151107,1.5,2026-08-05
20151108,1.5,2026-08-05
20151109,1.5,2026-08-05
20151110,1.5,2026-08-05
20151111,1.5,2026-08-05
20151112,1.5,2026-08-05
20151113,1.5,2026-08-05
20151114,1.5,2026-08-05
20151115,1.5,2026-08-05
20151116,1.5,2026-08-05
20151117,1.5,2026-08-05
20151118,1.5,2026-08-05
20151119,1.5,2026-08-05
20151120,1.5,2026-08-05
20151121,1.5,2026-08-05
20151122,1.5,2026-08-05
20151123,1.5,2026-08-05
20151124,1.5,2026-08-05
20151125,1.5,2026-08-05
20151126,1.5,2026-08-05
20151127,1.5,2026-08-05
20151128,1.5,2026-08-05
20151129,1.5,2026-08-05
20151130,1.5,2026-08-05
20151201,1.5,2026-08-05
20151202,1.5,2026-08-05
20151203,1.5,2026-08-05
20151204,1.5,2026-08-05
20151205,1.5,2026-08-05
20151206,1.5,2026-08-05
20151207,1.5,2026-08-05
20151208,1.5,2026-08-05
20151209,1.5,2026-08-05
20151210,1.5,2026-08-05
20151211,1.5,2026-08-05
20151212,1.5,2026-08-05
20151213,1.5,2026-08-05
20151214,1.5,2026-08-05
20151215,1.5,2026-08-05
20151216,1.5,2026-08-05
20151217,1.5,2026-08-05
20151218,1.5,2026-08-05
20151219,1.5,2026-08-05
20151220,1.5,2026-08-05
20151221,1.5,2026-08-05
20151222,1.5,2026-08-05
20151223,1.5,2026-08-05
20151224,1.5,2026-08-05
20151225,1.5,2026-08-05
20151226,1.5,2026-08-05
20151227,1.5,2026-08-05
20151228,1.5,2026-08-05
20151229,1.5,2026-08-05
20151230,1.5,2026-08-05
20151231,1.5,2026-08-05
20160101,1.5,2026-08-05
20160102,1.5,2026-08-05
20160103,1.5,2026-08-05
20160104,1.5,2026-08-05
20160105,1.5,2026-08-05
20160106,1.5,2026-08-05
20160107,1.5,2026-08-05
20160108,1.5,2026-08-05
20160109,1.5,2026-08-05
20160110,1.5,2026-08-05
20160111,1.5,2026-08-05
20160112,1.5,2026-08-05
20160113,1.5,2026-08-05
20160114,1.5,2026-08-05
20160115,1.5,2026-08-05
20160116,1.5,2026-08-05
20160117,1.5,2026-08-05
20160118,1.5,2026-08-05
20160119,1.5,2026-08-05
20160120,1.5,2026-08-05
20160121,1.5,2026-08-05
20160122,1.5,2026-08-05
20160123,1.5,2026-08-05
20160124,1.5,2026-08-05
20160125,1.5,2026-08-05
20160126,1.5,2026-08-05
20160127,1.5,2026-08-05
20160128,1.5,2026-08-05
20160129,1.5,2026-08-05
20160130,1.5,2026-08-05
20160131,1.5,2026-08-05
20160201,1.5,2026-08-05
20160202,1.5,2026-08-05
20160203,1.5,2026-08-05
20160204,1.5,2026-08-05
20160205,1.5,2026-08-05
20160206,1.5,2026-08-05
20160207,1.5,2026-08-05
20160208,1.5,2026-08-05
20160209,1.5,2026-08-05
20160210,1.5,2026-08-05
20160211,1.5,2026-08-05
20160212,1.5,2026-08-05
20160213,1.5,2026-08-05
20160214,1.5,2026-08-05
20160215,1.5,2026-08-05
20160216,1.5,2026-08-05
20160217,1.5,2026-08-05
20160218,1.5,2026-08-05
20160219,1.5,2026-08-05
20160220,1.5,2026-08-05
20160221,1.5,2026-08-05
20160222,1.5,2026-08-05
20160223,1.5,2026-08-05
20160224,1.5,2026-08-05
20160225,1.5,2026-08-05
20160226,1.5,2026-08-05
20160227,1.5,2026-08-05
20160228,1.5,2026-08-05
20160229,1.5,2026-08-05
20160301,1.5,2026-08-05
20160302,1.5,2026-08-05
20160303,1.5,2026-08-05
20160304,1.5,2026-08-05
20160305,1.5,2026-08-05
20160306,1.5,2026-08-05
20160307,1.5,2026-08-05
20160308,1.5,2026-08-05
20160309,1.5,2026-08-05
20160310,1.5,2026-08-05
20160311,1.5,2026-08-05
20160312,1.5,2026-08-05
20160313,1.5,2026-08-05
20160314,1.5,2026-08-05
20160315,1.5,2026-08-05
20160316,1.5,2026-08-05
20160317,1.5,2026-08-05
20160318,1.5,2026-08-05
20160319,1.5,2026-08-05
20160320,1.5,2026-08-05
20160321,1.5,2026-08-05
20160322,1.5,2026-08-05
20160323,1.5,2026-08-05
20160324,1.5,2026-08-05
20160325,1.5,2026-08-05
20160326,1.5,2026-08-05
20160327,1.5,2026-08-05
20160328,1.5,2026-08-05
20160329,1.5,2026-08-05
20160330,1.5,2026-08-05
20160331,1.5,2026-08-05
20160401,1.5,2026-08-05
20160402,1.5,2026-08-05
20160403,1.5,2026-08-05
20160404,1.5,2026-08-05
20160405,1.5,2026-08-05
20160406,1.5,2026-08-05
20160407,1.5,2026-08-05
20160408,1.5,2026-08-05
20160409,1.5,2026-08-05
20160410,1.5,2026-08-05
20160411,1.5,2026-08-05
20160412,1.5,2026-08-05
20160413,1.5,2026-08-05
20160414,1.5,2026-08-05
20160415,1.5,2026-08-05
20160416,1.5,2026-08-05
20160417,1.5,2026-08-05
20160418,1.5,2026-08-05
20160419,1.5,2026-08-05
20160420,1.5,2026-08-05
20160421,1.5,2026-08-05
20160422,1.5,2026-08-05
20160423,1.5,2026-08-05
20160424,1.5,2026-08-05
20160425,1.5,2026-08-05
20160426,1.5,2026-08-05
20160427,1.5,2026-08-05
20160428,1.5,2026-08-05
20160429,1.5,2026-08-05
20160430,1.5,2026-08-05
20160501,1.5,2026-08-05
20160502,1.5,2026-08-05
20160503,1.5,2026-08-05
20160504,1.5,2026-08-05
20160505,1.5,2026-08-05
20160506,1.5,2026-08-05
20160507,1.5,2026-08-05
20160508,1.5,2026-08-05
20160509,1.5,2026-08-05
20160510,1.5,2026-08-05
20160511,1.5,2026-08-05
20160512,1.5,2026-08-05
20160513,1.5,2026-08-05
20160514,1.5,2026-08-05
20160515,1.5,2026-08-05
20160516,1.5,2026-08-05
20160517,1.5,2026-08-05
20160518,1.5,2026-08-05
20160519,1.5,2026-08-05
20160520,1.5,2026-08-05
20160521,1.5,2026-08-05
20160522,1.5,2026-08-05
20160523,1.5,2026-08-05
20160524,1.5,2026-08-05
20160525,1.5,2026-08-05
20160526,1.5,2026-08-05
20160527,1.5,2026-08-05
20160528,1.5,2026-08-05
20160529,1.5,2026-08-05
20160530,1.5,2026-08-05
20160531,1.5,2026-08-05
20160601,1.5,2026-08-05
20160602,1.5,2026-08-05
20160603,1.5,2026-08-05
20160604,1.5,2026-08-05
20160605,1.5,2026-08-05
20160606,1.5,2026-08-05
20160607,1.5,2026-08-05
20160608,1.5,2026-08-05
20160609,1.25,2026-08-05
20160610,1.25,2026-08-05
20160611,1.25,2026-08-05
20160612,1.25,2026-08-05
20160613,1.25,2026-08-05
20160614,1.25,2026-08-05
20160615,1.25,2026-08-05
20160616,1.25,2026-08-05
20160617,1.25,2026-08-05
20160618,1.25,2026-08-05
20160619,1.25,2026-08-05
20160620,1.25,2026-08-05
20160621,1.25,2026-08-05
20160622,1.25,2026-08-05
20160623,1.25,2026-08-05
20160624,1.25,2026-08-05
20160625,1.25,2026-08-05
20160626,1.25,2026-08-05
20160627,1.25,2026-08-05
20160628,1.25,2026-08-05
20160629,1.25,2026-08-05
20160630,1.25,2026-08-05
20160701,1.25,2026-08-05
20160702,1.25,2026-08-05
20160703,1.25,2026-08-05
20160704,1.25,2026-08-05
20160705,1.25,2026-08-05
20160706,1.25,2026-08-05
20160707,1.25,2026-08-05
20160708,1.25,2026-08-05
20160709,1.25,2026-08-05
20160710,1.25,2026-08-05
20160711,1.25,2026-08-05
20160712,1.25,2026-08-05
20160713,1.25,2026-08-05
20160714,1.25,2026-08-05
20160715,1.25,2026-08-05
20160716,1.25,2026-08-05
20160717,1.25,2026-08-05
20160718,1.25,2026-08-05
20160719,1.25,2026-08-05
20160720,1.25,2026-08-05
20160721,1.25,2026-08-05
20160722,1.25,2026-08-05
20160723,1.25,2026-08-05
20160724,1.25,2026-08-05
20160725,1.25,2026-08-05
20160726,1.25,2026-08-05
20160727,1.25,2026-08-05
20160728,1.25,2026-08-05
20160729,1.25,2026-08-05
20160730,1.25,2026-08-05
20160731,1.25,2026-08-05
20160801,1.25,2026-08-05
20160802,1.25,2026-08-05
20160803,1.25,2026-08-05
20160804,1.25,2026-08-05
20160805,1.25,2026-08-05
20160806,1.25,2026-08-05
20160807,1.25,2026-08-05
20160808,1.25,2026-08-05
20160809,1.25,2026-08-05
20160810,1.25,2026-08-05
20160811,1.25,2026-08-05
20160812,1.25,2026-08-05
20160813,1.25,2026-08-05
20160814,1.25,2026-08-05
20160815,1.25,2026-08-05
20160816,1.25,2026-08-05
20160817,1.25,2026-08-05
20160818,1.25,2026-08-05
20160819,1.25,2026-08-05
20160820,1.25,2026-08-05
20160821,1.25,2026-08-05
20160822,1.25,2026-08-05
20160823,1.25,2026-08-05
20160824,1.25,2026-08-05
20160825,1.25,2026-08-05
20160826,1.25,2026-08-05
20160827,1.25,2026-08-05
20160828,1.25,2026-08-05
20160829,1.25,2026-08-05
20160830,1.25,2026-08-05
20160831,1.25,2026-08-05
20160901,1.25,2026-08-05
20160902,1.25,2026-08-05
20160903,1.25,2026-08-05
20160904,1.25,2026-08-05
20160905,1.25,2026-08-05
20160906,1.25,2026-08-05
20160907,1.25,2026-08-05
20160908,1.25,2026-08-05
20160909,1.25,2026-08-05
20160910,1.25,2026-08-05
20160911,1.25,2026-08-05
20160912,1.25,2026-08-05
20160913,1.25,2026-08-05
20160914,1.25,2026-08-05
20160915,1.25,2026-08-05
20160916,1.25,2026-08-05
20160917,1.25,2026-08-05
20160918,1.25,2026-08-05
20160919,1.25,2026-08-05
20160920,1.25,2026-08-05
20160921,1.25,2026-08-05
20160922,1.25,2026-08-05
20160923,1.25,2026-08-05
20160924,1.25,2026-08-05
20160925,1.25,2026-08-05
20160926,1.25,2026-08-05
20160927,1.25,2026-08-05
20160928,1.25,2026-08-05
20160929,1.25,2026-08-05
20160930,1.25,2026-08-05
20161001,1.25,2026-08-05
20161002,1.25,2026-08-05
20161003,1.25,2026-08-05
20161004,1.25,2026-08-05
20161005,1.25,2026-08-05
20161006,1.25,2026-08-05
20161007,1.25,2026-08-05
20161008,1.25,2026-08-05
20161009,1.25,2026-08-05
20161010,1.25,2026-08-05
20161011,1.25,2026-08-05
20161012,1.25,2026-08-05
20161013,1.25,2026-08-05
20161014,1.25,2026-08-05
20161015,1.25,2026-08-05
20161016,1.25,2026-08-05
20161017,1.25,2026-08-05
20161018,1.25,2026-08-05
20161019,1.25,2026-08-05
20161020,1.25,2026-08-05
20161021,1.25,2026-08-05
20161022,1.25,2026-08-05
20161023,1.25,2026-08-05
20161024,1.25,2026-08-05
20161025,1.25,2026-08-05
20161026,1.25,2026-08-05
20161027,1.25,2026-08-05
20161028,1.25,2026-08-05
20161029,1.25,2026-08-05
20161030,1.25,2026-08-05
20161031,1.25,2026-08-05
20161101,1.25,2026-08-05
20161102,1.25,2026-08-05
20161103,1.25,2026-08-05
20161104,1.25,2026-08-05
20161105,1.25,2026-08-05
20161106,1.25,2026-08-05
20161107,1.25,2026-08-05
20161108,1.25,2026-08-05
20161109,1.25,2026-08-05
20161110,1.25,2026-08-05
20161111,1.25,2026-08-05
20161112,1.25,2026-08-05
20161113,1.25,2026-08-05
20161114,1.25,2026-08-05
20161115,1.25,2026-08-05
20161116,1.25,2026-08-05
20161117,1.25,2026-08-05
20161118,1.25,2026-08-05
20161119,1.25,2026-08-05
20161120,1.25,2026-08-05
20161121,1.25,2026-08-05
20161122,1.25,2026-08-05
20161123,1.25,2026-08-05
20161124,1.25,2026-08-05
20161125,1.25,2026-08-05
20161126,1.25,2026-08-05
20161127,1.25,2026-08-05
20161128,1.25,2026-08-05
20161129,1.25,2026-08-05
20161130,1.25,2026-08-05
20161201,1.25,2026-08-05
20161202,1.25,2026-08-05
20161203,1.25,2026-08-05
20161204,1.25,2026-08-05
20161205,1.25,2026-08-05
20161206,1.25,2026-08-05
20161207,1.25,2026-08-05
20161208,1.25,2026-08-05
20161209,1.25,2026-08-05
20161210,1.25,2026-08-05
20161211,1.25,2026-08-05
20161212,1.25,2026-08-05
20161213,1.25,2026-08-05
20161214,1.25,2026-08-05
20161215,1.25,2026-08-05
20161216,1.25,2026-08-05
20161217,1.25,2026-08-05
20161218,1.25,2026-08-05
20161219,1.25,2026-08-05
20161220,1.25,2026-08-05
20161221,1.25,2026-08-05
20161222,1.25,2026-08-05
20161223,1.25,2026-08-05
20161224,1.25,2026-08-05
20161225,1.25,2026-08-05
20161226,1.25,2026-08-05
20161227,1.25,2026-08-05
20161228,1.25,2026-08-05
20161229,1.25,2026-08-05
20161230,1.25,2026-08-05
20161231,1.25,2026-08-05
20170101,1.25,2026-08-05
20170102,1.25,2026-08-05
20170103,1.25,2026-08-05
20170104,1.25,2026-08-05
20170105,1.25,2026-08-05
20170106,1.25,2026-08-05
20170107,1.25,2026-08-05
20170108,1.25,2026-08-05
20170109,1.25,2026-08-05
20170110,1.25,2026-08-05
20170111,1.25,2026-08-05
20170112,1.25,2026-08-05
20170113,1.25,2026-08-05
20170114,1.25,2026-08-05
20170115,1.25,2026-08-05
20170116,1.25,2026-08-05
20170117,1.25,2026-08-05
20170118,1.25,2026-08-05
20170119,1.25,2026-08-05
20170120,1.25,2026-08-05
20170121,1.25,2026-08-05
20170122,1.25,2026-08-05
20170123,1.25,2026-08-05
20170124,1.25,2026-08-05
20170125,1.25,2026-08-05
20170126,1.25,2026-08-05
20170127,1.25,2026-08-05
20170128,1.25,2026-08-05
20170129,1.25,2026-08-05
20170130,1.25,2026-08-05
20170131,1.25,2026-08-05
20170201,1.25,2026-08-05
20170202,1.25,2026-08-05
20170203,1.25,2026-08-05
20170204,1.25,2026-08-05
20170205,1.25,2026-08-05
20170206,1.25,2026-08-05
20170207,1.25,2026-08-05
20170208,1.25,2026-08-05
20170209,1.25,2026-08-05
20170210,1.25,2026-08-05
20170211,1.25,2026-08-05
20170212,1.25,2026-08-05
20170213,1.25,2026-08-05
20170214,1.25,2026-08-05
20170215,1.25,2026-08-05
20170216,1.25,2026-08-05
20170217,1.25,2026-08-05
20170218,1.25,2026-08-05
20170219,1.25,2026-08-05
20170220,1.25,2026-08-05
20170221,1.25,2026-08-05
20170222,1.25,2026-08-05
20170223,1.25,2026-08-05
20170224,1.25,2026-08-05
20170225,1.25,2026-08-05
20170226,1.25,2026-08-05
20170227,1.25,2026-08-05
20170228,1.25,2026-08-05
20170301,1.25,2026-08-05
20170302,1.25,2026-08-05
20170303,1.25,2026-08-05
20170304,1.25,2026-08-05
20170305,1.25,2026-08-05
20170306,1.25,2026-08-05
20170307,1.25,2026-08-05
20170308,1.25,2026-08-05
20170309,1.25,2026-08-05
20170310,1.25,2026-08-05
20170311,1.25,2026-08-05
20170312,1.25,2026-08-05
20170313,1.25,2026-08-05
20170314,1.25,2026-08-05
20170315,1.25,2026-08-05
20170316,1.25,2026-08-05
20170317,1.25,2026-08-05
20170318,1.25,2026-08-05
20170319,1.25,2026-08-05
20170320,1.25,2026-08-05
20170321,1.25,2026-08-05
20170322,1.25,2026-08-05
20170323,1.25,2026-08-05
20170324,1.25,2026-08-05
20170325,1.25,2026-08-05
20170326,1.25,2026-08-05
20170327,1.25,2026-08-05
20170328,1.25,2026-08-05
20170329,1.25,2026-08-05
20170330,1.25,2026-08-05
20170331,1.25,2026-08-05
20170401,1.25,2026-08-05
20170402,1.25,2026-08-05
20170403,1.25,2026-08-05
20170404,1.25,2026-08-05
20170405,1.25,2026-08-05
20170406,1.25,2026-08-05
20170407,1.25,2026-08-05
20170408,1.25,2026-08-05
20170409,1.25,2026-08-05
20170410,1.25,2026-08-05
20170411,1.25,2026-08-05
20170412,1.25,2026-08-05
20170413,1.25,2026-08-05
20170414,1.25,2026-08-05
20170415,1.25,2026-08-05
20170416,1.25,2026-08-05
20170417,1.25,2026-08-05
20170418,1.25,2026-08-05
20170419,1.25,2026-08-05
20170420,1.25,2026-08-05
20170421,1.25,2026-08-05
20170422,1.25,2026-08-05
20170423,1.25,2026-08-05
20170424,1.25,2026-08-05
20170425,1.25,2026-08-05
20170426,1.25,2026-08-05
20170427,1.25,2026-08-05
20170428,1.25,2026-08-05
20170429,1.25,2026-08-05
20170430,1.25,2026-08-05
20170501,1.25,2026-08-05
20170502,1.25,2026-08-05
20170503,1.25,2026-08-05
20170504,1.25,2026-08-05
20170505,1.25,2026-08-05
20170506,1.25,2026-08-05
20170507,1.25,2026-08-05
20170508,1.25,2026-08-05
20170509,1.25,2026-08-05
20170510,1.25,2026-08-05
20170511,1.25,2026-08-05
20170512,1.25,2026-08-05
20170513,1.25,2026-08-05
20170514,1.25,2026-08-05
20170515,1.25,2026-08-05
20170516,1.25,2026-08-05
20170517,1.25,2026-08-05
20170518,1.25,2026-08-05
20170519,1.25,2026-08-05
20170520,1.25,2026-08-05
20170521,1.25,2026-08-05
20170522,1.25,2026-08-05
20170523,1.25,2026-08-05
20170524,1.25,2026-08-05
20170525,1.25,2026-08-05
20170526,1.25,2026-08-05
20170527,1.25,2026-08-05
20170528,1.25,2026-08-05
20170529,1.25,2026-08-05
20170530,1.25,2026-08-05
20170531,1.25,2026-08-05
20170601,1.25,2026-08-05
20170602,1.25,2026-08-05
20170603,1.25,2026-08-05
20170604,1.25,2026-08-05
20170605,1.25,2026-08-05
20170606,1.25,2026-08-05
20170607,1.25,2026-08-05
20170608,1.25,2026-08-05
20170609,1.25,2026-08-05
20170610,1.25,2026-08-05
20170611,1.25,2026-08-05
20170612,1.25,2026-08-05
20170613,1.25,2026-08-05
20170614,1.25,2026-08-05
20170615,1.25,2026-08-05
20170616,1.25,2026-08-05
20170617,1.25,2026-08-05
20170618,1.25,2026-08-05
20170619,1.25,2026-08-05
20170620,1.25,2026-08-05
20170621,1.25,2026-08-05
20170622,1.25,2026-08-05
20170623,1.25,2026-08-05
20170624,1.25,2026-08-05
20170625,1.25,2026-08-05
20170626,1.25,2026-08-05
20170627,1.25,2026-08-05
20170628,1.25,2026-08-05
20170629,1.25,2026-08-05
20170630,1.25,2026-08-05
20170701,1.25,2026-08-05
20170702,1.25,2026-08-05
20170703,1.25,2026-08-05
20170704,1.25,2026-08-05
20170705,1.25,2026-08-05
20170706,1.25,2026-08-05
20170707,1.25,2026-08-05
20170708,1.25,2026-08-05
20170709,1.25,2026-08-05
20170710,1.25,2026-08-05
20170711,1.25,2026-08-05
20170712,1.25,2026-08-05
20170713,1.25,2026-08-05
20170714,1.25,2026-08-05
20170715,1.25,2026-08-05
20170716,1.25,2026-08-05
20170717,1.25,2026-08-05
20170718,1.25,2026-08-05
20170719,1.25,2026-08-05
20170720,1.25,2026-08-05
20170721,1.25,2026-08-05
20170722,1.25,2026-08-05
20170723,1.25,2026-08-05
20170724,1.25,2026-08-05
20170725,1.25,2026-08-05
20170726,1.25,2026-08-05
20170727,1.25,2026-08-05
20170728,1.25,2026-08-05
20170729,1.25,2026-08-05
20170730,1.25,2026-08-05
20170731,1.25,2026-08-05
20170801,1.25,2026-08-05
20170802,1.25,2026-08-05
20170803,1.25,2026-08-05
20170804,1.25,2026-08-05
20170805,1.25,2026-08-05
20170806,1.25,2026-08-05
20170807,1.25,2026-08-05
20170808,1.25,2026-08-05
20170809,1.25,2026-08-05
20170810,1.25,2026-08-05
20170811,1.25,2026-08-05
20170812,1.25,2026-08-05
20170813,1.25,2026-08-05
20170814,1.25,2026-08-05
20170815,1.25,2026-08-05
20170816,1.25,2026-08-05
20170817,1.25,2026-08-05
20170818,1.25,2026-08-05
20170819,1.25,2026-08-05
20170820,1.25,2026-08-05
20170821,1.25,2026-08-05
20170822,1.25,2026-08-05
20170823,1.25,2026-08-05
20170824,1.25,2026-08-05
20170825,1.25,2026-08-05
20170826,1.25,2026-08-05
20170827,1.25,2026-08-05
20170828,1.25,2026-08-05
20170829,1.25,2026-08-05
20170830,1.25,2026-08-05
20170831,1.25,2026-08-05
20170901,1.25,2026-08-05
20170902,1.25,2026-08-05
20170903,1.25,2026-08-05
20170904,1.25,2026-08-05
20170905,1.25,2026-08-05
20170906,1.25,2026-08-05
20170907,1.25,2026-08-05
20170908,1.25,2026-08-05
20170909,1.25,2026-08-05
20170910,1.25,2026-08-05
20170911,1.25,2026-08-05
20170912,1.25,2026-08-05
20170913,1.25,2026-08-05
20170914,1.25,2026-08-05
20170915,1.25,2026-08-05
20170916,1.25,2026-08-05
20170917,1.25,2026-08-05
20170918,1.25,2026-08-05
20170919,1.25,2026-08-05
20170920,1.25,2026-08-05
20170921,1.25,2026-08-05
20170922,1.25,2026-08-05
20170923,1.25,2026-08-05
20170924,1.25,2026-08-05
20170925,1.25,2026-08-05
20170926,1.25,2026-08-05
20170927,1.25,2026-08-05
20170928,1.25,2026-08-05
20170929,1.25,2026-08-05
20170930,1.25,2026-08-05
20171001,1.25,2026-08-05
20171002,1.25,2026-08-05
20171003,1.25,2026-08-05
20171004,1.25,2026-08-05
20171005,1.25,2026-08-05
20171006,1.25,2026-08-05
20171007,1.25,2026-08-05
20171008,1.25,2026-08-05
20171009,1.25,2026-08-05
20171010,1.25,2026-08-05
20171011,1.25,2026-08-05
20171012,1.25,2026-08-05
20171013,1.25,2026-08-05
20171014,1.25,2026-08-05
20171015,1.25,2026-08-05
20171016,1.25,2026-08-05
20171017,1.25,2026-08-05
20171018,1.25,2026-08-05
20171019,1.25,2026-08-05
20171020,1.25,2026-08-05
20171021,1.25,2026-08-05
20171022,1.25,2026-08-05
20171023,1.25,2026-08-05
20171024,1.25,2026-08-05
20171025,1.25,2026-08-05
20171026,1.25,2026-08-05
20171027,1.25,2026-08-05
20171028,1.25,2026-08-05
20171029,1.25,2026-08-05
20171030,1.25,2026-08-05
20171031,1.25,2026-08-05
20171101,1.25,2026-08-05
20171102,1.25,2026-08-05
20171103,1.25,2026-08-05
20171104,1.25,2026-08-05
20171105,1.25,2026-08-05
20171106,1.25,2026-08-05
20171107,1.25,2026-08-05
20171108,1.25,2026-08-05
20171109,1.25,2026-08-05
20171110,1.25,2026-08-05
20171111,1.25,2026-08-05
20171112,1.25,2026-08-05
20171113,1.25,2026-08-05
20171114,1.25,2026-08-05
20171115,1.25,2026-08-05
20171116,1.25,2026-08-05
20171117,1.25,2026-08-05
20171118,1.25,2026-08-05
20171119,1.25,2026-08-05
20171120,1.25,2026-08-05
20171121,1.25,2026-08-05
20171122,1.25,2026-08-05
20171123,1.25,2026-08-05
20171124,1.25,2026-08-05
20171125,1.25,2026-08-05
20171126,1.25,2026-08-05
20171127,1.25,2026-08-05
20171128,1.25,2026-08-05
20171129,1.25,2026-08-05
20171130,1.5,2026-08-05
20171201,1.5,2026-08-05
20171202,1.5,2026-08-05
20171203,1.5,2026-08-05
20171204,1.5,2026-08-05
20171205,1.5,2026-08-05
20171206,1.5,2026-08-05
20171207,1.5,2026-08-05
20171208,1.5,2026-08-05
20171209,1.5,2026-08-05
20171210,1.5,2026-08-05
20171211,1.5,2026-08-05
20171212,1.5,2026-08-05
20171213,1.5,2026-08-05
20171214,1.5,2026-08-05
20171215,1.5,2026-08-05
20171216,1.5,2026-08-05
20171217,1.5,2026-08-05
20171218,1.5,2026-08-05
20171219,1.5,2026-08-05
20171220,1.5,2026-08-05
20171221,1.5,2026-08-05
20171222,1.5,2026-08-05
20171223,1.5,2026-08-05
20171224,1.5,2026-08-05
20171225,1.5,2026-08-05
20171226,1.5,2026-08-05
20171227,1.5,2026-08-05
20171228,1.5,2026-08-05
20171229,1.5,2026-08-05
20171230,1.5,2026-08-05
20171231,1.5,2026-08-05
20180101,1.5,2026-08-05
20180102,1.5,2026-08-05
20180103,1.5,2026-08-05
20180104,1.5,2026-08-05
20180105,1.5,2026-08-05
20180106,1.5,2026-08-05
20180107,1.5,2026-08-05
20180108,1.5,2026-08-05
20180109,1.5,2026-08-05
20180110,1.5,2026-08-05
20180111,1.5,2026-08-05
20180112,1.5,2026-08-05
20180113,1.5,2026-08-05
20180114,1.5,2026-08-05
20180115,1.5,2026-08-05
20180116,1.5,2026-08-05
20180117,1.5,2026-08-05
20180118,1.5,2026-08-05
20180119,1.5,2026-08-05
20180120,1.5,2026-08-05
20180121,1.5,2026-08-05
20180122,1.5,2026-08-05
20180123,1.5,2026-08-05
20180124,1.5,2026-08-05
20180125,1.5,2026-08-05
20180126,1.5,2026-08-05
20180127,1.5,2026-08-05
20180128,1.5,2026-08-05
20180129,1.5,2026-08-05
20180130,1.5,2026-08-05
20180131,1.5,2026-08-05
20180201,1.5,2026-08-05
20180202,1.5,2026-08-05
20180203,1.5,2026-08-05
20180204,1.5,2026-08-05
20180205,1.5,2026-08-05
20180206,1.5,2026-08-05
20180207,1.5,2026-08-05
20180208,1.5,2026-08-05
20180209,1.5,2026-08-05
20180210,1.5,2026-08-05
20180211,1.5,2026-08-05
20180212,1.5,2026-08-05
20180213,1.5,2026-08-05
20180214,1.5,2026-08-05
20180215,1.5,2026-08-05
20180216,1.5,2026-08-05
20180217,1.5,2026-08-05
20180218,1.5,2026-08-05
20180219,1.5,2026-08-05
20180220,1.5,2026-08-05
20180221,1.5,2026-08-05
20180222,1.5,2026-08-05
20180223,1.5,2026-08-05
20180224,1.5,2026-08-05
20180225,1.5,2026-08-05
20180226,1.5,2026-08-05
20180227,1.5,2026-08-05
20180228,1.5,2026-08-05
20180301,1.5,2026-08-05
20180302,1.5,2026-08-05
20180303,1.5,2026-08-05
20180304,1.5,2026-08-05
20180305,1.5,2026-08-05
20180306,1.5,2026-08-05
20180307,1.5,2026-08-05
20180308,1.5,2026-08-05
20180309,1.5,2026-08-05
20180310,1.5,2026-08-05
20180311,1.5,2026-08-05
20180312,1.5,2026-08-05
20180313,1.5,2026-08-05
20180314,1.5,2026-08-05
20180315,1.5,2026-08-05
20180316,1.5,2026-08-05
20180317,1.5,2026-08-05
20180318,1.5,2026-08-05
20180319,1.5,2026-08-05
20180320,1.5,2026-08-05
20180321,1.5,2026-08-05
20180322,1.5,2026-08-05
20180323,1.5,2026-08-05
20180324,1.5,2026-08-05
20180325,1.5,2026-08-05
20180326,1.5,2026-08-05
20180327,1.5,2026-08-05
20180328,1.5,2026-08-05
20180329,1.5,2026-08-05
20180330,1.5,2026-08-05
20180331,1.5,2026-08-05
20180401,1.5,2026-08-05
20180402,1.5,2026-08-05
20180403,1.5,2026-08-05
20180404,1.5,2026-08-05
20180405,1.5,2026-08-05
20180406,1.5,2026-08-05
20180407,1.5,2026-08-05
20180408,1.5,2026-08-05
20180409,1.5,2026-08-05
20180410,1.5,2026-08-05
20180411,1.5,2026-08-05
20180412,1.5,2026-08-05
20180413,1.5,2026-08-05
20180414,1.5,2026-08-05
20180415,1.5,2026-08-05
20180416,1.5,2026-08-05
20180417,1.5,2026-08-05
20180418,1.5,2026-08-05
20180419,1.5,2026-08-05
20180420,1.5,2026-08-05
20180421,1.5,2026-08-05
20180422,1.5,2026-08-05
20180423,1.5,2026-08-05
20180424,1.5,2026-08-05
20180425,1.5,2026-08-05
20180426,1.5,2026-08-05
20180427,1.5,2026-08-05
20180428,1.5,2026-08-05
20180429,1.5,2026-08-05
20180430,1.5,2026-08-05
20180501,1.5,2026-08-05
20180502,1.5,2026-08-05
20180503,1.5,2026-08-05
20180504,1.5,2026-08-05
20180505,1.5,2026-08-05
20180506,1.5,2026-08-05
20180507,1.5,2026-08-05
20180508,1.5,2026-08-05
20180509,1.5,2026-08-05
20180510,1.5,2026-08-05
20180511,1.5,2026-08-05
20180512,1.5,2026-08-05
20180513,1.5,2026-08-05
20180514,1.5,2026-08-05
20180515,1.5,2026-08-05
20180516,1.5,2026-08-05
20180517,1.5,2026-08-05
20180518,1.5,2026-08-05
20180519,1.5,2026-08-05
20180520,1.5,2026-08-05
20180521,1.5,2026-08-05
20180522,1.5,2026-08-05
20180523,1.5,2026-08-05
20180524,1.5,2026-08-05
20180525,1.5,2026-08-05
20180526,1.5,2026-08-05
20180527,1.5,2026-08-05
20180528,1.5,2026-08-05
20180529,1.5,2026-08-05
20180530,1.5,2026-08-05
20180531,1.5,2026-08-05
20180601,1.5,2026-08-05
20180602,1.5,2026-08-05
20180603,1.5,2026-08-05
20180604,1.5,2026-08-05
20180605,1.5,2026-08-05
20180606,1.5,2026-08-05
20180607,1.5,2026-08-05
20180608,1.5,2026-08-05
20180609,1.5,2026-08-05
20180610,1.5,2026-08-05
20180611,1.5,2026-08-05
20180612,1.5,2026-08-05
20180613,1.5,2026-08-05
20180614,1.5,2026-08-05
20180615,1.5,2026-08-05
20180616,1.5,2026-08-05
20180617,1.5,2026-08-05
20180618,1.5,2026-08-05
20180619,1.5,2026-08-05
20180620,1.5,2026-08-05
20180621,1.5,2026-08-05
20180622,1.5,2026-08-05
20180623,1.5,2026-08-05
20180624,1.5,2026-08-05
20180625,1.5,2026-08-05
20180626,1.5,2026-08-05
20180627,1.5,2026-08-05
20180628,1.5,2026-08-05
20180629,1.5,2026-08-05
20180630,1.5,2026-08-05
20180701,1.5,2026-08-05
20180702,1.5,2026-08-05
20180703,1.5,2026-08-05
20180704,1.5,2026-08-05
20180705,1.5,2026-08-05
20180706,1.5,2026-08-05
20180707,1.5,2026-08-05
20180708,1.5,2026-08-05
20180709,1.5,2026-08-05
20180710,1.5,2026-08-05
20180711,1.5,2026-08-05
20180712,1.5,2026-08-05
20180713,1.5,2026-08-05
20180714,1.5,2026-08-05
20180715,1.5,2026-08-05
20180716,1.5,2026-08-05
20180717,1.5,2026-08-05
20180718,1.5,2026-08-05
20180719,1.5,2026-08-05
20180720,1.5,2026-08-05
20180721,1.5,2026-08-05
20180722,1.5,2026-08-05
20180723,1.5,2026-08-05
20180724,1.5,2026-08-05
20180725,1.5,2026-08-05
20180726,1.5,2026-08-05
20180727,1.5,2026-08-05
20180728,1.5,2026-08-05
20180729,1.5,2026-08-05
20180730,1.5,2026-08-05
20180731,1.5,2026-08-05
20180801,1.5,2026-08-05
20180802,1.5,2026-08-05
20180803,1.5,2026-08-05
20180804,1.5,2026-08-05
20180805,1.5,2026-08-05
20180806,1.5,2026-08-05
20180807,1.5,2026-08-05
20180808,1.5,2026-08-05
20180809,1.5,2026-08-05
20180810,1.5,2026-08-05
20180811,1.5,2026-08-05
20180812,1.5,2026-08-05
20180813,1.5,2026-08-05
20180814,1.5,2026-08-05
20180815,1.5,2026-08-05
20180816,1.5,2026-08-05
20180817,1.5,2026-08-05
20180818,1.5,2026-08-05
20180819,1.5,2026-08-05
20180820,1.5,2026-08-05
20180821,1.5,2026-08-05
20180822,1.5,2026-08-05
20180823,1.5,2026-08-05
20180824,1.5,2026-08-05
20180825,1.5,2026-08-05
20180826,1.5,2026-08-05
20180827,1.5,2026-08-05
20180828,1.5,2026-08-05
20180829,1.5,2026-08-05
20180830,1.5,2026-08-05
20180831,1.5,2026-08-05
20180901,1.5,2026-08-05
20180902,1.5,2026-08-05
20180903,1.5,2026-08-05
20180904,1.5,2026-08-05
20180905,1.5,2026-08-05
20180906,1.5,2026-08-05
20180907,1.5,2026-08-05
20180908,1.5,2026-08-05
20180909,1.5,2026-08-05
20180910,1.5,2026-08-05
20180911,1.5,2026-08-05
20180912,1.5,2026-08-05
20180913,1.5,2026-08-05
20180914,1.5,2026-08-05
20180915,1.5,2026-08-05
20180916,1.5,2026-08-05
20180917,1.5,2026-08-05
20180918,1.5,2026-08-05
20180919,1.5,2026-08-05
20180920,1.5,2026-08-05
20180921,1.5,2026-08-05
20180922,1.5,2026-08-05
20180923,1.5,2026-08-05
20180924,1.5,2026-08-05
20180925,1.5,2026-08-05
20180926,1.5,2026-08-05
20180927,1.5,2026-08-05
20180928,1.5,2026-08-05
20180929,1.5,2026-08-05
20180930,1.5,2026-08-05
20181001,1.5,2026-08-05
20181002,1.5,2026-08-05
20181003,1.5,2026-08-05
20181004,1.5,2026-08-05
20181005,1.5,2026-08-05
20181006,1.5,2026-08-05
20181007,1.5,2026-08-05
20181008,1.5,2026-08-05
20181009,1.5,2026-08-05
20181010,1.5,2026-08-05
20181011,1.5,2026-08-05
20181012,1.5,2026-08-05
20181013,1.5,2026-08-05
20181014,1.5,2026-08-05
20181015,1.5,2026-08-05
20181016,1.5,2026-08-05
20181017,1.5,2026-08-05
20181018,1.5,2026-08-05
20181019,1.5,2026-08-05
20181020,1.5,2026-08-05
20181021,1.5,2026-08-05
20181022,1.5,2026-08-05
20181023,1.5,2026-08-05
20181024,1.5,2026-08-05
20181025,1.5,2026-08-05
20181026,1.5,2026-08-05
20181027,1.5,2026-08-05
20181028,1.5,2026-08-05
20181029,1.5,2026-08-05
20181030,1.5,2026-08-05
20181031,1.5,2026-08-05
20181101,1.5,2026-08-05
20181102,1.5,2026-08-05
20181103,1.5,2026-08-05
20181104,1.5,2026-08-05
20181105,1.5,2026-08-05
20181106,1.5,2026-08-05
20181107,1.5,2026-08-05
20181108,1.5,2026-08-05
20181109,1.5,2026-08-05
20181110,1.5,2026-08-05
20181111,1.5,2026-08-05
20181112,1.5,2026-08-05
20181113,1.5,2026-08-05
20181114,1.5,2026-08-05
20181115,1.5,2026-08-05
20181116,1.5,2026-08-05
20181117,1.5,2026-08-05
20181118,1.5,2026-08-05
20181119,1.5,2026-08-05
20181120,1.5,2026-08-05
20181121,1.5,2026-08-05
20181122,1.5,2026-08-05
20181123,1.5,2026-08-05
20181124,1.5,2026-08-05
20181125,1.5,2026-08-05
20181126,1.5,2026-08-05
20181127,1.5,2026-08-05
20181128,1.5,2026-08-05
20181129,1.5,2026-08-05
20181130,1.75,2026-08-05
20181201,1.75,2026-08-05
20181202,1.75,2026-08-05
20181203,1.75,2026-08-05
20181204,1.75,2026-08-05
20181205,1.75,2026-08-05
20181206,1.75,2026-08-05
20181207,1.75,2026-08-05
20181208,1.75,2026-08-05
20181209,1.75,2026-08-05
20181210,1.75,2026-08-05
20181211,1.75,2026-08-05
20181212,1.75,2026-08-05
20181213,1.75,2026-08-05
20181214,1.75,2026-08-05
20181215,1.75,2026-08-05
20181216,1.75,2026-08-05
20181217,1.75,2026-08-05
20181218,1.75,2026-08-05
20181219,1.75,2026-08-05
20181220,1.75,2026-08-05
20181221,1.75,2026-08-05
20181222,1.75,2026-08-05
20181223,1.75,2026-08-05
20181224,1.75,2026-08-05
20181225,1.75,2026-08-05
20181226,1.75,2026-08-05
20181227,1.75,2026-08-05
20181228,1.75,2026-08-05
20181229,1.75,2026-08-05
20181230,1.75,2026-08-05
20181231,1.75,2026-08-05
20190101,1.75,2026-08-05
20190102,1.75,2026-08-05
20190103,1.75,2026-08-05
20190104,1.75,2026-08-05
20190105,1.75,2026-08-05
20190106,1.75,2026-08-05
20190107,1.75,2026-08-05
20190108,1.75,2026-08-05
20190109,1.75,2026-08-05
20190110,1.75,2026-08-05
20190111,1.75,2026-08-05
20190112,1.75,2026-08-05
20190113,1.75,2026-08-05
20190114,1.75,2026-08-05
20190115,1.75,2026-08-05
20190116,1.75,2026-08-05
20190117,1.75,2026-08-05
20190118,1.75,2026-08-05
20190119,1.75,2026-08-05
20190120,1.75,2026-08-05
20190121,1.75,2026-08-05
20190122,1.75,2026-08-05
20190123,1.75,2026-08-05
20190124,1.75,2026-08-05
20190125,1.75,2026-08-05
20190126,1.75,2026-08-05
20190127,1.75,2026-08-05
20190128,1.75,2026-08-05
20190129,1.75,2026-08-05
20190130,1.75,2026-08-05
20190131,1.75,2026-08-05
20190201,1.75,2026-08-05
20190202,1.75,2026-08-05
20190203,1.75,2026-08-05
20190204,1.75,2026-08-05
20190205,1.75,2026-08-05
20190206,1.75,2026-08-05
20190207,1.75,2026-08-05
20190208,1.75,2026-08-05
20190209,1.75,2026-08-05
20190210,1.75,2026-08-05
20190211,1.75,2026-08-05
20190212,1.75,2026-08-05
20190213,1.75,2026-08-05
20190214,1.75,2026-08-05
20190215,1.75,2026-08-05
20190216,1.75,2026-08-05
20190217,1.75,2026-08-05
20190218,1.75,2026-08-05
20190219,1.75,2026-08-05
20190220,1.75,2026-08-05
20190221,1.75,2026-08-05
20190222,1.75,2026-08-05
20190223,1.75,2026-08-05
20190224,1.75,2026-08-05
20190225,1.75,2026-08-05
20190226,1.75,2026-08-05
20190227,1.75,2026-08-05
20190228,1.75,2026-08-05
20190301,1.75,2026-08-05
20190302,1.75,2026-08-05
20190303,1.75,2026-08-05
20190304,1.75,2026-08-05
20190305,1.75,2026-08-05
20190306,1.75,2026-08-05
20190307,1.75,2026-08-05
20190308,1.75,2026-08-05
20190309,1.75,2026-08-05
20190310,1.75,2026-08-05
20190311,1.75,2026-08-05
20190312,1.75,2026-08-05
20190313,1.75,2026-08-05
20190314,1.75,2026-08-05
20190315,1.75,2026-08-05
20190316,1.75,2026-08-05
20190317,1.75,2026-08-05
20190318,1.75,2026-08-05
20190319,1.75,2026-08-05
20190320,1.75,2026-08-05
20190321,1.75,2026-08-05
20190322,1.75,2026-08-05
20190323,1.75,2026-08-05
20190324,1.75,2026-08-05
20190325,1.75,2026-08-05
20190326,1.75,2026-08-05
20190327,1.75,2026-08-05
20190328,1.75,2026-08-05
20190329,1.75,2026-08-05
20190330,1.75,2026-08-05
20190331,1.75,2026-08-05
20190401,1.75,2026-08-05
20190402,1.75,2026-08-05
20190403,1.75,2026-08-05
20190404,1.75,2026-08-05
20190405,1.75,2026-08-05
20190406,1.75,2026-08-05
20190407,1.75,2026-08-05
20190408,1.75,2026-08-05
20190409,1.75,2026-08-05
20190410,1.75,2026-08-05
20190411,1.75,2026-08-05
20190412,1.75,2026-08-05
20190413,1.75,2026-08-05
20190414,1.75,2026-08-05
20190415,1.75,2026-08-05
20190416,1.75,2026-08-05
20190417,1.75,2026-08-05
20190418,1.75,2026-08-05
20190419,1.75,2026-08-05
20190420,1.75,2026-08-05
20190421,1.75,2026-08-05
20190422,1.75,2026-08-05
20190423,1.75,2026-08-05
20190424,1.75,2026-08-05
20190425,1.75,2026-08-05
20190426,1.75,2026-08-05
20190427,1.75,2026-08-05
20190428,1.75,2026-08-05
20190429,1.75,2026-08-05
20190430,1.75,2026-08-05
20190501,1.75,2026-08-05
20190502,1.75,2026-08-05
20190503,1.75,2026-08-05
20190504,1.75,2026-08-05
20190505,1.75,2026-08-05
20190506,1.75,2026-08-05
20190507,1.75,2026-08-05
20190508,1.75,2026-08-05
20190509,1.75,2026-08-05
20190510,1.75,2026-08-05
20190511,1.75,2026-08-05
20190512,1.75,2026-08-05
20190513,1.75,2026-08-05
20190514,1.75,2026-08-05
20190515,1.75,2026-08-05
20190516,1.75,2026-08-05
20190517,1.75,2026-08-05
20190518,1.75,2026-08-05
20190519,1.75,2026-08-05
20190520,1.75,2026-08-05
20190521,1.75,2026-08-05
20190522,1.75,2026-08-05
20190523,1.75,2026-08-05
20190524,1.75,2026-08-05
20190525,1.75,2026-08-05
20190526,1.75,2026-08-05
20190527,1.75,2026-08-05
20190528,1.75,2026-08-05
20190529,1.75,2026-08-05
20190530,1.75,2026-08-05
20190531,1.75,2026-08-05
20190601,1.75,2026-08-05
20190602,1.75,2026-08-05
20190603,1.75,2026-08-05
20190604,1.75,2026-08-05
20190605,1.75,2026-08-05
20190606,1.75,2026-08-05
20190607,1.75,2026-08-05
20190608,1.75,2026-08-05
20190609,1.75,2026-08-05
20190610,1.75,2026-08-05
20190611,1.75,2026-08-05
20190612,1.75,2026-08-05
20190613,1.75,2026-08-05
20190614,1.75,2026-08-05
20190615,1.75,2026-08-05
20190616,1.75,2026-08-05
20190617,1.75,2026-08-05
20190618,1.75,2026-08-05
20190619,1.75,2026-08-05
20190620,1.75,2026-08-05
20190621,1.75,2026-08-05
20190622,1.75,2026-08-05
20190623,1.75,2026-08-05
20190624,1.75,2026-08-05
20190625,1.75,2026-08-05
20190626,1.75,2026-08-05
20190627,1.75,2026-08-05
20190628,1.75,2026-08-05
20190629,1.75,2026-08-05
20190630,1.75,2026-08-05
20190701,1.75,2026-08-05
20190702,1.75,2026-08-05
20190703,1.75,2026-08-05
20190704,1.75,2026-08-05
20190705,1.75,2026-08-05
20190706,1.75,2026-08-05
20190707,1.75,2026-08-05
20190708,1.75,2026-08-05
20190709,1.75,2026-08-05
20190710,1.75,2026-08-05
20190711,1.75,2026-08-05
20190712,1.75,2026-08-05
20190713,1.75,2026-08-05
20190714,1.75,2026-08-05
20190715,1.75,2026-08-05
20190716,1.75,2026-08-05
20190717,1.75,2026-08-05
20190718,1.5,2026-08-05
20190719,1.5,2026-08-05
20190720,1.5,2026-08-05
20190721,1.5,2026-08-05
20190722,1.5,2026-08-05
20190723,1.5,2026-08-05
20190724,1.5,2026-08-05
20190725,1.5,2026-08-05
20190726,1.5,2026-08-05
20190727,1.5,2026-08-05
20190728,1.5,2026-08-05
20190729,1.5,2026-08-05
20190730,1.5,2026-08-05
20190731,1.5,2026-08-05
20190801,1.5,2026-08-05
20190802,1.5,2026-08-05
20190803,1.5,2026-08-05
20190804,1.5,2026-08-05
20190805,1.5,2026-08-05
20190806,1.5,2026-08-05
20190807,1.5,2026-08-05
20190808,1.5,2026-08-05
20190809,1.5,2026-08-05
20190810,1.5,2026-08-05
20190811,1.5,2026-08-05
20190812,1.5,2026-08-05
20190813,1.5,2026-08-05
20190814,1.5,2026-08-05
20190815,1.5,2026-08-05
20190816,1.5,2026-08-05
20190817,1.5,2026-08-05
20190818,1.5,2026-08-05
20190819,1.5,2026-08-05
20190820,1.5,2026-08-05
20190821,1.5,2026-08-05
20190822,1.5,2026-08-05
20190823,1.5,2026-08-05
20190824,1.5,2026-08-05
20190825,1.5,2026-08-05
20190826,1.5,2026-08-05
20190827,1.5,2026-08-05
20190828,1.5,2026-08-05
20190829,1.5,2026-08-05
20190830,1.5,2026-08-05
20190831,1.5,2026-08-05
20190901,1.5,2026-08-05
20190902,1.5,2026-08-05
20190903,1.5,2026-08-05
20190904,1.5,2026-08-05
20190905,1.5,2026-08-05
20190906,1.5,2026-08-05
20190907,1.5,2026-08-05
20190908,1.5,2026-08-05
20190909,1.5,2026-08-05
20190910,1.5,2026-08-05
20190911,1.5,2026-08-05
20190912,1.5,2026-08-05
20190913,1.5,2026-08-05
20190914,1.5,2026-08-05
20190915,1.5,2026-08-05
20190916,1.5,2026-08-05
20190917,1.5,2026-08-05
20190918,1.5,2026-08-05
20190919,1.5,2026-08-05
20190920,1.5,2026-08-05
20190921,1.5,2026-08-05
20190922,1.5,2026-08-05
20190923,1.5,2026-08-05
20190924,1.5,2026-08-05
20190925,1.5,2026-08-05
20190926,1.5,2026-08-05
20190927,1.5,2026-08-05
20190928,1.5,2026-08-05
20190929,1.5,2026-08-05
20190930,1.5,2026-08-05
20191001,1.5,2026-08-05
20191002,1.5,2026-08-05
20191003,1.5,2026-08-05
20191004,1.5,2026-08-05
20191005,1.5,2026-08-05
20191006,1.5,2026-08-05
20191007,1.5,2026-08-05
20191008,1.5,2026-08-05
20191009,1.5,2026-08-05
20191010,1.5,2026-08-05
20191011,1.5,2026-08-05
20191012,1.5,2026-08-05
20191013,1.5,2026-08-05
20191014,1.5,2026-08-05
20191015,1.5,2026-08-05
20191016,1.25,2026-08-05
20191017,1.25,2026-08-05
20191018,1.25,2026-08-05
20191019,1.25,2026-08-05
20191020,1.25,2026-08-05
20191021,1.25,2026-08-05
20191022,1.25,2026-08-05
20191023,1.25,2026-08-05
20191024,1.25,2026-08-05
20191025,1.25,2026-08-05
20191026,1.25,2026-08-05
20191027,1.25,2026-08-05
20191028,1.25,2026-08-05
20191029,1.25,2026-08-05
20191030,1.25,2026-08-05
20191031,1.25,2026-08-05
20191101,1.25,2026-08-05
20191102,1.25,2026-08-05
20191103,1.25,2026-08-05
20191104,1.25,2026-08-05
20191105,1.25,2026-08-05
20191106,1.25,2026-08-05
20191107,1.25,2026-08-05
20191108,1.25,2026-08-05
20191109,1.25,2026-08-05
20191110,1.25,2026-08-05
20191111,1.25,2026-08-05
20191112,1.25,2026-08-05
20191113,1.25,2026-08-05
20191114,1.25,2026-08-05
20191115,1.25,2026-08-05
20191116,1.25,2026-08-05
20191117,1.25,2026-08-05
20191118,1.25,2026-08-05
20191119,1.25,2026-08-05
20191120,1.25,2026-08-05
20191121,1.25,2026-08-05
20191122,1.25,2026-08-05
20191123,1.25,2026-08-05
20191124,1.25,2026-08-05
20191125,1.25,2026-08-05
20191126,1.25,2026-08-05
20191127,1.25,2026-08-05
20191128,1.25,2026-08-05
20191129,1.25,2026-08-05
20191130,1.25,2026-08-05
20191201,1.25,2026-08-05
20191202,1.25,2026-08-05
20191203,1.25,2026-08-05
20191204,1.25,2026-08-05
20191205,1.25,2026-08-05
20191206,1.25,2026-08-05
20191207,1.25,2026-08-05
20191208,1.25,2026-08-05
20191209,1.25,2026-08-05
20191210,1.25,2026-08-05
20191211,1.25,2026-08-05
20191212,1.25,2026-08-05
20191213,1.25,2026-08-05
20191214,1.25,2026-08-05
20191215,1.25,2026-08-05
20191216,1.25,2026-08-05
20191217,1.25,2026-08-05
20191218,1.25,2026-08-05
20191219,1.25,2026-08-05
20191220,1.25,2026-08-05
20191221,1.25,2026-08-05
20191222,1.25,2026-08-05
20191223,1.25,2026-08-05
20191224,1.25,2026-08-05
20191225,1.25,2026-08-05
20191226,1.25,2026-08-05
20191227,1.25,2026-08-05
20191228,1.25,2026-08-05
20191229,1.25,2026-08-05
20191230,1.25,2026-08-05
20191231,1.25,2026-08-05
20200101,1.25,2026-08-05
20200102,1.25,2026-08-05
20200103,1.25,2026-08-05
20200104,1.25,2026-08-05
20200105,1.25,2026-08-05
20200106,1.25,2026-08-05
20200107,1.25,2026-08-05
20200108,1.25,2026-08-05
20200109,1.25,2026-08-05
20200110,1.25,2026-08-05
20200111,1.25,2026-08-05
20200112,1.25,2026-08-05
20200113,1.25,2026-08-05
20200114,1.25,2026-08-05
20200115,1.25,2026-08-05
20200116,1.25,2026-08-05
20200117,1.25,2026-08-05
20200118,1.25,2026-08-05
20200119,1.25,2026-08-05
20200120,1.25,2026-08-05
20200121,1.25,2026-08-05
20200122,1.25,2026-08-05
20200123,1.25,2026-08-05
20200124,1.25,2026-08-05
20200125,1.25,2026-08-05
20200126,1.25,2026-08-05
20200127,1.25,2026-08-05
20200128,1.25,2026-08-05
20200129,1.25,2026-08-05
20200130,1.25,2026-08-05
20200131,1.25,2026-08-05
20200201,1.25,2026-08-05
20200202,1.25,2026-08-05
20200203,1.25,2026-08-05
20200204,1.25,2026-08-05
20200205,1.25,2026-08-05
20200206,1.25,2026-08-05
20200207,1.25,2026-08-05
20200208,1.25,2026-08-05
20200209,1.25,2026-08-05
20200210,1.25,2026-08-05
20200211,1.25,2026-08-05
20200212,1.25,2026-08-05
20200213,1.25,2026-08-05
20200214,1.25,2026-08-05
20200215,1.25,2026-08-05
20200216,1.25,2026-08-05
20200217,1.25,2026-08-05
20200218,1.25,2026-08-05
20200219,1.25,2026-08-05
20200220,1.25,2026-08-05
20200221,1.25,2026-08-05
20200222,1.25,2026-08-05
20200223,1.25,2026-08-05
20200224,1.25,2026-08-05
20200225,1.25,2026-08-05
20200226,1.25,2026-08-05
20200227,1.25,2026-08-05
20200228,1.25,2026-08-05
20200229,1.25,2026-08-05
20200301,1.25,2026-08-05
20200302,1.25,2026-08-05
20200303,1.25,2026-08-05
20200304,1.25,2026-08-05
20200305,1.25,2026-08-05
20200306,1.25,2026-08-05
20200307,1.25,2026-08-05
20200308,1.25,2026-08-05
20200309,1.25,2026-08-05
20200310,1.25,2026-08-05
20200311,1.25,2026-08-05
20200312,1.25,2026-08-05
20200313,1.25,2026-08-05
20200314,1.25,2026-08-05
20200315,1.25,2026-08-05
20200316,1.25,2026-08-05
20200317,0.75,2026-08-05
20200318,0.75,2026-08-05
20200319,0.75,2026-08-05
20200320,0.75,2026-08-05
20200321,0.75,2026-08-05
20200322,0.75,2026-08-05
20200323,0.75,2026-08-05
20200324,0.75,2026-08-05
20200325,0.75,2026-08-05
20200326,0.75,2026-08-05
20200327,0.75,2026-08-05
20200328,0.75,2026-08-05
20200329,0.75,2026-08-05
20200330,0.75,2026-08-05
20200331,0.75,2026-08-05
20200401,0.75,2026-08-05
20200402,0.75,2026-08-05
20200403,0.75,2026-08-05
20200404,0.75,2026-08-05
20200405,0.75,2026-08-05
20200406,0.75,2026-08-05
20200407,0.75,2026-08-05
20200408,0.75,2026-08-05
20200409,0.75,2026-08-05
20200410,0.75,2026-08-05
20200411,0.75,2026-08-05
20200412,0.75,2026-08-05
20200413,0.75,2026-08-05
20200414,0.75,2026-08-05
20200415,0.75,2026-08-05
20200416,0.75,2026-08-05
20200417,0.75,2026-08-05
20200418,0.75,2026-08-05
20200419,0.75,2026-08-05
20200420,0.75,2026-08-05
20200421,0.75,2026-08-05
20200422,0.75,2026-08-05
20200423,0.75,2026-08-05
20200424,0.75,2026-08-05
20200425,0.75,2026-08-05
20200426,0.75,2026-08-05
20200427,0.75,2026-08-05
20200428,0.75,2026-08-05
20200429,0.75,2026-08-05
20200430,0.75,2026-08-05
20200501,0.75,2026-08-05
20200502,0.75,2026-08-05
20200503,0.75,2026-08-05
20200504,0.75,2026-08-05
20200505,0.75,2026-08-05
20200506,0.75,2026-08-05
20200507,0.75,2026-08-05
20200508,0.75,2026-08-05
20200509,0.75,2026-08-05
20200510,0.75,2026-08-05
20200511,0.75,2026-08-05
20200512,0.75,2026-08-05
20200513,0.75,2026-08-05
20200514,0.75,2026-08-05
20200515,0.75,2026-08-05
20200516,0.75,2026-08-05
20200517,0.75,2026-08-05
20200518,0.75,2026-08-05
20200519,0.75,2026-08-05
20200520,0.75,2026-08-05
20200521,0.75,2026-08-05
20200522,0.75,2026-08-05
20200523,0.75,2026-08-05
20200524,0.75,2026-08-05
20200525,0.75,2026-08-05
20200526,0.75,2026-08-05
20200527,0.75,2026-08-05
20200528,0.5,2026-08-05
20200529,0.5,2026-08-05
20200530,0.5,2026-08-05
20200531,0.5,2026-08-05
20200601,0.5,2026-08-05
20200602,0.5,2026-08-05
20200603,0.5,2026-08-05
20200604,0.5,2026-08-05
20200605,0.5,2026-08-05
20200606,0.5,2026-08-05
20200607,0.5,2026-08-05
20200608,0.5,2026-08-05
20200609,0.5,2026-08-05
20200610,0.5,2026-08-05
20200611,0.5,2026-08-05
20200612,0.5,2026-08-05
20200613,0.5,2026-08-05
20200614,0.5,2026-08-05
20200615,0.5,2026-08-05
20200616,0.5,2026-08-05
20200617,0.5,2026-08-05
20200618,0.5,2026-08-05
20200619,0.5,2026-08-05
20200620,0.5,2026-08-05
20200621,0.5,2026-08-05
20200622,0.5,2026-08-05
20200623,0.5,2026-08-05
20200624,0.5,2026-08-05
20200625,0.5,2026-08-05
20200626,0.5,2026-08-05
20200627,0.5,2026-08-05
20200628,0.5,2026-08-05
20200629,0.5,2026-08-05
20200630,0.5,2026-08-05
20200701,0.5,2026-08-05
20200702,0.5,2026-08-05
20200703,0.5,2026-08-05
20200704,0.5,2026-08-05
20200705,0.5,2026-08-05
20200706,0.5,2026-08-05
20200707,0.5,2026-08-05
20200708,0.5,2026-08-05
20200709,0.5,2026-08-05
20200710,0.5,2026-08-05
20200711,0.5,2026-08-05
20200712,0.5,2026-08-05
20200713,0.5,2026-08-05
20200714,0.5,2026-08-05
20200715,0.5,2026-08-05
20200716,0.5,2026-08-05
20200717,0.5,2026-08-05
20200718,0.5,2026-08-05
20200719,0.5,2026-08-05
20200720,0.5,2026-08-05
20200721,0.5,2026-08-05
20200722,0.5,2026-08-05
20200723,0.5,2026-08-05
20200724,0.5,2026-08-05
20200725,0.5,2026-08-05
20200726,0.5,2026-08-05
20200727,0.5,2026-08-05
20200728,0.5,2026-08-05
20200729,0.5,2026-08-05
20200730,0.5,2026-08-05
20200731,0.5,2026-08-05
20200801,0.5,2026-08-05
20200802,0.5,2026-08-05
20200803,0.5,2026-08-05
20200804,0.5,2026-08-05
20200805,0.5,2026-08-05
20200806,0.5,2026-08-05
20200807,0.5,2026-08-05
20200808,0.5,2026-08-05
20200809,0.5,2026-08-05
20200810,0.5,2026-08-05
20200811,0.5,2026-08-05
20200812,0.5,2026-08-05
20200813,0.5,2026-08-05
20200814,0.5,2026-08-05
20200815,0.5,2026-08-05
20200816,0.5,2026-08-05
20200817,0.5,2026-08-05
20200818,0.5,2026-08-05
20200819,0.5,2026-08-05
20200820,0.5,2026-08-05
20200821,0.5,2026-08-05
20200822,0.5,2026-08-05
20200823,0.5,2026-08-05
20200824,0.5,2026-08-05
20200825,0.5,2026-08-05
20200826,0.5,2026-08-05
20200827,0.5,2026-08-05
20200828,0.5,2026-08-05
20200829,0.5,2026-08-05
20200830,0.5,2026-08-05
20200831,0.5,2026-08-05
20200901,0.5,2026-08-05
20200902,0.5,2026-08-05
20200903,0.5,2026-08-05
20200904,0.5,2026-08-05
20200905,0.5,2026-08-05
20200906,0.5,2026-08-05
20200907,0.5,2026-08-05
20200908,0.5,2026-08-05
20200909,0.5,2026-08-05
20200910,0.5,2026-08-05
20200911,0.5,2026-08-05
20200912,0.5,2026-08-05
20200913,0.5,2026-08-05
20200914,0.5,2026-08-05
20200915,0.5,2026-08-05
20200916,0.5,2026-08-05
20200917,0.5,2026-08-05
20200918,0.5,2026-08-05
20200919,0.5,2026-08-05
20200920,0.5,2026-08-05
20200921,0.5,2026-08-05
20200922,0.5,2026-08-05
20200923,0.5,2026-08-05
20200924,0.5,2026-08-05
20200925,0.5,2026-08-05
20200926,0.5,2026-08-05
20200927,0.5,2026-08-05
20200928,0.5,2026-08-05
20200929,0.5,2026-08-05
20200930,0.5,2026-08-05
20201001,0.5,2026-08-05
20201002,0.5,2026-08-05
20201003,0.5,2026-08-05
20201004,0.5,2026-08-05
20201005,0.5,2026-08-05
20201006,0.5,2026-08-05
20201007,0.5,2026-08-05
20201008,0.5,2026-08-05
20201009,0.5,2026-08-05
20201010,0.5,2026-08-05
20201011,0.5,2026-08-05
20201012,0.5,2026-08-05
20201013,0.5,2026-08-05
20201014,0.5,2026-08-05
20201015,0.5,2026-08-05
20201016,0.5,2026-08-05
20201017,0.5,2026-08-05
20201018,0.5,2026-08-05
20201019,0.5,2026-08-05
20201020,0.5,2026-08-05
20201021,0.5,2026-08-05
20201022,0.5,2026-08-05
20201023,0.5,2026-08-05
20201024,0.5,2026-08-05
20201025,0.5,2026-08-05
20201026,0.5,2026-08-05
20201027,0.5,2026-08-05
20201028,0.5,2026-08-05
20201029,0.5,2026-08-05
20201030,0.5,2026-08-05
20201031,0.5,2026-08-05
20201101,0.5,2026-08-05
20201102,0.5,2026-08-05
20201103,0.5,2026-08-05
20201104,0.5,2026-08-05
20201105,0.5,2026-08-05
20201106,0.5,2026-08-05
20201107,0.5,2026-08-05
20201108,0.5,2026-08-05
20201109,0.5,2026-08-05
20201110,0.5,2026-08-05
20201111,0.5,2026-08-05
20201112,0.5,2026-08-05
20201113,0.5,2026-08-05
20201114,0.5,2026-08-05
20201115,0.5,2026-08-05
20201116,0.5,2026-08-05
20201117,0.5,2026-08-05
20201118,0.5,2026-08-05
20201119,0.5,2026-08-05
20201120,0.5,2026-08-05
20201121,0.5,2026-08-05
20201122,0.5,2026-08-05
20201123,0.5,2026-08-05
20201124,0.5,2026-08-05
20201125,0.5,2026-08-05
20201126,0.5,2026-08-05
20201127,0.5,2026-08-05
20201128,0.5,2026-08-05
20201129,0.5,2026-08-05
20201130,0.5,2026-08-05
20201201,0.5,2026-08-05
20201202,0.5,2026-08-05
20201203,0.5,2026-08-05
20201204,0.5,2026-08-05
20201205,0.5,2026-08-05
20201206,0.5,2026-08-05
20201207,0.5,2026-08-05
20201208,0.5,2026-08-05
20201209,0.5,2026-08-05
20201210,0.5,2026-08-05
20201211,0.5,2026-08-05
20201212,0.5,2026-08-05
20201213,0.5,2026-08-05
20201214,0.5,2026-08-05
20201215,0.5,2026-08-05
20201216,0.5,2026-08-05
20201217,0.5,2026-08-05
20201218,0.5,2026-08-05
20201219,0.5,2026-08-05
20201220,0.5,2026-08-05
20201221,0.5,2026-08-05
20201222,0.5,2026-08-05
20201223,0.5,2026-08-05
20201224,0.5,2026-08-05
20201225,0.5,2026-08-05
20201226,0.5,2026-08-05
20201227,0.5,2026-08-05
20201228,0.5,2026-08-05
20201229,0.5,2026-08-05
20201230,0.5,2026-08-05
20201231,0.5,2026-08-05
20210101,0.5,2026-08-05
20210102,0.5,2026-08-05
20210103,0.5,2026-08-05
20210104,0.5,2026-08-05
20210105,0.5,2026-08-05
20210106,0.5,2026-08-05
20210107,0.5,2026-08-05
20210108,0.5,2026-08-05
20210109,0.5,2026-08-05
20210110,0.5,2026-08-05
20210111,0.5,2026-08-05
20210112,0.5,2026-08-05
20210113,0.5,2026-08-05
20210114,0.5,2026-08-05
20210115,0.5,2026-08-05
20210116,0.5,2026-08-05
20210117,0.5,2026-08-05
20210118,0.5,2026-08-05
20210119,0.5,2026-08-05
20210120,0.5,2026-08-05
20210121,0.5,2026-08-05
20210122,0.5,2026-08-05
20210123,0.5,2026-08-05
20210124,0.5,2026-08-05
20210125,0.5,2026-08-05
20210126,0.5,2026-08-05
20210127,0.5,2026-08-05
20210128,0.5,2026-08-05
20210129,0.5,2026-08-05
20210130,0.5,2026-08-05
20210131,0.5,2026-08-05
20210201,0.5,2026-08-05
20210202,0.5,2026-08-05
20210203,0.5,2026-08-05
20210204,0.5,2026-08-05
20210205,0.5,2026-08-05
20210206,0.5,2026-08-05
20210207,0.5,2026-08-05
20210208,0.5,2026-08-05
20210209,0.5,2026-08-05
20210210,0.5,2026-08-05
20210211,0.5,2026-08-05
20210212,0.5,2026-08-05
20210213,0.5,2026-08-05
20210214,0.5,2026-08-05
20210215,0.5,2026-08-05
20210216,0.5,2026-08-05
20210217,0.5,2026-08-05
20210218,0.5,2026-08-05
20210219,0.5,2026-08-05
20210220,0.5,2026-08-05
20210221,0.5,2026-08-05
20210222,0.5,2026-08-05
20210223,0.5,2026-08-05
20210224,0.5,2026-08-05
20210225,0.5,2026-08-05
20210226,0.5,2026-08-05
20210227,0.5,2026-08-05
20210228,0.5,2026-08-05
20210301,0.5,2026-08-05
20210302,0.5,2026-08-05
20210303,0.5,2026-08-05
20210304,0.5,2026-08-05
20210305,0.5,2026-08-05
20210306,0.5,2026-08-05
20210307,0.5,2026-08-05
20210308,0.5,2026-08-05
20210309,0.5,2026-08-05
20210310,0.5,2026-08-05
20210311,0.5,2026-08-05
20210312,0.5,2026-08-05
20210313,0.5,2026-08-05
20210314,0.5,2026-08-05
20210315,0.5,2026-08-05
20210316,0.5,2026-08-05
20210317,0.5,2026-08-05
20210318,0.5,2026-08-05
20210319,0.5,2026-08-05
20210320,0.5,2026-08-05
20210321,0.5,2026-08-05
20210322,0.5,2026-08-05
20210323,0.5,2026-08-05
20210324,0.5,2026-08-05
20210325,0.5,2026-08-05
20210326,0.5,2026-08-05
20210327,0.5,2026-08-05
20210328,0.5,2026-08-05
20210329,0.5,2026-08-05
20210330,0.5,2026-08-05
20210331,0.5,2026-08-05
20210401,0.5,2026-08-05
20210402,0.5,2026-08-05
20210403,0.5,2026-08-05
20210404,0.5,2026-08-05
20210405,0.5,2026-08-05
20210406,0.5,2026-08-05
20210407,0.5,2026-08-05
20210408,0.5,2026-08-05
20210409,0.5,2026-08-05
20210410,0.5,2026-08-05
20210411,0.5,2026-08-05
20210412,0.5,2026-08-05
20210413,0.5,2026-08-05
20210414,0.5,2026-08-05
20210415,0.5,2026-08-05
20210416,0.5,2026-08-05
20210417,0.5,2026-08-05
20210418,0.5,2026-08-05
20210419,0.5,2026-08-05
20210420,0.5,2026-08-05
20210421,0.5,2026-08-05
20210422,0.5,2026-08-05
20210423,0.5,2026-08-05
20210424,0.5,2026-08-05
20210425,0.5,2026-08-05
20210426,0.5,2026-08-05
20210427,0.5,2026-08-05
20210428,0.5,2026-08-05
20210429,0.5,2026-08-05
20210430,0.5,2026-08-05
20210501,0.5,2026-08-05
20210502,0.5,2026-08-05
20210503,0.5,2026-08-05
20210504,0.5,2026-08-05
20210505,0.5,2026-08-05
20210506,0.5,2026-08-05
20210507,0.5,2026-08-05
20210508,0.5,2026-08-05
20210509,0.5,2026-08-05
20210510,0.5,2026-08-05
20210511,0.5,2026-08-05
20210512,0.5,2026-08-05
20210513,0.5,2026-08-05
20210514,0.5,2026-08-05
20210515,0.5,2026-08-05
20210516,0.5,2026-08-05
20210517,0.5,2026-08-05
20210518,0.5,2026-08-05
20210519,0.5,2026-08-05
20210520,0.5,2026-08-05
20210521,0.5,2026-08-05
20210522,0.5,2026-08-05
20210523,0.5,2026-08-05
20210524,0.5,2026-08-05
20210525,0.5,2026-08-05
20210526,0.5,2026-08-05
20210527,0.5,2026-08-05
20210528,0.5,2026-08-05
20210529,0.5,2026-08-05
20210530,0.5,2026-08-05
20210531,0.5,2026-08-05
20210601,0.5,2026-08-05
20210602,0.5,2026-08-05
20210603,0.5,2026-08-05
20210604,0.5,2026-08-05
20210605,0.5,2026-08-05
20210606,0.5,2026-08-05
20210607,0.5,2026-08-05
20210608,0.5,2026-08-05
20210609,0.5,2026-08-05
20210610,0.5,2026-08-05
20210611,0.5,2026-08-05
20210612,0.5,2026-08-05
20210613,0.5,2026-08-05
20210614,0.5,2026-08-05
20210615,0.5,2026-08-05
20210616,0.5,2026-08-05
20210617,0.5,2026-08-05
20210618,0.5,2026-08-05
20210619,0.5,2026-08-05
20210620,0.5,2026-08-05
20210621,0.5,2026-08-05
20210622,0.5,2026-08-05
20210623,0.5,2026-08-05
20210624,0.5,2026-08-05
20210625,0.5,2026-08-05
20210626,0.5,2026-08-05
20210627,0.5,2026-08-05
20210628,0.5,2026-08-05
20210629,0.5,2026-08-05
20210630,0.5,2026-08-05
20210701,0.5,2026-08-05
20210702,0.5,2026-08-05
20210703,0.5,2026-08-05
20210704,0.5,2026-08-05
20210705,0.5,2026-08-05
20210706,0.5,2026-08-05
20210707,0.5,2026-08-05
20210708,0.5,2026-08-05
20210709,0.5,2026-08-05
20210710,0.5,2026-08-05
20210711,0.5,2026-08-05
20210712,0.5,2026-08-05
20210713,0.5,2026-08-05
20210714,0.5,2026-08-05
20210715,0.5,2026-08-05
20210716,0.5,2026-08-05
20210717,0.5,2026-08-05
20210718,0.5,2026-08-05
20210719,0.5,2026-08-05
20210720,0.5,2026-08-05
20210721,0.5,2026-08-05
20210722,0.5,2026-08-05
20210723,0.5,2026-08-05
20210724,0.5,2026-08-05
20210725,0.5,2026-08-05
20210726,0.5,2026-08-05
20210727,0.5,2026-08-05
20210728,0.5,2026-08-05
20210729,0.5,2026-08-05
20210730,0.5,2026-08-05
20210731,0.5,2026-08-05
20210801,0.5,2026-08-05
20210802,0.5,2026-08-05
20210803,0.5,2026-08-05
20210804,0.5,2026-08-05
20210805,0.5,2026-08-05
20210806,0.5,2026-08-05
20210807,0.5,2026-08-05
20210808,0.5,2026-08-05
20210809,0.5,2026-08-05
20210810,0.5,2026-08-05
20210811,0.5,2026-08-05
20210812,0.5,2026-08-05
20210813,0.5,2026-08-05
20210814,0.5,2026-08-05
20210815,0.5,2026-08-05
20210816,0.5,2026-08-05
20210817,0.5,2026-08-05
20210818,0.5,2026-08-05
20210819,0.5,2026-08-05
20210820,0.5,2026-08-05
20210821,0.5,2026-08-05
20210822,0.5,2026-08-05
20210823,0.5,2026-08-05
20210824,0.5,2026-08-05
20210825,0.5,2026-08-05
20210826,0.75,2026-08-05
20210827,0.75,2026-08-05
20210828,0.75,2026-08-05
20210829,0.75,2026-08-05
20210830,0.75,2026-08-05
20210831,0.75,2026-08-05
20210901,0.75,2026-08-05
20210902,0.75,2026-08-05
20210903,0.75,2026-08-05
20210904,0.75,2026-08-05
20210905,0.75,2026-08-05
20210906,0.75,2026-08-05
20210907,0.75,2026-08-05
20210908,0.75,2026-08-05
20210909,0.75,2026-08-05
20210910,0.75,2026-08-05
20210911,0.75,2026-08-05
20210912,0.75,2026-08-05
20210913,0.75,2026-08-05
20210914,0.75,2026-08-05
20210915,0.75,2026-08-05
20210916,0.75,2026-08-05
20210917,0.75,2026-08-05
20210918,0.75,2026-08-05
20210919,0.75,2026-08-05
20210920,0.75,2026-08-05
20210921,0.75,2026-08-05
20210922,0.75,2026-08-05
20210923,0.75,2026-08-05
20210924,0.75,2026-08-05
20210925,0.75,2026-08-05
20210926,0.75,2026-08-05
20210927,0.75,2026-08-05
20210928,0.75,2026-08-05
20210929,0.75,2026-08-05
20210930,0.75,2026-08-05
20211001,0.75,2026-08-05
20211002,0.75,2026-08-05
20211003,0.75,2026-08-05
20211004,0.75,2026-08-05
20211005,0.75,2026-08-05
20211006,0.75,2026-08-05
20211007,0.75,2026-08-05
20211008,0.75,2026-08-05
20211009,0.75,2026-08-05
20211010,0.75,2026-08-05
20211011,0.75,2026-08-05
20211012,0.75,2026-08-05
20211013,0.75,2026-08-05
20211014,0.75,2026-08-05
20211015,0.75,2026-08-05
20211016,0.75,2026-08-05
20211017,0.75,2026-08-05
20211018,0.75,2026-08-05
20211019,0.75,2026-08-05
20211020,0.75,2026-08-05
20211021,0.75,2026-08-05
20211022,0.75,2026-08-05
20211023,0.75,2026-08-05
20211024,0.75,2026-08-05
20211025,0.75,2026-08-05
20211026,0.75,2026-08-05
20211027,0.75,2026-08-05
20211028,0.75,2026-08-05
20211029,0.75,2026-08-05
20211030,0.75,2026-08-05
20211031,0.75,2026-08-05
20211101,0.75,2026-08-05
20211102,0.75,2026-08-05
20211103,0.75,2026-08-05
20211104,0.75,2026-08-05
20211105,0.75,2026-08-05
20211106,0.75,2026-08-05
20211107,0.75,2026-08-05
20211108,0.75,2026-08-05
20211109,0.75,2026-08-05
20211110,0.75,2026-08-05
20211111,0.75,2026-08-05
20211112,0.75,2026-08-05
20211113,0.75,2026-08-05
20211114,0.75,2026-08-05
20211115,0.75,2026-08-05
20211116,0.75,2026-08-05
20211117,0.75,2026-08-05
20211118,0.75,2026-08-05
20211119,0.75,2026-08-05
20211120,0.75,2026-08-05
20211121,0.75,2026-08-05
20211122,0.75,2026-08-05
20211123,0.75,2026-08-05
20211124,0.75,2026-08-05
20211125,1,2026-08-05
20211126,1,2026-08-05
20211127,1,2026-08-05
20211128,1,2026-08-05
20211129,1,2026-08-05
20211130,1,2026-08-05
20211201,1,2026-08-05
20211202,1,2026-08-05
20211203,1,2026-08-05
20211204,1,2026-08-05
20211205,1,2026-08-05
20211206,1,2026-08-05
20211207,1,2026-08-05
20211208,1,2026-08-05
20211209,1,2026-08-05
20211210,1,2026-08-05
20211211,1,2026-08-05
20211212,1,2026-08-05
20211213,1,2026-08-05
20211214,1,2026-08-05
20211215,1,2026-08-05
20211216,1,2026-08-05
20211217,1,2026-08-05
20211218,1,2026-08-05
20211219,1,2026-08-05
20211220,1,2026-08-05
20211221,1,2026-08-05
20211222,1,2026-08-05
20211223,1,2026-08-05
20211224,1,2026-08-05
20211225,1,2026-08-05
20211226,1,2026-08-05
20211227,1,2026-08-05
20211228,1,2026-08-05
20211229,1,2026-08-05
20211230,1,2026-08-05
20211231,1,2026-08-05
20220101,1,2026-08-05
20220102,1,2026-08-05
20220103,1,2026-08-05
20220104,1,2026-08-05
20220105,1,2026-08-05
20220106,1,2026-08-05
20220107,1,2026-08-05
20220108,1,2026-08-05
20220109,1,2026-08-05
20220110,1,2026-08-05
20220111,1,2026-08-05
20220112,1,2026-08-05
20220113,1,2026-08-05
20220114,1.25,2026-08-05
20220115,1.25,2026-08-05
20220116,1.25,2026-08-05
20220117,1.25,2026-08-05
20220118,1.25,2026-08-05
20220119,1.25,2026-08-05
20220120,1.25,2026-08-05
20220121,1.25,2026-08-05
20220122,1.25,2026-08-05
20220123,1.25,2026-08-05
20220124,1.25,2026-08-05
20220125,1.25,2026-08-05
20220126,1.25,2026-08-05
20220127,1.25,2026-08-05
20220128,1.25,2026-08-05
20220129,1.25,2026-08-05
20220130,1.25,2026-08-05
20220131,1.25,2026-08-05
20220201,1.25,2026-08-05
20220202,1.25,2026-08-05
20220203,1.25,2026-08-05
20220204,1.25,2026-08-05
20220205,1.25,2026-08-05
20220206,1.25,2026-08-05
20220207,1.25,2026-08-05
20220208,1.25,2026-08-05
20220209,1.25,2026-08-05
20220210,1.25,2026-08-05
20220211,1.25,2026-08-05
20220212,1.25,2026-08-05
20220213,1.25,2026-08-05
20220214,1.25,2026-08-05
20220215,1.25,2026-08-05
20220216,1.25,2026-08-05
20220217,1.25,2026-08-05
20220218,1.25,2026-08-05
20220219,1.25,2026-08-05
20220220,1.25,2026-08-05
20220221,1.25,2026-08-05
20220222,1.25,2026-08-05
20220223,1.25,2026-08-05
20220224,1.25,2026-08-05
20220225,1.25,2026-08-05
20220226,1.25,2026-08-05
20220227,1.25,2026-08-05
20220228,1.25,2026-08-05
20220301,1.25,2026-08-05
20220302,1.25,2026-08-05
20220303,1.25,2026-08-05
20220304,1.25,2026-08-05
20220305,1.25,2026-08-05
20220306,1.25,2026-08-05
20220307,1.25,2026-08-05
20220308,1.25,2026-08-05
20220309,1.25,2026-08-05
20220310,1.25,2026-08-05
20220311,1.25,2026-08-05
20220312,1.25,2026-08-05
20220313,1.25,2026-08-05
20220314,1.25,2026-08-05
20220315,1.25,2026-08-05
20220316,1.25,2026-08-05
20220317,1.25,2026-08-05
20220318,1.25,2026-08-05
20220319,1.25,2026-08-05
20220320,1.25,2026-08-05
20220321,1.25,2026-08-05
20220322,1.25,2026-08-05
20220323,1.25,2026-08-05
20220324,1.25,2026-08-05
20220325,1.25,2026-08-05
20220326,1.25,2026-08-05
20220327,1.25,2026-08-05
20220328,1.25,2026-08-05
20220329,1.25,2026-08-05
20220330,1.25,2026-08-05
20220331,1.25,2026-08-05
20220401,1.25,2026-08-05
20220402,1.25,2026-08-05
20220403,1.25,2026-08-05
20220404,1.25,2026-08-05
20220405,1.25,2026-08-05
20220406,1.25,2026-08-05
20220407,1.25,2026-08-05
20220408,1.25,2026-08-05
20220409,1.25,2026-08-05
20220410,1.25,2026-08-05
20220411,1.25,2026-08-05
20220412,1.25,2026-08-05
20220413,1.25,2026-08-05
20220414,1.5,2026-08-05
20220415,1.5,2026-08-05
20220416,1.5,2026-08-05
20220417,1.5,2026-08-05
20220418,1.5,2026-08-05
20220419,1.5,2026-08-05
20220420,1.5,2026-08-05
20220421,1.5,2026-08-05
20220422,1.5,2026-08-05
20220423,1.5,2026-08-05
20220424,1.5,2026-08-05
20220425,1.5,2026-08-05
20220426,1.5,2026-08-05
20220427,1.5,2026-08-05
20220428,1.5,2026-08-05
20220429,1.5,2026-08-05
20220430,1.5,2026-08-05
20220501,1.5,2026-08-05
20220502,1.5,2026-08-05
20220503,1.5,2026-08-05
20220504,1.5,2026-08-05
20220505,1.5,2026-08-05
20220506,1.5,2026-08-05
20220507,1.5,2026-08-05
20220508,1.5,2026-08-05
20220509,1.5,2026-08-05
20220510,1.5,2026-08-05
20220511,1.5,2026-08-05
20220512,1.5,2026-08-05
20220513,1.5,2026-08-05
20220514,1.5,2026-08-05
20220515,1.5,2026-08-05
20220516,1.5,2026-08-05
20220517,1.5,2026-08-05
20220518,1.5,2026-08-05
20220519,1.5,2026-08-05
20220520,1.5,2026-08-05
20220521,1.5,2026-08-05
20220522,1.5,2026-08-05
20220523,1.5,2026-08-05
20220524,1.5,2026-08-05
20220525,1.5,2026-08-05
20220526,1.75,2026-08-05
20220527,1.75,2026-08-05
20220528,1.75,2026-08-05
20220529,1.75,2026-08-05
20220530,1.75,2026-08-05
20220531,1.75,2026-08-05
20220601,1.75,2026-08-05
20220602,1.75,2026-08-05
20220603,1.75,2026-08-05
20220604,1.75,2026-08-05
20220605,1.75,2026-08-05
20220606,1.75,2026-08-05
20220607,1.75,2026-08-05
20220608,1.75,2026-08-05
20220609,1.75,2026-08-05
20220610,1.75,2026-08-05
20220611,1.75,2026-08-05
20220612,1.75,2026-08-05
20220613,1.75,2026-08-05
20220614,1.75,2026-08-05
20220615,1.75,2026-08-05
20220616,1.75,2026-08-05
20220617,1.75,2026-08-05
20220618,1.75,2026-08-05
20220619,1.75,2026-08-05
20220620,1.75,2026-08-05
20220621,1.75,2026-08-05
20220622,1.75,2026-08-05
20220623,1.75,2026-08-05
20220624,1.75,2026-08-05
20220625,1.75,2026-08-05
20220626,1.75,2026-08-05
20220627,1.75,2026-08-05
20220628,1.75,2026-08-05
20220629,1.75,2026-08-05
20220630,1.75,2026-08-05
20220701,1.75,2026-08-05
20220702,1.75,2026-08-05
20220703,1.75,2026-08-05
20220704,1.75,2026-08-05
20220705,1.75,2026-08-05
20220706,1.75,2026-08-05
20220707,1.75,2026-08-05
20220708,1.75,2026-08-05
20220709,1.75,2026-08-05
20220710,1.75,2026-08-05
20220711,1.75,2026-08-05
20220712,1.75,2026-08-05
20220713,2.25,2026-08-05
20220714,2.25,2026-08-05
20220715,2.25,2026-08-05
20220716,2.25,2026-08-05
20220717,2.25,2026-08-05
20220718,2.25,2026-08-05
20220719,2.25,2026-08-05
20220720,2.25,2026-08-05
20220721,2.25,2026-08-05
20220722,2.25,2026-08-05
20220723,2.25,2026-08-05
20220724,2.25,2026-08-05
20220725,2.25,2026-08-05
20220726,2.25,2026-08-05
20220727,2.25,2026-08-05
20220728,2.25,2026-08-05
20220729,2.25,2026-08-05
20220730,2.25,2026-08-05
20220731,2.25,2026-08-05
20220801,2.25,2026-08-05
20220802,2.25,2026-08-05
20220803,2.25,2026-08-05
20220804,2.25,2026-08-05
20220805,2.25,2026-08-05
20220806,2.25,2026-08-05
20220807,2.25,2026-08-05
20220808,2.25,2026-08-05
20220809,2.25,2026-08-05
20220810,2.25,2026-08-05
20220811,2.25,2026-08-05
20220812,2.25,2026-08-05
20220813,2.25,2026-08-05
20220814,2.25,2026-08-05
20220815,2.25,2026-08-05
20220816,2.25,2026-08-05
20220817,2.25,2026-08-05
20220818,2.25,2026-08-05
20220819,2.25,2026-08-05
20220820,2.25,2026-08-05
20220821,2.25,2026-08-05
20220822,2.25,2026-08-05
20220823,2.25,2026-08-05
20220824,2.25,2026-08-05
20220825,2.5,2026-08-05
20220826,2.5,2026-08-05
20220827,2.5,2026-08-05
20220828,2.5,2026-08-05
20220829,2.5,2026-08-05
20220830,2.5,2026-08-05
20220831,2.5,2026-08-05
20220901,2.5,2026-08-05
20220902,2.5,2026-08-05
20220903,2.5,2026-08-05
20220904,2.5,2026-08-05
20220905,2.5,2026-08-05
20220906,2.5,2026-08-05
20220907,2.5,2026-08-05
20220908,2.5,2026-08-05
20220909,2.5,2026-08-05
20220910,2.5,2026-08-05
20220911,2.5,2026-08-05
20220912,2.5,2026-08-05
20220913,2.5,2026-08-05
20220914,2.5,2026-08-05
20220915,2.5,2026-08-05
20220916,2.5,2026-08-05
20220917,2.5,2026-08-05
20220918,2.5,2026-08-05
20220919,2.5,2026-08-05
20220920,2.5,2026-08-05
20220921,2.5,2026-08-05
20220922,2.5,2026-08-05
20220923,2.5,2026-08-05
20220924,2.5,2026-08-05
20220925,2.5,2026-08-05
20220926,2.5,2026-08-05
20220927,2.5,2026-08-05
20220928,2.5,2026-08-05
20220929,2.5,2026-08-05
20220930,2.5,2026-08-05
20221001,2.5,2026-08-05
20221002,2.5,2026-08-05
20221003,2.5,2026-08-05
20221004,2.5,2026-08-05
20221005,2.5,2026-08-05
20221006,2.5,2026-08-05
20221007,2.5,2026-08-05
20221008,2.5,2026-08-05
20221009,2.5,2026-08-05
20221010,2.5,2026-08-05
20221011,2.5,2026-08-05
20221012,3,2026-08-05
20221013,3,2026-08-05
20221014,3,2026-08-05
20221015,3,2026-08-05
20221016,3,2026-08-05
20221017,3,2026-08-05
20221018,3,2026-08-05
20221019,3,2026-08-05
20221020,3,2026-08-05
20221021,3,2026-08-05
20221022,3,2026-08-05
20221023,3,2026-08-05
20221024,3,2026-08-05
20221025,3,2026-08-05
20221026,3,2026-08-05
20221027,3,2026-08-05
20221028,3,2026-08-05
20221029,3,2026-08-05
20221030,3,2026-08-05
20221031,3,2026-08-05
20221101,3,2026-08-05
20221102,3,2026-08-05
20221103,3,2026-08-05
20221104,3,2026-08-05
20221105,3,2026-08-05
20221106,3,2026-08-05
20221107,3,2026-08-05
20221108,3,2026-08-05
20221109,3,2026-08-05
20221110,3,2026-08-05
20221111,3,2026-08-05
20221112,3,2026-08-05
20221113,3,2026-08-05
20221114,3,2026-08-05
20221115,3,2026-08-05
20221116,3,2026-08-05
20221117,3,2026-08-05
20221118,3,2026-08-05
20221119,3,2026-08-05
20221120,3,2026-08-05
20221121,3,2026-08-05
20221122,3,2026-08-05
20221123,3,2026-08-05
20221124,3.25,2026-08-05
20221125,3.25,2026-08-05
20221126,3.25,2026-08-05
20221127,3.25,2026-08-05
20221128,3.25,2026-08-05
20221129,3.25,2026-08-05
20221130,3.25,2026-08-05
20221201,3.25,2026-08-05
20221202,3.25,2026-08-05
20221203,3.25,2026-08-05
20221204,3.25,2026-08-05
20221205,3.25,2026-08-05
20221206,3.25,2026-08-05
20221207,3.25,2026-08-05
20221208,3.25,2026-08-05
20221209,3.25,2026-08-05
20221210,3.25,2026-08-05
20221211,3.25,2026-08-05
20221212,3.25,2026-08-05
20221213,3.25,2026-08-05
20221214,3.25,2026-08-05
20221215,3.25,2026-08-05
20221216,3.25,2026-08-05
20221217,3.25,2026-08-05
20221218,3.25,2026-08-05
20221219,3.25,2026-08-05
20221220,3.25,2026-08-05
20221221,3.25,2026-08-05
20221222,3.25,2026-08-05
20221223,3.25,2026-08-05
20221224,3.25,2026-08-05
20221225,3.25,2026-08-05
20221226,3.25,2026-08-05
20221227,3.25,2026-08-05
20221228,3.25,2026-08-05
20221229,3.25,2026-08-05
20221230,3.25,2026-08-05
20221231,3.25,2026-08-05
20230101,3.25,2026-08-05
20230102,3.25,2026-08-05
20230103,3.25,2026-08-05
20230104,3.25,2026-08-05
20230105,3.25,2026-08-05
20230106,3.25,2026-08-05
20230107,3.25,2026-08-05
20230108,3.25,2026-08-05
20230109,3.25,2026-08-05
20230110,3.25,2026-08-05
20230111,3.25,2026-08-05
20230112,3.25,2026-08-05
20230113,3.5,2026-08-05
20230114,3.5,2026-08-05
20230115,3.5,2026-08-05
20230116,3.5,2026-08-05
20230117,3.5,2026-08-05
20230118,3.5,2026-08-05
20230119,3.5,2026-08-05
20230120,3.5,2026-08-05
20230121,3.5,2026-08-05
20230122,3.5,2026-08-05
20230123,3.5,2026-08-05
20230124,3.5,2026-08-05
20230125,3.5,2026-08-05
20230126,3.5,2026-08-05
20230127,3.5,2026-08-05
20230128,3.5,2026-08-05
20230129,3.5,2026-08-05
20230130,3.5,2026-08-05
20230131,3.5,2026-08-05
20230201,3.5,2026-08-05
20230202,3.5,2026-08-05
20230203,3.5,2026-08-05
20230204,3.5,2026-08-05
20230205,3.5,2026-08-05
20230206,3.5,2026-08-05
20230207,3.5,2026-08-05
20230208,3.5,2026-08-05
20230209,3.5,2026-08-05
20230210,3.5,2026-08-05
20230211,3.5,2026-08-05
20230212,3.5,2026-08-05
20230213,3.5,2026-08-05
20230214,3.5,2026-08-05
20230215,3.5,2026-08-05
20230216,3.5,2026-08-05
20230217,3.5,2026-08-05
20230218,3.5,2026-08-05
20230219,3.5,2026-08-05
20230220,3.5,2026-08-05
20230221,3.5,2026-08-05
20230222,3.5,2026-08-05
20230223,3.5,2026-08-05
20230224,3.5,2026-08-05
20230225,3.5,2026-08-05
20230226,3.5,2026-08-05
20230227,3.5,2026-08-05
20230228,3.5,2026-08-05
20230301,3.5,2026-08-05
20230302,3.5,2026-08-05
20230303,3.5,2026-08-05
20230304,3.5,2026-08-05
20230305,3.5,2026-08-05
20230306,3.5,2026-08-05
20230307,3.5,2026-08-05
20230308,3.5,2026-08-05
20230309,3.5,2026-08-05
20230310,3.5,2026-08-05
20230311,3.5,2026-08-05
20230312,3.5,2026-08-05
20230313,3.5,2026-08-05
20230314,3.5,2026-08-05
20230315,3.5,2026-08-05
20230316,3.5,2026-08-05
20230317,3.5,2026-08-05
20230318,3.5,2026-08-05
20230319,3.5,2026-08-05
20230320,3.5,2026-08-05
20230321,3.5,2026-08-05
20230322,3.5,2026-08-05
20230323,3.5,2026-08-05
20230324,3.5,2026-08-05
20230325,3.5,2026-08-05
20230326,3.5,2026-08-05
20230327,3.5,2026-08-05
20230328,3.5,2026-08-05
20230329,3.5,2026-08-05
20230330,3.5,2026-08-05
20230331,3.5,2026-08-05
20230401,3.5,2026-08-05
20230402,3.5,2026-08-05
20230403,3.5,2026-08-05
20230404,3.5,2026-08-05
20230405,3.5,2026-08-05
20230406,3.5,2026-08-05
20230407,3.5,2026-08-05
20230408,3.5,2026-08-05
20230409,3.5,2026-08-05
20230410,3.5,2026-08-05
20230411,3.5,2026-08-05
20230412,3.5,2026-08-05
20230413,3.5,2026-08-05
20230414,3.5,2026-08-05
20230415,3.5,2026-08-05
20230416,3.5,2026-08-05
20230417,3.5,2026-08-05
20230418,3.5,2026-08-05
20230419,3.5,2026-08-05
20230420,3.5,2026-08-05
20230421,3.5,2026-08-05
20230422,3.5,2026-08-05
20230423,3.5,2026-08-05
20230424,3.5,2026-08-05
20230425,3.5,2026-08-05
20230426,3.5,2026-08-05
20230427,3.5,2026-08-05
20230428,3.5,2026-08-05
20230429,3.5,2026-08-05
20230430,3.5,2026-08-05
20230501,3.5,2026-08-05
20230502,3.5,2026-08-05
20230503,3.5,2026-08-05
20230504,3.5,2026-08-05
20230505,3.5,2026-08-05
20230506,3.5,2026-08-05
20230507,3.5,2026-08-05
20230508,3.5,2026-08-05
20230509,3.5,2026-08-05
20230510,3.5,2026-08-05
20230511,3.5,2026-08-05
20230512,3.5,2026-08-05
20230513,3.5,2026-08-05
20230514,3.5,2026-08-05
20230515,3.5,2026-08-05
20230516,3.5,2026-08-05
20230517,3.5,2026-08-05
20230518,3.5,2026-08-05
20230519,3.5,2026-08-05
20230520,3.5,2026-08-05
20230521,3.5,2026-08-05
20230522,3.5,2026-08-05
20230523,3.5,2026-08-05
20230524,3.5,2026-08-05
20230525,3.5,2026-08-05
20230526,3.5,2026-08-05
20230527,3.5,2026-08-05
20230528,3.5,2026-08-05
20230529,3.5,2026-08-05
20230530,3.5,2026-08-05
20230531,3.5,2026-08-05
20230601,3.5,2026-08-05
20230602,3.5,2026-08-05
20230603,3.5,2026-08-05
20230604,3.5,2026-08-05
20230605,3.5,2026-08-05
20230606,3.5,2026-08-05
20230607,3.5,2026-08-05
20230608,3.5,2026-08-05
20230609,3.5,2026-08-05
20230610,3.5,2026-08-05
20230611,3.5,2026-08-05
20230612,3.5,2026-08-05
20230613,3.5,2026-08-05
20230614,3.5,2026-08-05
20230615,3.5,2026-08-05
20230616,3.5,2026-08-05
20230617,3.5,2026-08-05
20230618,3.5,2026-08-05
20230619,3.5,2026-08-05
20230620,3.5,2026-08-05
20230621,3.5,2026-08-05
20230622,3.5,2026-08-05
20230623,3.5,2026-08-05
20230624,3.5,2026-08-05
20230625,3.5,2026-08-05
20230626,3.5,2026-08-05
20230627,3.5,2026-08-05
20230628,3.5,2026-08-05
20230629,3.5,2026-08-05
20230630,3.5,2026-08-05
20230701,3.5,2026-08-05
20230702,3.5,2026-08-05
20230703,3.5,2026-08-05
20230704,3.5,2026-08-05
20230705,3.5,2026-08-05
20230706,3.5,2026-08-05
20230707,3.5,2026-08-05
20230708,3.5,2026-08-05
20230709,3.5,2026-08-05
20230710,3.5,2026-08-05
20230711,3.5,2026-08-05
20230712,3.5,2026-08-05
20230713,3.5,2026-08-05
20230714,3.5,2026-08-05
20230715,3.5,2026-08-05
20230716,3.5,2026-08-05
20230717,3.5,2026-08-05
20230718,3.5,2026-08-05
20230719,3.5,2026-08-05
20230720,3.5,2026-08-05
20230721,3.5,2026-08-05
20230722,3.5,2026-08-05
20230723,3.5,2026-08-05
20230724,3.5,2026-08-05
20230725,3.5,2026-08-05
20230726,3.5,2026-08-05
20230727,3.5,2026-08-05
20230728,3.5,2026-08-05
20230729,3.5,2026-08-05
20230730,3.5,2026-08-05
20230731,3.5,2026-08-05
20230801,3.5,2026-08-05
20230802,3.5,2026-08-05
20230803,3.5,2026-08-05
20230804,3.5,2026-08-05
20230805,3.5,2026-08-05
20230806,3.5,2026-08-05
20230807,3.5,2026-08-05
20230808,3.5,2026-08-05
20230809,3.5,2026-08-05
20230810,3.5,2026-08-05
20230811,3.5,2026-08-05
20230812,3.5,2026-08-05
20230813,3.5,2026-08-05
20230814,3.5,2026-08-05
20230815,3.5,2026-08-05
20230816,3.5,2026-08-05
20230817,3.5,2026-08-05
20230818,3.5,2026-08-05
20230819,3.5,2026-08-05
20230820,3.5,2026-08-05
20230821,3.5,2026-08-05
20230822,3.5,2026-08-05
20230823,3.5,2026-08-05
20230824,3.5,2026-08-05
20230825,3.5,2026-08-05
20230826,3.5,2026-08-05
20230827,3.5,2026-08-05
20230828,3.5,2026-08-05
20230829,3.5,2026-08-05
20230830,3.5,2026-08-05
20230831,3.5,2026-08-05
20230901,3.5,2026-08-05
20230902,3.5,2026-08-05
20230903,3.5,2026-08-05
20230904,3.5,2026-08-05
20230905,3.5,2026-08-05
20230906,3.5,2026-08-05
20230907,3.5,2026-08-05
20230908,3.5,2026-08-05
20230909,3.5,2026-08-05
20230910,3.5,2026-08-05
20230911,3.5,2026-08-05
20230912,3.5,2026-08-05
20230913,3.5,2026-08-05
20230914,3.5,2026-08-05
20230915,3.5,2026-08-05
20230916,3.5,2026-08-05
20230917,3.5,2026-08-05
20230918,3.5,2026-08-05
20230919,3.5,2026-08-05
20230920,3.5,2026-08-05
20230921,3.5,2026-08-05
20230922,3.5,2026-08-05
20230923,3.5,2026-08-05
20230924,3.5,2026-08-05
20230925,3.5,2026-08-05
20230926,3.5,2026-08-05
20230927,3.5,2026-08-05
20230928,3.5,2026-08-05
20230929,3.5,2026-08-05
20230930,3.5,2026-08-05
20231001,3.5,2026-08-05
20231002,3.5,2026-08-05
20231003,3.5,2026-08-05
20231004,3.5,2026-08-05
20231005,3.5,2026-08-05
20231006,3.5,2026-08-05
20231007,3.5,2026-08-05
20231008,3.5,2026-08-05
20231009,3.5,2026-08-05
20231010,3.5,2026-08-05
20231011,3.5,2026-08-05
20231012,3.5,2026-08-05
20231013,3.5,2026-08-05
20231014,3.5,2026-08-05
20231015,3.5,2026-08-05
20231016,3.5,2026-08-05
20231017,3.5,2026-08-05
20231018,3.5,2026-08-05
20231019,3.5,2026-08-05
20231020,3.5,2026-08-05
20231021,3.5,2026-08-05
20231022,3.5,2026-08-05
20231023,3.5,2026-08-05
20231024,3.5,2026-08-05
20231025,3.5,2026-08-05
20231026,3.5,2026-08-05
20231027,3.5,2026-08-05
20231028,3.5,2026-08-05
20231029,3.5,2026-08-05
20231030,3.5,2026-08-05
20231031,3.5,2026-08-05
20231101,3.5,2026-08-05
20231102,3.5,2026-08-05
20231103,3.5,2026-08-05
20231104,3.5,2026-08-05
20231105,3.5,2026-08-05
20231106,3.5,2026-08-05
20231107,3.5,2026-08-05
20231108,3.5,2026-08-05
20231109,3.5,2026-08-05
20231110,3.5,2026-08-05
20231111,3.5,2026-08-05
20231112,3.5,2026-08-05
20231113,3.5,2026-08-05
20231114,3.5,2026-08-05
20231115,3.5,2026-08-05
20231116,3.5,2026-08-05
20231117,3.5,2026-08-05
20231118,3.5,2026-08-05
20231119,3.5,2026-08-05
20231120,3.5,2026-08-05
20231121,3.5,2026-08-05
20231122,3.5,2026-08-05
20231123,3.5,2026-08-05
20231124,3.5,2026-08-05
20231125,3.5,2026-08-05
20231126,3.5,2026-08-05
20231127,3.5,2026-08-05
20231128,3.5,2026-08-05
20231129,3.5,2026-08-05
20231130,3.5,2026-08-05
20231201,3.5,2026-08-05
20231202,3.5,2026-08-05
20231203,3.5,2026-08-05
20231204,3.5,2026-08-05
20231205,3.5,2026-08-05
20231206,3.5,2026-08-05
20231207,3.5,2026-08-05
20231208,3.5,2026-08-05
20231209,3.5,2026-08-05
20231210,3.5,2026-08-05
20231211,3.5,2026-08-05
20231212,3.5,2026-08-05
20231213,3.5,2026-08-05
20231214,3.5,2026-08-05
20231215,3.5,2026-08-05
20231216,3.5,2026-08-05
20231217,3.5,2026-08-05
20231218,3.5,2026-08-05
20231219,3.5,2026-08-05
20231220,3.5,2026-08-05
20231221,3.5,2026-08-05
20231222,3.5,2026-08-05
20231223,3.5,2026-08-05
20231224,3.5,2026-08-05
20231225,3.5,2026-08-05
20231226,3.5,2026-08-05
20231227,3.5,2026-08-05
20231228,3.5,2026-08-05
20231229,3.5,2026-08-05
20231230,3.5,2026-08-05
20231231,3.5,2026-08-05
20240101,3.5,2026-08-05
20240102,3.5,2026-08-05
20240103,3.5,2026-08-05
20240104,3.5,2026-08-05
20240105,3.5,2026-08-05
20240106,3.5,2026-08-05
20240107,3.5,2026-08-05
20240108,3.5,2026-08-05
20240109,3.5,2026-08-05
20240110,3.5,2026-08-05
20240111,3.5,2026-08-05
20240112,3.5,2026-08-05
20240113,3.5,2026-08-05
20240114,3.5,2026-08-05
20240115,3.5,2026-08-05
20240116,3.5,2026-08-05
20240117,3.5,2026-08-05
20240118,3.5,2026-08-05
20240119,3.5,2026-08-05
20240120,3.5,2026-08-05
20240121,3.5,2026-08-05
20240122,3.5,2026-08-05
20240123,3.5,2026-08-05
20240124,3.5,2026-08-05
20240125,3.5,2026-08-05
20240126,3.5,2026-08-05
20240127,3.5,2026-08-05
20240128,3.5,2026-08-05
20240129,3.5,2026-08-05
20240130,3.5,2026-08-05
20240131,3.5,2026-08-05
20240201,3.5,2026-08-05
20240202,3.5,2026-08-05
20240203,3.5,2026-08-05
20240204,3.5,2026-08-05
20240205,3.5,2026-08-05
20240206,3.5,2026-08-05
20240207,3.5,2026-08-05
20240208,3.5,2026-08-05
20240209,3.5,2026-08-05
20240210,3.5,2026-08-05
20240211,3.5,2026-08-05
20240212,3.5,2026-08-05
20240213,3.5,2026-08-05
20240214,3.5,2026-08-05
20240215,3.5,2026-08-05
20240216,3.5,2026-08-05
20240217,3.5,2026-08-05
20240218,3.5,2026-08-05
20240219,3.5,2026-08-05
20240220,3.5,2026-08-05
20240221,3.5,2026-08-05
20240222,3.5,2026-08-05
20240223,3.5,2026-08-05
20240224,3.5,2026-08-05
20240225,3.5,2026-08-05
20240226,3.5,2026-08-05
20240227,3.5,2026-08-05
20240228,3.5,2026-08-05
20240229,3.5,2026-08-05
20240301,3.5,2026-08-05
20240302,3.5,2026-08-05
20240303,3.5,2026-08-05
20240304,3.5,2026-08-05
20240305,3.5,2026-08-05
20240306,3.5,2026-08-05
20240307,3.5,2026-08-05
20240308,3.5,2026-08-05
20240309,3.5,2026-08-05
20240310,3.5,2026-08-05
20240311,3.5,2026-08-05
20240312,3.5,2026-08-05
20240313,3.5,2026-08-05
20240314,3.5,2026-08-05
20240315,3.5,2026-08-05
20240316,3.5,2026-08-05
20240317,3.5,2026-08-05
20240318,3.5,2026-08-05
20240319,3.5,2026-08-05
20240320,3.5,2026-08-05
20240321,3.5,2026-08-05
20240322,3.5,2026-08-05
20240323,3.5,2026-08-05
20240324,3.5,2026-08-05
20240325,3.5,2026-08-05
20240326,3.5,2026-08-05
20240327,3.5,2026-08-05
20240328,3.5,2026-08-05
20240329,3.5,2026-08-05
20240330,3.5,2026-08-05
20240331,3.5,2026-08-05
20240401,3.5,2026-08-05
20240402,3.5,2026-08-05
20240403,3.5,2026-08-05
20240404,3.5,2026-08-05
20240405,3.5,2026-08-05
20240406,3.5,2026-08-05
20240407,3.5,2026-08-05
20240408,3.5,2026-08-05
20240409,3.5,2026-08-05
20240410,3.5,2026-08-05
20240411,3.5,2026-08-05
20240412,3.5,2026-08-05
20240413,3.5,2026-08-05
20240414,3.5,2026-08-05
20240415,3.5,2026-08-05
20240416,3.5,2026-08-05
20240417,3.5,2026-08-05
20240418,3.5,2026-08-05
20240419,3.5,2026-08-05
20240420,3.5,2026-08-05
20240421,3.5,2026-08-05
20240422,3.5,2026-08-05
20240423,3.5,2026-08-05
20240424,3.5,2026-08-05
20240425,3.5,2026-08-05
20240426,3.5,2026-08-05
20240427,3.5,2026-08-05
20240428,3.5,2026-08-05
20240429,3.5,2026-08-05
20240430,3.5,2026-08-05
20240501,3.5,2026-08-05
20240502,3.5,2026-08-05
20240503,3.5,2026-08-05
20240504,3.5,2026-08-05
20240505,3.5,2026-08-05
20240506,3.5,2026-08-05
20240507,3.5,2026-08-05
20240508,3.5,2026-08-05
20240509,3.5,2026-08-05
20240510,3.5,2026-08-05
20240511,3.5,2026-08-05
20240512,3.5,2026-08-05
20240513,3.5,2026-08-05
20240514,3.5,2026-08-05
20240515,3.5,2026-08-05
20240516,3.5,2026-08-05
20240517,3.5,2026-08-05
20240518,3.5,2026-08-05
20240519,3.5,2026-08-05
20240520,3.5,2026-08-05
20240521,3.5,2026-08-05
20240522,3.5,2026-08-05
20240523,3.5,2026-08-05
20240524,3.5,2026-08-05
20240525,3.5,2026-08-05
20240526,3.5,2026-08-05
20240527,3.5,2026-08-05
20240528,3.5,2026-08-05
20240529,3.5,2026-08-05
20240530,3.5,2026-08-05
20240531,3.5,2026-08-05
20240601,3.5,2026-08-05
20240602,3.5,2026-08-05
20240603,3.5,2026-08-05
20240604,3.5,2026-08-05
20240605,3.5,2026-08-05
20240606,3.5,2026-08-05
20240607,3.5,2026-08-05
20240608,3.5,2026-08-05
20240609,3.5,2026-08-05
20240610,3.5,2026-08-05
20240611,3.5,2026-08-05
20240612,3.5,2026-08-05
20240613,3.5,2026-08-05
20240614,3.5,2026-08-05
20240615,3.5,2026-08-05
20240616,3.5,2026-08-05
20240617,3.5,2026-08-05
20240618,3.5,2026-08-05
20240619,3.5,2026-08-05
20240620,3.5,2026-08-05
20240621,3.5,2026-08-05
20240622,3.5,2026-08-05
20240623,3.5,2026-08-05
20240624,3.5,2026-08-05
20240625,3.5,2026-08-05
20240626,3.5,2026-08-05
20240627,3.5,2026-08-05
20240628,3.5,2026-08-05
20240629,3.5,2026-08-05
20240630,3.5,2026-08-05
20240701,3.5,2026-08-05
20240702,3.5,2026-08-05
20240703,3.5,2026-08-05
20240704,3.5,2026-08-05
20240705,3.5,2026-08-05
20240706,3.5,2026-08-05
20240707,3.5,2026-08-05
20240708,3.5,2026-08-05
20240709,3.5,2026-08-05
20240710,3.5,2026-08-05
20240711,3.5,2026-08-05
20240712,3.5,2026-08-05
20240713,3.5,2026-08-05
20240714,3.5,2026-08-05
20240715,3.5,2026-08-05
20240716,3.5,2026-08-05
20240717,3.5,2026-08-05
20240718,3.5,2026-08-05
20240719,3.5,2026-08-05
20240720,3.5,2026-08-05
20240721,3.5,2026-08-05
20240722,3.5,2026-08-05
20240723,3.5,2026-08-05
20240724,3.5,2026-08-05
20240725,3.5,2026-08-05
20240726,3.5,2026-08-05
20240727,3.5,2026-08-05
20240728,3.5,2026-08-05
20240729,3.5,2026-08-05
20240730,3.5,2026-08-05
20240731,3.5,2026-08-05
20240801,3.5,2026-08-05
20240802,3.5,2026-08-05
20240803,3.5,2026-08-05
20240804,3.5,2026-08-05
20240805,3.5,2026-08-05
20240806,3.5,2026-08-05
20240807,3.5,2026-08-05
20240808,3.5,2026-08-05
20240809,3.5,2026-08-05
20240810,3.5,2026-08-05
20240811,3.5,2026-08-05
20240812,3.5,2026-08-05
20240813,3.5,2026-08-05
20240814,3.5,2026-08-05
20240815,3.5,2026-08-05
20240816,3.5,2026-08-05
20240817,3.5,2026-08-05
20240818,3.5,2026-08-05
20240819,3.5,2026-08-05
20240820,3.5,2026-08-05
20240821,3.5,2026-08-05
20240822,3.5,2026-08-05
20240823,3.5,2026-08-05
20240824,3.5,2026-08-05
20240825,3.5,2026-08-05
20240826,3.5,2026-08-05
20240827,3.5,2026-08-05
20240828,3.5,2026-08-05
20240829,3.5,2026-08-05
20240830,3.5,2026-08-05
20240831,3.5,2026-08-05
20240901,3.5,2026-08-05
20240902,3.5,2026-08-05
20240903,3.5,2026-08-05
20240904,3.5,2026-08-05
20240905,3.5,2026-08-05
20240906,3.5,2026-08-05
20240907,3.5,2026-08-05
20240908,3.5,2026-08-05
20240909,3.5,2026-08-05
20240910,3.5,2026-08-05
20240911,3.5,2026-08-05
20240912,3.5,2026-08-05
20240913,3.5,2026-08-05
20240914,3.5,2026-08-05
20240915,3.5,2026-08-05
20240916,3.5,2026-08-05
20240917,3.5,2026-08-05
20240918,3.5,2026-08-05
20240919,3.5,2026-08-05
20240920,3.5,2026-08-05
20240921,3.5,2026-08-05
20240922,3.5,2026-08-05
20240923,3.5,2026-08-05
20240924,3.5,2026-08-05
20240925,3.5,2026-08-05
20240926,3.5,2026-08-05
20240927,3.5,2026-08-05
20240928,3.5,2026-08-05
20240929,3.5,2026-08-05
20240930,3.5,2026-08-05
20241001,3.5,2026-08-05
20241002,3.5,2026-08-05
20241003,3.5,2026-08-05
20241004,3.5,2026-08-05
20241005,3.5,2026-08-05
20241006,3.5,2026-08-05
20241007,3.5,2026-08-05
20241008,3.5,2026-08-05
20241009,3.5,2026-08-05
20241010,3.5,2026-08-05
20241011,3.25,2026-08-05
20241012,3.25,2026-08-05
20241013,3.25,2026-08-05
20241014,3.25,2026-08-05
20241015,3.25,2026-08-05
20241016,3.25,2026-08-05
20241017,3.25,2026-08-05
20241018,3.25,2026-08-05
20241019,3.25,2026-08-05
20241020,3.25,2026-08-05
20241021,3.25,2026-08-05
20241022,3.25,2026-08-05
20241023,3.25,2026-08-05
20241024,3.25,2026-08-05
20241025,3.25,2026-08-05
20241026,3.25,2026-08-05
20241027,3.25,2026-08-05
20241028,3.25,2026-08-05
20241029,3.25,2026-08-05
20241030,3.25,2026-08-05
20241031,3.25,2026-08-05
20241101,3.25,2026-08-05
20241102,3.25,2026-08-05
20241103,3.25,2026-08-05
20241104,3.25,2026-08-05
20241105,3.25,2026-08-05
20241106,3.25,2026-08-05
20241107,3.25,2026-08-05
20241108,3.25,2026-08-05
20241109,3.25,2026-08-05
20241110,3.25,2026-08-05
20241111,3.25,2026-08-05
20241112,3.25,2026-08-05
20241113,3.25,2026-08-05
20241114,3.25,2026-08-05
20241115,3.25,2026-08-05
20241116,3.25,2026-08-05
20241117,3.25,2026-08-05
20241118,3.25,2026-08-05
20241119,3.25,2026-08-05
20241120,3.25,2026-08-05
20241121,3.25,2026-08-05
20241122,3.25,2026-08-05
20241123,3.25,2026-08-05
20241124,3.25,2026-08-05
20241125,3.25,2026-08-05
20241126,3.25,2026-08-05
20241127,3.25,2026-08-05
20241128,3,2026-08-05
20241129,3,2026-08-05
20241130,3,2026-08-05
20241201,3,2026-08-05
20241202,3,2026-08-05
20241203,3,2026-08-05
20241204,3,2026-08-05
20241205,3,2026-08-05
20241206,3,2026-08-05
20241207,3,2026-08-05
20241208,3,2026-08-05
20241209,3,2026-08-05
20241210,3,2026-08-05
20241211,3,2026-08-05
20241212,3,2026-08-05
20241213,3,2026-08-05
20241214,3,2026-08-05
20241215,3,2026-08-05
20241216,3,2026-08-05
20241217,3,2026-08-05
20241218,3,2026-08-05
20241219,3,2026-08-05
20241220,3,2026-08-05
20241221,3,2026-08-05
20241222,3,2026-08-05
20241223,3,2026-08-05
20241224,3,2026-08-05
20241225,3,2026-08-05
20241226,3,2026-08-05
20241227,3,2026-08-05
20241228,3,2026-08-05
20241229,3,2026-08-05
20241230,3,2026-08-05
20241231,3,2026-08-05
20250101,3,2026-08-05
20250102,3,2026-08-05
20250103,3,2026-08-05
20250104,3,2026-08-05
20250105,3,2026-08-05
20250106,3,2026-08-05
20250107,3,2026-08-05
20250108,3,2026-08-05
20250109,3,2026-08-05
20250110,3,2026-08-05
20250111,3,2026-08-05
20250112,3,2026-08-05
20250113,3,2026-08-05
20250114,3,2026-08-05
20250115,3,2026-08-05
20250116,3,2026-08-05
20250117,3,2026-08-05
20250118,3,2026-08-05
20250119,3,2026-08-05
20250120,3,2026-08-05
20250121,3,2026-08-05
20250122,3,2026-08-05
20250123,3,2026-08-05
20250124,3,2026-08-05
20250125,3,2026-08-05
20250126,3,2026-08-05
20250127,3,2026-08-05
20250128,3,2026-08-05
20250129,3,2026-08-05
20250130,3,2026-08-05
20250131,3,2026-08-05
20250201,3,2026-08-05
20250202,3,2026-08-05
20250203,3,2026-08-05
20250204,3,2026-08-05
20250205,3,2026-08-05
20250206,3,2026-08-05
20250207,3,2026-08-05
20250208,3,2026-08-05
20250209,3,2026-08-05
20250210,3,2026-08-05
20250211,3,2026-08-05
20250212,3,2026-08-05
20250213,3,2026-08-05
20250214,3,2026-08-05
20250215,3,2026-08-05
20250216,3,2026-08-05
20250217,3,2026-08-05
20250218,3,2026-08-05
20250219,3,2026-08-05
20250220,3,2026-08-05
20250221,3,2026-08-05
20250222,3,2026-08-05
20250223,3,2026-08-05
20250224,3,2026-08-05
20250225,2.75,2026-08-05
20250226,2.75,2026-08-05
20250227,2.75,2026-08-05
20250228,2.75,2026-08-05
20250301,2.75,2026-08-05
20250302,2.75,2026-08-05
20250303,2.75,2026-08-05
20250304,2.75,2026-08-05
20250305,2.75,2026-08-05
20250306,2.75,2026-08-05
20250307,2.75,2026-08-05
20250308,2.75,2026-08-05
20250309,2.75,2026-08-05
20250310,2.75,2026-08-05
20250311,2.75,2026-08-05
20250312,2.75,2026-08-05
20250313,2.75,2026-08-05
20250314,2.75,2026-08-05
20250315,2.75,2026-08-05
20250316,2.75,2026-08-05
20250317,2.75,2026-08-05
20250318,2.75,2026-08-05
20250319,2.75,2026-08-05
20250320,2.75,2026-08-05
20250321,2.75,2026-08-05
20250322,2.75,2026-08-05
20250323,2.75,2026-08-05
20250324,2.75,2026-08-05
20250325,2.75,2026-08-05
20250326,2.75,2026-08-05
20250327,2.75,2026-08-05
20250328,2.75,2026-08-05
20250329,2.75,2026-08-05
20250330,2.75,2026-08-05
20250331,2.75,2026-08-05
20250401,2.75,2026-08-05
20250402,2.75,2026-08-05
20250403,2.75,2026-08-05
20250404,2.75,2026-08-05
20250405,2.75,2026-08-05
20250406,2.75,2026-08-05
20250407,2.75,2026-08-05
20250408,2.75,2026-08-05
20250409,2.75,2026-08-05
20250410,2.75,2026-08-05
20250411,2.75,2026-08-05
20250412,2.75,2026-08-05
20250413,2.75,2026-08-05
20250414,2.75,2026-08-05
20250415,2.75,2026-08-05
20250416,2.75,2026-08-05
20250417,2.75,2026-08-05
20250418,2.75,2026-08-05
20250419,2.75,2026-08-05
20250420,2.75,2026-08-05
20250421,2.75,2026-08-05
20250422,2.75,2026-08-05
20250423,2.75,2026-08-05
20250424,2.75,2026-08-05
20250425,2.75,2026-08-05
20250426,2.75,2026-08-05
20250427,2.75,2026-08-05
20250428,2.75,2026-08-05
20250429,2.75,2026-08-05
20250430,2.75,2026-08-05
20250501,2.75,2026-08-05
20250502,2.75,2026-08-05
20250503,2.75,2026-08-05
20250504,2.75,2026-08-05
20250505,2.75,2026-08-05
20250506,2.75,2026-08-05
20250507,2.75,2026-08-05
20250508,2.75,2026-08-05
20250509,2.75,2026-08-05
20250510,2.75,2026-08-05
20250511,2.75,2026-08-05
20250512,2.75,2026-08-05
20250513,2.75,2026-08-05
20250514,2.75,2026-08-05
20250515,2.75,2026-08-05
20250516,2.75,2026-08-05
20250517,2.75,2026-08-05
20250518,2.75,2026-08-05
20250519,2.75,2026-08-05
20250520,2.75,2026-08-05
20250521,2.75,2026-08-05
20250522,2.75,2026-08-05
20250523,2.75,2026-08-05
20250524,2.75,2026-08-05
20250525,2.75,2026-08-05
20250526,2.75,2026-08-05
20250527,2.75,2026-08-05
20250528,2.75,2026-08-05
20250529,2.5,2026-08-05
20250530,2.5,2026-08-05
20250531,2.5,2026-08-05
20250601,2.5,2026-08-05
20250602,2.5,2026-08-05
20250603,2.5,2026-08-05
20250604,2.5,2026-08-05
20250605,2.5,2026-08-05
20250606,2.5,2026-08-05
20250607,2.5,2026-08-05
20250608,2.5,2026-08-05
20250609,2.5,2026-08-05
20250610,2.5,2026-08-05
20250611,2.5,2026-08-05
20250612,2.5,2026-08-05
20250613,2.5,2026-08-05
20250614,2.5,2026-08-05
20250615,2.5,2026-08-05
20250616,2.5,2026-08-05
20250617,2.5,2026-08-05
20250618,2.5,2026-08-05
20250619,2.5,2026-08-05
20250620,2.5,2026-08-05
20250621,2.5,2026-08-05
20250622,2.5,2026-08-05
20250623,2.5,2026-08-05
20250624,2.5,2026-08-05
20250625,2.5,2026-08-05
20250626,2.5,2026-08-05
20250627,2.5,2026-08-05
20250628,2.5,2026-08-05
20250629,2.5,2026-08-05
20250630,2.5,2026-08-05
20250701,2.5,2026-08-05
20250702,2.5,2026-08-05
20250703,2.5,2026-08-05
20250704,2.5,2026-08-05
20250705,2.5,2026-08-05
20250706,2.5,2026-08-05
20250707,2.5,2026-08-05
20250708,2.5,2026-08-05
20250709,2.5,2026-08-05
20250710,2.5,2026-08-05
20250711,2.5,2026-08-05
20250712,2.5,2026-08-05
20250713,2.5,2026-08-05
20250714,2.5,2026-08-05
20250715,2.5,2026-08-05
20250716,2.5,2026-08-05
20250717,2.5,2026-08-05
20250718,2.5,2026-08-05
20250719,2.5,2026-08-05
20250720,2.5,2026-08-05
20250721,2.5,2026-08-05
20250722,2.5,2026-08-05
20250723,2.5,2026-08-05
20250724,2.5,2026-08-05
20250725,2.5,2026-08-05
20250726,2.5,2026-08-05
20250727,2.5,2026-08-05
20250728,2.5,2026-08-05
20250729,2.5,2026-08-05
20250730,2.5,2026-08-05
20250731,2.5,2026-08-05
20250801,2.5,2026-08-05
20250802,2.5,2026-08-05
20250803,2.5,2026-08-05
20250804,2.5,2026-08-05
20250805,2.5,2026-08-05
20250806,2.5,2026-08-05
20250807,2.5,2026-08-05
20250808,2.5,2026-08-05
20250809,2.5,2026-08-05
20250810,2.5,2026-08-05
20250811,2.5,2026-08-05
20250812,2.5,2026-08-05
20250813,2.5,2026-08-05
20250814,2.5,2026-08-05
20250815,2.5,2026-08-05
20250816,2.5,2026-08-05
20250817,2.5,2026-08-05
20250818,2.5,2026-08-05
20250819,2.5,2026-08-05
20250820,2.5,2026-08-05
20250821,2.5,2026-08-05
20250822,2.5,2026-08-05
20250823,2.5,2026-08-05
20250824,2.5,2026-08-05
20250825,2.5,2026-08-05
20250826,2.5,2026-08-05
20250827,2.5,2026-08-05
20250828,2.5,2026-08-05
20250829,2.5,2026-08-05
20250830,2.5,2026-08-05
20250831,2.5,2026-08-05
20250901,2.5,2026-08-05
20250902,2.5,2026-08-05
20250903,2.5,2026-08-05
20250904,2.5,2026-08-05
20250905,2.5,2026-08-05
20250906,2.5,2026-08-05
20250907,2.5,2026-08-05
20250908,2.5,2026-08-05
20250909,2.5,2026-08-05
20250910,2.5,2026-08-05
20250911,2.5,2026-08-05
20250912,2.5,2026-08-05
20250913,2.5,2026-08-05
20250914,2.5,2026-08-05
20250915,2.5,2026-08-05
20250916,2.5,2026-08-05
20250917,2.5,2026-08-05
20250918,2.5,2026-08-05
20250919,2.5,2026-08-05
20250920,2.5,2026-08-05
20250921,2.5,2026-08-05
20250922,2.5,2026-08-05
20250923,2.5,2026-08-05
20250924,2.5,2026-08-05
20250925,2.5,2026-08-05
20250926,2.5,2026-08-05
20250927,2.5,2026-08-05
20250928,2.5,2026-08-05
20250929,2.5,2026-08-05
20250930,2.5,2026-08-05
20251001,2.5,2026-08-05
20251002,2.5,2026-08-05
20251003,2.5,2026-08-05
20251004,2.5,2026-08-05
20251005,2.5,2026-08-05
20251006,2.5,2026-08-05
20251007,2.5,2026-08-05
20251008,2.5,2026-08-05
20251009,2.5,2026-08-05
20251010,2.5,2026-08-05
20251011,2.5,2026-08-05
20251012,2.5,2026-08-05
20251013,2.5,2026-08-05
20251014,2.5,2026-08-05
20251015,2.5,2026-08-05
20251016,2.5,2026-08-05
20251017,2.5,2026-08-05
20251018,2.5,2026-08-05
20251019,2.5,2026-08-05
20251020,2.5,2026-08-05
20251021,2.5,2026-08-05
20251022,2.5,2026-08-05
20251023,2.5,2026-08-05
20251024,2.5,2026-08-05
20251025,2.5,2026-08-05
20251026,2.5,2026-08-05
20251027,2.5,2026-08-05
20251028,2.5,2026-08-05
20251029,2.5,2026-08-05
20251030,2.5,2026-08-05
20251031,2.5,2026-08-05
20251101,2.5,2026-08-05
20251102,2.5,2026-08-05
20251103,2.5,2026-08-05
20251104,2.5,2026-08-05
20251105,2.5,2026-08-05
20251106,2.5,2026-08-05
20251107,2.5,2026-08-05
20251108,2.5,2026-08-05
20251109,2.5,2026-08-05
20251110,2.5,2026-08-05
20251111,2.5,2026-08-05
20251112,2.5,2026-08-05
20251113,2.5,2026-08-05
20251114,2.5,2026-08-05
20251115,2.5,2026-08-05
20251116,2.5,2026-08-05
20251117,2.5,2026-08-05
20251118,2.5,2026-08-05
20251119,2.5,2026-08-05
20251120,2.5,2026-08-05
20251121,2.5,2026-08-05
20251122,2.5,2026-08-05
20251123,2.5,2026-08-05
20251124,2.5,2026-08-05
20251125,2.5,2026-08-05
20251126,2.5,2026-08-05
20251127,2.5,2026-08-05
20251128,2.5,2026-08-05
20251129,2.5,2026-08-05
20251130,2.5,2026-08-05
20251201,2.5,2026-08-05
20251202,2.5,2026-08-05
20251203,2.5,2026-08-05
20251204,2.5,2026-08-05
20251205,2.5,2026-08-05
20251206,2.5,2026-08-05
20251207,2.5,2026-08-05
20251208,2.5,2026-08-05
20251209,2.5,2026-08-05
20251210,2.5,2026-08-05
20251211,2.5,2026-08-05
20251212,2.5,2026-08-05
20251213,2.5,2026-08-05
20251214,2.5,2026-08-05
20251215,2.5,2026-08-05
20251216,2.5,2026-08-05
20251217,2.5,2026-08-05
20251218,2.5,2026-08-05
20251219,2.5,2026-08-05
20251220,2.5,2026-08-05
20251221,2.5,2026-08-05
20251222,2.5,2026-08-05
20251223,2.5,2026-08-05
20251224,2.5,2026-08-05
20251225,2.5,2026-08-05
20251226,2.5,2026-08-05
20251227,2.5,2026-08-05
20251228,2.5,2026-08-05
20251229,2.5,2026-08-05
20251230,2.5,2026-08-05
20251231,2.5,2026-08-05
20260101,2.5,2026-08-05
20260102,2.5,2026-08-05
20260103,2.5,2026-08-05
20260104,2.5,2026-08-05
20260105,2.5,2026-08-05
20260106,2.5,2026-08-05
20260107,2.5,2026-08-05
20260108,2.5,2026-08-05
20260109,2.5,2026-08-05
20260110,2.5,2026-08-05
20260111,2.5,2026-08-05
20260112,2.5,2026-08-05
20260113,2.5,2026-08-05
20260114,2.5,2026-08-05
20260115,2.5,2026-08-05
20260116,2.5,2026-08-05
20260117,2.5,2026-08-05
20260118,2.5,2026-08-05
20260119,2.5,2026-08-05
20260120,2.5,2026-08-05
20260121,2.5,2026-08-05
20260122,2.5,2026-08-05
20260123,2.5,2026-08-05
20260124,2.5,2026-08-05
20260125,2.5,2026-08-05
20260126,2.5,2026-08-05
20260127,2.5,2026-08-05
20260128,2.5,2026-08-05
20260129,2.5,2026-08-05
20260130,2.5,2026-08-05
20260131,2.5,2026-08-05
20260201,2.5,2026-08-05
20260202,2.5,2026-08-05
20260203,2.5,2026-08-05
20260204,2.5,2026-08-05
20260205,2.5,2026-08-05
20260206,2.5,2026-08-05
20260207,2.5,2026-08-05
20260208,2.5,2026-08-05
20260209,2.5,2026-08-05
20260210,2.5,2026-08-05
20260211,2.5,2026-08-05
20260212,2.5,2026-08-05
20260213,2.5,2026-08-05
20260214,2.5,2026-08-05
20260215,2.5,2026-08-05
20260216,2.5,2026-08-05
20260217,2.5,2026-08-05
20260218,2.5,2026-08-05
20260219,2.5,2026-08-05
20260220,2.5,2026-08-05
20260221,2.5,2026-08-05
20260222,2.5,2026-08-05
20260223,2.5,2026-08-05
20260224,2.5,2026-08-05
20260225,2.5,2026-08-05
20260226,2.5,2026-08-05
20260227,2.5,2026-08-05
20260228,2.5,2026-08-05
20260301,2.5,2026-08-05
20260302,2.5,2026-08-05
20260303,2.5,2026-08-05
20260304,2.5,2026-08-05
20260305,2.5,2026-08-05
20260306,2.5,2026-08-05
20260307,2.5,2026-08-05
20260308,2.5,2026-08-05
20260309,2.5,2026-08-05
20260310,2.5,2026-08-05
20260311,2.5,2026-08-05
20260312,2.5,2026-08-05
20260313,2.5,2026-08-05
20260314,2.5,2026-08-05
20260315,2.5,2026-08-05
20260316,2.5,2026-08-05
20260317,2.5,2026-08-05
20260318,2.5,2026-08-05
20260319,2.5,2026-08-05
20260320,2.5,2026-08-05
20260321,2.5,2026-08-05
20260322,2.5,2026-08-05
20260323,2.5,2026-08-05
20260324,2.5,2026-08-05
20260325,2.5,2026-08-05
20260326,2.5,2026-08-05
20260327,2.5,2026-08-05
20260328,2.5,2026-08-05
20260329,2.5,2026-08-05
20260330,2.5,2026-08-05
20260331,2.5,2026-08-05
20260401,2.5,2026-08-05
20260402,2.5,2026-08-05
20260403,2.5,2026-08-05
20260404,2.5,2026-08-05
20260405,2.5,2026-08-05
20260406,2.5,2026-08-05
20260407,2.5,2026-08-05
20260408,2.5,2026-08-05
20260409,2.5,2026-08-05
20260410,2.5,2026-08-05
20260411,2.5,2026-08-05
20260412,2.5,2026-08-05
20260413,2.5,2026-08-05
20260414,2.5,2026-08-05
20260415,2.5,2026-08-05
20260416,2.5,2026-08-05
20260417,2.5,2026-08-05
20260418,2.5,2026-08-05
20260419,2.5,2026-08-05
20260420,2.5,2026-08-05
20260421,2.5,2026-08-05
20260422,2.5,2026-08-05
20260423,2.5,2026-08-05
20260424,2.5,2026-08-05
20260425,2.5,2026-08-05
20260426,2.5,2026-08-05
20260427,2.5,2026-08-05
20260428,2.5,2026-08-05
20260429,2.5,2026-08-05
20260430,2.5,2026-08-05
20260501,2.5,2026-08-05
20260502,2.5,2026-08-05
20260503,2.5,2026-08-05
20260504,2.5,2026-08-05
20260505,2.5,2026-08-05
20260506,2.5,2026-08-05
20260507,2.5,2026-08-05
20260508,2.5,2026-08-05
20260509,2.5,2026-08-05
20260510,2.5,2026-08-05
20260511,2.5,2026-08-05
20260512,2.5,2026-08-05
20260513,2.5,2026-08-05
20260514,2.5,2026-08-05
20260515,2.5,2026-08-05
20260516,2.5,2026-08-05
20260517,2.5,2026-08-05
20260518,2.5,2026-08-05
20260519,2.5,2026-08-05
20260520,2.5,2026-08-05
20260521,2.5,2026-08-05
20260522,2.5,2026-08-05
20260523,2.5,2026-08-05
20260524,2.5,2026-08-05
20260525,2.5,2026-08-05
20260526,2.5,2026-08-05
20260527,2.5,2026-08-05
20260528,2.5,2026-08-05
20260529,2.5,2026-08-05
20260530,2.5,2026-08-05
20260531,2.5,2026-08-05
20260601,2.5,2026-08-05
20260602,2.5,2026-08-05
20260603,2.5,2026-08-05
20260604,2.5,2026-08-05
20260605,2.5,2026-08-05
20260606,2.5,2026-08-05
20260607,2.5,2026-08-05
20260608,2.5,2026-08-05
20260609,2.5,2026-08-05
20260610,2.5,2026-08-05
20260611,2.5,2026-08-05
20260612,2.5,2026-08-05
20260613,2.5,2026-08-05
20260614,2.5,2026-08-05
20260615,2.5,2026-08-05
20260616,2.5,2026-08-05
20260617,2.5,2026-08-05
20260618,2.5,2026-08-05
20260619,2.5,2026-08-05
20260620,2.5,2026-08-05
20260621,2.5,2026-08-05
20260622,2.5,2026-08-05
20260623,2.5,2026-08-05
20260624,2.5,2026-08-05
20260625,2.5,2026-08-05
20260626,2.5,2026-08-05
20260627,2.5,2026-08-05
20260628,2.5,2026-08-05
20260629,2.5,2026-08-05
20260630,2.5,2026-08-05
20260701,2.5,2026-08-05
20260702,2.5,2026-08-05
20260703,2.5,2026-08-05
20260704,2.5,2026-08-05
20260705,2.5,2026-08-05
20260706,2.5,2026-08-05
20260707,2.5,2026-08-05
20260708,2.5,2026-08-05
20260709,2.5,2026-08-05
20260710,2.5,2026-08-05
20260711,2.5,2026-08-05
20260712,2.5,2026-08-05
20260713,2.5,2026-08-05
20260714,2.5,2026-08-05
20260715,2.5,2026-08-05
20260716,2.75,2026-08-05
20260717,2.75,2026-08-05
20260718,2.75,2026-08-05
20260719,2.75,2026-08-05
20260720,2.75,2026-08-05
20260721,2.75,2026-08-05
20260722,2.75,2026-08-05
20260723,2.75,2026-08-05
20260724,2.75,2026-08-05
20260725,2.75,2026-08-05
20260726,2.75,2026-08-05
20260727,2.75,2026-08-05
20260728,2.75,2026-08-05
20260729,2.75,2026-08-05
20260730,2.75,2026-08-05
20260731,2.75,2026-08-05
20260801,2.75,2026-08-05
20260802,2.75,2026-08-05
20260803,2.75,2026-08-05
