TIME,DATA_VALUE,retrieved_at
19950103,14.25,2026-08-24
19950104,14.3,2026-08-24
19950105,14.42,2026-08-24
19950106,14.45,2026-08-24
19950107,14.45,2026-08-24
19950109,14.45,2026-08-24
19950110,14.47,2026-08-24
19950111,14.5,2026-08-24
19950112,14.67,2026-08-24
19950113,15,2026-08-24
19950114,15,2026-08-24
19950116,15.1,2026-08-24
19950117,15.1,2026-08-24
19950118,15.1,2026-08-24
19950119,15.1,2026-08-24
19950120,15.08,2026-08-24
19950121,15.08,2026-08-24
19950123,15.2,2026-08-24
19950124,15.2,2026-08-24
19950125,15.2,2026-08-24
19950126,15.2,2026-08-24
19950127,15.2,2026-08-24
19950128,15.2,2026-08-24
19950202,15.23,2026-08-24
19950203,15.23,2026-08-24
19950204,15.25,2026-08-24
19950206,15.25,2026-08-24
19950207,15.25,2026-08-24
19950208,15.25,2026-08-24
19950209,15.25,2026-08-24
19950210,15.3,2026-08-24
19950211,15.3,2026-08-24
19950213,15.32,2026-08-24
19950214,15.35,2026-08-24
19950215,15.35,2026-08-24
19950216,15.4,2026-08-24
19950217,15.4,2026-08-24
19950218,15.4,2026-08-24
19950220,15.4,2026-08-24
19950221,15.4,2026-08-24
19950222,15.3,2026-08-24
19950223,15.4,2026-08-24
19950224,15.4,2026-08-24
19950225,15.4,2026-08-24
19950227,15.4,2026-08-24
19950228,15.45,2026-08-24
19950302,15.5,2026-08-24
19950303,15.5,2026-08-24
19950304,15.5,2026-08-24
19950306,15.49,2026-08-24
19950307,15.45,2026-08-24
19950308,15.35,2026-08-24
19950309,15.3,2026-08-24
19950310,15.3,2026-08-24
19950311,15.3,2026-08-24
19950313,15.3,2026-08-24
19950314,15.3,2026-08-24
19950315,15.25,2026-08-24
19950316,15.2,2026-08-24
19950317,15.1,2026-08-24
19950318,15,2026-08-24
19950320,14.8,2026-08-24
19950321,14.8,2026-08-24
19950322,14.8,2026-08-24
19950323,14.6,2026-08-24
19950324,14.45,2026-08-24
19950325,14.45,2026-08-24
19950327,14.5,2026-08-24
19950328,14.5,2026-08-24
19950329,14.4,2026-08-24
19950330,14.2,2026-08-24
19950331,14.2,2026-08-24
19950401,14.2,2026-08-24
19950403,14.2,2026-08-24
19950404,14.28,2026-08-24
19950406,14.53,2026-08-24
19950407,14.65,2026-08-24
19950408,14.65,2026-08-24
19950410,14.75,2026-08-24
19950411,14.9,2026-08-24
19950412,14.98,2026-08-24
19950413,14.8,2026-08-24
19950414,14.6,2026-08-24
19950415,14.5,2026-08-24
19950417,14.5,2026-08-24
19950418,14.64,2026-08-24
19950419,14.65,2026-08-24
19950420,14.7,2026-08-24
19950421,14.85,2026-08-24
19950422,14.9,2026-08-24
19950424,14.85,2026-08-24
19950425,14.85,2026-08-24
19950426,14.85,2026-08-24
19950427,14.8,2026-08-24
19950428,14.7,2026-08-24
19950429,14.7,2026-08-24
19950502,14.8,2026-08-24
19950503,14.88,2026-08-24
19950504,14.84,2026-08-24
19950506,14.75,2026-08-24
19950508,14.8,2026-08-24
19950509,14.8,2026-08-24
19950510,14.82,2026-08-24
19950511,14.87,2026-08-24
19950512,14.91,2026-08-24
19950513,14.91,2026-08-24
19950515,14.97,2026-08-24
19950516,14.92,2026-08-24
19950517,14.9,2026-08-24
19950518,14.9,2026-08-24
19950519,14.89,2026-08-24
19950520,14.89,2026-08-24
19950522,14.9,2026-08-24
19950523,14.9,2026-08-24
19950524,14.95,2026-08-24
19950525,15,2026-08-24
19950526,15,2026-08-24
19950527,15,2026-08-24
19950529,15,2026-08-24
19950530,15,2026-08-24
19950531,14.97,2026-08-24
19950601,14.93,2026-08-24
19950602,14.87,2026-08-24
19950603,14.79,2026-08-24
19950605,14.7,2026-08-24
19950607,14.7,2026-08-24
19950608,14.7,2026-08-24
19950609,14.63,2026-08-24
19950610,14.58,2026-08-24
19950612,14.49,2026-08-24
19950613,14.53,2026-08-24
19950614,14.63,2026-08-24
19950615,14.73,2026-08-24
19950616,14.63,2026-08-24
19950617,14.63,2026-08-24
19950619,14.61,2026-08-24
19950620,14.64,2026-08-24
19950621,14.67,2026-08-24
19950622,14.7,2026-08-24
19950623,14.63,2026-08-24
19950624,14.62,2026-08-24
19950626,14.68,2026-08-24
19950628,14.68,2026-08-24
19950629,14.66,2026-08-24
19950630,14.66,2026-08-24
19950701,14.66,2026-08-24
19950703,14.56,2026-08-24
19950704,14.53,2026-08-24
19950705,14.48,2026-08-24
19950706,14.39,2026-08-24
19950707,14.32,2026-08-24
19950708,14.42,2026-08-24
19950710,14.36,2026-08-24
19950711,14.33,2026-08-24
19950712,14.15,2026-08-24
19950713,14.1,2026-08-24
19950714,14.05,2026-08-24
19950715,14.05,2026-08-24
19950718,13.9,2026-08-24
19950719,13.87,2026-08-24
19950720,13.93,2026-08-24
19950721,14.1,2026-08-24
19950722,14.1,2026-08-24
19950724,14.1,2026-08-24
19950725,14.03,2026-08-24
19950726,14.07,2026-08-24
19950727,14.03,2026-08-24
19950728,13.88,2026-08-24
19950729,13.83,2026-08-24
19950731,13.9,2026-08-24
19950801,13.9,2026-08-24
19950802,13.96,2026-08-24
19950803,13.9,2026-08-24
19950804,13.8,2026-08-24
19950805,13.75,2026-08-24
19950807,13.65,2026-08-24
19950808,13.48,2026-08-24
19950809,13.4,2026-08-24
19950810,13.44,2026-08-24
19950811,13.32,2026-08-24
19950812,13.3,2026-08-24
19950814,13.26,2026-08-24
19950816,13.05,2026-08-24
19950817,12.77,2026-08-24
19950818,12.43,2026-08-24
19950819,12.3,2026-08-24
19950821,12.58,2026-08-24
19950822,12.9,2026-08-24
19950823,13.03,2026-08-24
19950824,13.15,2026-08-24
19950825,13.1,2026-08-24
19950826,13.12,2026-08-24
19950828,13.1,2026-08-24
19950829,13.05,2026-08-24
19950830,13.07,2026-08-24
19950831,12.98,2026-08-24
19950901,12.98,2026-08-24
19950902,12.98,2026-08-24
19950904,12.88,2026-08-24
19950905,12.85,2026-08-24
19950906,12.98,2026-08-24
19950907,13.25,2026-08-24
19950911,13.11,2026-08-24
19950912,13.13,2026-08-24
19950913,13.17,2026-08-24
19950914,13.22,2026-08-24
19950915,13.24,2026-08-24
19950916,13.24,2026-08-24
19950918,13.13,2026-08-24
19950919,12.9,2026-08-24
19950920,12.7,2026-08-24
19950921,12.83,2026-08-24
19950922,12.8,2026-08-24
19950923,12.75,2026-08-24
19950925,12.73,2026-08-24
19950926,12.7,2026-08-24
19950927,12.65,2026-08-24
19950928,12.56,2026-08-24
19950929,12.62,2026-08-24
19950930,12.55,2026-08-24
19951002,12.4,2026-08-24
19951004,12.35,2026-08-24
19951005,12.35,2026-08-24
19951006,12.35,2026-08-24
19951007,12.34,2026-08-24
19951009,12.25,2026-08-24
19951010,12.13,2026-08-24
19951011,12.13,2026-08-24
19951012,12.13,2026-08-24
19951013,12.12,2026-08-24
19951014,12.14,2026-08-24
19951016,12.2,2026-08-24
19951017,12.22,2026-08-24
19951018,12.22,2026-08-24
19951019,12.18,2026-08-24
19951020,12.06,2026-08-24
19951021,12.03,2026-08-24
19951023,12.08,2026-08-24
19951024,12.1,2026-08-24
19951025,12.08,2026-08-24
19951026,12.05,2026-08-24
19951027,12.05,2026-08-24
19951028,12.05,2026-08-24
19951030,12.05,2026-08-24
19951031,12.03,2026-08-24
19951101,11.95,2026-08-24
19951102,11.93,2026-08-24
19951103,11.98,2026-08-24
19951104,12,2026-08-24
19951106,12.04,2026-08-24
19951107,12.01,2026-08-24
19951108,12.02,2026-08-24
19951109,12.05,2026-08-24
19951110,12.07,2026-08-24
19951111,12.07,2026-08-24
19951113,12.08,2026-08-24
19951114,12.08,2026-08-24
19951115,12.08,2026-08-24
19951116,12.08,2026-08-24
19951117,12.08,2026-08-24
19951118,12.08,2026-08-24
19951120,12.08,2026-08-24
19951121,12.06,2026-08-24
19951122,12.05,2026-08-24
19951123,12,2026-08-24
19951124,11.95,2026-08-24
19951125,11.91,2026-08-24
19951127,11.81,2026-08-24
19951128,11.77,2026-08-24
19951129,11.75,2026-08-24
19951130,11.66,2026-08-24
19951201,11.55,2026-08-24
19951202,11.52,2026-08-24
19951204,11.5,2026-08-24
19951205,11.55,2026-08-24
19951206,11.56,2026-08-24
19951207,11.62,2026-08-24
19951208,11.58,2026-08-24
19951209,11.58,2026-08-24
19951211,11.52,2026-08-24
19951212,11.53,2026-08-24
19951213,11.47,2026-08-24
19951214,11.38,2026-08-24
19951215,11.42,2026-08-24
19951216,11.42,2026-08-24
19951218,11.44,2026-08-24
19951219,11.57,2026-08-24
19951220,11.67,2026-08-24
19951221,11.88,2026-08-24
19951222,11.88,2026-08-24
19951223,11.83,2026-08-24
19951226,11.9,2026-08-24
19951227,11.95,2026-08-24
19951228,11.98,2026-08-24
19951229,11.93,2026-08-24
19951230,11.93,2026-08-24
19960103,11.88,2026-08-24
19960104,11.9,2026-08-24
19960105,11.94,2026-08-24
19960106,11.9,2026-08-24
19960108,11.9,2026-08-24
19960109,11.9,2026-08-24
19960110,11.91,2026-08-24
19960111,11.88,2026-08-24
19960112,11.9,2026-08-24
19960113,11.9,2026-08-24
19960115,11.93,2026-08-24
19960116,11.97,2026-08-24
19960117,12.05,2026-08-24
19960118,12.15,2026-08-24
19960119,12.15,2026-08-24
19960120,12.13,2026-08-24
19960122,12.05,2026-08-24
19960123,12.08,2026-08-24
19960124,12.1,2026-08-24
19960125,12.13,2026-08-24
19960126,12.1,2026-08-24
19960127,12.1,2026-08-24
19960129,12.09,2026-08-24
19960130,12.06,2026-08-24
19960131,12.04,2026-08-24
19960201,12.01,2026-08-24
19960202,12,2026-08-24
19960203,12.05,2026-08-24
19960205,12.07,2026-08-24
19960206,12,2026-08-24
19960207,11.93,2026-08-24
19960208,11.92,2026-08-24
19960209,11.91,2026-08-24
19960210,11.91,2026-08-24
19960212,11.83,2026-08-24
19960213,11.82,2026-08-24
19960214,11.84,2026-08-24
19960215,11.82,2026-08-24
19960216,11.79,2026-08-24
19960217,11.79,2026-08-24
19960221,11.78,2026-08-24
19960222,11.83,2026-08-24
19960223,11.83,2026-08-24
19960224,11.8,2026-08-24
19960226,11.8,2026-08-24
19960227,11.84,2026-08-24
19960228,11.86,2026-08-24
19960229,11.86,2026-08-24
19960302,11.86,2026-08-24
19960304,11.9,2026-08-24
19960305,11.93,2026-08-24
19960306,11.97,2026-08-24
19960307,11.95,2026-08-24
19960308,11.92,2026-08-24
19960309,11.91,2026-08-24
19960311,11.89,2026-08-24
19960312,11.87,2026-08-24
19960313,11.9,2026-08-24
19960314,11.88,2026-08-24
19960315,11.87,2026-08-24
19960316,11.86,2026-08-24
19960318,11.79,2026-08-24
19960319,11.76,2026-08-24
19960320,11.75,2026-08-24
19960321,11.65,2026-08-24
19960322,11.57,2026-08-24
19960323,11.55,2026-08-24
19960325,11.54,2026-08-24
19960326,11.62,2026-08-24
19960327,11.6,2026-08-24
19960328,11.55,2026-08-24
19960329,11.49,2026-08-24
19960330,11.44,2026-08-24
19960401,11.28,2026-08-24
19960402,11.27,2026-08-24
19960403,11.38,2026-08-24
19960404,11.4,2026-08-24
19960406,11.42,2026-08-24
19960408,11.33,2026-08-24
19960409,11.2,2026-08-24
19960410,11.23,2026-08-24
19960412,11.2,2026-08-24
19960413,11.1,2026-08-24
19960415,11,2026-08-24
19960416,10.9,2026-08-24
19960417,10.94,2026-08-24
19960418,10.96,2026-08-24
19960419,11.03,2026-08-24
19960420,11,2026-08-24
19960422,10.9,2026-08-24
19960423,10.78,2026-08-24
19960424,10.67,2026-08-24
19960425,10.53,2026-08-24
19960426,10.4,2026-08-24
19960427,10.48,2026-08-24
19960429,10.46,2026-08-24
19960430,10.44,2026-08-24
19960502,10.57,2026-08-24
19960503,10.74,2026-08-24
19960504,10.68,2026-08-24
19960506,10.9,2026-08-24
19960507,10.8,2026-08-24
19960508,10.83,2026-08-24
19960509,10.8,2026-08-24
19960510,10.78,2026-08-24
19960511,10.78,2026-08-24
19960513,10.82,2026-08-24
19960514,10.9,2026-08-24
19960515,11.1,2026-08-24
19960516,11.21,2026-08-24
19960517,11.18,2026-08-24
19960518,11.13,2026-08-24
19960520,11.18,2026-08-24
19960521,11.18,2026-08-24
19960522,11.16,2026-08-24
19960523,11.11,2026-08-24
19960525,11.11,2026-08-24
19960527,11.25,2026-08-24
19960528,11.39,2026-08-24
19960529,11.43,2026-08-24
19960530,11.37,2026-08-24
19960531,11.36,2026-08-24
19960601,11.35,2026-08-24
19960603,11.35,2026-08-24
19960604,11.28,2026-08-24
19960605,11.2,2026-08-24
19960607,11.25,2026-08-24
19960608,11.3,2026-08-24
19960610,11.28,2026-08-24
19960611,11.28,2026-08-24
19960612,11.4,2026-08-24
19960613,11.5,2026-08-24
19960614,11.58,2026-08-24
19960615,11.58,2026-08-24
19960617,11.71,2026-08-24
19960618,11.71,2026-08-24
19960619,11.69,2026-08-24
19960620,11.65,2026-08-24
19960621,11.72,2026-08-24
19960622,11.72,2026-08-24
19960624,11.8,2026-08-24
19960625,11.8,2026-08-24
19960626,11.78,2026-08-24
19960627,11.79,2026-08-24
19960628,11.73,2026-08-24
19960629,11.7,2026-08-24
19960701,11.7,2026-08-24
19960702,11.75,2026-08-24
19960703,11.73,2026-08-24
19960704,11.75,2026-08-24
19960705,11.84,2026-08-24
19960706,11.9,2026-08-24
19960708,12,2026-08-24
19960709,11.98,2026-08-24
19960710,11.98,2026-08-24
19960711,11.88,2026-08-24
19960712,11.86,2026-08-24
19960713,11.83,2026-08-24
19960715,11.9,2026-08-24
19960716,11.92,2026-08-24
19960718,11.89,2026-08-24
19960719,11.89,2026-08-24
19960720,11.89,2026-08-24
19960722,11.92,2026-08-24
19960723,11.92,2026-08-24
19960724,11.95,2026-08-24
19960725,11.97,2026-08-24
19960726,12.02,2026-08-24
19960727,12.02,2026-08-24
19960729,12.02,2026-08-24
19960730,12.05,2026-08-24
19960731,12.1,2026-08-24
19960801,12.16,2026-08-24
19960802,12.15,2026-08-24
19960803,12.16,2026-08-24
19960805,12.23,2026-08-24
19960806,12.3,2026-08-24
19960807,12.32,2026-08-24
19960808,12.25,2026-08-24
19960809,12.2,2026-08-24
19960810,12.22,2026-08-24
19960812,12.3,2026-08-24
19960813,12.3,2026-08-24
19960814,12.34,2026-08-24
19960816,12.36,2026-08-24
19960817,12.36,2026-08-24
19960819,12.46,2026-08-24
19960820,12.49,2026-08-24
19960821,12.58,2026-08-24
19960822,12.58,2026-08-24
19960823,12.51,2026-08-24
19960824,12.49,2026-08-24
19960826,12.49,2026-08-24
19960827,12.52,2026-08-24
19960828,12.47,2026-08-24
19960829,12.36,2026-08-24
19960830,12.22,2026-08-24
19960831,12.14,2026-08-24
19960902,12.14,2026-08-24
19960903,12.18,2026-08-24
19960904,12.16,2026-08-24
19960905,12.15,2026-08-24
19960906,12.16,2026-08-24
19960907,12.15,2026-08-24
19960909,12.15,2026-08-24
19960910,12.18,2026-08-24
19960911,12.18,2026-08-24
19960912,12.07,2026-08-24
19960913,11.98,2026-08-24
19960914,11.92,2026-08-24
19960916,11.95,2026-08-24
19960917,12.06,2026-08-24
19960918,12.11,2026-08-24
19960919,12.17,2026-08-24
19960920,12.2,2026-08-24
19960921,12.4,2026-08-24
19960923,12.4,2026-08-24
19960924,12.42,2026-08-24
19960925,12.4,2026-08-24
19960930,12.4,2026-08-24
19961001,12.35,2026-08-24
19961002,12.3,2026-08-24
19961004,12.38,2026-08-24
19961005,12.45,2026-08-24
19961007,12.42,2026-08-24
19961008,12.28,2026-08-24
19961009,11.98,2026-08-24
19961010,11.98,2026-08-24
19961011,11.95,2026-08-24
19961012,11.93,2026-08-24
19961014,11.86,2026-08-24
19961015,11.91,2026-08-24
19961016,11.98,2026-08-24
19961017,11.98,2026-08-24
19961018,11.98,2026-08-24
19961019,11.94,2026-08-24
19961021,11.94,2026-08-24
19961022,12.1,2026-08-24
19961023,12.13,2026-08-24
19961024,12.12,2026-08-24
19961025,12.06,2026-08-24
19961026,12.03,2026-08-24
19961028,11.98,2026-08-24
19961029,12.05,2026-08-24
19961030,12.08,2026-08-24
19961031,12.05,2026-08-24
19961101,12.08,2026-08-24
19961102,12.1,2026-08-24
19961104,12.15,2026-08-24
19961105,12.17,2026-08-24
19961106,12.16,2026-08-24
19961107,12.1,2026-08-24
19961108,12.1,2026-08-24
19961109,12.15,2026-08-24
19961111,12.12,2026-08-24
19961112,12.08,2026-08-24
19961113,12.04,2026-08-24
19961114,12,2026-08-24
19961115,12.04,2026-08-24
19961116,12.03,2026-08-24
19961118,12.03,2026-08-24
19961119,12.07,2026-08-24
19961120,12.15,2026-08-24
19961121,12.23,2026-08-24
19961122,12.3,2026-08-24
19961123,12.3,2026-08-24
19961125,12.48,2026-08-24
19961126,12.43,2026-08-24
19961127,12.33,2026-08-24
19961128,12.22,2026-08-24
19961129,12.3,2026-08-24
19961130,12.28,2026-08-24
19961202,12.3,2026-08-24
19961203,12.38,2026-08-24
19961204,12.43,2026-08-24
19961205,12.59,2026-08-24
19961206,12.65,2026-08-24
19961207,12.65,2026-08-24
19961209,12.52,2026-08-24
19961210,12.52,2026-08-24
19961211,12.57,2026-08-24
19961212,12.54,2026-08-24
19961213,12.5,2026-08-24
19961214,12.48,2026-08-24
19961216,12.48,2026-08-24
19961217,12.55,2026-08-24
19961218,12.6,2026-08-24
19961219,12.62,2026-08-24
19961220,12.6,2026-08-24
19961221,12.6,2026-08-24
19961223,12.58,2026-08-24
19961224,12.63,2026-08-24
19961226,12.7,2026-08-24
19961227,12.7,2026-08-24
19961228,12.7,2026-08-24
19961230,12.67,2026-08-24
19961231,12.6,2026-08-24
19970103,12.42,2026-08-24
19970104,12.42,2026-08-24
19970106,12.45,2026-08-24
19970107,12.45,2026-08-24
19970108,12.4,2026-08-24
19970109,12.25,2026-08-24
19970110,12.25,2026-08-24
19970111,12.3,2026-08-24
19970113,12.25,2026-08-24
19970114,12.23,2026-08-24
19970115,12.22,2026-08-24
19970116,12.08,2026-08-24
19970117,12.01,2026-08-24
19970118,11.95,2026-08-24
19970120,11.85,2026-08-24
19970121,12.02,2026-08-24
19970122,12.05,2026-08-24
19970123,12.02,2026-08-24
19970124,12.08,2026-08-24
19970125,12.06,2026-08-24
19970127,12.07,2026-08-24
19970128,12.02,2026-08-24
19970129,11.97,2026-08-24
19970130,11.97,2026-08-24
19970131,12,2026-08-24
19970201,12,2026-08-24
19970203,12,2026-08-24
19970204,12,2026-08-24
19970205,12,2026-08-24
19970206,12,2026-08-24
19970210,11.93,2026-08-24
19970211,11.9,2026-08-24
19970212,11.95,2026-08-24
19970213,12.02,2026-08-24
19970214,12.02,2026-08-24
19970215,12.02,2026-08-24
19970217,12.1,2026-08-24
19970218,12.25,2026-08-24
19970219,12.3,2026-08-24
19970220,12.32,2026-08-24
19970221,12.45,2026-08-24
19970222,12.44,2026-08-24
19970224,12.4,2026-08-24
19970225,12.37,2026-08-24
19970226,12.38,2026-08-24
19970227,12.38,2026-08-24
19970228,12.4,2026-08-24
19970303,12.43,2026-08-24
19970304,12.45,2026-08-24
19970305,12.44,2026-08-24
19970306,12.5,2026-08-24
19970307,12.53,2026-08-24
19970308,12.55,2026-08-24
19970310,12.7,2026-08-24
19970311,12.7,2026-08-24
19970312,12.7,2026-08-24
19970313,12.7,2026-08-24
19970314,12.65,2026-08-24
19970315,12.57,2026-08-24
19970317,12.65,2026-08-24
19970318,12.75,2026-08-24
19970319,12.85,2026-08-24
19970320,12.85,2026-08-24
19970321,12.88,2026-08-24
19970322,12.89,2026-08-24
19970324,13,2026-08-24
19970325,12.98,2026-08-24
19970326,12.85,2026-08-24
19970327,12.73,2026-08-24
19970328,12.68,2026-08-24
19970329,12.66,2026-08-24
19970331,12.5,2026-08-24
19970401,12.48,2026-08-24
19970402,12.5,2026-08-24
19970403,12.5,2026-08-24
19970407,12.55,2026-08-24
19970408,12.5,2026-08-24
19970409,12.47,2026-08-24
19970410,12.47,2026-08-24
19970411,12.45,2026-08-24
19970412,12.47,2026-08-24
19970414,12.47,2026-08-24
19970415,12.5,2026-08-24
19970416,12.55,2026-08-24
19970417,12.6,2026-08-24
19970418,12.53,2026-08-24
19970419,12.43,2026-08-24
19970421,12.43,2026-08-24
19970422,12.43,2026-08-24
19970423,12.5,2026-08-24
19970424,12.52,2026-08-24
19970425,12.52,2026-08-24
19970426,12.5,2026-08-24
19970428,12.5,2026-08-24
19970429,12.52,2026-08-24
19970430,12.5,2026-08-24
19970502,12.5,2026-08-24
19970503,12.5,2026-08-24
19970506,12.48,2026-08-24
19970507,12.48,2026-08-24
19970508,12.45,2026-08-24
19970509,12.33,2026-08-24
19970510,12.28,2026-08-24
19970512,12.28,2026-08-24
19970513,12.3,2026-08-24
19970515,12.25,2026-08-24
19970516,12.2,2026-08-24
19970517,12.17,2026-08-24
19970519,12.15,2026-08-24
19970520,12.2,2026-08-24
19970521,12.19,2026-08-24
19970522,12.17,2026-08-24
19970523,12.2,2026-08-24
19970524,12.19,2026-08-24
19970526,12.19,2026-08-24
19970527,12.13,2026-08-24
19970528,11.98,2026-08-24
19970529,11.86,2026-08-24
19970530,11.86,2026-08-24
19970531,11.9,2026-08-24
19970602,11.88,2026-08-24
19970603,11.85,2026-08-24
19970604,11.65,2026-08-24
19970605,11.52,2026-08-24
19970607,11.45,2026-08-24
19970609,11.38,2026-08-24
19970610,11.42,2026-08-24
19970611,11.53,2026-08-24
19970612,11.58,2026-08-24
19970613,11.5,2026-08-24
19970614,11.5,2026-08-24
19970616,11.5,2026-08-24
19970617,11.65,2026-08-24
19970618,11.65,2026-08-24
19970619,11.68,2026-08-24
19970620,11.65,2026-08-24
19970621,11.65,2026-08-24
19970623,11.75,2026-08-24
19970624,11.9,2026-08-24
19970625,11.9,2026-08-24
19970626,11.75,2026-08-24
19970627,11.72,2026-08-24
19970628,11.72,2026-08-24
19970630,11.75,2026-08-24
19970701,11.63,2026-08-24
19970702,11.59,2026-08-24
19970703,11.57,2026-08-24
19970704,11.7,2026-08-24
19970705,11.7,2026-08-24
19970707,11.75,2026-08-24
19970708,11.72,2026-08-24
19970709,11.72,2026-08-24
19970710,11.72,2026-08-24
19970711,11.75,2026-08-24
19970712,11.75,2026-08-24
19970714,11.87,2026-08-24
19970715,11.95,2026-08-24
19970716,12.05,2026-08-24
19970718,12.13,2026-08-24
19970719,12.13,2026-08-24
19970721,12.13,2026-08-24
19970722,12.16,2026-08-24
19970723,12.1,2026-08-24
19970724,11.92,2026-08-24
19970725,11.9,2026-08-24
19970726,11.9,2026-08-24
19970728,11.8,2026-08-24
19970729,11.87,2026-08-24
19970730,11.91,2026-08-24
19970731,11.9,2026-08-24
19970801,11.95,2026-08-24
19970802,11.95,2026-08-24
19970804,11.98,2026-08-24
19970805,11.92,2026-08-24
19970806,11.94,2026-08-24
19970807,11.94,2026-08-24
19970808,11.94,2026-08-24
19970809,11.94,2026-08-24
19970811,12,2026-08-24
19970812,12.1,2026-08-24
19970813,12.1,2026-08-24
19970814,12.15,2026-08-24
19970816,12.15,2026-08-24
19970818,12.25,2026-08-24
19970819,12.32,2026-08-24
19970820,12.31,2026-08-24
19970821,12.29,2026-08-24
19970822,12.27,2026-08-24
19970823,12.22,2026-08-24
19970825,12.15,2026-08-24
19970826,12.25,2026-08-24
19970827,12.23,2026-08-24
19970828,12.2,2026-08-24
19970829,12.16,2026-08-24
19970830,12.16,2026-08-24
19970901,12.25,2026-08-24
19970902,12.3,2026-08-24
19970903,12.3,2026-08-24
19970904,12.25,2026-08-24
19970905,12.18,2026-08-24
19970906,12.18,2026-08-24
19970908,12.2,2026-08-24
19970909,12.27,2026-08-24
19970910,12.35,2026-08-24
19970911,12.4,2026-08-24
19970912,12.35,2026-08-24
19970913,12.35,2026-08-24
19970918,12.32,2026-08-24
19970919,12.32,2026-08-24
19970920,12.32,2026-08-24
19970922,12.36,2026-08-24
19970923,12.4,2026-08-24
19970924,12.42,2026-08-24
19970925,12.5,2026-08-24
19970926,12.55,2026-08-24
19970927,12.55,2026-08-24
19970929,12.63,2026-08-24
19970930,12.6,2026-08-24
19971001,12.5,2026-08-24
19971002,12.52,2026-08-24
19971004,12.52,2026-08-24
19971006,12.5,2026-08-24
19971007,12.52,2026-08-24
19971008,12.55,2026-08-24
19971009,12.57,2026-08-24
19971010,12.6,2026-08-24
19971011,12.6,2026-08-24
19971013,12.6,2026-08-24
19971014,12.55,2026-08-24
19971015,12.52,2026-08-24
19971016,12.55,2026-08-24
19971017,12.5,2026-08-24
19971018,12.5,2026-08-24
19971020,12.5,2026-08-24
19971021,12.45,2026-08-24
19971022,12.35,2026-08-24
19971023,12.3,2026-08-24
19971024,12.42,2026-08-24
19971025,12.42,2026-08-24
19971027,12.6,2026-08-24
19971028,12.7,2026-08-24
19971029,12.63,2026-08-24
19971030,12.62,2026-08-24
19971031,12.6,2026-08-24
19971101,12.6,2026-08-24
19971103,12.6,2026-08-24
19971104,12.55,2026-08-24
19971105,12.58,2026-08-24
19971106,12.68,2026-08-24
19971107,12.8,2026-08-24
19971108,12.8,2026-08-24
19971110,12.9,2026-08-24
19971111,13,2026-08-24
19971112,13.15,2026-08-24
19971113,13.22,2026-08-24
19971114,13.3,2026-08-24
19971115,13.3,2026-08-24
19971117,13.4,2026-08-24
19971118,13.65,2026-08-24
19971119,14,2026-08-24
19971120,14.3,2026-08-24
19971121,14.5,2026-08-24
19971122,14.5,2026-08-24
19971124,16.05,2026-08-24
19971125,17.6,2026-08-24
19971126,18.55,2026-08-24
19971127,17.25,2026-08-24
19971128,15.64,2026-08-24
19971129,15.1,2026-08-24
19971201,17.5,2026-08-24
19971202,18.23,2026-08-24
19971203,18.74,2026-08-24
19971204,18.85,2026-08-24
19971205,19.19,2026-08-24
19971206,19.95,2026-08-24
19971208,22.95,2026-08-24
19971209,24.95,2026-08-24
19971210,25.48,2026-08-24
19971211,22.9,2026-08-24
19971212,24.68,2026-08-24
19971213,22.43,2026-08-24
19971215,20.78,2026-08-24
19971216,21.2,2026-08-24
19971217,23.31,2026-08-24
19971219,26.14,2026-08-24
19971220,27.15,2026-08-24
19971222,30,2026-08-24
19971223,31.11,2026-08-24
19971224,29,2026-08-24
19971226,27,2026-08-24
19971227,27,2026-08-24
19971229,29.49,2026-08-24
19971230,30.89,2026-08-24
19971231,28.98,2026-08-24
19980103,28.98,2026-08-24
19980105,25.53,2026-08-24
19980106,25,2026-08-24
19980107,25,2026-08-24
19980108,25,2026-08-24
19980109,24.45,2026-08-24
19980110,24.05,2026-08-24
19980112,22.51,2026-08-24
19980113,22.5,2026-08-24
19980114,23,2026-08-24
19980115,23.5,2026-08-24
19980116,23.5,2026-08-24
19980119,24.5,2026-08-24
19980120,24.5,2026-08-24
19980121,23.3,2026-08-24
19980122,22.8,2026-08-24
19980123,22,2026-08-24
19980126,21.2,2026-08-24
19980130,18.5,2026-08-24
19980202,19.5,2026-08-24
19980203,19.32,2026-08-24
19980204,18.11,2026-08-24
19980205,18.22,2026-08-24
19980206,18.42,2026-08-24
19980209,18.23,2026-08-24
19980210,18.81,2026-08-24
19980211,20,2026-08-24
19980212,20.26,2026-08-24
19980213,20,2026-08-24
19980216,20.5,2026-08-24
19980217,21.5,2026-08-24
19980218,21,2026-08-24
19980219,20.5,2026-08-24
19980220,20,2026-08-24
19980223,20,2026-08-24
19980224,20,2026-08-24
19980225,20.5,2026-08-24
19980226,20.5,2026-08-24
19980227,20.5,2026-08-24
19980302,19.84,2026-08-24
19980303,19,2026-08-24
19980304,19,2026-08-24
19980305,19,2026-08-24
19980306,19.5,2026-08-24
19980309,19.66,2026-08-24
19980310,19.5,2026-08-24
19980311,19.5,2026-08-24
19980312,19.5,2026-08-24
19980313,19.5,2026-08-24
19980316,19,2026-08-24
19980317,18.74,2026-08-24
19980318,18.5,2026-08-24
19980319,18.5,2026-08-24
19980320,18.5,2026-08-24
19980323,18.5,2026-08-24
19980324,18.5,2026-08-24
19980325,18.5,2026-08-24
19980326,18.5,2026-08-24
19980327,18.5,2026-08-24
19980330,18.5,2026-08-24
19980331,18.28,2026-08-24
19980401,18.14,2026-08-24
19980402,18.22,2026-08-24
19980403,18.3,2026-08-24
19980406,18.5,2026-08-24
19980407,18.5,2026-08-24
19980408,18.5,2026-08-24
19980409,18.27,2026-08-24
19980410,17.9,2026-08-24
19980413,17.5,2026-08-24
19980414,17.67,2026-08-24
19980415,17.8,2026-08-24
19980416,17.9,2026-08-24
19980417,17.9,2026-08-24
19980420,17.9,2026-08-24
19980421,18,2026-08-24
19980422,18.07,2026-08-24
19980423,18.2,2026-08-24
19980424,18.4,2026-08-24
19980427,18.4,2026-08-24
19980428,18.32,2026-08-24
19980429,18.11,2026-08-24
19980430,17.7,2026-08-24
19980504,17.65,2026-08-24
19980506,17.65,2026-08-24
19980507,17.7,2026-08-24
19980508,17.7,2026-08-24
19980511,17.7,2026-08-24
19980512,17.7,2026-08-24
19980513,17.8,2026-08-24
19980514,17.8,2026-08-24
19980515,18,2026-08-24
19980518,18.08,2026-08-24
19980519,18.1,2026-08-24
19980520,18.1,2026-08-24
19980521,18.1,2026-08-24
19980522,18.1,2026-08-24
19980525,18.03,2026-08-24
19980526,18.03,2026-08-24
19980527,17.97,2026-08-24
19980528,17.97,2026-08-24
19980529,17.82,2026-08-24
19980601,17.61,2026-08-24
19980602,17.61,2026-08-24
19980603,17.5,2026-08-24
19980605,17.5,2026-08-24
19980608,17.4,2026-08-24
19980610,16.81,2026-08-24
19980611,16.8,2026-08-24
19980612,16.8,2026-08-24
19980615,16.8,2026-08-24
19980616,17,2026-08-24
19980617,16.9,2026-08-24
19980618,16.65,2026-08-24
19980619,16,2026-08-24
19980622,16,2026-08-24
19980623,16,2026-08-24
19980624,16,2026-08-24
19980625,16,2026-08-24
19980629,16,2026-08-24
19980630,16,2026-08-24
19980701,15.5,2026-08-24
19980702,15,2026-08-24
19980703,14.5,2026-08-24
19980706,13.8,2026-08-24
19980707,13.7,2026-08-24
19980708,13.8,2026-08-24
19980709,14.1,2026-08-24
19980710,14.75,2026-08-24
19980713,14.85,2026-08-24
19980714,14.85,2026-08-24
19980715,14.5,2026-08-24
19980716,13.5,2026-08-24
19980720,12.84,2026-08-24
19980721,12.9,2026-08-24
19980722,12.9,2026-08-24
19980723,13,2026-08-24
19980724,12.95,2026-08-24
19980727,12.9,2026-08-24
19980728,12.8,2026-08-24
19980729,12.5,2026-08-24
19980730,12.4,2026-08-24
19980731,12.3,2026-08-24
19980803,11.9,2026-08-24
19980804,11.7,2026-08-24
19980805,11.7,2026-08-24
19980806,12.01,2026-08-24
19980807,12.23,2026-08-24
19980810,12.1,2026-08-24
19980811,12.1,2026-08-24
19980812,12.5,2026-08-24
19980813,12.6,2026-08-24
19980814,12.9,2026-08-24
19980817,12.9,2026-08-24
19980818,13.2,2026-08-24
19980819,13.2,2026-08-24
19980820,13,2026-08-24
19980821,12.8,2026-08-24
19980827,11.9,2026-08-24
19980828,11.9,2026-08-24
19980831,11.7,2026-08-24
19980901,11.94,2026-08-24
19980902,11.95,2026-08-24
19980903,12.2,2026-08-24
19980904,12.15,2026-08-24
19980907,12.15,2026-08-24
19980908,12.55,2026-08-24
19980909,12.66,2026-08-24
19980910,12.7,2026-08-24
19980911,13.1,2026-08-24
19980914,13.5,2026-08-24
19980915,13.3,2026-08-24
19980916,12.9,2026-08-24
19980917,12.5,2026-08-24
19980918,12.6,2026-08-24
19980921,12.56,2026-08-24
19980922,12.55,2026-08-24
19980923,12.5,2026-08-24
19980924,12.35,2026-08-24
19980925,12.4,2026-08-24
19980928,12.4,2026-08-24
19980929,12.25,2026-08-24
19980930,11.9,2026-08-24
19981001,11.4,2026-08-24
19981002,10.7,2026-08-24
19981007,10.65,2026-08-24
19981008,10.5,2026-08-24
19981009,10.3,2026-08-24
19981012,10.25,2026-08-24
19981013,10.25,2026-08-24
19981014,10.15,2026-08-24
19981015,9.55,2026-08-24
19981016,9.23,2026-08-24
19981019,9.7,2026-08-24
19981020,9.5,2026-08-24
19981021,9.5,2026-08-24
19981022,9.5,2026-08-24
19981023,9.71,2026-08-24
19981026,10,2026-08-24
19981027,10.03,2026-08-24
19981028,9.92,2026-08-24
19981029,10,2026-08-24
19981030,10,2026-08-24
19981102,9.68,2026-08-24
19981103,9.5,2026-08-24
19981104,9.5,2026-08-24
19981105,9.5,2026-08-24
19981106,9.5,2026-08-24
19981109,9.5,2026-08-24
19981110,9.5,2026-08-24
19981111,9.6,2026-08-24
19981112,9.91,2026-08-24
19981113,9.9,2026-08-24
19981116,9.9,2026-08-24
19981117,9.9,2026-08-24
19981118,9.9,2026-08-24
19981119,9.83,2026-08-24
19981120,9.71,2026-08-24
19981123,9.65,2026-08-24
19981124,9.55,2026-08-24
19981125,9.32,2026-08-24
19981126,9.25,2026-08-24
19981127,9.25,2026-08-24
19981130,9.25,2026-08-24
19981201,9.28,2026-08-24
19981202,9.3,2026-08-24
19981203,9.3,2026-08-24
19981204,9.09,2026-08-24
19981207,8.5,2026-08-24
19981208,8.5,2026-08-24
19981209,8.42,2026-08-24
19981210,8.13,2026-08-24
19981211,8,2026-08-24
19981214,7.8,2026-08-24
19981215,7.9,2026-08-24
19981216,8,2026-08-24
19981217,8,2026-08-24
19981218,8.09,2026-08-24
19981221,8.1,2026-08-24
19981222,8.1,2026-08-24
19981223,8.1,2026-08-24
19981224,8.1,2026-08-24
19981228,8,2026-08-24
19981229,8,2026-08-24
19981230,8,2026-08-24
19981231,8,2026-08-24
19990104,7.95,2026-08-24
19990105,7.73,2026-08-24
19990106,7.65,2026-08-24
19990107,7.3,2026-08-24
19990108,7.19,2026-08-24
19990109,7.19,2026-08-24
19990111,7.15,2026-08-24
19990112,7.26,2026-08-24
19990113,7.33,2026-08-24
19990114,7.82,2026-08-24
19990115,7.83,2026-08-24
19990116,7.83,2026-08-24
19990118,7.89,2026-08-24
19990119,8,2026-08-24
19990120,8,2026-08-24
19990121,8.39,2026-08-24
19990122,8.4,2026-08-24
19990123,8.4,2026-08-24
19990125,8.43,2026-08-24
19990126,8.48,2026-08-24
19990127,8.44,2026-08-24
19990128,8.3,2026-08-24
19990129,8.13,2026-08-24
19990130,8.13,2026-08-24
19990201,8.13,2026-08-24
19990202,8.1,2026-08-24
19990203,8.1,2026-08-24
19990204,8.1,2026-08-24
19990205,8.1,2026-08-24
19990208,8.14,2026-08-24
19990209,8.89,2026-08-24
19990210,8.83,2026-08-24
19990211,8.81,2026-08-24
19990212,8.79,2026-08-24
19990218,8.79,2026-08-24
19990219,8.79,2026-08-24
19990222,8.79,2026-08-24
19990223,8.8,2026-08-24
19990224,8.79,2026-08-24
19990225,8.73,2026-08-24
19990226,8.65,2026-08-24
19990302,8.48,2026-08-24
19990303,8.5,2026-08-24
19990304,8.58,2026-08-24
19990305,8.68,2026-08-24
19990308,8.65,2026-08-24
19990309,8.67,2026-08-24
19990310,8.69,2026-08-24
19990311,8.74,2026-08-24
19990312,8.75,2026-08-24
19990315,8.75,2026-08-24
19990316,8.75,2026-08-24
19990317,8.71,2026-08-24
19990318,8.72,2026-08-24
19990319,8.71,2026-08-24
19990322,8.66,2026-08-24
19990323,8.61,2026-08-24
19990324,8.54,2026-08-24
19990325,8.31,2026-08-24
19990326,8.2,2026-08-24
19990329,8.1,2026-08-24
19990330,8.1,2026-08-24
19990331,8.1,2026-08-24
19990401,7.98,2026-08-24
19990402,7.85,2026-08-24
19990406,7.75,2026-08-24
19990407,7.69,2026-08-24
19990408,7.56,2026-08-24
19990409,7.64,2026-08-24
19990412,7.64,2026-08-24
19990413,7.64,2026-08-24
19990414,7.65,2026-08-24
19990415,7.65,2026-08-24
19990416,7.62,2026-08-24
19990419,7.38,2026-08-24
19990420,7.23,2026-08-24
19990421,7.3,2026-08-24
19990422,7.3,2026-08-24
19990423,7.33,2026-08-24
19990426,7.35,2026-08-24
19990427,7.36,2026-08-24
19990428,7.4,2026-08-24
19990429,7.52,2026-08-24
19990430,7.74,2026-08-24
19990503,7.96,2026-08-24
19990504,7.91,2026-08-24
19990506,7.94,2026-08-24
19990507,8.03,2026-08-24
19990510,8.26,2026-08-24
19990511,8.29,2026-08-24
19990512,8.35,2026-08-24
19990513,8.44,2026-08-24
19990514,8.52,2026-08-24
19990517,8.48,2026-08-24
19990518,8.5,2026-08-24
19990519,8.5,2026-08-24
19990520,8.47,2026-08-24
19990521,8.47,2026-08-24
19990524,8.44,2026-08-24
19990525,8.37,2026-08-24
19990526,8.32,2026-08-24
19990527,8.34,2026-08-24
19990528,8.39,2026-08-24
19990531,8.37,2026-08-24
19990601,8.4,2026-08-24
19990602,8.36,2026-08-24
19990603,8.28,2026-08-24
19990604,8.07,2026-08-24
19990607,7.96,2026-08-24
19990608,8,2026-08-24
19990609,8.04,2026-08-24
19990610,7.99,2026-08-24
19990611,8.02,2026-08-24
19990614,8.04,2026-08-24
19990615,8.05,2026-08-24
19990616,8.04,2026-08-24
19990617,7.99,2026-08-24
19990618,8.02,2026-08-24
19990621,8.06,2026-08-24
19990622,8.06,2026-08-24
19990623,8.06,2026-08-24
19990624,8.06,2026-08-24
19990625,8.04,2026-08-24
19990628,8.01,2026-08-24
19990629,7.98,2026-08-24
19990630,7.96,2026-08-24
19990701,7.92,2026-08-24
19990702,7.85,2026-08-24
19990705,7.84,2026-08-24
19990706,7.85,2026-08-24
19990707,7.85,2026-08-24
19990708,7.9,2026-08-24
19990709,7.99,2026-08-24
19990712,8.24,2026-08-24
19990713,8.31,2026-08-24
19990714,8.3,2026-08-24
19990715,8.48,2026-08-24
19990716,8.63,2026-08-24
19990719,9.01,2026-08-24
19990720,8.94,2026-08-24
19990721,9.07,2026-08-24
19990722,9.08,2026-08-24
19990723,9.5,2026-08-24
19990726,9.26,2026-08-24
19990727,9.08,2026-08-24
19990728,9.06,2026-08-24
19990729,9.06,2026-08-24
19990730,9.22,2026-08-24
19990802,9.3,2026-08-24
19990803,9.32,2026-08-24
19990804,9.32,2026-08-24
19990805,9.46,2026-08-24
19990806,9.5,2026-08-24
19990809,9.73,2026-08-24
19990810,9.91,2026-08-24
19990811,9.87,2026-08-24
19990812,9.7,2026-08-24
19990813,9.86,2026-08-24
19990816,9.91,2026-08-24
19990817,9.87,2026-08-24
19990818,9.89,2026-08-24
19990819,9.96,2026-08-24
19990820,10.27,2026-08-24
19990823,10.26,2026-08-24
19990824,10.13,2026-08-24
19990825,10.11,2026-08-24
19990826,10.12,2026-08-24
19990827,10.14,2026-08-24
19990830,10.18,2026-08-24
19990831,10.26,2026-08-24
19990901,10.27,2026-08-24
19990902,10.33,2026-08-24
19990903,10.41,2026-08-24
19990906,10.41,2026-08-24
19990907,10.41,2026-08-24
19990908,10.42,2026-08-24
19990909,10.42,2026-08-24
19990910,10.41,2026-08-24
19990913,10.41,2026-08-24
19990914,10.43,2026-08-24
19990915,10.49,2026-08-24
19990916,10.59,2026-08-24
19990917,10.82,2026-08-24
19990920,10.82,2026-08-24
19990921,10.68,2026-08-24
19990922,10.58,2026-08-24
19990927,9.96,2026-08-24
19990928,9.94,2026-08-24
19990929,10.02,2026-08-24
19990930,9.95,2026-08-24
19991001,9.86,2026-08-24
19991004,9.45,2026-08-24
19991005,9.23,2026-08-24
19991006,9.26,2026-08-24
19991007,9.07,2026-08-24
19991008,9.05,2026-08-24
19991011,9.05,2026-08-24
19991012,9.04,2026-08-24
19991013,9.1,2026-08-24
19991014,9.17,2026-08-24
19991015,9.15,2026-08-24
19991018,9.15,2026-08-24
19991019,9.1,2026-08-24
19991020,8.9,2026-08-24
19991021,8.85,2026-08-24
19991022,8.85,2026-08-24
19991025,8.92,2026-08-24
19991026,8.93,2026-08-24
19991027,9.02,2026-08-24
19991028,8.93,2026-08-24
19991029,9.02,2026-08-24
19991101,9.02,2026-08-24
19991102,9.09,2026-08-24
19991103,9.12,2026-08-24
19991104,9.39,2026-08-24
19991105,9.57,2026-08-24
19991108,9.49,2026-08-24
19991109,9.5,2026-08-24
19991110,9.5,2026-08-24
19991111,9.45,2026-08-24
19991112,9.45,2026-08-24
19991115,9.45,2026-08-24
19991116,9.45,2026-08-24
19991117,9.52,2026-08-24
19991118,9.63,2026-08-24
19991119,9.67,2026-08-24
19991122,9.69,2026-08-24
19991123,9.93,2026-08-24
19991124,9.75,2026-08-24
19991125,9.7,2026-08-24
19991126,9.7,2026-08-24
19991129,9.7,2026-08-24
19991130,9.72,2026-08-24
19991201,9.77,2026-08-24
19991202,9.79,2026-08-24
19991203,9.75,2026-08-24
19991206,9.75,2026-08-24
19991207,9.75,2026-08-24
19991208,9.75,2026-08-24
19991209,9.75,2026-08-24
19991210,9.8,2026-08-24
19991213,9.8,2026-08-24
19991214,9.8,2026-08-24
19991215,9.8,2026-08-24
19991216,9.88,2026-08-24
19991217,9.87,2026-08-24
19991220,9.89,2026-08-24
19991221,10,2026-08-24
19991222,9.95,2026-08-24
19991223,9.95,2026-08-24
19991224,9.95,2026-08-24
19991227,9.95,2026-08-24
19991228,9.95,2026-08-24
19991229,9.95,2026-08-24
19991230,9.95,2026-08-24
20000104,9.95,2026-08-24
20000105,10.05,2026-08-24
20000106,10.13,2026-08-24
20000107,10.14,2026-08-24
20000108,10.16,2026-08-24
20000110,10.22,2026-08-24
20000111,10.29,2026-08-24
20000112,10.36,2026-08-24
20000113,10.42,2026-08-24
20000114,10.42,2026-08-24
20000115,10.42,2026-08-24
20000117,10.41,2026-08-24
20000118,10.42,2026-08-24
20000119,10.4,2026-08-24
20000120,10.28,2026-08-24
20000121,10.26,2026-08-24
20000122,10.26,2026-08-24
20000124,10.25,2026-08-24
20000125,10.26,2026-08-24
20000126,10.28,2026-08-24
20000127,10.24,2026-08-24
20000128,10.12,2026-08-24
20000129,10.12,2026-08-24
20000131,10.12,2026-08-24
20000201,10.15,2026-08-24
20000202,10.15,2026-08-24
20000203,10.1,2026-08-24
20000207,10.04,2026-08-24
20000208,10.06,2026-08-24
20000209,10.08,2026-08-24
20000210,10.07,2026-08-24
20000211,10.07,2026-08-24
20000212,10.07,2026-08-24
20000214,10,2026-08-24
20000215,9.93,2026-08-24
20000216,9.93,2026-08-24
20000217,9.96,2026-08-24
20000218,9.96,2026-08-24
20000219,9.96,2026-08-24
20000221,9.98,2026-08-24
20000222,9.97,2026-08-24
20000223,9.98,2026-08-24
20000224,9.97,2026-08-24
20000225,9.95,2026-08-24
20000226,9.95,2026-08-24
20000228,9.9,2026-08-24
20000229,9.9,2026-08-24
20000302,9.93,2026-08-24
20000303,9.95,2026-08-24
20000304,9.95,2026-08-24
20000306,9.96,2026-08-24
20000307,9.97,2026-08-24
20000308,9.99,2026-08-24
20000309,9.98,2026-08-24
20000310,9.98,2026-08-24
20000311,9.98,2026-08-24
20000313,9.98,2026-08-24
20000314,10,2026-08-24
20000315,10.03,2026-08-24
20000316,10.03,2026-08-24
20000317,10.03,2026-08-24
20000318,10.03,2026-08-24
20000320,10.03,2026-08-24
20000321,10.03,2026-08-24
20000322,10.03,2026-08-24
20000323,10.03,2026-08-24
20000324,10.02,2026-08-24
20000325,10.02,2026-08-24
20000327,10.02,2026-08-24
20000328,10.02,2026-08-24
20000329,10.01,2026-08-24
20000330,10.01,2026-08-24
20000331,9.98,2026-08-24
20000401,9.98,2026-08-24
20000403,9.97,2026-08-24
20000404,9.97,2026-08-24
20000406,9.96,2026-08-24
20000407,9.92,2026-08-24
20000408,9.92,2026-08-24
20000410,9.91,2026-08-24
20000411,9.95,2026-08-24
20000412,9.99,2026-08-24
20000414,10,2026-08-24
20000415,10,2026-08-24
20000417,10.04,2026-08-24
20000418,9.97,2026-08-24
20000419,9.95,2026-08-24
20000420,9.98,2026-08-24
20000421,9.98,2026-08-24
20000422,9.98,2026-08-24
20000424,9.97,2026-08-24
20000425,9.99,2026-08-24
20000426,10.01,2026-08-24
20000427,10.01,2026-08-24
20000428,9.94,2026-08-24
20000429,9.94,2026-08-24
20000502,9.92,2026-08-24
20000503,9.88,2026-08-24
20000504,9.85,2026-08-24
20000506,9.85,2026-08-24
20000508,9.84,2026-08-24
20000509,9.84,2026-08-24
20000510,9.85,2026-08-24
20000512,9.86,2026-08-24
20000513,9.86,2026-08-24
20000515,9.89,2026-08-24
20000516,9.89,2026-08-24
20000517,9.89,2026-08-24
20000518,9.91,2026-08-24
20000519,9.99,2026-08-24
20000520,9.99,2026-08-24
20000522,9.99,2026-08-24
20000523,10.05,2026-08-24
20000524,10,2026-08-24
20000525,9.95,2026-08-24
20000526,9.95,2026-08-24
20000527,9.95,2026-08-24
20000529,9.95,2026-08-24
20000530,9.91,2026-08-24
20000531,9.89,2026-08-24
20000601,9.83,2026-08-24
20000602,9.77,2026-08-24
20000603,9.77,2026-08-24
20000605,9.76,2026-08-24
20000607,9.75,2026-08-24
20000608,9.75,2026-08-24
20000609,9.76,2026-08-24
20000610,9.76,2026-08-24
20000612,9.76,2026-08-24
20000613,9.78,2026-08-24
20000614,9.78,2026-08-24
20000615,9.78,2026-08-24
20000616,9.78,2026-08-24
20000617,9.78,2026-08-24
20000619,9.77,2026-08-24
20000620,9.77,2026-08-24
20000621,9.75,2026-08-24
20000622,9.72,2026-08-24
20000623,9.69,2026-08-24
20000624,9.69,2026-08-24
20000626,9.66,2026-08-24
20000627,9.66,2026-08-24
20000628,9.61,2026-08-24
20000629,9.47,2026-08-24
20000630,9.37,2026-08-24
20000701,9.34,2026-08-24
20000703,9.27,2026-08-24
20000704,9.32,2026-08-24
20000705,9.25,2026-08-24
20000706,9.21,2026-08-24
20000707,9.12,2026-08-24
20000708,9.12,2026-08-24
20000710,9.15,2026-08-24
20000711,9.03,2026-08-24
20000712,9.05,2026-08-24
20000713,9.06,2026-08-24
20000714,9.04,2026-08-24
20000715,9.04,2026-08-24
20000718,8.98,2026-08-24
20000719,8.97,2026-08-24
20000720,9.03,2026-08-24
20000721,9.05,2026-08-24
20000722,9.05,2026-08-24
20000724,9.11,2026-08-24
20000725,9.22,2026-08-24
20000726,9.21,2026-08-24
20000727,9.2,2026-08-24
20000728,9.17,2026-08-24
20000729,9.17,2026-08-24
20000731,9.17,2026-08-24
20000801,9.16,2026-08-24
20000802,9.07,2026-08-24
20000803,9,2026-08-24
20000804,9.03,2026-08-24
20000805,9.03,2026-08-24
20000807,9.03,2026-08-24
20000808,8.98,2026-08-24
20000809,8.94,2026-08-24
20000810,8.89,2026-08-24
20000811,8.91,2026-08-24
20000812,8.91,2026-08-24
20000814,8.91,2026-08-24
20000816,8.92,2026-08-24
20000817,8.96,2026-08-24
20000818,9.03,2026-08-24
20000819,9.03,2026-08-24
20000821,9.03,2026-08-24
20000822,9.01,2026-08-24
20000823,9.01,2026-08-24
20000824,9.02,2026-08-24
20000825,9.04,2026-08-24
20000826,9.04,2026-08-24
20000828,9.02,2026-08-24
20000829,9,2026-08-24
20000830,8.95,2026-08-24
20000831,8.98,2026-08-24
20000901,8.98,2026-08-24
20000902,8.98,2026-08-24
20000904,8.92,2026-08-24
20000905,8.91,2026-08-24
20000906,8.9,2026-08-24
20000907,8.89,2026-08-24
20000908,8.91,2026-08-24
20000909,8.91,2026-08-24
20000914,8.94,2026-08-24
20000915,8.96,2026-08-24
20000916,8.96,2026-08-24
20000918,9.06,2026-08-24
20000919,9.06,2026-08-24
20000920,9.06,2026-08-24
20000921,9.07,2026-08-24
20000922,9.11,2026-08-24
20000923,9.11,2026-08-24
20000925,9.09,2026-08-24
20000926,9.07,2026-08-24
20000927,9.05,2026-08-24
20000928,9.05,2026-08-24
20000929,9.04,2026-08-24
20000930,9.04,2026-08-24
20001002,8.86,2026-08-24
20001004,8.85,2026-08-24
20001005,8.82,2026-08-24
20001006,8.78,2026-08-24
20001007,8.78,2026-08-24
20001009,8.74,2026-08-24
20001010,8.74,2026-08-24
20001011,8.77,2026-08-24
20001012,8.76,2026-08-24
20001013,8.81,2026-08-24
20001014,8.81,2026-08-24
20001016,8.77,2026-08-24
20001017,8.76,2026-08-24
20001018,8.75,2026-08-24
20001019,8.73,2026-08-24
20001020,8.69,2026-08-24
20001021,8.68,2026-08-24
20001023,8.68,2026-08-24
20001024,8.68,2026-08-24
20001025,8.66,2026-08-24
20001026,8.63,2026-08-24
20001027,8.57,2026-08-24
20001028,8.57,2026-08-24
20001030,8.57,2026-08-24
20001031,8.59,2026-08-24
20001101,8.57,2026-08-24
20001102,8.58,2026-08-24
20001103,8.59,2026-08-24
20001104,8.59,2026-08-24
20001106,8.6,2026-08-24
20001107,8.6,2026-08-24
20001108,8.55,2026-08-24
20001109,8.4,2026-08-24
20001110,8.29,2026-08-24
20001111,8.29,2026-08-24
20001113,8.26,2026-08-24
20001114,8.28,2026-08-24
20001115,8.32,2026-08-24
20001116,8.35,2026-08-24
20001117,8.34,2026-08-24
20001118,8.34,2026-08-24
20001120,8.37,2026-08-24
20001121,8.43,2026-08-24
20001122,8.4,2026-08-24
20001123,8.43,2026-08-24
20001124,8.42,2026-08-24
20001125,8.42,2026-08-24
20001127,8.38,2026-08-24
20001128,8.37,2026-08-24
20001129,8.37,2026-08-24
20001130,8.35,2026-08-24
20001201,8.22,2026-08-24
20001202,8.21,2026-08-24
20001204,8.16,2026-08-24
20001205,8.12,2026-08-24
20001206,8.11,2026-08-24
20001207,8.12,2026-08-24
20001208,8.11,2026-08-24
20001209,8.11,2026-08-24
20001211,8.11,2026-08-24
20001212,8.14,2026-08-24
20001213,8.14,2026-08-24
20001214,8.08,2026-08-24
20001215,8.09,2026-08-24
20001216,8.09,2026-08-24
20001218,8.1,2026-08-24
20001219,8.1,2026-08-24
20001220,8.1,2026-08-24
20001221,8.1,2026-08-24
20001222,8.1,2026-08-24
20001223,8.1,2026-08-24
20001226,8.1,2026-08-24
20001227,8.15,2026-08-24
20001228,8.14,2026-08-24
20001229,8.13,2026-08-24
20001230,8.13,2026-08-24
20010102,8.12,2026-08-24
20010103,8.11,2026-08-24
20010104,7.97,2026-08-24
20010105,7.88,2026-08-24
20010108,7.86,2026-08-24
20010109,7.88,2026-08-24
20010110,7.88,2026-08-24
20010111,7.77,2026-08-24
20010112,7.79,2026-08-24
20010115,7.78,2026-08-24
20010116,7.73,2026-08-24
20010117,7.67,2026-08-24
20010118,7.66,2026-08-24
20010119,7.64,2026-08-24
20010122,7.64,2026-08-24
20010126,7.62,2026-08-24
20010129,7.56,2026-08-24
20010130,7.5,2026-08-24
20010131,7.38,2026-08-24
20010201,7.27,2026-08-24
20010202,7.08,2026-08-24
20010205,6.97,2026-08-24
20010206,6.89,2026-08-24
20010207,6.83,2026-08-24
20010208,6.83,2026-08-24
20010209,6.75,2026-08-24
20010212,6.58,2026-08-24
20010213,6.49,2026-08-24
20010214,6.49,2026-08-24
20010215,6.44,2026-08-24
20010216,6.51,2026-08-24
20010219,6.58,2026-08-24
20010220,6.58,2026-08-24
20010221,6.79,2026-08-24
20010222,6.86,2026-08-24
20010223,7.04,2026-08-24
20010226,6.99,2026-08-24
20010227,6.92,2026-08-24
20010228,6.77,2026-08-24
20010302,6.82,2026-08-24
20010305,6.82,2026-08-24
20010306,6.94,2026-08-24
20010307,7.13,2026-08-24
20010308,7.37,2026-08-24
20010309,7.17,2026-08-24
20010312,7.24,2026-08-24
20010313,7.23,2026-08-24
20010314,7.02,2026-08-24
20010315,6.96,2026-08-24
20010316,7.02,2026-08-24
20010319,7.06,2026-08-24
20010320,7.07,2026-08-24
20010321,7.17,2026-08-24
20010322,7.29,2026-08-24
20010323,7.21,2026-08-24
20010326,7.14,2026-08-24
20010327,7.17,2026-08-24
20010328,7.31,2026-08-24
20010329,7.51,2026-08-24
20010330,7.69,2026-08-24
20010402,7.95,2026-08-24
20010403,7.81,2026-08-24
20010404,8.03,2026-08-24
20010406,7.95,2026-08-24
20010409,7.89,2026-08-24
20010410,7.8,2026-08-24
20010411,7.75,2026-08-24
20010412,7.74,2026-08-24
20010413,7.74,2026-08-24
20010416,7.76,2026-08-24
20010417,7.74,2026-08-24
20010418,7.8,2026-08-24
20010419,7.81,2026-08-24
20010420,7.91,2026-08-24
20010423,8,2026-08-24
20010424,8,2026-08-24
20010425,8.04,2026-08-24
20010426,8.17,2026-08-24
20010427,8.11,2026-08-24
20010430,8.05,2026-08-24
20010502,7.87,2026-08-24
20010503,7.81,2026-08-24
20010504,7.79,2026-08-24
20010507,7.81,2026-08-24
20010508,7.78,2026-08-24
20010509,7.73,2026-08-24
20010510,7.74,2026-08-24
20010511,7.76,2026-08-24
20010514,7.79,2026-08-24
20010515,7.84,2026-08-24
20010516,7.83,2026-08-24
20010517,7.82,2026-08-24
20010518,7.79,2026-08-24
20010521,7.73,2026-08-24
20010522,7.72,2026-08-24
20010523,7.71,2026-08-24
20010524,7.61,2026-08-24
20010525,7.6,2026-08-24
20010528,7.47,2026-08-24
20010529,7.48,2026-08-24
20010530,7.36,2026-08-24
20010531,7.37,2026-08-24
20010601,7.35,2026-08-24
20010604,7.32,2026-08-24
20010605,7.42,2026-08-24
20010607,7.42,2026-08-24
20010608,7.3,2026-08-24
20010611,7.31,2026-08-24
20010612,7.33,2026-08-24
20010613,7.3,2026-08-24
20010614,7.27,2026-08-24
20010615,7.25,2026-08-24
20010618,7.33,2026-08-24
20010619,7.31,2026-08-24
20010620,7.19,2026-08-24
20010621,7.16,2026-08-24
20010622,7.13,2026-08-24
20010625,7.06,2026-08-24
20010626,7.09,2026-08-24
20010627,7.1,2026-08-24
20010628,7.08,2026-08-24
20010629,7.1,2026-08-24
20010702,7.14,2026-08-24
20010703,7.21,2026-08-24
20010704,7.19,2026-08-24
20010705,7.14,2026-08-24
20010706,7.11,2026-08-24
20010709,7.09,2026-08-24
20010710,7.09,2026-08-24
20010711,7.02,2026-08-24
20010712,7,2026-08-24
20010713,7.03,2026-08-24
20010716,7.03,2026-08-24
20010718,6.94,2026-08-24
20010719,6.86,2026-08-24
20010720,6.86,2026-08-24
20010723,6.9,2026-08-24
20010724,6.89,2026-08-24
20010725,6.89,2026-08-24
20010726,6.88,2026-08-24
20010727,6.9,2026-08-24
20010730,6.92,2026-08-24
20010731,6.89,2026-08-24
20010801,6.79,2026-08-24
20010802,6.78,2026-08-24
20010803,6.73,2026-08-24
20010806,6.72,2026-08-24
20010807,6.7,2026-08-24
20010808,6.67,2026-08-24
20010809,6.51,2026-08-24
20010810,6.42,2026-08-24
20010813,6.33,2026-08-24
20010814,6.44,2026-08-24
20010816,6.46,2026-08-24
20010817,6.39,2026-08-24
20010820,6.34,2026-08-24
20010821,6.35,2026-08-24
20010822,6.33,2026-08-24
20010823,6.42,2026-08-24
20010824,6.43,2026-08-24
20010827,6.51,2026-08-24
20010828,6.5,2026-08-24
20010829,6.42,2026-08-24
20010830,6.54,2026-08-24
20010831,6.55,2026-08-24
20010903,6.41,2026-08-24
20010904,6.39,2026-08-24
20010905,6.48,2026-08-24
20010906,6.53,2026-08-24
20010907,6.55,2026-08-24
20010910,6.58,2026-08-24
20010911,6.59,2026-08-24
20010912,6.48,2026-08-24
20010913,6.42,2026-08-24
20010914,6.35,2026-08-24
20010917,6.4,2026-08-24
20010918,6.34,2026-08-24
20010919,6.16,2026-08-24
20010920,6.17,2026-08-24
20010921,6.19,2026-08-24
20010924,6.15,2026-08-24
20010925,6.13,2026-08-24
20010926,6.12,2026-08-24
20010927,6.05,2026-08-24
20010928,5.95,2026-08-24
20011004,5.87,2026-08-24
20011005,5.91,2026-08-24
20011008,5.93,2026-08-24
20011009,5.92,2026-08-24
20011010,6.02,2026-08-24
20011011,6.34,2026-08-24
20011012,6.39,2026-08-24
20011015,6.29,2026-08-24
20011016,6.33,2026-08-24
20011017,6.4,2026-08-24
20011018,6.43,2026-08-24
20011019,6.38,2026-08-24
20011022,6.32,2026-08-24
20011023,6.37,2026-08-24
20011024,6.48,2026-08-24
20011025,6.54,2026-08-24
20011026,6.56,2026-08-24
20011029,6.57,2026-08-24
20011030,6.61,2026-08-24
20011031,6.59,2026-08-24
20011101,6.51,2026-08-24
20011102,6.46,2026-08-24
20011105,6.49,2026-08-24
20011106,6.45,2026-08-24
20011107,6.45,2026-08-24
20011108,6.45,2026-08-24
20011109,6.47,2026-08-24
20011112,6.5,2026-08-24
20011113,6.51,2026-08-24
20011114,6.7,2026-08-24
20011115,6.88,2026-08-24
20011116,6.93,2026-08-24
20011119,6.96,2026-08-24
20011120,6.88,2026-08-24
20011121,6.99,2026-08-24
20011122,7.16,2026-08-24
20011123,7.13,2026-08-24
20011126,7.2,2026-08-24
20011127,7.22,2026-08-24
20011128,7.04,2026-08-24
20011129,7.11,2026-08-24
20011130,6.99,2026-08-24
20011203,6.91,2026-08-24
20011204,7.01,2026-08-24
20011205,7.11,2026-08-24
20011206,7.35,2026-08-24
20011207,7.38,2026-08-24
20011210,7.42,2026-08-24
20011211,7.35,2026-08-24
20011212,7.31,2026-08-24
20011213,7.22,2026-08-24
20011214,7.09,2026-08-24
20011217,7.04,2026-08-24
20011218,6.93,2026-08-24
20011219,6.96,2026-08-24
20011220,7.01,2026-08-24
20011221,7.01,2026-08-24
20011224,7.01,2026-08-24
20011226,6.96,2026-08-24
20011227,6.99,2026-08-24
20011228,7.04,2026-08-24
20011231,7.04,2026-08-24
20020102,7.22,2026-08-24
20020103,7.23,2026-08-24
20020104,7.19,2026-08-24
20020107,7.15,2026-08-24
20020108,7.17,2026-08-24
20020109,7.18,2026-08-24
20020110,7.16,2026-08-24
20020111,7.03,2026-08-24
20020114,7.08,2026-08-24
20020115,7.03,2026-08-24
20020116,6.99,2026-08-24
20020117,6.96,2026-08-24
20020118,6.96,2026-08-24
20020121,6.96,2026-08-24
20020122,7.04,2026-08-24
20020123,7.04,2026-08-24
20020124,7.09,2026-08-24
20020125,7.06,2026-08-24
20020128,7.1,2026-08-24
20020129,7.07,2026-08-24
20020130,6.99,2026-08-24
20020131,6.97,2026-08-24
20020201,6.9,2026-08-24
20020204,6.91,2026-08-24
20020205,6.91,2026-08-24
20020206,6.92,2026-08-24
20020207,6.85,2026-08-24
20020208,6.89,2026-08-24
20020214,6.97,2026-08-24
20020215,6.96,2026-08-24
20020218,6.95,2026-08-24
20020219,6.93,2026-08-24
20020220,6.93,2026-08-24
20020221,6.9,2026-08-24
20020222,6.9,2026-08-24
20020225,6.86,2026-08-24
20020226,6.81,2026-08-24
20020227,6.81,2026-08-24
20020228,6.68,2026-08-24
20020304,6.85,2026-08-24
20020305,6.87,2026-08-24
20020306,6.95,2026-08-24
20020307,6.94,2026-08-24
20020308,6.98,2026-08-24
20020311,6.99,2026-08-24
20020312,7,2026-08-24
20020313,7.08,2026-08-24
20020314,7.08,2026-08-24
20020315,7.14,2026-08-24
20020318,7.1,2026-08-24
20020319,7.22,2026-08-24
20020320,7.17,2026-08-24
20020321,7.17,2026-08-24
20020322,7.15,2026-08-24
20020325,7.13,2026-08-24
20020326,7.17,2026-08-24
20020327,7.15,2026-08-24
20020328,7.08,2026-08-24
20020329,7.07,2026-08-24
20020401,7.14,2026-08-24
20020402,7.2,2026-08-24
20020403,7.22,2026-08-24
20020404,7.24,2026-08-24
20020408,7.24,2026-08-24
20020409,7.3,2026-08-24
20020410,7.24,2026-08-24
20020411,7.25,2026-08-24
20020412,7.2,2026-08-24
20020415,7.19,2026-08-24
20020416,7.24,2026-08-24
20020417,7.24,2026-08-24
20020418,7.22,2026-08-24
20020419,7.2,2026-08-24
20020422,7.22,2026-08-24
20020423,7.2,2026-08-24
20020424,7.18,2026-08-24
20020425,7.17,2026-08-24
20020426,7.14,2026-08-24
20020429,7.11,2026-08-24
20020430,7.11,2026-08-24
20020502,7.09,2026-08-24
20020503,7.06,2026-08-24
20020506,7.07,2026-08-24
20020507,7.12,2026-08-24
20020508,7.16,2026-08-24
20020509,7.18,2026-08-24
20020510,7.07,2026-08-24
20020513,7.03,2026-08-24
20020514,7.02,2026-08-24
20020515,7.1,2026-08-24
20020516,7.09,2026-08-24
20020517,7.1,2026-08-24
20020520,7.1,2026-08-24
20020521,7.06,2026-08-24
20020522,7.1,2026-08-24
20020523,7.08,2026-08-24
20020524,7.08,2026-08-24
20020527,7.08,2026-08-24
20020528,7.08,2026-08-24
20020529,7.03,2026-08-24
20020530,6.91,2026-08-24
20020531,6.9,2026-08-24
20020603,6.9,2026-08-24
20020604,6.85,2026-08-24
20020605,6.86,2026-08-24
20020607,6.83,2026-08-24
20020610,6.84,2026-08-24
20020611,6.87,2026-08-24
20020612,6.88,2026-08-24
20020614,6.88,2026-08-24
20020617,6.8,2026-08-24
20020618,6.77,2026-08-24
20020619,6.72,2026-08-24
20020620,6.72,2026-08-24
20020621,6.7,2026-08-24
20020624,6.67,2026-08-24
20020625,6.61,2026-08-24
20020626,6.45,2026-08-24
20020627,6.54,2026-08-24
20020628,6.59,2026-08-24
20020702,6.56,2026-08-24
20020703,6.58,2026-08-24
20020704,6.68,2026-08-24
20020705,6.76,2026-08-24
20020708,6.71,2026-08-24
20020709,6.77,2026-08-24
20020710,6.75,2026-08-24
20020711,6.66,2026-08-24
20020712,6.75,2026-08-24
20020715,6.71,2026-08-24
20020716,6.7,2026-08-24
20020718,6.71,2026-08-24
20020719,6.61,2026-08-24
20020722,6.39,2026-08-24
20020723,6.57,2026-08-24
20020724,6.47,2026-08-24
20020725,6.42,2026-08-24
20020726,6.31,2026-08-24
20020729,6.34,2026-08-24
20020730,6.44,2026-08-24
20020731,6.42,2026-08-24
20020801,6.35,2026-08-24
20020802,6.26,2026-08-24
20020805,6.12,2026-08-24
20020806,6.18,2026-08-24
20020807,6.16,2026-08-24
20020808,6.15,2026-08-24
20020809,6.14,2026-08-24
20020812,6.13,2026-08-24
20020813,6.13,2026-08-24
20020814,6.11,2026-08-24
20020816,6.14,2026-08-24
20020819,6.15,2026-08-24
20020820,6.2,2026-08-24
20020821,6.26,2026-08-24
20020822,6.28,2026-08-24
20020823,6.32,2026-08-24
20020826,6.41,2026-08-24
20020827,6.4,2026-08-24
20020828,6.39,2026-08-24
20020829,6.36,2026-08-24
20020830,6.23,2026-08-24
20020902,6.26,2026-08-24
20020903,6.17,2026-08-24
20020904,6.05,2026-08-24
20020905,6.02,2026-08-24
20020906,5.94,2026-08-24
20020909,5.95,2026-08-24
20020910,6.02,2026-08-24
20020911,6.17,2026-08-24
20020912,6.16,2026-08-24
20020913,6.04,2026-08-24
20020916,6.05,2026-08-24
20020917,6.2,2026-08-24
20020918,6.07,2026-08-24
20020919,6.08,2026-08-24
20020923,6.02,2026-08-24
20020924,6.01,2026-08-24
20020925,6.02,2026-08-24
20020926,6,2026-08-24
20020927,6,2026-08-24
20020930,6,2026-08-24
20021001,6.01,2026-08-24
20021002,6.01,2026-08-24
20021004,6.05,2026-08-24
20021007,6.03,2026-08-24
20021008,6.05,2026-08-24
20021009,6.02,2026-08-24
20021010,5.94,2026-08-24
20021011,5.94,2026-08-24
20021014,5.97,2026-08-24
20021015,5.99,2026-08-24
20021016,6.01,2026-08-24
20021017,6.09,2026-08-24
20021018,6.08,2026-08-24
20021021,6.04,2026-08-24
20021022,6.04,2026-08-24
20021023,6.05,2026-08-24
20021024,6.02,2026-08-24
20021025,6.01,2026-08-24
20021028,5.99,2026-08-24
20021029,5.97,2026-08-24
20021030,5.97,2026-08-24
20021031,5.95,2026-08-24
20021101,5.93,2026-08-24
20021104,5.97,2026-08-24
20021105,5.96,2026-08-24
20021106,5.97,2026-08-24
20021107,5.9,2026-08-24
20021108,5.86,2026-08-24
20021111,5.85,2026-08-24
20021112,5.81,2026-08-24
20021113,5.78,2026-08-24
20021114,5.79,2026-08-24
20021115,5.86,2026-08-24
20021118,5.84,2026-08-24
20021119,5.81,2026-08-24
20021120,5.84,2026-08-24
20021121,5.87,2026-08-24
20021122,5.9,2026-08-24
20021125,5.97,2026-08-24
20021126,5.95,2026-08-24
20021127,5.99,2026-08-24
20021128,6.01,2026-08-24
20021129,5.96,2026-08-24
20021202,6,2026-08-24
20021203,6.01,2026-08-24
20021204,5.98,2026-08-24
20021205,6,2026-08-24
20021206,6,2026-08-24
20021209,5.95,2026-08-24
20021210,5.95,2026-08-24
20021211,5.91,2026-08-24
20021212,5.9,2026-08-24
20021213,5.87,2026-08-24
20021216,5.87,2026-08-24
20021217,5.88,2026-08-24
20021218,5.87,2026-08-24
20021220,5.84,2026-08-24
20021223,5.82,2026-08-24
20021224,5.83,2026-08-24
20021226,5.78,2026-08-24
20021227,5.78,2026-08-24
20021230,5.71,2026-08-24
20021231,5.68,2026-08-24
20030102,5.64,2026-08-24
20030103,5.67,2026-08-24
20030106,5.67,2026-08-24
20030107,5.62,2026-08-24
20030108,5.57,2026-08-24
20030109,5.57,2026-08-24
20030110,5.54,2026-08-24
20030113,5.56,2026-08-24
20030114,5.51,2026-08-24
20030115,5.47,2026-08-24
20030116,5.45,2026-08-24
20030117,5.45,2026-08-24
20030120,5.45,2026-08-24
20030121,5.42,2026-08-24
20030122,5.39,2026-08-24
20030123,5.41,2026-08-24
20030124,5.41,2026-08-24
20030127,5.38,2026-08-24
20030128,5.33,2026-08-24
20030129,5.26,2026-08-24
20030130,5.29,2026-08-24
20030203,5.3,2026-08-24
20030204,5.27,2026-08-24
20030205,5.27,2026-08-24
20030206,5.21,2026-08-24
20030207,5.19,2026-08-24
20030210,5.19,2026-08-24
20030211,5.26,2026-08-24
20030212,5.32,2026-08-24
20030213,5.29,2026-08-24
20030214,5.29,2026-08-24
20030217,5.38,2026-08-24
20030218,5.37,2026-08-24
20030219,5.3,2026-08-24
20030220,5.31,2026-08-24
20030221,5.25,2026-08-24
20030224,5.24,2026-08-24
20030225,5.19,2026-08-24
20030226,5.14,2026-08-24
20030227,5.11,2026-08-24
20030228,5.14,2026-08-24
20030303,5.18,2026-08-24
20030304,5.15,2026-08-24
20030305,5.15,2026-08-24
20030306,5.15,2026-08-24
20030307,5.17,2026-08-24
20030310,5.2,2026-08-24
20030311,5.25,2026-08-24
20030312,5.85,2026-08-24
20030313,5.89,2026-08-24
20030314,5.76,2026-08-24
20030317,5.79,2026-08-24
20030318,5.7,2026-08-24
20030319,5.57,2026-08-24
20030320,5.53,2026-08-24
20030321,5.46,2026-08-24
20030324,5.46,2026-08-24
20030325,5.43,2026-08-24
20030326,5.37,2026-08-24
20030327,5.33,2026-08-24
20030328,5.4,2026-08-24
20030331,5.38,2026-08-24
20030401,5.38,2026-08-24
20030402,5.4,2026-08-24
20030403,5.37,2026-08-24
20030404,5.38,2026-08-24
20030407,5.42,2026-08-24
20030408,5.44,2026-08-24
20030409,5.47,2026-08-24
20030410,5.41,2026-08-24
20030411,5.37,2026-08-24
20030414,5.38,2026-08-24
20030415,5.38,2026-08-24
20030416,5.39,2026-08-24
20030417,5.39,2026-08-24
20030418,5.4,2026-08-24
20030421,5.42,2026-08-24
20030422,5.4,2026-08-24
20030423,5.39,2026-08-24
20030424,5.39,2026-08-24
20030425,5.38,2026-08-24
20030428,5.35,2026-08-24
20030429,5.35,2026-08-24
20030430,5.32,2026-08-24
20030502,5.3,2026-08-24
20030506,5.3,2026-08-24
20030507,5.29,2026-08-24
20030509,5.28,2026-08-24
20030512,5.31,2026-08-24
20030513,5.28,2026-08-24
20030514,5.24,2026-08-24
20030515,5.23,2026-08-24
20030516,5.23,2026-08-24
20030519,5.2,2026-08-24
20030520,5.26,2026-08-24
20030521,5.23,2026-08-24
20030522,5.29,2026-08-24
20030523,5.29,2026-08-24
20030526,5.31,2026-08-24
20030527,5.29,2026-08-24
20030528,5.26,2026-08-24
20030529,5.21,2026-08-24
20030530,5.21,2026-08-24
20030602,5.24,2026-08-24
20030603,5.22,2026-08-24
20030604,5.21,2026-08-24
20030605,5.2,2026-08-24
20030609,5.2,2026-08-24
20030610,5.18,2026-08-24
20030611,5.18,2026-08-24
20030612,5.21,2026-08-24
20030613,5.23,2026-08-24
20030616,5.19,2026-08-24
20030617,5.22,2026-08-24
20030618,5.21,2026-08-24
20030619,5.26,2026-08-24
20030620,5.35,2026-08-24
20030623,5.41,2026-08-24
20030624,5.37,2026-08-24
20030625,5.37,2026-08-24
20030626,5.4,2026-08-24
20030627,5.45,2026-08-24
20030630,5.45,2026-08-24
20030701,5.43,2026-08-24
20030702,5.38,2026-08-24
20030703,5.38,2026-08-24
20030704,5.5,2026-08-24
20030707,5.51,2026-08-24
20030708,5.55,2026-08-24
20030709,5.56,2026-08-24
20030710,5.57,2026-08-24
20030711,5.5,2026-08-24
20030714,5.56,2026-08-24
20030715,5.61,2026-08-24
20030716,5.77,2026-08-24
20030718,5.75,2026-08-24
20030721,5.72,2026-08-24
20030722,5.74,2026-08-24
20030723,5.71,2026-08-24
20030724,5.74,2026-08-24
20030725,5.76,2026-08-24
20030728,5.84,2026-08-24
20030729,5.94,2026-08-24
20030730,5.87,2026-08-24
20030731,5.87,2026-08-24
20030801,6.01,2026-08-24
20030804,5.94,2026-08-24
20030805,5.93,2026-08-24
20030806,5.92,2026-08-24
20030807,5.9,2026-08-24
20030808,5.86,2026-08-24
20030811,5.89,2026-08-24
20030812,5.91,2026-08-24
20030813,5.89,2026-08-24
20030814,5.94,2026-08-24
20030818,5.95,2026-08-24
20030819,5.93,2026-08-24
20030820,5.89,2026-08-24
20030821,5.89,2026-08-24
20030822,5.89,2026-08-24
20030825,5.83,2026-08-24
20030826,5.79,2026-08-24
20030827,5.75,2026-08-24
20030828,5.63,2026-08-24
20030829,5.6,2026-08-24
20030901,5.53,2026-08-24
20030902,5.53,2026-08-24
20030903,5.52,2026-08-24
20030904,5.46,2026-08-24
20030905,5.43,2026-08-24
20030908,5.32,2026-08-24
20030909,5.38,2026-08-24
20030915,5.26,2026-08-24
20030916,5.26,2026-08-24
20030917,5.18,2026-08-24
20030918,5.14,2026-08-24
20030919,5.08,2026-08-24
20030922,5.08,2026-08-24
20030923,5.03,2026-08-24
20030924,5.02,2026-08-24
20030925,5.12,2026-08-24
20030926,5.1,2026-08-24
20030929,5.05,2026-08-24
20030930,5.05,2026-08-24
20031001,4.95,2026-08-24
20031002,4.93,2026-08-24
20031006,5.01,2026-08-24
20031007,5.03,2026-08-24
20031008,5.06,2026-08-24
20031009,5.06,2026-08-24
20031010,5.1,2026-08-24
20031013,5.09,2026-08-24
20031014,5.14,2026-08-24
20031015,5.13,2026-08-24
20031016,5.22,2026-08-24
20031017,5.24,2026-08-24
20031020,5.31,2026-08-24
20031021,5.31,2026-08-24
20031022,5.31,2026-08-24
20031023,5.23,2026-08-24
20031024,5.31,2026-08-24
20031027,5.34,2026-08-24
20031028,5.35,2026-08-24
20031029,5.26,2026-08-24
20031030,5.35,2026-08-24
20031031,5.32,2026-08-24
20031103,5.38,2026-08-24
20031104,5.46,2026-08-24
20031105,5.49,2026-08-24
20031106,5.48,2026-08-24
20031107,5.55,2026-08-24
20031110,5.49,2026-08-24
20031111,5.49,2026-08-24
20031112,5.59,2026-08-24
20031113,5.68,2026-08-24
20031114,5.7,2026-08-24
20031117,5.63,2026-08-24
20031118,5.71,2026-08-24
20031119,5.62,2026-08-24
20031120,5.52,2026-08-24
20031121,5.45,2026-08-24
20031124,5.45,2026-08-24
20031125,5.45,2026-08-24
20031126,5.44,2026-08-24
20031127,5.49,2026-08-24
20031128,5.6,2026-08-24
20031201,5.71,2026-08-24
20031202,5.71,2026-08-24
20031203,5.76,2026-08-24
20031204,5.76,2026-08-24
20031205,5.7,2026-08-24
20031208,5.61,2026-08-24
20031209,5.64,2026-08-24
20031210,5.63,2026-08-24
20031211,5.56,2026-08-24
20031212,5.56,2026-08-24
20031215,5.67,2026-08-24
20031216,5.57,2026-08-24
20031217,5.57,2026-08-24
20031218,5.57,2026-08-24
20031219,5.55,2026-08-24
20031222,5.55,2026-08-24
20031223,5.55,2026-08-24
20031224,5.53,2026-08-24
20031226,5.5,2026-08-24
20031229,5.5,2026-08-24
20031230,5.57,2026-08-24
20031231,5.58,2026-08-24
20040102,5.56,2026-08-24
20040105,5.63,2026-08-24
20040106,5.63,2026-08-24
20040107,5.65,2026-08-24
20040108,5.7,2026-08-24
20040109,5.73,2026-08-24
20040112,5.65,2026-08-24
20040113,5.62,2026-08-24
20040114,5.61,2026-08-24
20040115,5.59,2026-08-24
20040116,5.62,2026-08-24
20040119,5.71,2026-08-24
20040120,5.72,2026-08-24
20040126,5.72,2026-08-24
20040127,5.7,2026-08-24
20040128,5.68,2026-08-24
20040129,5.73,2026-08-24
20040130,5.74,2026-08-24
20040202,5.75,2026-08-24
20040203,5.71,2026-08-24
20040204,5.7,2026-08-24
20040205,5.71,2026-08-24
20040206,5.75,2026-08-24
20040209,5.7,2026-08-24
20040210,5.68,2026-08-24
20040211,5.65,2026-08-24
20040212,5.61,2026-08-24
20040213,5.63,2026-08-24
20040216,5.63,2026-08-24
20040217,5.59,2026-08-24
20040218,5.55,2026-08-24
20040219,5.55,2026-08-24
20040220,5.55,2026-08-24
20040223,5.59,2026-08-24
20040224,5.56,2026-08-24
20040225,5.52,2026-08-24
20040226,5.54,2026-08-24
20040227,5.56,2026-08-24
20040302,5.53,2026-08-24
20040303,5.56,2026-08-24
20040304,5.55,2026-08-24
20040305,5.54,2026-08-24
20040308,5.45,2026-08-24
20040309,5.43,2026-08-24
20040310,5.43,2026-08-24
20040311,5.38,2026-08-24
20040312,5.35,2026-08-24
20040315,5.35,2026-08-24
20040316,5.38,2026-08-24
20040317,5.36,2026-08-24
20040318,5.33,2026-08-24
20040319,5.33,2026-08-24
20040322,5.29,2026-08-24
20040323,5.21,2026-08-24
20040324,5.21,2026-08-24
20040325,5.22,2026-08-24
20040326,5.31,2026-08-24
20040329,5.36,2026-08-24
20040330,5.33,2026-08-24
20040331,5.3,2026-08-24
20040401,5.22,2026-08-24
20040402,5.23,2026-08-24
20040406,5.42,2026-08-24
20040407,5.35,2026-08-24
20040408,5.34,2026-08-24
20040409,5.26,2026-08-24
20040412,5.3,2026-08-24
20040413,5.31,2026-08-24
20040414,5.4,2026-08-24
20040416,5.34,2026-08-24
20040419,5.33,2026-08-24
20040420,5.32,2026-08-24
20040421,5.36,2026-08-24
20040422,5.33,2026-08-24
20040423,5.27,2026-08-24
20040426,5.26,2026-08-24
20040427,5.24,2026-08-24
20040428,5.23,2026-08-24
20040429,5.21,2026-08-24
20040430,5.14,2026-08-24
20040503,5.19,2026-08-24
20040504,5.19,2026-08-24
20040506,5.13,2026-08-24
20040507,5.11,2026-08-24
20040510,5.11,2026-08-24
20040511,5.12,2026-08-24
20040512,5.1,2026-08-24
20040513,5.08,2026-08-24
20040514,5.08,2026-08-24
20040517,5.08,2026-08-24
20040518,5.09,2026-08-24
20040519,5.11,2026-08-24
20040520,5.11,2026-08-24
20040521,5.07,2026-08-24
20040524,5.05,2026-08-24
20040525,4.99,2026-08-24
20040527,4.96,2026-08-24
20040528,4.9,2026-08-24
20040531,4.91,2026-08-24
20040601,4.94,2026-08-24
20040602,4.93,2026-08-24
20040603,4.83,2026-08-24
20040604,4.83,2026-08-24
20040607,4.86,2026-08-24
20040608,4.88,2026-08-24
20040609,4.9,2026-08-24
20040610,4.87,2026-08-24
20040611,4.87,2026-08-24
20040614,4.94,2026-08-24
20040615,4.96,2026-08-24
20040616,4.9,2026-08-24
20040617,4.99,2026-08-24
20040618,5.01,2026-08-24
20040621,4.97,2026-08-24
20040622,4.94,2026-08-24
20040623,4.93,2026-08-24
20040624,4.92,2026-08-24
20040625,4.92,2026-08-24
20040628,4.89,2026-08-24
20040629,4.9,2026-08-24
20040630,4.84,2026-08-24
20040701,4.81,2026-08-24
20040702,4.83,2026-08-24
20040705,4.79,2026-08-24
20040706,4.79,2026-08-24
20040707,4.78,2026-08-24
20040708,4.81,2026-08-24
20040709,4.81,2026-08-24
20040712,4.83,2026-08-24
20040713,4.83,2026-08-24
20040714,4.8,2026-08-24
20040715,4.79,2026-08-24
20040716,4.79,2026-08-24
20040719,4.77,2026-08-24
20040720,4.77,2026-08-24
20040721,4.78,2026-08-24
20040722,4.78,2026-08-24
20040723,4.76,2026-08-24
20040726,4.73,2026-08-24
20040727,4.7,2026-08-24
20040728,4.68,2026-08-24
20040729,4.68,2026-08-24
20040730,4.65,2026-08-24
20040802,4.65,2026-08-24
20040803,4.64,2026-08-24
20040804,4.62,2026-08-24
20040805,4.65,2026-08-24
20040806,4.68,2026-08-24
20040809,4.64,2026-08-24
20040810,4.6,2026-08-24
20040811,4.6,2026-08-24
20040812,4.42,2026-08-24
20040813,4.3,2026-08-24
20040816,4.3,2026-08-24
20040817,4.26,2026-08-24
20040818,4.24,2026-08-24
20040819,4.22,2026-08-24
20040820,4.23,2026-08-24
20040823,4.28,2026-08-24
20040824,4.25,2026-08-24
20040825,4.2,2026-08-24
20040826,4.18,2026-08-24
20040827,4.15,2026-08-24
20040830,4.12,2026-08-24
20040831,4.11,2026-08-24
20040901,4.14,2026-08-24
20040902,4.16,2026-08-24
20040903,4.16,2026-08-24
20040906,4.17,2026-08-24
20040907,4.17,2026-08-24
20040908,4.14,2026-08-24
20040909,4.16,2026-08-24
20040910,4.14,2026-08-24
20040913,4.16,2026-08-24
20040914,4.13,2026-08-24
20040915,4.1,2026-08-24
20040916,4.08,2026-08-24
20040917,4.06,2026-08-24
20040920,4.04,2026-08-24
20040921,4.02,2026-08-24
20040922,4.02,2026-08-24
20040923,4.05,2026-08-24
20040924,4.05,2026-08-24
20040930,4.03,2026-08-24
20041001,4.01,2026-08-24
20041004,3.91,2026-08-24
20041005,3.89,2026-08-24
20041006,3.94,2026-08-24
20041007,4.1,2026-08-24
20041008,4.15,2026-08-24
20041011,4.11,2026-08-24
20041012,4.1,2026-08-24
20041013,4.08,2026-08-24
20041014,4.02,2026-08-24
20041015,4.02,2026-08-24
20041018,4.03,2026-08-24
20041019,4.03,2026-08-24
20041020,4.02,2026-08-24
20041021,4.01,2026-08-24
20041022,4,2026-08-24
20041025,3.98,2026-08-24
20041026,3.94,2026-08-24
20041027,3.94,2026-08-24
20041028,3.96,2026-08-24
20041029,3.91,2026-08-24
20041101,3.93,2026-08-24
20041102,3.96,2026-08-24
20041103,4.01,2026-08-24
20041104,3.99,2026-08-24
20041105,4.01,2026-08-24
20041108,3.95,2026-08-24
20041109,3.95,2026-08-24
20041110,4.01,2026-08-24
20041111,3.81,2026-08-24
20041112,3.81,2026-08-24
20041115,3.85,2026-08-24
20041116,3.82,2026-08-24
20041117,3.81,2026-08-24
20041118,3.84,2026-08-24
20041119,3.81,2026-08-24
20041122,3.81,2026-08-24
20041123,3.78,2026-08-24
20041124,3.78,2026-08-24
20041125,3.77,2026-08-24
20041126,3.76,2026-08-24
20041129,3.76,2026-08-24
20041130,3.76,2026-08-24
20041201,3.74,2026-08-24
20041202,3.75,2026-08-24
20041203,3.75,2026-08-24
20041206,3.74,2026-08-24
20041207,3.7,2026-08-24
20041208,3.71,2026-08-24
20041209,3.74,2026-08-24
20041210,3.76,2026-08-24
20041213,3.76,2026-08-24
20041214,3.73,2026-08-24
20041215,3.72,2026-08-24
20041216,3.71,2026-08-24
20041217,3.71,2026-08-24
20041220,3.72,2026-08-24
20041221,3.71,2026-08-24
20041222,3.72,2026-08-24
20041223,3.72,2026-08-24
20041224,3.72,2026-08-24
20041227,3.73,2026-08-24
20041228,3.74,2026-08-24
20041229,3.73,2026-08-24
20041230,3.73,2026-08-24
20041231,3.72,2026-08-24
20050103,3.82,2026-08-24
20050104,3.81,2026-08-24
20050105,3.8,2026-08-24
20050106,3.83,2026-08-24
20050107,3.83,2026-08-24
20050110,3.83,2026-08-24
20050111,3.92,2026-08-24
20050112,3.92,2026-08-24
20050113,4.05,2026-08-24
20050114,4.19,2026-08-24
20050117,4.23,2026-08-24
20050118,4.14,2026-08-24
20050119,4.14,2026-08-24
20050120,4.19,2026-08-24
20050121,4.39,2026-08-24
20050124,4.38,2026-08-24
20050125,4.35,2026-08-24
20050126,4.32,2026-08-24
20050127,4.31,2026-08-24
20050128,4.42,2026-08-24
20050131,4.53,2026-08-24
20050201,4.5,2026-08-24
20050202,4.5,2026-08-24
20050203,4.53,2026-08-24
20050204,4.61,2026-08-24
20050207,4.73,2026-08-24
20050211,4.9,2026-08-24
20050214,4.87,2026-08-24
20050215,4.75,2026-08-24
20050216,4.62,2026-08-24
20050217,4.67,2026-08-24
20050218,4.55,2026-08-24
20050221,4.6,2026-08-24
20050222,4.65,2026-08-24
20050223,4.64,2026-08-24
20050224,4.59,2026-08-24
20050225,4.53,2026-08-24
20050228,4.49,2026-08-24
20050302,4.55,2026-08-24
20050303,4.56,2026-08-24
20050304,4.63,2026-08-24
20050307,4.61,2026-08-24
20050308,4.57,2026-08-24
20050309,4.56,2026-08-24
20050310,4.5,2026-08-24
20050311,4.5,2026-08-24
20050314,4.47,2026-08-24
20050315,4.45,2026-08-24
20050316,4.43,2026-08-24
20050317,4.4,2026-08-24
20050318,4.37,2026-08-24
20050321,4.41,2026-08-24
20050322,4.4,2026-08-24
20050323,4.45,2026-08-24
20050324,4.52,2026-08-24
20050325,4.54,2026-08-24
20050328,4.5,2026-08-24
20050329,4.36,2026-08-24
20050330,4.33,2026-08-24
20050331,4.34,2026-08-24
20050401,4.33,2026-08-24
20050404,4.35,2026-08-24
20050406,4.36,2026-08-24
20050407,4.31,2026-08-24
20050408,4.3,2026-08-24
20050411,4.31,2026-08-24
20050412,4.35,2026-08-24
20050413,4.34,2026-08-24
20050414,4.32,2026-08-24
20050415,4.27,2026-08-24
20050418,4.25,2026-08-24
20050419,4.25,2026-08-24
20050420,4.23,2026-08-24
20050421,4.24,2026-08-24
20050422,4.24,2026-08-24
20050425,4.22,2026-08-24
20050426,4.23,2026-08-24
20050427,4.24,2026-08-24
20050428,4.23,2026-08-24
20050429,4.18,2026-08-24
20050502,4.19,2026-08-24
20050503,4.16,2026-08-24
20050504,4.17,2026-08-24
20050506,4.18,2026-08-24
20050509,4.19,2026-08-24
20050510,4.2,2026-08-24
20050511,4.2,2026-08-24
20050512,4.17,2026-08-24
20050513,4.13,2026-08-24
20050516,4.1,2026-08-24
20050517,4.1,2026-08-24
20050518,4.08,2026-08-24
20050519,4.07,2026-08-24
20050520,4.08,2026-08-24
20050523,4.1,2026-08-24
20050524,4.07,2026-08-24
20050525,4.05,2026-08-24
20050526,4.04,2026-08-24
20050527,4.11,2026-08-24
20050530,4.11,2026-08-24
20050531,4.08,2026-08-24
20050601,4.04,2026-08-24
20050602,4.02,2026-08-24
20050603,4.02,2026-08-24
20050607,4.06,2026-08-24
20050608,4.06,2026-08-24
20050609,4.06,2026-08-24
20050610,4.09,2026-08-24
20050613,4.2,2026-08-24
20050614,4.19,2026-08-24
20050615,4.28,2026-08-24
20050616,4.24,2026-08-24
20050617,4.24,2026-08-24
20050620,4.21,2026-08-24
20050621,4.23,2026-08-24
20050622,4.31,2026-08-24
20050623,4.31,2026-08-24
20050624,4.24,2026-08-24
20050627,4.19,2026-08-24
20050628,4.19,2026-08-24
20050629,4.28,2026-08-24
20050630,4.41,2026-08-24
20050701,4.34,2026-08-24
20050704,4.46,2026-08-24
20050705,4.43,2026-08-24
20050706,4.4,2026-08-24
20050707,4.41,2026-08-24
20050708,4.41,2026-08-24
20050711,4.44,2026-08-24
20050712,4.45,2026-08-24
20050713,4.57,2026-08-24
20050714,4.61,2026-08-24
20050715,4.61,2026-08-24
20050718,4.61,2026-08-24
20050719,4.64,2026-08-24
20050720,4.61,2026-08-24
20050721,4.52,2026-08-24
20050722,4.45,2026-08-24
20050725,4.47,2026-08-24
20050726,4.57,2026-08-24
20050727,4.58,2026-08-24
20050728,4.62,2026-08-24
20050729,4.63,2026-08-24
20050801,4.81,2026-08-24
20050802,4.76,2026-08-24
20050803,4.77,2026-08-24
20050804,4.78,2026-08-24
20050805,4.83,2026-08-24
20050808,4.82,2026-08-24
20050809,4.85,2026-08-24
20050810,4.79,2026-08-24
20050811,4.78,2026-08-24
20050812,4.73,2026-08-24
20050816,4.69,2026-08-24
20050817,4.7,2026-08-24
20050818,4.7,2026-08-24
20050819,4.66,2026-08-24
20050822,4.7,2026-08-24
20050823,4.82,2026-08-24
20050824,4.8,2026-08-24
20050825,4.82,2026-08-24
20050826,4.78,2026-08-24
20050829,4.73,2026-08-24
20050830,4.64,2026-08-24
20050831,4.59,2026-08-24
20050901,4.59,2026-08-24
20050902,4.57,2026-08-24
20050905,4.55,2026-08-24
20050906,4.59,2026-08-24
20050907,4.66,2026-08-24
20050908,4.89,2026-08-24
20050909,4.92,2026-08-24
20050912,4.88,2026-08-24
20050913,4.94,2026-08-24
20050914,4.94,2026-08-24
20050915,4.97,2026-08-24
20050916,5.07,2026-08-24
20050920,5.05,2026-08-24
20050921,5.01,2026-08-24
20050922,5.02,2026-08-24
20050923,5.1,2026-08-24
20050926,5.19,2026-08-24
20050927,5.19,2026-08-24
20050928,5.06,2026-08-24
20050929,5.04,2026-08-24
20050930,5,2026-08-24
20051004,5.16,2026-08-24
20051005,5.16,2026-08-24
20051006,5.05,2026-08-24
20051007,5.03,2026-08-24
20051010,5.07,2026-08-24
20051011,5.03,2026-08-24
20051012,5.07,2026-08-24
20051013,5.13,2026-08-24
20051014,5.18,2026-08-24
20051017,5.23,2026-08-24
20051018,5.23,2026-08-24
20051019,5.18,2026-08-24
20051020,5.18,2026-08-24
20051021,5.22,2026-08-24
20051024,5.29,2026-08-24
20051025,5.32,2026-08-24
20051026,5.34,2026-08-24
20051027,5.4,2026-08-24
20051028,5.36,2026-08-24
20051031,5.34,2026-08-24
20051101,5.31,2026-08-24
20051102,5.37,2026-08-24
20051103,5.43,2026-08-24
20051104,5.46,2026-08-24
20051107,5.5,2026-08-24
20051108,5.55,2026-08-24
20051109,5.53,2026-08-24
20051110,5.57,2026-08-24
20051111,5.56,2026-08-24
20051114,5.56,2026-08-24
20051115,5.63,2026-08-24
20051116,5.61,2026-08-24
20051117,5.59,2026-08-24
20051118,5.53,2026-08-24
20051121,5.56,2026-08-24
20051122,5.52,2026-08-24
20051123,5.47,2026-08-24
20051124,5.44,2026-08-24
20051125,5.44,2026-08-24
20051128,5.42,2026-08-24
20051129,5.45,2026-08-24
20051130,5.51,2026-08-24
20051201,5.56,2026-08-24
20051202,5.58,2026-08-24
20051205,5.68,2026-08-24
20051206,5.69,2026-08-24
20051207,5.67,2026-08-24
20051208,5.5,2026-08-24
20051209,5.42,2026-08-24
20051212,5.49,2026-08-24
20051213,5.47,2026-08-24
20051214,5.37,2026-08-24
20051215,5.4,2026-08-24
20051216,5.42,2026-08-24
20051219,5.38,2026-08-24
20051220,5.4,2026-08-24
20051221,5.44,2026-08-24
20051222,5.45,2026-08-24
20051223,5.47,2026-08-24
20051226,5.47,2026-08-24
20051227,5.49,2026-08-24
20051228,5.43,2026-08-24
20051229,5.52,2026-08-24
20051230,5.52,2026-08-24
20060102,5.61,2026-08-24
20060103,5.57,2026-08-24
20060104,5.51,2026-08-24
20060105,5.57,2026-08-24
20060106,5.56,2026-08-24
20060109,5.53,2026-08-24
20060110,5.57,2026-08-24
20060111,5.55,2026-08-24
20060112,5.48,2026-08-24
20060113,5.46,2026-08-24
20060116,5.52,2026-08-24
20060117,5.51,2026-08-24
20060118,5.46,2026-08-24
20060119,5.47,2026-08-24
20060120,5.46,2026-08-24
20060123,5.45,2026-08-24
20060124,5.49,2026-08-24
20060125,5.44,2026-08-24
20060126,5.42,2026-08-24
20060127,5.42,2026-08-24
20060131,5.42,2026-08-24
20060201,5.38,2026-08-24
20060202,5.39,2026-08-24
20060203,5.42,2026-08-24
20060206,5.4,2026-08-24
20060207,5.42,2026-08-24
20060208,5.42,2026-08-24
20060209,5.32,2026-08-24
20060210,5.32,2026-08-24
20060213,5.34,2026-08-24
20060214,5.3,2026-08-24
20060215,5.27,2026-08-24
20060216,5.28,2026-08-24
20060217,5.29,2026-08-24
20060220,5.3,2026-08-24
20060221,5.29,2026-08-24
20060222,5.28,2026-08-24
20060223,5.29,2026-08-24
20060224,5.29,2026-08-24
20060227,5.31,2026-08-24
20060228,5.34,2026-08-24
20060302,5.36,2026-08-24
20060303,5.37,2026-08-24
20060306,5.41,2026-08-24
20060307,5.46,2026-08-24
20060308,5.41,2026-08-24
20060309,5.33,2026-08-24
20060310,5.28,2026-08-24
20060313,5.33,2026-08-24
20060314,5.31,2026-08-24
20060315,5.28,2026-08-24
20060316,5.3,2026-08-24
20060317,5.26,2026-08-24
20060320,5.27,2026-08-24
20060321,5.27,2026-08-24
20060322,5.27,2026-08-24
20060323,5.26,2026-08-24
20060324,5.28,2026-08-24
20060327,5.28,2026-08-24
20060328,5.23,2026-08-24
20060329,5.21,2026-08-24
20060330,5.22,2026-08-24
20060331,5.25,2026-08-24
20060403,5.29,2026-08-24
20060404,5.31,2026-08-24
20060405,5.29,2026-08-24
20060406,5.27,2026-08-24
20060407,5.23,2026-08-24
20060410,5.26,2026-08-24
20060411,5.26,2026-08-24
20060412,5.27,2026-08-24
20060413,5.3,2026-08-24
20060414,5.33,2026-08-24
20060417,5.31,2026-08-24
20060418,5.31,2026-08-24
20060419,5.24,2026-08-24
20060420,5.24,2026-08-24
20060421,5.19,2026-08-24
20060424,5.15,2026-08-24
20060425,5.17,2026-08-24
20060426,5.14,2026-08-24
20060427,5.14,2026-08-24
20060428,5.08,2026-08-24
20060502,5.09,2026-08-24
20060503,5.11,2026-08-24
20060504,5.07,2026-08-24
20060508,5.07,2026-08-24
20060509,5.07,2026-08-24
20060510,5.08,2026-08-24
20060511,5.03,2026-08-24
20060512,5.03,2026-08-24
20060515,5.08,2026-08-24
20060516,5.07,2026-08-24
20060517,5.04,2026-08-24
20060518,5.02,2026-08-24
20060519,4.99,2026-08-24
20060522,5.01,2026-08-24
20060523,5.04,2026-08-24
20060524,5.03,2026-08-24
20060525,5.03,2026-08-24
20060526,5.04,2026-08-24
20060529,5.02,2026-08-24
20060530,5,2026-08-24
20060601,4.99,2026-08-24
20060602,5.02,2026-08-24
20060605,5.02,2026-08-24
20060607,5.05,2026-08-24
20060608,5.07,2026-08-24
20060609,5.09,2026-08-24
20060612,5.11,2026-08-24
20060613,5.11,2026-08-24
20060614,5.12,2026-08-24
20060615,5.16,2026-08-24
20060616,5.16,2026-08-24
20060619,5.21,2026-08-24
20060620,5.22,2026-08-24
20060621,5.22,2026-08-24
20060622,5.24,2026-08-24
20060623,5.31,2026-08-24
20060626,5.3,2026-08-24
20060627,5.31,2026-08-24
20060628,5.31,2026-08-24
20060629,5.28,2026-08-24
20060630,5.2,2026-08-24
20060703,5.2,2026-08-24
20060704,5.17,2026-08-24
20060705,5.14,2026-08-24
20060706,5.14,2026-08-24
20060707,5.21,2026-08-24
20060710,5.23,2026-08-24
20060711,5.2,2026-08-24
20060712,5.22,2026-08-24
20060713,5.21,2026-08-24
20060714,5.2,2026-08-24
20060718,5.17,2026-08-24
20060719,5.18,2026-08-24
20060720,5.16,2026-08-24
20060721,5.16,2026-08-24
20060724,5.17,2026-08-24
20060725,5.21,2026-08-24
20060726,5.2,2026-08-24
20060727,5.18,2026-08-24
20060728,5.18,2026-08-24
20060731,5.15,2026-08-24
20060801,5.11,2026-08-24
20060802,5.12,2026-08-24
20060803,5.11,2026-08-24
20060804,5.13,2026-08-24
20060807,5.11,2026-08-24
20060808,5.08,2026-08-24
20060809,5.07,2026-08-24
20060810,5.12,2026-08-24
20060811,5.07,2026-08-24
20060814,5.13,2026-08-24
20060816,5.13,2026-08-24
20060817,5.1,2026-08-24
20060818,5.09,2026-08-24
20060821,5.1,2026-08-24
20060822,5.09,2026-08-24
20060823,5.07,2026-08-24
20060824,5.09,2026-08-24
20060825,5.08,2026-08-24
20060828,5.08,2026-08-24
20060829,5.08,2026-08-24
20060830,5.09,2026-08-24
20060831,5.09,2026-08-24
20060901,5.06,2026-08-24
20060904,5.05,2026-08-24
20060905,5.07,2026-08-24
20060906,5.11,2026-08-24
20060907,5.05,2026-08-24
20060908,5.05,2026-08-24
20060911,5.06,2026-08-24
20060912,5.06,2026-08-24
20060913,5.04,2026-08-24
20060914,5.05,2026-08-24
20060915,5.04,2026-08-24
20060918,5.05,2026-08-24
20060919,5.05,2026-08-24
20060920,5,2026-08-24
20060921,4.99,2026-08-24
20060922,4.96,2026-08-24
20060925,4.97,2026-08-24
20060926,4.96,2026-08-24
20060927,4.95,2026-08-24
20060928,4.95,2026-08-24
20060929,4.89,2026-08-24
20061002,4.91,2026-08-24
20061004,4.89,2026-08-24
20061009,4.9,2026-08-24
20061010,4.9,2026-08-24
20061011,4.91,2026-08-24
20061012,4.91,2026-08-24
20061013,4.92,2026-08-24
20061016,4.93,2026-08-24
20061017,4.91,2026-08-24
20061018,4.91,2026-08-24
20061019,4.87,2026-08-24
20061020,4.87,2026-08-24
20061023,4.9,2026-08-24
20061024,4.97,2026-08-24
20061025,4.97,2026-08-24
20061026,4.95,2026-08-24
20061027,4.96,2026-08-24
20061030,5,2026-08-24
20061031,5.01,2026-08-24
20061101,4.97,2026-08-24
20061102,4.93,2026-08-24
20061103,4.93,2026-08-24
20061106,5.03,2026-08-24
20061107,5.04,2026-08-24
20061108,5.09,2026-08-24
20061109,5.02,2026-08-24
20061110,5,2026-08-24
20061113,5.02,2026-08-24
20061114,5.05,2026-08-24
20061115,5.03,2026-08-24
20061116,5.03,2026-08-24
20061117,5.04,2026-08-24
20061120,5.03,2026-08-24
20061121,5.07,2026-08-24
20061122,5.07,2026-08-24
20061123,5.1,2026-08-24
20061124,5.1,2026-08-24
20061127,5.11,2026-08-24
20061128,5.14,2026-08-24
20061129,5.16,2026-08-24
20061130,5.16,2026-08-24
20061201,5.15,2026-08-24
20061204,5.13,2026-08-24
20061205,5.11,2026-08-24
20061206,5.08,2026-08-24
20061207,5.07,2026-08-24
20061208,5.1,2026-08-24
20061211,5.14,2026-08-24
20061212,5.12,2026-08-24
20061213,5.12,2026-08-24
20061214,5.17,2026-08-24
20061215,5.17,2026-08-24
20061218,5.19,2026-08-24
20061219,5.19,2026-08-24
20061220,5.22,2026-08-24
20061221,5.21,2026-08-24
20061222,5.23,2026-08-24
20061226,5.31,2026-08-24
20061227,5.3,2026-08-24
20061228,5.29,2026-08-24
20061229,5.29,2026-08-24
20070102,5.3,2026-08-24
20070103,5.27,2026-08-24
20070104,5.28,2026-08-24
20070105,5.25,2026-08-24
20070108,5.25,2026-08-24
20070109,5.26,2026-08-24
20070110,5.26,2026-08-24
20070111,5.28,2026-08-24
20070112,5.32,2026-08-24
20070115,5.33,2026-08-24
20070116,5.33,2026-08-24
20070117,5.33,2026-08-24
20070118,5.34,2026-08-24
20070119,5.31,2026-08-24
20070122,5.32,2026-08-24
20070123,5.34,2026-08-24
20070124,5.38,2026-08-24
20070125,5.38,2026-08-24
20070126,5.42,2026-08-24
20070129,5.4,2026-08-24
20070130,5.39,2026-08-24
20070131,5.38,2026-08-24
20070201,5.33,2026-08-24
20070202,5.37,2026-08-24
20070205,5.37,2026-08-24
20070206,5.34,2026-08-24
20070207,5.31,2026-08-24
20070208,5.3,2026-08-24
20070209,5.3,2026-08-24
20070212,5.3,2026-08-24
20070213,5.31,2026-08-24
20070214,5.29,2026-08-24
20070215,5.24,2026-08-24
20070216,5.24,2026-08-24
20070220,5.27,2026-08-24
20070221,5.24,2026-08-24
20070222,5.23,2026-08-24
20070223,5.23,2026-08-24
20070226,5.22,2026-08-24
20070227,5.24,2026-08-24
20070228,5.24,2026-08-24
20070302,5.24,2026-08-24
20070305,5.19,2026-08-24
20070306,5.21,2026-08-24
20070307,5.18,2026-08-24
20070308,5.19,2026-08-24
20070309,5.19,2026-08-24
20070312,5.22,2026-08-24
20070313,5.24,2026-08-24
20070314,5.21,2026-08-24
20070315,5.22,2026-08-24
20070316,5.2,2026-08-24
20070319,5.21,2026-08-24
20070320,5.2,2026-08-24
20070321,5.2,2026-08-24
20070322,5.17,2026-08-24
20070323,5.17,2026-08-24
20070326,5.18,2026-08-24
20070327,5.18,2026-08-24
20070328,5.17,2026-08-24
20070329,5.18,2026-08-24
20070330,5.19,2026-08-24
20070402,5.21,2026-08-24
20070403,5.24,2026-08-24
20070404,5.25,2026-08-24
20070405,5.24,2026-08-24
20070406,5.25,2026-08-24
20070409,5.32,2026-08-24
20070410,5.32,2026-08-24
20070411,5.34,2026-08-24
20070412,5.35,2026-08-24
20070413,5.37,2026-08-24
20070416,5.38,2026-08-24
20070417,5.36,2026-08-24
20070418,5.33,2026-08-24
20070419,5.33,2026-08-24
20070420,5.41,2026-08-24
20070423,5.38,2026-08-24
20070424,5.38,2026-08-24
20070425,5.39,2026-08-24
20070426,5.41,2026-08-24
20070427,5.42,2026-08-24
20070430,5.44,2026-08-24
20070502,5.41,2026-08-24
20070503,5.39,2026-08-24
20070504,5.39,2026-08-24
20070507,5.41,2026-08-24
20070508,5.44,2026-08-24
20070509,5.46,2026-08-24
20070510,5.47,2026-08-24
20070511,5.46,2026-08-24
20070514,5.47,2026-08-24
20070515,5.47,2026-08-24
20070516,5.47,2026-08-24
20070517,5.51,2026-08-24
20070518,5.54,2026-08-24
20070521,5.54,2026-08-24
20070522,5.54,2026-08-24
20070523,5.54,2026-08-24
20070525,5.54,2026-08-24
20070528,5.54,2026-08-24
20070529,5.53,2026-08-24
20070530,5.56,2026-08-24
20070531,5.55,2026-08-24
20070601,5.53,2026-08-24
20070604,5.53,2026-08-24
20070605,5.54,2026-08-24
20070607,5.59,2026-08-24
20070608,5.66,2026-08-24
20070611,5.68,2026-08-24
20070612,5.69,2026-08-24
20070613,5.67,2026-08-24
20070614,5.66,2026-08-24
20070615,5.66,2026-08-24
20070618,5.65,2026-08-24
20070619,5.65,2026-08-24
20070620,5.67,2026-08-24
20070621,5.71,2026-08-24
20070622,5.68,2026-08-24
20070625,5.64,2026-08-24
20070626,5.66,2026-08-24
20070627,5.62,2026-08-24
20070628,5.62,2026-08-24
20070629,5.66,2026-08-24
20070702,5.68,2026-08-24
20070703,5.7,2026-08-24
20070704,5.73,2026-08-24
20070705,5.76,2026-08-24
20070706,5.75,2026-08-24
20070709,5.75,2026-08-24
20070710,5.75,2026-08-24
20070711,5.72,2026-08-24
20070712,5.77,2026-08-24
20070713,5.81,2026-08-24
20070716,5.82,2026-08-24
20070718,5.8,2026-08-24
20070719,5.8,2026-08-24
20070720,5.81,2026-08-24
20070723,5.78,2026-08-24
20070724,5.81,2026-08-24
20070725,5.76,2026-08-24
20070726,5.72,2026-08-24
20070727,5.66,2026-08-24
20070730,5.68,2026-08-24
20070731,5.64,2026-08-24
20070801,5.58,2026-08-24
20070802,5.61,2026-08-24
20070803,5.61,2026-08-24
20070806,5.61,2026-08-24
20070807,5.64,2026-08-24
20070808,5.67,2026-08-24
20070809,5.73,2026-08-24
20070810,5.68,2026-08-24
20070813,5.7,2026-08-24
20070814,5.71,2026-08-24
20070816,5.65,2026-08-24
20070817,5.64,2026-08-24
20070820,5.67,2026-08-24
20070821,5.67,2026-08-24
20070822,5.7,2026-08-24
20070823,5.73,2026-08-24
20070824,5.72,2026-08-24
20070827,5.76,2026-08-24
20070828,5.79,2026-08-24
20070829,5.81,2026-08-24
20070830,5.78,2026-08-24
20070831,5.85,2026-08-24
20070903,5.87,2026-08-24
20070904,5.86,2026-08-24
20070905,5.85,2026-08-24
20070906,5.85,2026-08-24
20070907,5.8,2026-08-24
20070910,5.76,2026-08-24
20070911,5.8,2026-08-24
20070912,5.78,2026-08-24
20070913,5.78,2026-08-24
20070914,5.82,2026-08-24
20070917,5.82,2026-08-24
20070918,5.82,2026-08-24
20070919,5.84,2026-08-24
20070920,5.89,2026-08-24
20070921,5.93,2026-08-24
20070927,5.97,2026-08-24
20070928,5.97,2026-08-24
20071001,5.98,2026-08-24
20071002,5.98,2026-08-24
20071004,5.96,2026-08-24
20071005,5.93,2026-08-24
20071008,5.97,2026-08-24
20071009,6,2026-08-24
20071010,6,2026-08-24
20071011,6.01,2026-08-24
20071012,6.02,2026-08-24
20071015,6.05,2026-08-24
20071016,6.03,2026-08-24
20071017,6,2026-08-24
20071018,6.02,2026-08-24
20071019,5.97,2026-08-24
20071022,5.91,2026-08-24
20071023,5.93,2026-08-24
20071024,5.91,2026-08-24
20071025,5.95,2026-08-24
20071026,5.96,2026-08-24
20071029,5.97,2026-08-24
20071030,6,2026-08-24
20071031,6.02,2026-08-24
20071101,6.05,2026-08-24
20071102,6.01,2026-08-24
20071105,6.02,2026-08-24
20071106,6.01,2026-08-24
20071107,5.98,2026-08-24
20071108,5.92,2026-08-24
20071109,5.94,2026-08-24
20071112,5.97,2026-08-24
20071113,5.97,2026-08-24
20071114,6.02,2026-08-24
20071115,6.04,2026-08-24
20071116,6.07,2026-08-24
20071119,6.15,2026-08-24
20071120,6.17,2026-08-24
20071121,6.29,2026-08-24
20071122,6.3,2026-08-24
20071123,6.27,2026-08-24
20071126,6.32,2026-08-24
20071127,6.36,2026-08-24
20071128,6.59,2026-08-24
20071129,6.7,2026-08-24
20071130,6.47,2026-08-24
20071203,6.46,2026-08-24
20071204,6.53,2026-08-24
20071205,6.7,2026-08-24
20071206,6.7,2026-08-24
20071207,6.81,2026-08-24
20071210,6.81,2026-08-24
20071211,6.81,2026-08-24
20071212,6.79,2026-08-24
20071213,6.71,2026-08-24
20071214,6.71,2026-08-24
20071217,6.73,2026-08-24
20071218,6.73,2026-08-24
20071220,6.72,2026-08-24
20071221,6.74,2026-08-24
20071224,6.78,2026-08-24
20071226,6.78,2026-08-24
20071227,6.77,2026-08-24
20071228,6.77,2026-08-24
20071231,6.77,2026-08-24
20080102,6.91,2026-08-24
20080103,6.92,2026-08-24
20080104,6.91,2026-08-24
20080107,6.91,2026-08-24
20080108,7.01,2026-08-24
20080109,7,2026-08-24
20080110,6.92,2026-08-24
20080111,6.75,2026-08-24
20080114,6.76,2026-08-24
20080115,6.67,2026-08-24
20080116,6.58,2026-08-24
20080117,6.67,2026-08-24
20080118,6.6,2026-08-24
20080121,6.57,2026-08-24
20080122,6.53,2026-08-24
20080123,6.3,2026-08-24
20080124,6.35,2026-08-24
20080125,6.45,2026-08-24
20080128,6.31,2026-08-24
20080129,6.32,2026-08-24
20080130,6.33,2026-08-24
20080131,6.28,2026-08-24
20080201,6.29,2026-08-24
20080204,6.4,2026-08-24
20080205,6.38,2026-08-24
20080211,6.36,2026-08-24
20080212,6.32,2026-08-24
20080213,6.25,2026-08-24
20080214,6.24,2026-08-24
20080215,6.26,2026-08-24
20080218,6.24,2026-08-24
20080219,6.27,2026-08-24
20080220,6.25,2026-08-24
20080221,6.32,2026-08-24
20080222,6.23,2026-08-24
20080225,6.26,2026-08-24
20080226,6.27,2026-08-24
20080227,6.25,2026-08-24
20080228,6.2,2026-08-24
20080229,6.14,2026-08-24
20080303,6.09,2026-08-24
20080304,6.1,2026-08-24
20080305,6.05,2026-08-24
20080306,6.06,2026-08-24
20080307,6.1,2026-08-24
20080310,6.16,2026-08-24
20080311,6.16,2026-08-24
20080312,6.16,2026-08-24
20080313,6.24,2026-08-24
20080314,6.21,2026-08-24
20080317,6.26,2026-08-24
20080318,6.06,2026-08-24
20080319,6.15,2026-08-24
20080320,6.1,2026-08-24
20080321,6.08,2026-08-24
20080324,6.18,2026-08-24
20080325,6.17,2026-08-24
20080326,6.17,2026-08-24
20080327,6.07,2026-08-24
20080328,6.07,2026-08-24
20080331,6.01,2026-08-24
20080401,6.04,2026-08-24
20080402,6.01,2026-08-24
20080403,6.05,2026-08-24
20080404,6.05,2026-08-24
20080407,6.03,2026-08-24
20080408,5.95,2026-08-24
20080410,5.83,2026-08-24
20080411,5.87,2026-08-24
20080414,5.88,2026-08-24
20080415,5.86,2026-08-24
20080416,5.86,2026-08-24
20080417,5.87,2026-08-24
20080418,5.9,2026-08-24
20080421,5.89,2026-08-24
20080422,5.85,2026-08-24
20080423,5.87,2026-08-24
20080424,5.85,2026-08-24
20080425,5.87,2026-08-24
20080428,5.85,2026-08-24
20080429,5.84,2026-08-24
20080430,5.82,2026-08-24
20080502,5.84,2026-08-24
20080506,5.86,2026-08-24
20080507,5.91,2026-08-24
20080508,6.14,2026-08-24
20080509,6.14,2026-08-24
20080513,6.22,2026-08-24
20080514,6.2,2026-08-24
20080515,6.19,2026-08-24
20080516,6.24,2026-08-24
20080519,6.39,2026-08-24
20080520,6.27,2026-08-24
20080521,6.33,2026-08-24
20080522,6.29,2026-08-24
20080523,6.34,2026-08-24
20080526,6.35,2026-08-24
20080527,6.3,2026-08-24
20080528,6.31,2026-08-24
20080529,6.38,2026-08-24
20080530,6.41,2026-08-24
20080602,6.5,2026-08-24
20080603,6.5,2026-08-24
20080604,6.49,2026-08-24
20080605,6.48,2026-08-24
20080609,6.65,2026-08-24
20080610,6.76,2026-08-24
20080611,6.71,2026-08-24
20080612,6.71,2026-08-24
20080613,6.71,2026-08-24
20080616,6.67,2026-08-24
20080617,6.63,2026-08-24
20080618,6.65,2026-08-24
20080619,6.63,2026-08-24
20080620,6.69,2026-08-24
20080623,6.85,2026-08-24
20080624,6.83,2026-08-24
20080625,6.8,2026-08-24
20080626,6.72,2026-08-24
20080627,6.75,2026-08-24
20080630,6.88,2026-08-24
20080701,6.85,2026-08-24
20080702,6.95,2026-08-24
20080703,7.04,2026-08-24
20080704,7.03,2026-08-24
20080707,7.03,2026-08-24
20080708,7,2026-08-24
20080709,6.96,2026-08-24
20080710,6.99,2026-08-24
20080711,7.14,2026-08-24
20080714,7.17,2026-08-24
20080715,7.14,2026-08-24
20080716,7.12,2026-08-24
20080717,7.02,2026-08-24
20080718,7,2026-08-24
20080721,7.1,2026-08-24
20080722,6.97,2026-08-24
20080723,6.92,2026-08-24
20080724,6.89,2026-08-24
20080725,6.86,2026-08-24
20080728,6.94,2026-08-24
20080729,6.9,2026-08-24
20080730,6.86,2026-08-24
20080731,6.91,2026-08-24
20080801,6.85,2026-08-24
20080804,6.95,2026-08-24
20080805,6.93,2026-08-24
20080806,6.9,2026-08-24
20080807,6.88,2026-08-24
20080808,6.92,2026-08-24
20080811,6.96,2026-08-24
20080812,7,2026-08-24
20080813,7,2026-08-24
20080814,7.09,2026-08-24
20080818,7.19,2026-08-24
20080819,7.17,2026-08-24
20080820,7.16,2026-08-24
20080821,7.16,2026-08-24
20080822,7.28,2026-08-24
20080825,7.37,2026-08-24
20080826,7.36,2026-08-24
20080827,7.35,2026-08-24
20080828,7.32,2026-08-24
20080829,7.34,2026-08-24
20080901,7.46,2026-08-24
20080902,7.55,2026-08-24
20080903,7.46,2026-08-24
20080904,7.41,2026-08-24
20080905,7.4,2026-08-24
20080908,7.37,2026-08-24
20080909,7.37,2026-08-24
20080910,7.34,2026-08-24
20080911,7.28,2026-08-24
20080912,7.25,2026-08-24
20080916,7.09,2026-08-24
20080917,7.18,2026-08-24
20080918,7.48,2026-08-24
20080919,7.4,2026-08-24
20080922,7.46,2026-08-24
20080923,7.49,2026-08-24
20080924,7.56,2026-08-24
20080925,7.66,2026-08-24
20080926,7.85,2026-08-24
20080929,7.92,2026-08-24
20080930,7.76,2026-08-24
20081001,7.81,2026-08-24
20081002,7.78,2026-08-24
20081006,7.87,2026-08-24
20081007,7.78,2026-08-24
20081008,7.86,2026-08-24
20081009,7.75,2026-08-24
20081010,7.82,2026-08-24
20081013,7.92,2026-08-24
20081014,7.94,2026-08-24
20081015,7.9,2026-08-24
20081016,8.06,2026-08-24
20081017,8.01,2026-08-24
20081020,8.06,2026-08-24
20081021,8.06,2026-08-24
20081022,7.97,2026-08-24
20081023,8.02,2026-08-24
20081024,8.1,2026-08-24
20081027,7.87,2026-08-24
20081028,8,2026-08-24
20081029,8.07,2026-08-24
20081030,8.05,2026-08-24
20081031,8.13,2026-08-24
20081103,8.33,2026-08-24
20081104,8.28,2026-08-24
20081105,8.21,2026-08-24
20081106,8.12,2026-08-24
20081107,8.23,2026-08-24
20081110,8.36,2026-08-24
20081111,8.37,2026-08-24
20081112,8.33,2026-08-24
20081113,8.63,2026-08-24
20081114,8.83,2026-08-24
20081117,8.7,2026-08-24
20081118,8.84,2026-08-24
20081119,8.68,2026-08-24
20081120,8.68,2026-08-24
20081121,8.61,2026-08-24
20081124,8.71,2026-08-24
20081125,8.8,2026-08-24
20081126,8.78,2026-08-24
20081127,8.86,2026-08-24
20081128,8.91,2026-08-24
20081201,8.91,2026-08-24
20081202,8.86,2026-08-24
20081203,8.8,2026-08-24
20081204,8.9,2026-08-24
20081205,8.8,2026-08-24
20081208,8.85,2026-08-24
20081209,8.81,2026-08-24
20081210,8.86,2026-08-24
20081211,8.62,2026-08-24
20081212,8.47,2026-08-24
20081215,8.32,2026-08-24
20081216,8.05,2026-08-24
20081217,7.98,2026-08-24
20081218,7.96,2026-08-24
20081219,7.98,2026-08-24
20081222,8.08,2026-08-24
20081223,8.1,2026-08-24
20081224,8.02,2026-08-24
20081226,7.97,2026-08-24
20081229,7.92,2026-08-24
20081230,7.72,2026-08-24
20081231,7.72,2026-08-24
20090102,7.73,2026-08-24
20090105,7.51,2026-08-24
20090106,7.46,2026-08-24
20090107,7.45,2026-08-24
20090108,7.25,2026-08-24
20090109,7.43,2026-08-24
20090112,7.46,2026-08-24
20090113,7.42,2026-08-24
20090114,7.25,2026-08-24
20090115,7.38,2026-08-24
20090116,7.39,2026-08-24
20090119,7.25,2026-08-24
20090120,7.29,2026-08-24
20090121,7.22,2026-08-24
20090122,7.22,2026-08-24
20090123,7.19,2026-08-24
20090128,7.14,2026-08-24
20090129,7.19,2026-08-24
20090130,7.29,2026-08-24
20090202,7.49,2026-08-24
20090203,7.57,2026-08-24
20090204,7.45,2026-08-24
20090205,7.48,2026-08-24
20090206,7.37,2026-08-24
20090209,7.29,2026-08-24
20090210,7.17,2026-08-24
20090211,7.07,2026-08-24
20090212,6.97,2026-08-24
20090213,6.85,2026-08-24
20090216,6.85,2026-08-24
20090217,7.05,2026-08-24
20090218,6.96,2026-08-24
20090219,6.89,2026-08-24
20090220,6.93,2026-08-24
20090223,6.86,2026-08-24
20090224,6.88,2026-08-24
20090225,6.92,2026-08-24
20090226,6.74,2026-08-24
20090227,6.6,2026-08-24
20090302,6.62,2026-08-24
20090303,6.48,2026-08-24
20090304,6.29,2026-08-24
20090305,6.28,2026-08-24
20090306,6.2,2026-08-24
20090309,6.21,2026-08-24
20090310,6.11,2026-08-24
20090311,6.15,2026-08-24
20090312,6.08,2026-08-24
20090313,6.16,2026-08-24
20090316,6.12,2026-08-24
20090317,6.01,2026-08-24
20090318,6.04,2026-08-24
20090319,5.91,2026-08-24
20090320,5.92,2026-08-24
20090323,5.94,2026-08-24
20090324,6.02,2026-08-24
20090325,6.02,2026-08-24
20090326,6.07,2026-08-24
20090327,6.07,2026-08-24
20090330,6.15,2026-08-24
20090331,6.13,2026-08-24
20090401,6.02,2026-08-24
20090402,5.99,2026-08-24
20090403,5.99,2026-08-24
20090406,6.01,2026-08-24
20090407,5.97,2026-08-24
20090408,5.91,2026-08-24
20090409,5.88,2026-08-24
20090410,5.87,2026-08-24
20090413,5.84,2026-08-24
20090414,5.74,2026-08-24
20090415,5.69,2026-08-24
20090416,5.7,2026-08-24
20090417,5.62,2026-08-24
20090420,5.59,2026-08-24
20090421,5.57,2026-08-24
20090422,5.59,2026-08-24
20090423,5.55,2026-08-24
20090424,5.37,2026-08-24
20090427,5.35,2026-08-24
20090428,5.21,2026-08-24
20090429,5.23,2026-08-24
20090430,5.29,2026-08-24
20090504,5.45,2026-08-24
20090506,5.45,2026-08-24
20090507,5.48,2026-08-24
20090508,5.46,2026-08-24
20090511,5.49,2026-08-24
20090512,5.35,2026-08-24
20090513,5.21,2026-08-24
20090514,5.07,2026-08-24
20090515,5.06,2026-08-24
20090518,5.01,2026-08-24
20090519,5.07,2026-08-24
20090520,5.06,2026-08-24
20090521,5.01,2026-08-24
20090522,5,2026-08-24
20090525,4.97,2026-08-24
20090526,4.95,2026-08-24
20090527,4.97,2026-08-24
20090528,5.01,2026-08-24
20090529,4.98,2026-08-24
20090601,4.96,2026-08-24
20090602,4.97,2026-08-24
20090603,4.94,2026-08-24
20090604,4.91,2026-08-24
20090605,4.9,2026-08-24
20090608,5.06,2026-08-24
20090609,5.11,2026-08-24
20090610,5.13,2026-08-24
20090611,5.32,2026-08-24
20090612,5.4,2026-08-24
20090615,5.38,2026-08-24
20090616,5.36,2026-08-24
20090617,5.35,2026-08-24
20090618,5.31,2026-08-24
20090619,5.29,2026-08-24
20090622,5.33,2026-08-24
20090623,5.29,2026-08-24
20090624,5.26,2026-08-24
20090625,5.37,2026-08-24
20090626,5.34,2026-08-24
20090629,5.32,2026-08-24
20090630,5.39,2026-08-24
20090701,5.35,2026-08-24
20090702,5.34,2026-08-24
20090703,5.32,2026-08-24
20090706,5.36,2026-08-24
20090707,5.42,2026-08-24
20090708,5.39,2026-08-24
20090709,5.33,2026-08-24
20090710,5.26,2026-08-24
20090713,5.3,2026-08-24
20090714,5.32,2026-08-24
20090715,5.36,2026-08-24
20090716,5.37,2026-08-24
20090717,5.48,2026-08-24
20090720,5.57,2026-08-24
20090721,5.56,2026-08-24
20090722,5.61,2026-08-24
20090723,5.58,2026-08-24
20090724,5.58,2026-08-24
20090727,5.59,2026-08-24
20090728,5.59,2026-08-24
20090729,5.6,2026-08-24
20090730,5.58,2026-08-24
20090731,5.68,2026-08-24
20090803,5.77,2026-08-24
20090804,5.75,2026-08-24
20090805,5.81,2026-08-24
20090806,5.86,2026-08-24
20090807,5.85,2026-08-24
20090810,5.86,2026-08-24
20090811,5.8,2026-08-24
20090812,5.81,2026-08-24
20090813,5.88,2026-08-24
20090814,5.94,2026-08-24
20090817,5.8,2026-08-24
20090818,5.81,2026-08-24
20090819,5.67,2026-08-24
20090820,5.68,2026-08-24
20090821,5.63,2026-08-24
20090824,5.67,2026-08-24
20090825,5.61,2026-08-24
20090826,5.59,2026-08-24
20090827,5.54,2026-08-24
20090828,5.58,2026-08-24
20090831,5.61,2026-08-24
20090901,5.61,2026-08-24
20090902,5.55,2026-08-24
20090903,5.53,2026-08-24
20090904,5.53,2026-08-24
20090907,5.54,2026-08-24
20090908,5.5,2026-08-24
20090909,5.48,2026-08-24
20090910,5.67,2026-08-24
20090911,5.65,2026-08-24
20090914,5.65,2026-08-24
20090915,5.63,2026-08-24
20090916,5.56,2026-08-24
20090917,5.56,2026-08-24
20090918,5.53,2026-08-24
20090921,5.58,2026-08-24
20090922,5.63,2026-08-24
20090923,5.61,2026-08-24
20090924,5.58,2026-08-24
20090925,5.56,2026-08-24
20090928,5.58,2026-08-24
20090929,5.6,2026-08-24
20090930,5.53,2026-08-24
20091001,5.51,2026-08-24
20091005,5.49,2026-08-24
20091006,5.59,2026-08-24
20091007,5.59,2026-08-24
20091008,5.61,2026-08-24
20091009,5.5,2026-08-24
20091012,5.53,2026-08-24
20091013,5.51,2026-08-24
20091014,5.51,2026-08-24
20091015,5.55,2026-08-24
20091016,5.67,2026-08-24
20091019,5.66,2026-08-24
20091020,5.67,2026-08-24
20091021,5.65,2026-08-24
20091022,5.67,2026-08-24
20091023,5.71,2026-08-24
20091026,5.74,2026-08-24
20091027,5.66,2026-08-24
20091028,5.64,2026-08-24
20091029,5.59,2026-08-24
20091030,5.58,2026-08-24
20091102,5.57,2026-08-24
20091103,5.56,2026-08-24
20091104,5.6,2026-08-24
20091105,5.58,2026-08-24
20091106,5.58,2026-08-24
20091109,5.59,2026-08-24
20091110,5.56,2026-08-24
20091111,5.52,2026-08-24
20091112,5.44,2026-08-24
20091113,5.39,2026-08-24
20091116,5.41,2026-08-24
20091117,5.35,2026-08-24
20091118,5.38,2026-08-24
20091119,5.35,2026-08-24
20091120,5.36,2026-08-24
20091123,5.4,2026-08-24
20091124,5.38,2026-08-24
20091125,5.35,2026-08-24
20091126,5.3,2026-08-24
20091127,5.17,2026-08-24
20091130,5.21,2026-08-24
20091201,5.16,2026-08-24
20091202,5.24,2026-08-24
20091203,5.23,2026-08-24
20091204,5.27,2026-08-24
20091207,5.35,2026-08-24
20091208,5.3,2026-08-24
20091209,5.27,2026-08-24
20091210,5.36,2026-08-24
20091211,5.33,2026-08-24
20091214,5.35,2026-08-24
20091215,5.28,2026-08-24
20091216,5.35,2026-08-24
20091217,5.35,2026-08-24
20091218,5.3,2026-08-24
20091221,5.3,2026-08-24
20091222,5.42,2026-08-24
20091223,5.39,2026-08-24
20091224,5.44,2026-08-24
20091228,5.48,2026-08-24
20091229,5.51,2026-08-24
20091230,5.53,2026-08-24
20091231,5.53,2026-08-24
20100104,5.56,2026-08-24
20100105,5.48,2026-08-24
20100106,5.54,2026-08-24
20100107,5.44,2026-08-24
20100108,5.47,2026-08-24
20100111,5.38,2026-08-24
20100112,5.36,2026-08-24
20100113,5.37,2026-08-24
20100114,5.35,2026-08-24
20100115,5.37,2026-08-24
20100118,5.41,2026-08-24
20100119,5.37,2026-08-24
20100120,5.37,2026-08-24
20100121,5.38,2026-08-24
20100122,5.35,2026-08-24
20100125,5.37,2026-08-24
20100126,5.32,2026-08-24
20100127,5.35,2026-08-24
20100128,5.43,2026-08-24
20100129,5.39,2026-08-24
20100201,5.42,2026-08-24
20100202,5.4,2026-08-24
20100203,5.4,2026-08-24
20100204,5.39,2026-08-24
20100205,5.36,2026-08-24
20100208,5.4,2026-08-24
20100209,5.4,2026-08-24
20100210,5.4,2026-08-24
20100211,5.31,2026-08-24
20100212,5.25,2026-08-24
20100216,5.25,2026-08-24
20100217,5.24,2026-08-24
20100218,5.24,2026-08-24
20100219,5.32,2026-08-24
20100222,5.34,2026-08-24
20100223,5.3,2026-08-24
20100224,5.28,2026-08-24
20100225,5.23,2026-08-24
20100226,5.24,2026-08-24
20100302,5.24,2026-08-24
20100303,5.22,2026-08-24
20100304,5.21,2026-08-24
20100305,5.22,2026-08-24
20100308,5.24,2026-08-24
20100309,5.22,2026-08-24
20100310,5.2,2026-08-24
20100311,5.09,2026-08-24
20100312,5.05,2026-08-24
20100315,5.05,2026-08-24
20100316,4.94,2026-08-24
20100317,4.88,2026-08-24
20100318,4.83,2026-08-24
20100319,4.84,2026-08-24
20100322,4.81,2026-08-24
20100323,4.92,2026-08-24
20100324,4.96,2026-08-24
20100325,4.85,2026-08-24
20100326,4.86,2026-08-24
20100329,4.91,2026-08-24
20100330,4.91,2026-08-24
20100331,4.89,2026-08-24
20100401,4.84,2026-08-24
20100402,4.84,2026-08-24
20100405,4.85,2026-08-24
20100406,4.84,2026-08-24
20100407,4.82,2026-08-24
20100408,4.74,2026-08-24
20100409,4.77,2026-08-24
20100412,4.85,2026-08-24
20100413,4.81,2026-08-24
20100414,4.84,2026-08-24
20100415,4.79,2026-08-24
20100416,4.73,2026-08-24
20100419,4.69,2026-08-24
20100420,4.66,2026-08-24
20100421,4.65,2026-08-24
20100422,4.62,2026-08-24
20100423,4.6,2026-08-24
20100426,4.58,2026-08-24
20100427,4.49,2026-08-24
20100428,4.44,2026-08-24
20100429,4.4,2026-08-24
20100430,4.41,2026-08-24
20100503,4.47,2026-08-24
20100504,4.48,2026-08-24
20100506,4.53,2026-08-24
20100507,4.44,2026-08-24
20100510,4.46,2026-08-24
20100511,4.39,2026-08-24
20100512,4.51,2026-08-24
20100513,4.53,2026-08-24
20100514,4.52,2026-08-24
20100517,4.53,2026-08-24
20100518,4.53,2026-08-24
20100519,4.53,2026-08-24
20100520,4.51,2026-08-24
20100524,4.43,2026-08-24
20100525,4.4,2026-08-24
20100526,4.44,2026-08-24
20100527,4.44,2026-08-24
20100528,4.46,2026-08-24
20100531,4.45,2026-08-24
20100601,4.46,2026-08-24
20100603,4.52,2026-08-24
20100604,4.56,2026-08-24
20100607,4.5,2026-08-24
20100608,4.51,2026-08-24
20100609,4.51,2026-08-24
20100610,4.54,2026-08-24
20100611,4.58,2026-08-24
20100614,4.61,2026-08-24
20100615,4.64,2026-08-24
20100616,4.63,2026-08-24
20100617,4.62,2026-08-24
20100618,4.64,2026-08-24
20100621,4.77,2026-08-24
20100622,4.79,2026-08-24
20100623,4.82,2026-08-24
20100624,4.8,2026-08-24
20100625,4.8,2026-08-24
20100628,4.84,2026-08-24
20100629,4.79,2026-08-24
20100630,4.77,2026-08-24
20100701,4.72,2026-08-24
20100702,4.74,2026-08-24
20100705,4.77,2026-08-24
20100706,4.75,2026-08-24
20100707,4.81,2026-08-24
20100708,4.85,2026-08-24
20100709,4.85,2026-08-24
20100712,4.88,2026-08-24
20100713,4.88,2026-08-24
20100714,4.9,2026-08-24
20100715,4.87,2026-08-24
20100716,4.86,2026-08-24
20100719,4.85,2026-08-24
20100720,4.85,2026-08-24
20100721,4.81,2026-08-24
20100722,4.76,2026-08-24
20100723,4.78,2026-08-24
20100726,4.8,2026-08-24
20100727,4.79,2026-08-24
20100728,4.79,2026-08-24
20100729,4.75,2026-08-24
20100730,4.75,2026-08-24
20100802,4.78,2026-08-24
20100803,4.79,2026-08-24
20100804,4.77,2026-08-24
20100805,4.8,2026-08-24
20100806,4.82,2026-08-24
20100809,4.84,2026-08-24
20100810,4.83,2026-08-24
20100811,4.76,2026-08-24
20100812,4.7,2026-08-24
20100813,4.68,2026-08-24
20100816,4.69,2026-08-24
20100817,4.71,2026-08-24
20100818,4.65,2026-08-24
20100819,4.62,2026-08-24
20100820,4.58,2026-08-24
20100823,4.59,2026-08-24
20100824,4.55,2026-08-24
20100825,4.55,2026-08-24
20100826,4.53,2026-08-24
20100827,4.54,2026-08-24
20100830,4.55,2026-08-24
20100831,4.53,2026-08-24
20100901,4.6,2026-08-24
20100902,4.55,2026-08-24
20100903,4.59,2026-08-24
20100906,4.63,2026-08-24
20100907,4.58,2026-08-24
20100908,4.57,2026-08-24
20100909,4.32,2026-08-24
20100910,4.36,2026-08-24
20100913,4.37,2026-08-24
20100914,4.34,2026-08-24
20100915,4.37,2026-08-24
20100916,4.32,2026-08-24
20100917,4.36,2026-08-24
20100920,4.4,2026-08-24
20100924,4.33,2026-08-24
20100927,4.3,2026-08-24
20100928,4.29,2026-08-24
20100929,4.27,2026-08-24
20100930,4.26,2026-08-24
20101001,4.2,2026-08-24
20101004,4.24,2026-08-24
20101005,4.23,2026-08-24
20101006,4.25,2026-08-24
20101007,4.25,2026-08-24
20101008,4.22,2026-08-24
20101011,4.23,2026-08-24
20101012,4.2,2026-08-24
20101013,4.22,2026-08-24
20101014,4.04,2026-08-24
20101015,4.01,2026-08-24
20101018,4.02,2026-08-24
20101019,4.04,2026-08-24
20101020,4.08,2026-08-24
20101021,4.1,2026-08-24
20101022,4.05,2026-08-24
20101025,4.09,2026-08-24
20101026,4.05,2026-08-24
20101027,4.08,2026-08-24
20101028,4.01,2026-08-24
20101029,4.03,2026-08-24
20101101,4.12,2026-08-24
20101102,4.16,2026-08-24
20101103,4.18,2026-08-24
20101104,4.25,2026-08-24
20101105,4.35,2026-08-24
20101108,4.32,2026-08-24
20101109,4.34,2026-08-24
20101110,4.29,2026-08-24
20101111,4.27,2026-08-24
20101112,4.25,2026-08-24
20101115,4.26,2026-08-24
20101116,4.14,2026-08-24
20101117,4.15,2026-08-24
20101118,4.14,2026-08-24
20101119,4.13,2026-08-24
20101122,4.17,2026-08-24
20101123,4.21,2026-08-24
20101124,4.15,2026-08-24
20101125,4.12,2026-08-24
20101126,4.12,2026-08-24
20101129,4.05,2026-08-24
20101130,4.03,2026-08-24
20101201,4.05,2026-08-24
20101202,4.04,2026-08-24
20101203,4.01,2026-08-24
20101206,4,2026-08-24
20101207,4.01,2026-08-24
20101208,4.12,2026-08-24
20101209,4.12,2026-08-24
20101210,4.11,2026-08-24
20101213,4.19,2026-08-24
20101214,4.21,2026-08-24
20101215,4.32,2026-08-24
20101216,4.26,2026-08-24
20101217,4.27,2026-08-24
20101220,4.26,2026-08-24
20101221,4.17,2026-08-24
20101222,4.13,2026-08-24
20101223,4.15,2026-08-24
20101224,4.17,2026-08-24
20101227,4.24,2026-08-24
20101228,4.26,2026-08-24
20101229,4.26,2026-08-24
20101230,4.27,2026-08-24
20101231,4.27,2026-08-24
20110103,4.32,2026-08-24
20110104,4.32,2026-08-24
20110105,4.32,2026-08-24
20110106,4.39,2026-08-24
20110107,4.39,2026-08-24
20110110,4.38,2026-08-24
20110111,4.4,2026-08-24
20110112,4.35,2026-08-24
20110113,4.46,2026-08-24
20110114,4.51,2026-08-24
20110117,4.53,2026-08-24
20110118,4.49,2026-08-24
20110119,4.6,2026-08-24
20110120,4.62,2026-08-24
20110121,4.63,2026-08-24
20110124,4.68,2026-08-24
20110125,4.69,2026-08-24
20110126,4.67,2026-08-24
20110127,4.66,2026-08-24
20110128,4.67,2026-08-24
20110131,4.75,2026-08-24
20110201,4.76,2026-08-24
20110207,4.86,2026-08-24
20110208,4.82,2026-08-24
20110209,4.77,2026-08-24
20110210,4.74,2026-08-24
20110211,4.73,2026-08-24
20110214,4.75,2026-08-24
20110215,4.73,2026-08-24
20110216,4.71,2026-08-24
20110217,4.74,2026-08-24
20110218,4.73,2026-08-24
20110221,4.74,2026-08-24
20110222,4.67,2026-08-24
20110223,4.67,2026-08-24
20110224,4.6,2026-08-24
20110225,4.63,2026-08-24
20110228,4.63,2026-08-24
20110302,4.63,2026-08-24
20110303,4.71,2026-08-24
20110304,4.72,2026-08-24
20110307,4.71,2026-08-24
20110308,4.68,2026-08-24
20110309,4.63,2026-08-24
20110310,4.52,2026-08-24
20110311,4.5,2026-08-24
20110314,4.45,2026-08-24
20110315,4.4,2026-08-24
20110316,4.46,2026-08-24
20110317,4.48,2026-08-24
20110318,4.48,2026-08-24
20110321,4.52,2026-08-24
20110322,4.5,2026-08-24
20110323,4.46,2026-08-24
20110324,4.46,2026-08-24
20110325,4.49,2026-08-24
20110328,4.5,2026-08-24
20110329,4.49,2026-08-24
20110330,4.52,2026-08-24
20110331,4.51,2026-08-24
20110401,4.47,2026-08-24
20110404,4.47,2026-08-24
20110405,4.48,2026-08-24
20110406,4.49,2026-08-24
20110407,4.48,2026-08-24
20110408,4.55,2026-08-24
20110411,4.56,2026-08-24
20110412,4.51,2026-08-24
20110413,4.52,2026-08-24
20110414,4.52,2026-08-24
20110415,4.52,2026-08-24
20110418,4.51,2026-08-24
20110419,4.51,2026-08-24
20110420,4.54,2026-08-24
20110421,4.57,2026-08-24
20110422,4.59,2026-08-24
20110425,4.62,2026-08-24
20110426,4.61,2026-08-24
20110427,4.61,2026-08-24
20110428,4.58,2026-08-24
20110429,4.56,2026-08-24
20110502,4.56,2026-08-24
20110503,4.56,2026-08-24
20110504,4.56,2026-08-24
20110506,4.52,2026-08-24
20110509,4.52,2026-08-24
20110511,4.5,2026-08-24
20110512,4.46,2026-08-24
20110513,4.45,2026-08-24
20110516,4.41,2026-08-24
20110517,4.43,2026-08-24
20110518,4.43,2026-08-24
20110519,4.43,2026-08-24
20110520,4.43,2026-08-24
20110523,4.39,2026-08-24
20110524,4.39,2026-08-24
20110525,4.38,2026-08-24
20110526,4.41,2026-08-24
20110527,4.4,2026-08-24
20110530,4.33,2026-08-24
20110531,4.33,2026-08-24
20110601,4.38,2026-08-24
20110602,4.32,2026-08-24
20110603,4.32,2026-08-24
20110607,4.29,2026-08-24
20110608,4.29,2026-08-24
20110609,4.32,2026-08-24
20110610,4.39,2026-08-24
20110613,4.4,2026-08-24
20110614,4.43,2026-08-24
20110615,4.42,2026-08-24
20110616,4.36,2026-08-24
20110617,4.42,2026-08-24
20110620,4.41,2026-08-24
20110621,4.42,2026-08-24
20110622,4.42,2026-08-24
20110623,4.42,2026-08-24
20110624,4.45,2026-08-24
20110627,4.46,2026-08-24
20110628,4.46,2026-08-24
20110629,4.5,2026-08-24
20110630,4.49,2026-08-24
20110701,4.5,2026-08-24
20110704,4.51,2026-08-24
20110705,4.49,2026-08-24
20110706,4.51,2026-08-24
20110707,4.51,2026-08-24
20110708,4.56,2026-08-24
20110711,4.52,2026-08-24
20110712,4.42,2026-08-24
20110713,4.42,2026-08-24
20110714,4.42,2026-08-24
20110715,4.4,2026-08-24
20110718,4.4,2026-08-24
20110719,4.41,2026-08-24
20110720,4.44,2026-08-24
20110721,4.44,2026-08-24
20110722,4.48,2026-08-24
20110725,4.51,2026-08-24
20110726,4.53,2026-08-24
20110727,4.52,2026-08-24
20110728,4.5,2026-08-24
20110729,4.54,2026-08-24
20110801,4.59,2026-08-24
20110802,4.56,2026-08-24
20110803,4.51,2026-08-24
20110804,4.46,2026-08-24
20110805,4.32,2026-08-24
20110808,4.31,2026-08-24
20110809,4.29,2026-08-24
20110810,4.18,2026-08-24
20110811,4.24,2026-08-24
20110812,4.22,2026-08-24
20110816,4.23,2026-08-24
20110817,4.27,2026-08-24
20110818,4.29,2026-08-24
20110819,4.22,2026-08-24
20110822,4.22,2026-08-24
20110823,4.25,2026-08-24
20110824,4.19,2026-08-24
20110825,4.19,2026-08-24
20110826,4.21,2026-08-24
20110829,4.24,2026-08-24
20110830,4.22,2026-08-24
20110831,4.23,2026-08-24
20110901,4.2,2026-08-24
20110902,4.2,2026-08-24
20110905,4.13,2026-08-24
20110906,4.13,2026-08-24
20110907,4.24,2026-08-24
20110908,4.18,2026-08-24
20110909,4.15,2026-08-24
20110914,4.1,2026-08-24
20110915,4.17,2026-08-24
20110916,4.2,2026-08-24
20110919,4.31,2026-08-24
20110920,4.29,2026-08-24
20110921,4.3,2026-08-24
20110922,4.29,2026-08-24
20110923,4.25,2026-08-24
20110926,4.31,2026-08-24
20110927,4.27,2026-08-24
20110928,4.34,2026-08-24
20110929,4.36,2026-08-24
20110930,4.36,2026-08-24
20111004,4.28,2026-08-24
20111005,4.26,2026-08-24
20111006,4.25,2026-08-24
20111007,4.25,2026-08-24
20111010,4.3,2026-08-24
20111011,4.3,2026-08-24
20111012,4.24,2026-08-24
20111013,4.22,2026-08-24
20111014,4.23,2026-08-24
20111017,4.28,2026-08-24
20111018,4.27,2026-08-24
20111019,4.27,2026-08-24
20111020,4.26,2026-08-24
20111021,4.31,2026-08-24
20111024,4.36,2026-08-24
20111025,4.36,2026-08-24
20111026,4.33,2026-08-24
20111027,4.36,2026-08-24
20111028,4.38,2026-08-24
20111031,4.35,2026-08-24
20111101,4.32,2026-08-24
20111102,4.31,2026-08-24
20111103,4.27,2026-08-24
20111104,4.27,2026-08-24
20111107,4.25,2026-08-24
20111108,4.24,2026-08-24
20111109,4.23,2026-08-24
20111110,4.18,2026-08-24
20111111,4.23,2026-08-24
20111114,4.25,2026-08-24
20111115,4.22,2026-08-24
20111116,4.2,2026-08-24
20111117,4.23,2026-08-24
20111118,4.21,2026-08-24
20111121,4.22,2026-08-24
20111122,4.24,2026-08-24
20111123,4.21,2026-08-24
20111124,4.23,2026-08-24
20111125,4.26,2026-08-24
20111128,4.28,2026-08-24
20111129,4.27,2026-08-24
20111130,4.22,2026-08-24
20111201,4.23,2026-08-24
20111202,4.23,2026-08-24
20111205,4.23,2026-08-24
20111206,4.23,2026-08-24
20111207,4.22,2026-08-24
20111208,4.24,2026-08-24
20111209,4.24,2026-08-24
20111212,4.25,2026-08-24
20111213,4.24,2026-08-24
20111214,4.23,2026-08-24
20111215,4.22,2026-08-24
20111216,4.22,2026-08-24
20111219,4.31,2026-08-24
20111220,4.27,2026-08-24
20111221,4.25,2026-08-24
20111222,4.25,2026-08-24
20111223,4.26,2026-08-24
20111226,4.27,2026-08-24
20111227,4.27,2026-08-24
20111228,4.27,2026-08-24
20111229,4.21,2026-08-24
20111230,4.21,2026-08-24
20120102,4.21,2026-08-24
20120103,4.22,2026-08-24
20120104,4.22,2026-08-24
20120105,4.21,2026-08-24
20120106,4.22,2026-08-24
20120109,4.25,2026-08-24
20120110,4.25,2026-08-24
20120111,4.25,2026-08-24
20120112,4.25,2026-08-24
20120113,4.24,2026-08-24
20120116,4.22,2026-08-24
20120117,4.24,2026-08-24
20120118,4.24,2026-08-24
20120119,4.25,2026-08-24
20120120,4.27,2026-08-24
20120125,4.29,2026-08-24
20120126,4.27,2026-08-24
20120127,4.25,2026-08-24
20120130,4.23,2026-08-24
20120131,4.24,2026-08-24
20120201,4.23,2026-08-24
20120202,4.24,2026-08-24
20120203,4.24,2026-08-24
20120206,4.25,2026-08-24
20120207,4.24,2026-08-24
20120208,4.26,2026-08-24
20120209,4.26,2026-08-24
20120210,4.25,2026-08-24
20120213,4.27,2026-08-24
20120214,4.25,2026-08-24
20120215,4.26,2026-08-24
20120216,4.24,2026-08-24
20120217,4.25,2026-08-24
20120220,4.27,2026-08-24
20120221,4.27,2026-08-24
20120222,4.27,2026-08-24
20120223,4.25,2026-08-24
20120224,4.26,2026-08-24
20120227,4.25,2026-08-24
20120228,4.23,2026-08-24
20120229,4.26,2026-08-24
20120302,4.29,2026-08-24
20120305,4.32,2026-08-24
20120306,4.31,2026-08-24
20120307,4.31,2026-08-24
20120308,4.29,2026-08-24
20120309,4.3,2026-08-24
20120312,4.28,2026-08-24
20120313,4.28,2026-08-24
20120314,4.32,2026-08-24
20120315,4.37,2026-08-24
20120316,4.39,2026-08-24
20120319,4.41,2026-08-24
20120320,4.4,2026-08-24
20120321,4.43,2026-08-24
20120322,4.43,2026-08-24
20120323,4.44,2026-08-24
20120326,4.42,2026-08-24
20120327,4.43,2026-08-24
20120328,4.39,2026-08-24
20120329,4.37,2026-08-24
20120330,4.35,2026-08-24
20120402,4.38,2026-08-24
20120403,4.36,2026-08-24
20120404,4.35,2026-08-24
20120405,4.34,2026-08-24
20120406,4.31,2026-08-24
20120409,4.27,2026-08-24
20120410,4.27,2026-08-24
20120412,4.27,2026-08-24
20120413,4.26,2026-08-24
20120416,4.23,2026-08-24
20120417,4.22,2026-08-24
20120418,4.23,2026-08-24
20120419,4.22,2026-08-24
20120420,4.2,2026-08-24
20120423,4.2,2026-08-24
20120424,4.2,2026-08-24
20120425,4.21,2026-08-24
20120426,4.2,2026-08-24
20120427,4.16,2026-08-24
20120430,4.14,2026-08-24
20120502,4.14,2026-08-24
20120503,4.11,2026-08-24
20120504,4.09,2026-08-24
20120507,4.04,2026-08-24
20120508,4.05,2026-08-24
20120509,4.03,2026-08-24
20120510,4.04,2026-08-24
20120511,4,2026-08-24
20120514,4.01,2026-08-24
20120515,4,2026-08-24
20120516,3.99,2026-08-24
20120517,4,2026-08-24
20120518,3.97,2026-08-24
20120521,3.98,2026-08-24
20120522,3.97,2026-08-24
20120523,3.96,2026-08-24
20120524,3.95,2026-08-24
20120525,3.95,2026-08-24
20120529,3.96,2026-08-24
20120530,3.95,2026-08-24
20120531,3.92,2026-08-24
20120601,3.9,2026-08-24
20120604,3.86,2026-08-24
20120605,3.88,2026-08-24
20120607,3.89,2026-08-24
20120608,3.84,2026-08-24
20120611,3.91,2026-08-24
20120612,3.87,2026-08-24
20120613,3.88,2026-08-24
20120614,3.86,2026-08-24
20120615,3.85,2026-08-24
20120618,3.88,2026-08-24
20120619,3.86,2026-08-24
20120620,3.88,2026-08-24
20120621,3.88,2026-08-24
20120622,3.86,2026-08-24
20120625,3.86,2026-08-24
20120626,3.86,2026-08-24
20120627,3.84,2026-08-24
20120628,3.84,2026-08-24
20120629,3.87,2026-08-24
20120702,3.87,2026-08-24
20120703,3.86,2026-08-24
20120704,3.85,2026-08-24
20120705,3.84,2026-08-24
20120706,3.8,2026-08-24
20120709,3.78,2026-08-24
20120710,3.79,2026-08-24
20120711,3.77,2026-08-24
20120712,3.56,2026-08-24
20120713,3.54,2026-08-24
20120716,3.54,2026-08-24
20120717,3.51,2026-08-24
20120718,3.48,2026-08-24
20120719,3.5,2026-08-24
20120720,3.47,2026-08-24
20120723,3.41,2026-08-24
20120724,3.43,2026-08-24
20120725,3.37,2026-08-24
20120726,3.4,2026-08-24
20120727,3.45,2026-08-24
20120730,3.44,2026-08-24
20120731,3.44,2026-08-24
20120801,3.42,2026-08-24
20120802,3.38,2026-08-24
20120803,3.35,2026-08-24
20120806,3.36,2026-08-24
20120807,3.36,2026-08-24
20120808,3.35,2026-08-24
20120809,3.41,2026-08-24
20120810,3.38,2026-08-24
20120813,3.41,2026-08-24
20120814,3.46,2026-08-24
20120816,3.54,2026-08-24
20120817,3.52,2026-08-24
20120820,3.54,2026-08-24
20120821,3.47,2026-08-24
20120822,3.47,2026-08-24
20120823,3.43,2026-08-24
20120824,3.37,2026-08-24
20120827,3.34,2026-08-24
20120828,3.33,2026-08-24
20120829,3.3,2026-08-24
20120830,3.29,2026-08-24
20120831,3.27,2026-08-24
20120903,3.25,2026-08-24
20120904,3.27,2026-08-24
20120905,3.24,2026-08-24
20120906,3.25,2026-08-24
20120907,3.32,2026-08-24
20120910,3.3,2026-08-24
20120911,3.27,2026-08-24
20120912,3.29,2026-08-24
20120913,3.37,2026-08-24
20120914,3.36,2026-08-24
20120917,3.4,2026-08-24
20120918,3.36,2026-08-24
20120919,3.38,2026-08-24
20120920,3.32,2026-08-24
20120921,3.34,2026-08-24
20120924,3.32,2026-08-24
20120925,3.31,2026-08-24
20120926,3.3,2026-08-24
20120927,3.32,2026-08-24
20120928,3.3,2026-08-24
20121002,3.27,2026-08-24
20121004,3.26,2026-08-24
20121005,3.27,2026-08-24
20121008,3.28,2026-08-24
20121009,3.28,2026-08-24
20121010,3.23,2026-08-24
20121011,3.26,2026-08-24
20121012,3.28,2026-08-24
20121015,3.27,2026-08-24
20121016,3.29,2026-08-24
20121017,3.32,2026-08-24
20121018,3.35,2026-08-24
20121019,3.33,2026-08-24
20121022,3.36,2026-08-24
20121023,3.33,2026-08-24
20121024,3.32,2026-08-24
20121025,3.32,2026-08-24
20121026,3.29,2026-08-24
20121029,3.3,2026-08-24
20121030,3.3,2026-08-24
20121031,3.29,2026-08-24
20121101,3.29,2026-08-24
20121102,3.3,2026-08-24
20121105,3.32,2026-08-24
20121106,3.3,2026-08-24
20121107,3.3,2026-08-24
20121108,3.28,2026-08-24
20121109,3.31,2026-08-24
20121112,3.31,2026-08-24
20121113,3.3,2026-08-24
20121114,3.31,2026-08-24
20121115,3.31,2026-08-24
20121116,3.3,2026-08-24
20121119,3.32,2026-08-24
20121120,3.33,2026-08-24
20121121,3.33,2026-08-24
20121122,3.35,2026-08-24
20121123,3.37,2026-08-24
20121126,3.35,2026-08-24
20121127,3.37,2026-08-24
20121128,3.36,2026-08-24
20121129,3.36,2026-08-24
20121130,3.37,2026-08-24
20121203,3.36,2026-08-24
20121204,3.31,2026-08-24
20121205,3.32,2026-08-24
20121206,3.28,2026-08-24
20121207,3.25,2026-08-24
20121210,3.27,2026-08-24
20121211,3.27,2026-08-24
20121212,3.27,2026-08-24
20121213,3.3,2026-08-24
20121214,3.31,2026-08-24
20121217,3.31,2026-08-24
20121218,3.33,2026-08-24
20121220,3.32,2026-08-24
20121221,3.3,2026-08-24
20121224,3.32,2026-08-24
20121226,3.33,2026-08-24
20121227,3.31,2026-08-24
20121228,3.29,2026-08-24
20121231,3.29,2026-08-24
20130102,3.3,2026-08-24
20130103,3.25,2026-08-24
20130104,3.23,2026-08-24
20130107,3.25,2026-08-24
20130108,3.23,2026-08-24
20130109,3.23,2026-08-24
20130110,3.19,2026-08-24
20130111,3.25,2026-08-24
20130114,3.25,2026-08-24
20130115,3.21,2026-08-24
20130116,3.21,2026-08-24
20130117,3.19,2026-08-24
20130118,3.2,2026-08-24
20130121,3.19,2026-08-24
20130122,3.17,2026-08-24
20130123,3.15,2026-08-24
20130124,3.13,2026-08-24
20130125,3.12,2026-08-24
20130128,3.13,2026-08-24
20130129,3.13,2026-08-24
20130130,3.15,2026-08-24
20130131,3.13,2026-08-24
20130201,3.13,2026-08-24
20130204,3.12,2026-08-24
20130205,3.11,2026-08-24
20130206,3.08,2026-08-24
20130207,3.08,2026-08-24
20130208,3.07,2026-08-24
20130212,3.06,2026-08-24
20130213,3.08,2026-08-24
20130214,3.08,2026-08-24
20130215,3.07,2026-08-24
20130218,3.06,2026-08-24
20130219,3.03,2026-08-24
20130220,3.05,2026-08-24
20130221,3.02,2026-08-24
20130222,3.03,2026-08-24
20130225,3.03,2026-08-24
20130226,3,2026-08-24
20130227,2.98,2026-08-24
20130228,2.99,2026-08-24
20130304,2.98,2026-08-24
20130305,2.97,2026-08-24
20130306,2.99,2026-08-24
20130307,3.01,2026-08-24
20130308,3.01,2026-08-24
20130311,3.01,2026-08-24
20130312,2.96,2026-08-24
20130313,2.96,2026-08-24
20130314,2.96,2026-08-24
20130315,2.95,2026-08-24
20130318,2.93,2026-08-24
20130319,2.93,2026-08-24
20130320,2.94,2026-08-24
20130321,2.94,2026-08-24
20130322,2.92,2026-08-24
20130325,2.92,2026-08-24
20130326,2.92,2026-08-24
20130327,2.92,2026-08-24
20130328,2.8,2026-08-24
20130329,2.88,2026-08-24
20130401,2.85,2026-08-24
20130402,2.84,2026-08-24
20130403,2.84,2026-08-24
20130404,2.85,2026-08-24
20130405,2.81,2026-08-24
20130408,2.84,2026-08-24
20130409,2.86,2026-08-24
20130410,2.85,2026-08-24
20130411,3,2026-08-24
20130412,3.03,2026-08-24
20130415,3.02,2026-08-24
20130416,2.96,2026-08-24
20130417,2.96,2026-08-24
20130418,2.93,2026-08-24
20130419,2.95,2026-08-24
20130422,2.96,2026-08-24
20130423,2.95,2026-08-24
20130424,2.96,2026-08-24
20130425,2.91,2026-08-24
20130426,2.87,2026-08-24
20130429,2.88,2026-08-24
20130430,2.85,2026-08-24
20130502,2.81,2026-08-24
20130503,2.83,2026-08-24
20130506,2.92,2026-08-24
20130507,2.9,2026-08-24
20130508,2.91,2026-08-24
20130509,2.91,2026-08-24
20130510,2.92,2026-08-24
20130513,2.93,2026-08-24
20130514,2.92,2026-08-24
20130515,2.92,2026-08-24
20130516,2.93,2026-08-24
20130520,2.97,2026-08-24
20130521,2.97,2026-08-24
20130522,2.98,2026-08-24
20130523,2.98,2026-08-24
20130524,2.99,2026-08-24
20130527,2.98,2026-08-24
20130528,3.01,2026-08-24
20130529,3.12,2026-08-24
20130530,3.11,2026-08-24
20130531,3.14,2026-08-24
20130603,3.13,2026-08-24
20130604,3.14,2026-08-24
20130605,3.17,2026-08-24
20130607,3.12,2026-08-24
20130610,3.15,2026-08-24
20130611,3.17,2026-08-24
20130612,3.24,2026-08-24
20130613,3.19,2026-08-24
20130614,3.13,2026-08-24
20130617,3.18,2026-08-24
20130618,3.13,2026-08-24
20130619,3.18,2026-08-24
20130620,3.32,2026-08-24
20130621,3.4,2026-08-24
20130624,3.48,2026-08-24
20130625,3.38,2026-08-24
20130626,3.36,2026-08-24
20130627,3.37,2026-08-24
20130628,3.31,2026-08-24
20130701,3.44,2026-08-24
20130702,3.39,2026-08-24
20130703,3.4,2026-08-24
20130704,3.39,2026-08-24
20130705,3.41,2026-08-24
20130708,3.46,2026-08-24
20130709,3.45,2026-08-24
20130710,3.4,2026-08-24
20130711,3.3,2026-08-24
20130712,3.33,2026-08-24
20130715,3.36,2026-08-24
20130716,3.36,2026-08-24
20130717,3.37,2026-08-24
20130718,3.33,2026-08-24
20130719,3.33,2026-08-24
20130722,3.34,2026-08-24
20130723,3.36,2026-08-24
20130724,3.37,2026-08-24
20130725,3.41,2026-08-24
20130726,3.39,2026-08-24
20130729,3.34,2026-08-24
20130730,3.35,2026-08-24
20130731,3.36,2026-08-24
20130801,3.35,2026-08-24
20130802,3.39,2026-08-24
20130805,3.34,2026-08-24
20130806,3.34,2026-08-24
20130807,3.36,2026-08-24
20130808,3.33,2026-08-24
20130809,3.31,2026-08-24
20130812,3.3,2026-08-24
20130813,3.32,2026-08-24
20130814,3.36,2026-08-24
20130816,3.35,2026-08-24
20130819,3.37,2026-08-24
20130820,3.32,2026-08-24
20130821,3.34,2026-08-24
20130822,3.36,2026-08-24
20130823,3.33,2026-08-24
20130826,3.31,2026-08-24
20130827,3.31,2026-08-24
20130828,3.3,2026-08-24
20130829,3.28,2026-08-24
20130830,3.25,2026-08-24
20130902,3.29,2026-08-24
20130903,3.3,2026-08-24
20130904,3.31,2026-08-24
20130905,3.37,2026-08-24
20130906,3.37,2026-08-24
20130909,3.33,2026-08-24
20130910,3.36,2026-08-24
20130911,3.33,2026-08-24
20130912,3.31,2026-08-24
20130913,3.33,2026-08-24
20130916,3.27,2026-08-24
20130917,3.25,2026-08-24
20130923,3.21,2026-08-24
20130924,3.23,2026-08-24
20130925,3.25,2026-08-24
20130926,3.27,2026-08-24
20130927,3.25,2026-08-24
20130930,3.24,2026-08-24
20131001,3.26,2026-08-24
20131002,3.24,2026-08-24
20131004,3.24,2026-08-24
20131007,3.25,2026-08-24
20131008,3.26,2026-08-24
20131010,3.28,2026-08-24
20131011,3.27,2026-08-24
20131014,3.29,2026-08-24
20131015,3.29,2026-08-24
20131016,3.28,2026-08-24
20131017,3.26,2026-08-24
20131018,3.24,2026-08-24
20131021,3.26,2026-08-24
20131022,3.25,2026-08-24
20131023,3.21,2026-08-24
20131024,3.22,2026-08-24
20131025,3.22,2026-08-24
20131028,3.248,2026-08-24
20131029,3.227,2026-08-24
20131030,3.219,2026-08-24
20131031,3.244,2026-08-24
20131101,3.27,2026-08-24
20131104,3.295,2026-08-24
20131105,3.319,2026-08-24
20131106,3.319,2026-08-24
20131107,3.331,2026-08-24
20131108,3.318,2026-08-24
20131111,3.387,2026-08-24
20131112,3.393,2026-08-24
20131113,3.374,2026-08-24
20131114,3.372,2026-08-24
20131115,3.372,2026-08-24
20131118,3.368,2026-08-24
20131119,3.386,2026-08-24
20131120,3.388,2026-08-24
20131121,3.406,2026-08-24
20131122,3.376,2026-08-24
20131125,3.394,2026-08-24
20131126,3.384,2026-08-24
20131127,3.392,2026-08-24
20131128,3.406,2026-08-24
20131129,3.427,2026-08-24
20131202,3.454,2026-08-24
20131203,3.452,2026-08-24
20131204,3.437,2026-08-24
20131205,3.438,2026-08-24
20131206,3.427,2026-08-24
20131209,3.4,2026-08-24
20131210,3.401,2026-08-24
20131211,3.418,2026-08-24
20131212,3.416,2026-08-24
20131213,3.372,2026-08-24
20131216,3.332,2026-08-24
20131217,3.3,2026-08-24
20131218,3.324,2026-08-24
20131219,3.321,2026-08-24
20131220,3.307,2026-08-24
20131223,3.306,2026-08-24
20131224,3.31,2026-08-24
20131226,3.309,2026-08-24
20131227,3.261,2026-08-24
20131230,3.286,2026-08-24
20131231,3.286,2026-08-24
20140102,3.339,2026-08-24
20140103,3.346,2026-08-24
20140106,3.288,2026-08-24
20140107,3.288,2026-08-24
20140108,3.282,2026-08-24
20140109,3.322,2026-08-24
20140110,3.342,2026-08-24
20140113,3.321,2026-08-24
20140114,3.338,2026-08-24
20140115,3.339,2026-08-24
20140116,3.32,2026-08-24
20140117,3.322,2026-08-24
20140120,3.331,2026-08-24
20140121,3.335,2026-08-24
20140122,3.345,2026-08-24
20140123,3.328,2026-08-24
20140124,3.288,2026-08-24
20140127,3.31,2026-08-24
20140128,3.299,2026-08-24
20140129,3.302,2026-08-24
20140203,3.303,2026-08-24
20140204,3.273,2026-08-24
20140205,3.278,2026-08-24
20140206,3.274,2026-08-24
20140207,3.281,2026-08-24
20140210,3.271,2026-08-24
20140211,3.266,2026-08-24
20140212,3.267,2026-08-24
20140213,3.263,2026-08-24
20140214,3.267,2026-08-24
20140217,3.277,2026-08-24
20140218,3.286,2026-08-24
20140219,3.279,2026-08-24
20140220,3.28,2026-08-24
20140221,3.303,2026-08-24
20140224,3.298,2026-08-24
20140225,3.288,2026-08-24
20140226,3.288,2026-08-24
20140227,3.276,2026-08-24
20140228,3.279,2026-08-24
20140303,3.322,2026-08-24
20140304,3.34,2026-08-24
20140305,3.326,2026-08-24
20140306,3.326,2026-08-24
20140307,3.325,2026-08-24
20140310,3.313,2026-08-24
20140311,3.31,2026-08-24
20140312,3.294,2026-08-24
20140313,3.294,2026-08-24
20140314,3.256,2026-08-24
20140317,3.277,2026-08-24
20140318,3.27,2026-08-24
20140319,3.26,2026-08-24
20140320,3.295,2026-08-24
20140321,3.312,2026-08-24
20140324,3.317,2026-08-24
20140325,3.308,2026-08-24
20140326,3.312,2026-08-24
20140327,3.308,2026-08-24
20140328,3.299,2026-08-24
20140331,3.3,2026-08-24
20140401,3.302,2026-08-24
20140402,3.309,2026-08-24
20140403,3.31,2026-08-24
20140404,3.313,2026-08-24
20140407,3.299,2026-08-24
20140408,3.303,2026-08-24
20140409,3.284,2026-08-24
20140410,3.291,2026-08-24
20140411,3.288,2026-08-24
20140414,3.302,2026-08-24
20140415,3.307,2026-08-24
20140416,3.317,2026-08-24
20140417,3.3,2026-08-24
20140418,3.31,2026-08-24
20140421,3.314,2026-08-24
20140422,3.308,2026-08-24
20140423,3.309,2026-08-24
20140424,3.309,2026-08-24
20140425,3.3,2026-08-24
20140428,3.3,2026-08-24
20140429,3.299,2026-08-24
20140430,3.298,2026-08-24
20140502,3.288,2026-08-24
20140507,3.278,2026-08-24
20140508,3.276,2026-08-24
20140509,3.262,2026-08-24
20140512,3.272,2026-08-24
20140513,3.284,2026-08-24
20140514,3.278,2026-08-24
20140515,3.254,2026-08-24
20140516,3.26,2026-08-24
20140519,3.261,2026-08-24
20140520,3.269,2026-08-24
20140521,3.267,2026-08-24
20140522,3.275,2026-08-24
20140523,3.258,2026-08-24
20140526,3.255,2026-08-24
20140527,3.255,2026-08-24
20140528,3.244,2026-08-24
20140529,3.231,2026-08-24
20140530,3.24,2026-08-24
20140602,3.25,2026-08-24
20140603,3.256,2026-08-24
20140605,3.257,2026-08-24
20140609,3.258,2026-08-24
20140610,3.234,2026-08-24
20140611,3.24,2026-08-24
20140612,3.208,2026-08-24
20140613,3.161,2026-08-24
20140616,3.145,2026-08-24
20140617,3.152,2026-08-24
20140618,3.15,2026-08-24
20140619,3.112,2026-08-24
20140620,3.092,2026-08-24
20140623,3.117,2026-08-24
20140624,3.111,2026-08-24
20140625,3.117,2026-08-24
20140626,3.125,2026-08-24
20140627,3.112,2026-08-24
20140630,3.1,2026-08-24
20140701,3.082,2026-08-24
20140702,3,2026-08-24
20140703,3.013,2026-08-24
20140704,3.022,2026-08-24
20140707,3.025,2026-08-24
20140708,3.056,2026-08-24
20140709,3.021,2026-08-24
20140710,3,2026-08-24
20140711,2.998,2026-08-24
20140714,3.006,2026-08-24
20140715,3.001,2026-08-24
20140716,2.992,2026-08-24
20140717,2.927,2026-08-24
20140718,2.933,2026-08-24
20140721,2.936,2026-08-24
20140722,2.928,2026-08-24
20140723,2.883,2026-08-24
20140724,2.911,2026-08-24
20140725,2.907,2026-08-24
20140728,2.915,2026-08-24
20140729,2.925,2026-08-24
20140730,2.918,2026-08-24
20140731,2.92,2026-08-24
20140801,2.944,2026-08-24
20140804,2.945,2026-08-24
20140805,2.919,2026-08-24
20140806,2.935,2026-08-24
20140807,2.925,2026-08-24
20140808,2.898,2026-08-24
20140811,2.906,2026-08-24
20140812,2.914,2026-08-24
20140813,2.91,2026-08-24
20140814,2.929,2026-08-24
20140818,2.947,2026-08-24
20140819,2.957,2026-08-24
20140820,2.956,2026-08-24
20140821,2.959,2026-08-24
20140822,2.956,2026-08-24
20140825,2.939,2026-08-24
20140826,2.91,2026-08-24
20140827,2.898,2026-08-24
20140828,2.898,2026-08-24
20140829,2.884,2026-08-24
20140901,2.885,2026-08-24
20140902,2.881,2026-08-24
20140903,2.901,2026-08-24
20140904,2.905,2026-08-24
20140905,2.876,2026-08-24
20140911,2.867,2026-08-24
20140912,2.79,2026-08-24
20140915,2.791,2026-08-24
20140916,2.76,2026-08-24
20140917,2.759,2026-08-24
20140918,2.754,2026-08-24
20140919,2.757,2026-08-24
20140922,2.738,2026-08-24
20140923,2.733,2026-08-24
20140924,2.721,2026-08-24
20140925,2.715,2026-08-24
20140926,2.705,2026-08-24
20140929,2.707,2026-08-24
20140930,2.68,2026-08-24
20141001,2.61,2026-08-24
20141002,2.627,2026-08-24
20141006,2.635,2026-08-24
20141007,2.652,2026-08-24
20141008,2.654,2026-08-24
20141010,2.627,2026-08-24
20141013,2.623,2026-08-24
20141014,2.642,2026-08-24
20141015,2.641,2026-08-24
20141016,2.604,2026-08-24
20141017,2.597,2026-08-24
20141020,2.61,2026-08-24
20141021,2.593,2026-08-24
20141022,2.587,2026-08-24
20141023,2.565,2026-08-24
20141024,2.549,2026-08-24
20141027,2.557,2026-08-24
20141028,2.554,2026-08-24
20141029,2.546,2026-08-24
20141030,2.532,2026-08-24
20141031,2.487,2026-08-24
20141103,2.474,2026-08-24
20141104,2.451,2026-08-24
20141105,2.45,2026-08-24
20141106,2.433,2026-08-24
20141107,2.442,2026-08-24
20141110,2.462,2026-08-24
20141111,2.494,2026-08-24
20141112,2.522,2026-08-24
20141113,2.529,2026-08-24
20141114,2.521,2026-08-24
20141117,2.509,2026-08-24
20141118,2.497,2026-08-24
20141119,2.495,2026-08-24
20141120,2.475,2026-08-24
20141121,2.479,2026-08-24
20141124,2.438,2026-08-24
20141125,2.421,2026-08-24
20141126,2.411,2026-08-24
20141127,2.424,2026-08-24
20141128,2.392,2026-08-24
20141201,2.389,2026-08-24
20141202,2.397,2026-08-24
20141203,2.439,2026-08-24
20141204,2.471,2026-08-24
20141205,2.472,2026-08-24
20141208,2.512,2026-08-24
20141209,2.48,2026-08-24
20141210,2.489,2026-08-24
20141211,2.447,2026-08-24
20141212,2.44,2026-08-24
20141215,2.453,2026-08-24
20141216,2.449,2026-08-24
20141217,2.484,2026-08-24
20141218,2.498,2026-08-24
20141219,2.494,2026-08-24
20141222,2.472,2026-08-24
20141223,2.474,2026-08-24
20141224,2.467,2026-08-24
20141226,2.475,2026-08-24
20141229,2.455,2026-08-24
20141230,2.433,2026-08-24
20141231,2.434,2026-08-24
20150102,2.464,2026-08-24
20150105,2.446,2026-08-24
20150106,2.408,2026-08-24
20150107,2.408,2026-08-24
20150108,2.403,2026-08-24
20150109,2.391,2026-08-24
20150112,2.339,2026-08-24
20150113,2.343,2026-08-24
20150114,2.296,2026-08-24
20150115,2.362,2026-08-24
20150116,2.33,2026-08-24
20150119,2.359,2026-08-24
20150120,2.346,2026-08-24
20150121,2.361,2026-08-24
20150122,2.377,2026-08-24
20150123,2.333,2026-08-24
20150126,2.322,2026-08-24
20150127,2.325,2026-08-24
20150128,2.303,2026-08-24
20150129,2.296,2026-08-24
20150130,2.274,2026-08-24
20150202,2.28,2026-08-24
20150203,2.241,2026-08-24
20150204,2.258,2026-08-24
20150205,2.266,2026-08-24
20150206,2.251,2026-08-24
20150209,2.264,2026-08-24
20150210,2.321,2026-08-24
20150211,2.318,2026-08-24
20150212,2.34,2026-08-24
20150213,2.321,2026-08-24
20150216,2.356,2026-08-24
20150217,2.323,2026-08-24
20150223,2.332,2026-08-24
20150224,2.334,2026-08-24
20150225,2.307,2026-08-24
20150226,2.302,2026-08-24
20150227,2.291,2026-08-24
20150302,2.263,2026-08-24
20150303,2.258,2026-08-24
20150304,2.25,2026-08-24
20150305,2.246,2026-08-24
20150306,2.214,2026-08-24
20150309,2.202,2026-08-24
20150310,2.206,2026-08-24
20150311,2.166,2026-08-24
20150312,2.154,2026-08-24
20150313,2.129,2026-08-24
20150316,2.115,2026-08-24
20150317,2.126,2026-08-24
20150318,2.114,2026-08-24
20150319,2.083,2026-08-24
20150320,2.062,2026-08-24
20150323,2.058,2026-08-24
20150324,2.055,2026-08-24
20150325,2.045,2026-08-24
20150326,2.043,2026-08-24
20150327,2.03,2026-08-24
20150330,2.011,2026-08-24
20150331,1.992,2026-08-24
20150401,1.99,2026-08-24
20150402,1.988,2026-08-24
20150403,1.98,2026-08-24
20150406,1.971,2026-08-24
20150407,1.975,2026-08-24
20150408,1.978,2026-08-24
20150409,1.951,2026-08-24
20150410,1.963,2026-08-24
20150413,1.975,2026-08-24
20150414,1.978,2026-08-24
20150415,1.972,2026-08-24
20150416,1.976,2026-08-24
20150417,1.944,2026-08-24
20150420,1.948,2026-08-24
20150421,1.958,2026-08-24
20150422,1.959,2026-08-24
20150423,1.983,2026-08-24
20150424,2.008,2026-08-24
20150427,2.019,2026-08-24
20150428,2.062,2026-08-24
20150429,2.079,2026-08-24
20150430,2.08,2026-08-24
20150504,2.131,2026-08-24
20150506,2.193,2026-08-24
20150507,2.189,2026-08-24
20150508,2.109,2026-08-24
20150511,2.103,2026-08-24
20150512,2.177,2026-08-24
20150513,2.107,2026-08-24
20150514,2.098,2026-08-24
20150515,2.121,2026-08-24
20150518,2.129,2026-08-24
20150519,2.142,2026-08-24
20150520,2.119,2026-08-24
20150521,2.122,2026-08-24
20150522,2.114,2026-08-24
20150526,2.095,2026-08-24
20150527,2.062,2026-08-24
20150528,2.054,2026-08-24
20150529,2.006,2026-08-24
20150601,2.008,2026-08-24
20150602,1.991,2026-08-24
20150603,2.018,2026-08-24
20150604,2.027,2026-08-24
20150605,2,2026-08-24
20150608,1.993,2026-08-24
20150609,1.99,2026-08-24
20150610,2.011,2026-08-24
20150611,2.035,2026-08-24
20150612,2.003,2026-08-24
20150615,2,2026-08-24
20150616,2.001,2026-08-24
20150617,2.03,2026-08-24
20150618,2.013,2026-08-24
20150619,1.998,2026-08-24
20150622,2.015,2026-08-24
20150623,2.02,2026-08-24
20150624,2.028,2026-08-24
20150625,2.031,2026-08-24
20150626,2.03,2026-08-24
20150629,2.009,2026-08-24
20150630,2.007,2026-08-24
20150701,2.019,2026-08-24
20150702,2.042,2026-08-24
20150703,2.037,2026-08-24
20150706,2.033,2026-08-24
20150707,2.031,2026-08-24
20150708,2.015,2026-08-24
20150709,2.017,2026-08-24
20150710,2.023,2026-08-24
20150713,2.021,2026-08-24
20150714,2.017,2026-08-24
20150715,2.015,2026-08-24
20150716,2.012,2026-08-24
20150717,2.008,2026-08-24
20150720,2.002,2026-08-24
20150721,2,2026-08-24
20150722,1.983,2026-08-24
20150723,1.955,2026-08-24
20150724,1.945,2026-08-24
20150727,1.942,2026-08-24
20150728,1.969,2026-08-24
20150729,1.959,2026-08-24
20150730,1.979,2026-08-24
20150731,2.01,2026-08-24
20150803,2,2026-08-24
20150804,2.01,2026-08-24
20150805,2.026,2026-08-24
20150806,2.019,2026-08-24
20150807,2.017,2026-08-24
20150810,1.996,2026-08-24
20150811,1.977,2026-08-24
20150812,1.945,2026-08-24
20150813,1.971,2026-08-24
20150817,1.968,2026-08-24
20150818,1.96,2026-08-24
20150819,1.974,2026-08-24
20150820,1.962,2026-08-24
20150821,1.959,2026-08-24
20150824,1.947,2026-08-24
20150825,1.963,2026-08-24
20150826,1.975,2026-08-24
20150827,1.965,2026-08-24
20150828,1.978,2026-08-24
20150831,1.994,2026-08-24
20150901,1.989,2026-08-24
20150902,1.965,2026-08-24
20150903,1.949,2026-08-24
20150904,1.925,2026-08-24
20150907,1.93,2026-08-24
20150908,1.947,2026-08-24
20150909,1.962,2026-08-24
20150910,1.94,2026-08-24
20150911,1.949,2026-08-24
20150914,1.964,2026-08-24
20150915,1.952,2026-08-24
20150916,1.97,2026-08-24
20150917,1.982,2026-08-24
20150918,1.94,2026-08-24
20150921,1.925,2026-08-24
20150922,1.931,2026-08-24
20150923,1.928,2026-08-24
20150924,1.942,2026-08-24
20150925,1.93,2026-08-24
20150930,1.893,2026-08-24
20151001,1.922,2026-08-24
20151002,1.911,2026-08-24
20151005,1.904,2026-08-24
20151006,1.919,2026-08-24
20151007,1.942,2026-08-24
20151008,1.943,2026-08-24
20151012,1.976,2026-08-24
20151013,1.968,2026-08-24
20151014,1.98,2026-08-24
20151015,1.955,2026-08-24
20151016,1.956,2026-08-24
20151019,1.96,2026-08-24
20151020,1.977,2026-08-24
20151021,1.985,2026-08-24
20151022,1.992,2026-08-24
20151023,1.991,2026-08-24
20151026,1.989,2026-08-24
20151027,1.976,2026-08-24
20151028,1.975,2026-08-24
20151029,1.988,2026-08-24
20151030,2.003,2026-08-24
20151102,2.006,2026-08-24
20151103,2.019,2026-08-24
20151104,2.032,2026-08-24
20151105,2.047,2026-08-24
20151106,2.083,2026-08-24
20151109,2.157,2026-08-24
20151110,2.137,2026-08-24
20151111,2.157,2026-08-24
20151112,2.151,2026-08-24
20151113,2.145,2026-08-24
20151116,2.119,2026-08-24
20151117,2.129,2026-08-24
20151118,2.123,2026-08-24
20151119,2.109,2026-08-24
20151120,2.134,2026-08-24
20151123,2.137,2026-08-24
20151124,2.145,2026-08-24
20151125,2.147,2026-08-24
20151126,2.157,2026-08-24
20151127,2.179,2026-08-24
20151130,2.168,2026-08-24
20151201,2.162,2026-08-24
20151202,2.156,2026-08-24
20151203,2.15,2026-08-24
20151204,2.178,2026-08-24
20151207,2.182,2026-08-24
20151208,2.167,2026-08-24
20151209,2.166,2026-08-24
20151210,2.155,2026-08-24
20151211,2.162,2026-08-24
20151214,2.154,2026-08-24
20151215,2.156,2026-08-24
20151216,2.172,2026-08-24
20151217,2.153,2026-08-24
20151218,2.128,2026-08-24
20151221,2.102,2026-08-24
20151222,2.119,2026-08-24
20151223,2.115,2026-08-24
20151224,2.112,2026-08-24
20151228,2.121,2026-08-24
20151229,2.106,2026-08-24
20151230,2.113,2026-08-24
20151231,2.113,2026-08-24
20160104,2.093,2026-08-24
20160105,2.103,2026-08-24
20160106,2.099,2026-08-24
20160107,2.097,2026-08-24
20160108,2.121,2026-08-24
20160111,2.094,2026-08-24
20160112,2.097,2026-08-24
20160113,2.094,2026-08-24
20160114,2.106,2026-08-24
20160115,2.106,2026-08-24
20160118,2.107,2026-08-24
20160119,2.108,2026-08-24
20160120,2.083,2026-08-24
20160121,2.077,2026-08-24
20160122,2.087,2026-08-24
20160125,2.088,2026-08-24
20160126,2.067,2026-08-24
20160127,2.072,2026-08-24
20160128,2.085,2026-08-24
20160129,2.038,2026-08-24
20160201,2,2026-08-24
20160202,1.993,2026-08-24
20160203,1.968,2026-08-24
20160204,1.964,2026-08-24
20160205,1.975,2026-08-24
20160211,1.915,2026-08-24
20160212,1.94,2026-08-24
20160215,1.955,2026-08-24
20160216,1.909,2026-08-24
20160217,1.915,2026-08-24
20160218,1.93,2026-08-24
20160219,1.944,2026-08-24
20160222,1.959,2026-08-24
20160223,1.96,2026-08-24
20160224,1.95,2026-08-24
20160225,1.948,2026-08-24
20160226,1.938,2026-08-24
20160229,1.939,2026-08-24
20160302,1.953,2026-08-24
20160303,1.986,2026-08-24
20160304,2.001,2026-08-24
20160307,1.983,2026-08-24
20160308,1.966,2026-08-24
20160309,1.955,2026-08-24
20160310,1.977,2026-08-24
20160311,2.027,2026-08-24
20160314,2.014,2026-08-24
20160315,2.014,2026-08-24
20160316,2.023,2026-08-24
20160317,1.994,2026-08-24
20160318,1.981,2026-08-24
20160321,1.974,2026-08-24
20160322,1.99,2026-08-24
20160323,1.992,2026-08-24
20160324,1.981,2026-08-24
20160325,1.972,2026-08-24
20160328,1.962,2026-08-24
20160329,1.934,2026-08-24
20160330,1.934,2026-08-24
20160331,1.932,2026-08-24
20160401,1.932,2026-08-24
20160404,1.923,2026-08-24
20160405,1.93,2026-08-24
20160406,1.934,2026-08-24
20160407,1.943,2026-08-24
20160408,1.938,2026-08-24
20160411,1.938,2026-08-24
20160412,1.938,2026-08-24
20160414,1.972,2026-08-24
20160415,1.965,2026-08-24
20160418,1.975,2026-08-24
20160419,1.969,2026-08-24
20160420,1.941,2026-08-24
20160421,1.951,2026-08-24
20160422,1.944,2026-08-24
20160425,1.929,2026-08-24
20160426,1.924,2026-08-24
20160427,1.923,2026-08-24
20160428,1.914,2026-08-24
20160429,1.915,2026-08-24
20160502,1.925,2026-08-24
20160503,1.909,2026-08-24
20160504,1.895,2026-08-24
20160509,1.879,2026-08-24
20160510,1.877,2026-08-24
20160511,1.875,2026-08-24
20160512,1.878,2026-08-24
20160513,1.892,2026-08-24
20160516,1.894,2026-08-24
20160517,1.905,2026-08-24
20160518,1.92,2026-08-24
20160519,1.941,2026-08-24
20160520,1.925,2026-08-24
20160523,1.924,2026-08-24
20160524,1.904,2026-08-24
20160525,1.917,2026-08-24
20160526,1.92,2026-08-24
20160527,1.92,2026-08-24
20160530,1.951,2026-08-24
20160531,1.949,2026-08-24
20160601,1.89,2026-08-24
20160602,1.894,2026-08-24
20160603,1.876,2026-08-24
20160607,1.855,2026-08-24
20160608,1.833,2026-08-24
20160609,1.8,2026-08-24
20160610,1.79,2026-08-24
20160613,1.78,2026-08-24
20160614,1.803,2026-08-24
20160615,1.8,2026-08-24
20160616,1.779,2026-08-24
20160617,1.793,2026-08-24
20160620,1.817,2026-08-24
20160621,1.803,2026-08-24
20160622,1.815,2026-08-24
20160623,1.797,2026-08-24
20160624,1.7,2026-08-24
20160627,1.68,2026-08-24
20160628,1.688,2026-08-24
20160629,1.677,2026-08-24
20160630,1.689,2026-08-24
20160701,1.653,2026-08-24
20160704,1.662,2026-08-24
20160705,1.657,2026-08-24
20160706,1.643,2026-08-24
20160707,1.645,2026-08-24
20160708,1.648,2026-08-24
20160711,1.644,2026-08-24
20160712,1.649,2026-08-24
20160713,1.646,2026-08-24
20160714,1.64,2026-08-24
20160715,1.652,2026-08-24
20160718,1.661,2026-08-24
20160719,1.657,2026-08-24
20160720,1.654,2026-08-24
20160721,1.665,2026-08-24
20160722,1.655,2026-08-24
20160725,1.655,2026-08-24
20160726,1.65,2026-08-24
20160727,1.649,2026-08-24
20160728,1.63,2026-08-24
20160729,1.642,2026-08-24
20160801,1.637,2026-08-24
20160802,1.638,2026-08-24
20160803,1.658,2026-08-24
20160804,1.651,2026-08-24
20160805,1.64,2026-08-24
20160808,1.658,2026-08-24
20160809,1.656,2026-08-24
20160810,1.628,2026-08-24
20160811,1.632,2026-08-24
20160812,1.638,2026-08-24
20160816,1.628,2026-08-24
20160817,1.641,2026-08-24
20160818,1.633,2026-08-24
20160819,1.635,2026-08-24
20160822,1.638,2026-08-24
20160823,1.632,2026-08-24
20160824,1.632,2026-08-24
20160825,1.637,2026-08-24
20160826,1.64,2026-08-24
20160829,1.668,2026-08-24
20160830,1.671,2026-08-24
20160831,1.694,2026-08-24
20160901,1.713,2026-08-24
20160902,1.708,2026-08-24
20160905,1.693,2026-08-24
20160906,1.687,2026-08-24
20160907,1.666,2026-08-24
20160908,1.675,2026-08-24
20160909,1.706,2026-08-24
20160912,1.735,2026-08-24
20160913,1.733,2026-08-24
20160919,1.734,2026-08-24
20160920,1.728,2026-08-24
20160921,1.722,2026-08-24
20160922,1.696,2026-08-24
20160923,1.7,2026-08-24
20160926,1.706,2026-08-24
20160927,1.706,2026-08-24
20160928,1.704,2026-08-24
20160929,1.701,2026-08-24
20160930,1.669,2026-08-24
20161004,1.694,2026-08-24
20161005,1.727,2026-08-24
20161006,1.732,2026-08-24
20161007,1.737,2026-08-24
20161010,1.75,2026-08-24
20161011,1.783,2026-08-24
20161012,1.774,2026-08-24
20161013,1.749,2026-08-24
20161014,1.75,2026-08-24
20161017,1.78,2026-08-24
20161018,1.78,2026-08-24
20161019,1.78,2026-08-24
20161020,1.781,2026-08-24
20161021,1.804,2026-08-24
20161024,1.808,2026-08-24
20161025,1.824,2026-08-24
20161026,1.829,2026-08-24
20161027,1.835,2026-08-24
20161028,1.856,2026-08-24
20161031,1.852,2026-08-24
20161101,1.868,2026-08-24
20161102,1.854,2026-08-24
20161103,1.85,2026-08-24
20161104,1.852,2026-08-24
20161107,1.848,2026-08-24
20161108,1.844,2026-08-24
20161109,1.823,2026-08-24
20161110,1.884,2026-08-24
20161111,1.924,2026-08-24
20161114,2.013,2026-08-24
20161115,2.025,2026-08-24
20161116,2.074,2026-08-24
20161117,2.097,2026-08-24
20161118,2.132,2026-08-24
20161121,2.132,2026-08-24
20161122,2.141,2026-08-24
20161123,2.172,2026-08-24
20161124,2.215,2026-08-24
20161125,2.219,2026-08-24
20161128,2.18,2026-08-24
20161129,2.152,2026-08-24
20161130,2.152,2026-08-24
20161201,2.175,2026-08-24
20161202,2.194,2026-08-24
20161205,2.177,2026-08-24
20161206,2.189,2026-08-24
20161207,2.188,2026-08-24
20161208,2.167,2026-08-24
20161209,2.187,2026-08-24
20161212,2.197,2026-08-24
20161213,2.153,2026-08-24
20161214,2.125,2026-08-24
20161215,2.169,2026-08-24
20161216,2.159,2026-08-24
20161219,2.164,2026-08-24
20161220,2.172,2026-08-24
20161221,2.156,2026-08-24
20161222,2.14,2026-08-24
20161223,2.149,2026-08-24
20161226,2.155,2026-08-24
20161227,2.147,2026-08-24
20161228,2.135,2026-08-24
20161229,2.128,2026-08-24
20161230,2.128,2026-08-24
20170102,2.12,2026-08-24
20170103,2.097,2026-08-24
20170104,2.095,2026-08-24
20170105,2.072,2026-08-24
20170106,2.086,2026-08-24
20170109,2.115,2026-08-24
20170110,2.098,2026-08-24
20170111,2.105,2026-08-24
20170112,2.075,2026-08-24
20170113,2.089,2026-08-24
20170116,2.092,2026-08-24
20170117,2.083,2026-08-24
20170118,2.102,2026-08-24
20170119,2.135,2026-08-24
20170120,2.117,2026-08-24
20170123,2.104,2026-08-24
20170124,2.093,2026-08-24
20170125,2.111,2026-08-24
20170126,2.151,2026-08-24
20170131,2.14,2026-08-24
20170201,2.151,2026-08-24
20170202,2.139,2026-08-24
20170203,2.149,2026-08-24
20170206,2.126,2026-08-24
20170207,2.105,2026-08-24
20170208,2.112,2026-08-24
20170209,2.109,2026-08-24
20170210,2.127,2026-08-24
20170213,2.123,2026-08-24
20170214,2.113,2026-08-24
20170215,2.126,2026-08-24
20170216,2.121,2026-08-24
20170217,2.121,2026-08-24
20170220,2.135,2026-08-24
20170221,2.137,2026-08-24
20170222,2.155,2026-08-24
20170223,2.141,2026-08-24
20170224,2.133,2026-08-24
20170227,2.129,2026-08-24
20170228,2.138,2026-08-24
20170302,2.18,2026-08-24
20170303,2.182,2026-08-24
20170306,2.217,2026-08-24
20170307,2.257,2026-08-24
20170308,2.256,2026-08-24
20170309,2.265,2026-08-24
20170310,2.258,2026-08-24
20170313,2.248,2026-08-24
20170314,2.244,2026-08-24
20170315,2.247,2026-08-24
20170316,2.196,2026-08-24
20170317,2.187,2026-08-24
20170320,2.188,2026-08-24
20170321,2.187,2026-08-24
20170322,2.179,2026-08-24
20170323,2.184,2026-08-24
20170324,2.199,2026-08-24
20170327,2.174,2026-08-24
20170328,2.18,2026-08-24
20170329,2.179,2026-08-24
20170330,2.186,2026-08-24
20170331,2.183,2026-08-24
20170403,2.184,2026-08-24
20170404,2.161,2026-08-24
20170405,2.169,2026-08-24
20170406,2.192,2026-08-24
20170407,2.198,2026-08-24
20170410,2.234,2026-08-24
20170411,2.205,2026-08-24
20170412,2.199,2026-08-24
20170413,2.187,2026-08-24
20170414,2.19,2026-08-24
20170417,2.187,2026-08-24
20170418,2.191,2026-08-24
20170419,2.185,2026-08-24
20170420,2.191,2026-08-24
20170421,2.202,2026-08-24
20170424,2.22,2026-08-24
20170425,2.203,2026-08-24
20170426,2.207,2026-08-24
20170427,2.199,2026-08-24
20170428,2.2,2026-08-24
20170502,2.216,2026-08-24
20170504,2.206,2026-08-24
20170508,2.231,2026-08-24
20170510,2.256,2026-08-24
20170511,2.252,2026-08-24
20170512,2.237,2026-08-24
20170515,2.237,2026-08-24
20170516,2.24,2026-08-24
20170517,2.207,2026-08-24
20170518,2.207,2026-08-24
20170519,2.195,2026-08-24
20170522,2.211,2026-08-24
20170523,2.202,2026-08-24
20170524,2.216,2026-08-24
20170525,2.207,2026-08-24
20170526,2.204,2026-08-24
20170529,2.202,2026-08-24
20170530,2.189,2026-08-24
20170531,2.193,2026-08-24
20170601,2.179,2026-08-24
20170602,2.166,2026-08-24
20170605,2.158,2026-08-24
20170607,2.157,2026-08-24
20170608,2.173,2026-08-24
20170609,2.17,2026-08-24
20170612,2.225,2026-08-24
20170613,2.194,2026-08-24
20170614,2.213,2026-08-24
20170615,2.212,2026-08-24
20170616,2.227,2026-08-24
20170619,2.216,2026-08-24
20170620,2.218,2026-08-24
20170621,2.225,2026-08-24
20170622,2.235,2026-08-24
20170623,2.223,2026-08-24
20170626,2.222,2026-08-24
20170627,2.218,2026-08-24
20170628,2.246,2026-08-24
20170629,2.241,2026-08-24
20170630,2.24,2026-08-24
20170703,2.256,2026-08-24
20170704,2.28,2026-08-24
20170705,2.285,2026-08-24
20170706,2.29,2026-08-24
20170707,2.318,2026-08-24
20170710,2.295,2026-08-24
20170711,2.3,2026-08-24
20170712,2.299,2026-08-24
20170713,2.28,2026-08-24
20170714,2.285,2026-08-24
20170717,2.292,2026-08-24
20170718,2.285,2026-08-24
20170719,2.285,2026-08-24
20170720,2.279,2026-08-24
20170721,2.262,2026-08-24
20170724,2.259,2026-08-24
20170725,2.248,2026-08-24
20170726,2.264,2026-08-24
20170727,2.25,2026-08-24
20170728,2.257,2026-08-24
20170731,2.26,2026-08-24
20170801,2.271,2026-08-24
20170802,2.27,2026-08-24
20170803,2.276,2026-08-24
20170804,2.279,2026-08-24
20170807,2.307,2026-08-24
20170808,2.331,2026-08-24
20170809,2.363,2026-08-24
20170810,2.353,2026-08-24
20170811,2.338,2026-08-24
20170814,2.338,2026-08-24
20170816,2.359,2026-08-24
20170817,2.34,2026-08-24
20170818,2.323,2026-08-24
20170821,2.325,2026-08-24
20170822,2.341,2026-08-24
20170823,2.336,2026-08-24
20170824,2.339,2026-08-24
20170825,2.306,2026-08-24
20170828,2.308,2026-08-24
20170829,2.322,2026-08-24
20170830,2.307,2026-08-24
20170831,2.304,2026-08-24
20170901,2.302,2026-08-24
20170904,2.335,2026-08-24
20170905,2.333,2026-08-24
20170906,2.324,2026-08-24
20170907,2.326,2026-08-24
20170908,2.301,2026-08-24
20170911,2.303,2026-08-24
20170912,2.301,2026-08-24
20170913,2.291,2026-08-24
20170914,2.291,2026-08-24
20170915,2.29,2026-08-24
20170918,2.294,2026-08-24
20170919,2.326,2026-08-24
20170920,2.322,2026-08-24
20170921,2.329,2026-08-24
20170922,2.322,2026-08-24
20170925,2.334,2026-08-24
20170926,2.375,2026-08-24
20170927,2.426,2026-08-24
20170928,2.431,2026-08-24
20170929,2.429,2026-08-24
20171010,2.476,2026-08-24
20171011,2.469,2026-08-24
20171012,2.443,2026-08-24
20171013,2.46,2026-08-24
20171016,2.473,2026-08-24
20171017,2.489,2026-08-24
20171018,2.477,2026-08-24
20171019,2.55,2026-08-24
20171020,2.63,2026-08-24
20171023,2.584,2026-08-24
20171024,2.61,2026-08-24
20171025,2.648,2026-08-24
20171026,2.729,2026-08-24
20171027,2.716,2026-08-24
20171030,2.697,2026-08-24
20171031,2.728,2026-08-24
20171101,2.705,2026-08-24
20171102,2.688,2026-08-24
20171103,2.694,2026-08-24
20171106,2.711,2026-08-24
20171107,2.695,2026-08-24
20171108,2.709,2026-08-24
20171109,2.709,2026-08-24
20171110,2.72,2026-08-24
20171113,2.742,2026-08-24
20171114,2.771,2026-08-24
20171115,2.739,2026-08-24
20171116,2.735,2026-08-24
20171117,2.732,2026-08-24
20171120,2.713,2026-08-24
20171121,2.714,2026-08-24
20171122,2.724,2026-08-24
20171123,2.696,2026-08-24
20171124,2.722,2026-08-24
20171127,2.706,2026-08-24
20171128,2.676,2026-08-24
20171129,2.668,2026-08-24
20171130,2.631,2026-08-24
20171201,2.637,2026-08-24
20171204,2.635,2026-08-24
20171205,2.663,2026-08-24
20171206,2.637,2026-08-24
20171207,2.645,2026-08-24
20171208,2.645,2026-08-24
20171211,2.64,2026-08-24
20171212,2.628,2026-08-24
20171213,2.628,2026-08-24
20171214,2.628,2026-08-24
20171215,2.625,2026-08-24
20171218,2.636,2026-08-24
20171219,2.643,2026-08-24
20171220,2.638,2026-08-24
20171221,2.643,2026-08-24
20171222,2.678,2026-08-24
20171226,2.678,2026-08-24
20171227,2.693,2026-08-24
20171228,2.678,2026-08-24
20171229,2.678,2026-08-24
20180102,2.662,2026-08-24
20180103,2.664,2026-08-24
20180104,2.676,2026-08-24
20180105,2.644,2026-08-24
20180108,2.671,2026-08-24
20180109,2.684,2026-08-24
20180110,2.707,2026-08-24
20180111,2.69,2026-08-24
20180112,2.707,2026-08-24
20180115,2.75,2026-08-24
20180116,2.745,2026-08-24
20180117,2.745,2026-08-24
20180118,2.701,2026-08-24
20180119,2.701,2026-08-24
20180122,2.731,2026-08-24
20180123,2.725,2026-08-24
20180124,2.731,2026-08-24
20180125,2.748,2026-08-24
20180126,2.757,2026-08-24
20180129,2.81,2026-08-24
20180130,2.833,2026-08-24
20180131,2.809,2026-08-24
20180201,2.789,2026-08-24
20180202,2.786,2026-08-24
20180205,2.817,2026-08-24
20180206,2.788,2026-08-24
20180207,2.779,2026-08-24
20180208,2.802,2026-08-24
20180209,2.808,2026-08-24
20180212,2.835,2026-08-24
20180213,2.816,2026-08-24
20180214,2.807,2026-08-24
20180219,2.841,2026-08-24
20180220,2.852,2026-08-24
20180221,2.845,2026-08-24
20180222,2.842,2026-08-24
20180223,2.831,2026-08-24
20180226,2.813,2026-08-24
20180227,2.809,2026-08-24
20180228,2.817,2026-08-24
20180302,2.84,2026-08-24
20180305,2.853,2026-08-24
20180306,2.858,2026-08-24
20180307,2.845,2026-08-24
20180308,2.837,2026-08-24
20180309,2.846,2026-08-24
20180312,2.857,2026-08-24
20180313,2.853,2026-08-24
20180314,2.833,2026-08-24
20180315,2.827,2026-08-24
20180316,2.835,2026-08-24
20180319,2.838,2026-08-24
20180320,2.848,2026-08-24
20180321,2.85,2026-08-24
20180322,2.823,2026-08-24
20180323,2.797,2026-08-24
20180326,2.815,2026-08-24
20180327,2.807,2026-08-24
20180328,2.796,2026-08-24
20180329,2.799,2026-08-24
20180330,2.795,2026-08-24
20180402,2.802,2026-08-24
20180403,2.785,2026-08-24
20180404,2.764,2026-08-24
20180405,2.777,2026-08-24
20180406,2.763,2026-08-24
20180409,2.774,2026-08-24
20180410,2.785,2026-08-24
20180411,2.77,2026-08-24
20180412,2.762,2026-08-24
20180413,2.764,2026-08-24
20180416,2.777,2026-08-24
20180417,2.785,2026-08-24
20180418,2.795,2026-08-24
20180419,2.798,2026-08-24
20180420,2.806,2026-08-24
20180423,2.837,2026-08-24
20180424,2.83,2026-08-24
20180425,2.849,2026-08-24
20180426,2.835,2026-08-24
20180427,2.806,2026-08-24
20180430,2.819,2026-08-24
20180502,2.839,2026-08-24
20180503,2.847,2026-08-24
20180504,2.876,2026-08-24
20180508,2.901,2026-08-24
20180509,2.904,2026-08-24
20180510,2.881,2026-08-24
20180511,2.891,2026-08-24
20180514,2.909,2026-08-24
20180515,2.912,2026-08-24
20180516,2.892,2026-08-24
20180517,2.872,2026-08-24
20180518,2.844,2026-08-24
20180521,2.863,2026-08-24
20180523,2.85,2026-08-24
20180524,2.818,2026-08-24
20180525,2.823,2026-08-24
20180528,2.829,2026-08-24
20180529,2.813,2026-08-24
20180530,2.817,2026-08-24
20180531,2.816,2026-08-24
20180601,2.814,2026-08-24
20180604,2.834,2026-08-24
20180605,2.827,2026-08-24
20180607,2.842,2026-08-24
20180608,2.818,2026-08-24
20180611,2.833,2026-08-24
20180612,2.833,2026-08-24
20180614,2.846,2026-08-24
20180615,2.815,2026-08-24
20180618,2.807,2026-08-24
20180619,2.795,2026-08-24
20180620,2.797,2026-08-24
20180621,2.786,2026-08-24
20180622,2.788,2026-08-24
20180625,2.784,2026-08-24
20180626,2.788,2026-08-24
20180627,2.767,2026-08-24
20180628,2.762,2026-08-24
20180629,2.766,2026-08-24
20180702,2.766,2026-08-24
20180703,2.781,2026-08-24
20180704,2.761,2026-08-24
20180705,2.742,2026-08-24
20180706,2.749,2026-08-24
20180709,2.755,2026-08-24
20180710,2.745,2026-08-24
20180711,2.708,2026-08-24
20180712,2.744,2026-08-24
20180713,2.755,2026-08-24
20180716,2.741,2026-08-24
20180717,2.746,2026-08-24
20180718,2.74,2026-08-24
20180719,2.744,2026-08-24
20180720,2.732,2026-08-24
20180723,2.735,2026-08-24
20180724,2.748,2026-08-24
20180725,2.739,2026-08-24
20180726,2.732,2026-08-24
20180727,2.771,2026-08-24
20180730,2.786,2026-08-24
20180731,2.781,2026-08-24
20180801,2.78,2026-08-24
20180802,2.77,2026-08-24
20180803,2.765,2026-08-24
20180806,2.755,2026-08-24
20180807,2.743,2026-08-24
20180808,2.732,2026-08-24
20180809,2.714,2026-08-24
20180810,2.703,2026-08-24
20180813,2.711,2026-08-24
20180814,2.721,2026-08-24
20180816,2.707,2026-08-24
20180817,2.659,2026-08-24
20180820,2.65,2026-08-24
20180821,2.592,2026-08-24
20180822,2.626,2026-08-24
20180823,2.625,2026-08-24
20180824,2.624,2026-08-24
20180827,2.581,2026-08-24
20180828,2.546,2026-08-24
20180829,2.507,2026-08-24
20180830,2.5,2026-08-24
20180831,2.416,2026-08-24
20180903,2.404,2026-08-24
20180904,2.386,2026-08-24
20180905,2.358,2026-08-24
20180906,2.366,2026-08-24
20180907,2.365,2026-08-24
20180910,2.367,2026-08-24
20180911,2.373,2026-08-24
20180912,2.343,2026-08-24
20180913,2.37,2026-08-24
20180914,2.406,2026-08-24
20180917,2.413,2026-08-24
20180918,2.422,2026-08-24
20180919,2.438,2026-08-24
20180920,2.476,2026-08-24
20180921,2.463,2026-08-24
20180927,2.45,2026-08-24
20180928,2.449,2026-08-24
20181001,2.464,2026-08-24
20181002,2.46,2026-08-24
20181004,2.506,2026-08-24
20181005,2.522,2026-08-24
20181008,2.528,2026-08-24
20181010,2.497,2026-08-24
20181011,2.455,2026-08-24
20181012,2.486,2026-08-24
20181015,2.485,2026-08-24
20181016,2.482,2026-08-24
20181017,2.463,2026-08-24
20181018,2.423,2026-08-24
20181019,2.432,2026-08-24
20181022,2.451,2026-08-24
20181023,2.432,2026-08-24
20181024,2.445,2026-08-24
20181025,2.426,2026-08-24
20181026,2.413,2026-08-24
20181029,2.344,2026-08-24
20181030,2.384,2026-08-24
20181031,2.393,2026-08-24
20181101,2.394,2026-08-24
20181102,2.431,2026-08-24
20181105,2.432,2026-08-24
20181106,2.436,2026-08-24
20181107,2.419,2026-08-24
20181108,2.42,2026-08-24
20181109,2.416,2026-08-24
20181112,2.406,2026-08-24
20181113,2.402,2026-08-24
20181114,2.39,2026-08-24
20181115,2.409,2026-08-24
20181116,2.411,2026-08-24
20181119,2.405,2026-08-24
20181120,2.405,2026-08-24
20181121,2.409,2026-08-24
20181122,2.406,2026-08-24
20181123,2.388,2026-08-24
20181126,2.388,2026-08-24
20181127,2.38,2026-08-24
20181128,2.388,2026-08-24
20181129,2.36,2026-08-24
20181130,2.367,2026-08-24
20181203,2.388,2026-08-24
20181204,2.382,2026-08-24
20181205,2.372,2026-08-24
20181206,2.319,2026-08-24
20181207,2.313,2026-08-24
20181210,2.293,2026-08-24
20181211,2.284,2026-08-24
20181212,2.292,2026-08-24
20181213,2.288,2026-08-24
20181214,2.277,2026-08-24
20181217,2.283,2026-08-24
20181218,2.282,2026-08-24
20181219,2.272,2026-08-24
20181220,2.283,2026-08-24
20181221,2.31,2026-08-24
20181224,2.313,2026-08-24
20181226,2.279,2026-08-24
20181227,2.282,2026-08-24
20181228,2.287,2026-08-24
20181231,2.287,2026-08-24
20190102,2.27,2026-08-24
20190103,2.265,2026-08-24
20190104,2.259,2026-08-24
20190107,2.268,2026-08-24
20190108,2.269,2026-08-24
20190109,2.27,2026-08-24
20190110,2.259,2026-08-24
20190111,2.262,2026-08-24
20190114,2.257,2026-08-24
20190115,2.258,2026-08-24
20190116,2.258,2026-08-24
20190117,2.255,2026-08-24
20190118,2.267,2026-08-24
20190121,2.271,2026-08-24
20190122,2.255,2026-08-24
20190123,2.256,2026-08-24
20190124,2.261,2026-08-24
20190125,2.261,2026-08-24
20190128,2.267,2026-08-24
20190129,2.269,2026-08-24
20190130,2.272,2026-08-24
20190131,2.256,2026-08-24
20190201,2.251,2026-08-24
20190207,2.249,2026-08-24
20190208,2.234,2026-08-24
20190211,2.229,2026-08-24
20190212,2.242,2026-08-24
20190213,2.247,2026-08-24
20190214,2.242,2026-08-24
20190215,2.231,2026-08-24
20190218,2.251,2026-08-24
20190219,2.249,2026-08-24
20190220,2.252,2026-08-24
20190221,2.258,2026-08-24
20190222,2.26,2026-08-24
20190225,2.265,2026-08-24
20190226,2.261,2026-08-24
20190227,2.254,2026-08-24
20190228,2.261,2026-08-24
20190304,2.281,2026-08-24
20190305,2.283,2026-08-24
20190306,2.278,2026-08-24
20190307,2.269,2026-08-24
20190308,2.255,2026-08-24
20190311,2.261,2026-08-24
20190312,2.262,2026-08-24
20190313,2.248,2026-08-24
20190314,2.246,2026-08-24
20190315,2.256,2026-08-24
20190318,2.264,2026-08-24
20190319,2.262,2026-08-24
20190320,2.265,2026-08-24
20190321,2.247,2026-08-24
20190322,2.254,2026-08-24
20190325,2.225,2026-08-24
20190326,2.217,2026-08-24
20190327,2.187,2026-08-24
20190328,2.151,2026-08-24
20190329,2.163,2026-08-24
20190401,2.197,2026-08-24
20190402,2.178,2026-08-24
20190403,2.193,2026-08-24
20190404,2.194,2026-08-24
20190405,2.207,2026-08-24
20190408,2.196,2026-08-24
20190409,2.197,2026-08-24
20190410,2.201,2026-08-24
20190411,2.202,2026-08-24
20190412,2.204,2026-08-24
20190415,2.23,2026-08-24
20190416,2.234,2026-08-24
20190417,2.249,2026-08-24
20190418,2.215,2026-08-24
20190419,2.228,2026-08-24
20190422,2.241,2026-08-24
20190423,2.238,2026-08-24
20190424,2.219,2026-08-24
20190425,2.195,2026-08-24
20190426,2.191,2026-08-24
20190429,2.184,2026-08-24
20190430,2.171,2026-08-24
20190502,2.201,2026-08-24
20190503,2.204,2026-08-24
20190507,2.189,2026-08-24
20190508,2.184,2026-08-24
20190509,2.176,2026-08-24
20190510,2.187,2026-08-24
20190513,2.186,2026-08-24
20190514,2.177,2026-08-24
20190515,2.175,2026-08-24
20190516,2.146,2026-08-24
20190517,2.145,2026-08-24
20190520,2.157,2026-08-24
20190521,2.142,2026-08-24
20190522,2.144,2026-08-24
20190523,2.131,2026-08-24
20190524,2.126,2026-08-24
20190527,2.131,2026-08-24
20190528,2.13,2026-08-24
20190529,2.103,2026-08-24
20190530,2.11,2026-08-24
20190531,2.075,2026-08-24
20190603,2.074,2026-08-24
20190604,2.07,2026-08-24
20190605,2.05,2026-08-24
20190607,2.047,2026-08-24
20190610,2.048,2026-08-24
20190611,2.053,2026-08-24
20190612,1.999,2026-08-24
20190613,2.002,2026-08-24
20190614,1.989,2026-08-24
20190617,2.005,2026-08-24
20190618,2.007,2026-08-24
20190619,1.995,2026-08-24
20190620,1.939,2026-08-24
20190621,1.949,2026-08-24
20190624,1.949,2026-08-24
20190625,1.971,2026-08-24
20190626,1.982,2026-08-24
20190627,1.984,2026-08-24
20190628,1.967,2026-08-24
20190701,1.974,2026-08-24
20190702,1.958,2026-08-24
20190703,1.925,2026-08-24
20190704,1.915,2026-08-24
20190705,1.923,2026-08-24
20190708,1.922,2026-08-24
20190709,1.923,2026-08-24
20190710,1.938,2026-08-24
20190711,1.92,2026-08-24
20190712,1.927,2026-08-24
20190715,1.937,2026-08-24
20190716,1.934,2026-08-24
20190717,1.903,2026-08-24
20190718,1.85,2026-08-24
20190719,1.832,2026-08-24
20190722,1.837,2026-08-24
20190723,1.843,2026-08-24
20190724,1.83,2026-08-24
20190725,1.809,2026-08-24
20190726,1.817,2026-08-24
20190729,1.817,2026-08-24
20190730,1.812,2026-08-24
20190731,1.803,2026-08-24
20190801,1.822,2026-08-24
20190802,1.773,2026-08-24
20190805,1.693,2026-08-24
20190806,1.688,2026-08-24
20190807,1.678,2026-08-24
20190808,1.691,2026-08-24
20190809,1.707,2026-08-24
20190812,1.706,2026-08-24
20190813,1.678,2026-08-24
20190814,1.678,2026-08-24
20190816,1.626,2026-08-24
20190819,1.628,2026-08-24
20190820,1.636,2026-08-24
20190821,1.685,2026-08-24
20190822,1.658,2026-08-24
20190823,1.691,2026-08-24
20190826,1.648,2026-08-24
20190827,1.695,2026-08-24
20190828,1.701,2026-08-24
20190829,1.691,2026-08-24
20190830,1.693,2026-08-24
20190902,1.74,2026-08-24
20190903,1.734,2026-08-24
20190904,1.741,2026-08-24
20190905,1.76,2026-08-24
20190906,1.769,2026-08-24
20190909,1.742,2026-08-24
20190910,1.748,2026-08-24
20190911,1.764,2026-08-24
20190916,1.85,2026-08-24
20190917,1.822,2026-08-24
20190918,1.816,2026-08-24
20190919,1.835,2026-08-24
20190920,1.836,2026-08-24
20190923,1.837,2026-08-24
20190924,1.829,2026-08-24
20190925,1.807,2026-08-24
20190926,1.806,2026-08-24
20190927,1.806,2026-08-24
20190930,1.8,2026-08-24
20191001,1.824,2026-08-24
20191002,1.806,2026-08-24
20191004,1.717,2026-08-24
20191007,1.738,2026-08-24
20191008,1.766,2026-08-24
20191010,1.779,2026-08-24
20191011,1.785,2026-08-24
20191014,1.787,2026-08-24
20191015,1.791,2026-08-24
20191016,1.827,2026-08-24
20191017,1.879,2026-08-24
20191018,1.88,2026-08-24
20191021,1.912,2026-08-24
20191022,1.885,2026-08-24
20191023,1.894,2026-08-24
20191024,1.905,2026-08-24
20191025,1.943,2026-08-24
20191028,2.018,2026-08-24
20191029,1.994,2026-08-24
20191030,1.981,2026-08-24
20191031,1.973,2026-08-24
20191101,1.976,2026-08-24
20191104,2.053,2026-08-24
20191105,2.026,2026-08-24
20191106,2.033,2026-08-24
20191107,2.048,2026-08-24
20191108,2.023,2026-08-24
20191111,2.011,2026-08-24
20191112,2.064,2026-08-24
20191113,2.015,2026-08-24
20191114,2.016,2026-08-24
20191115,2.019,2026-08-24
20191118,2.023,2026-08-24
20191119,1.995,2026-08-24
20191120,1.965,2026-08-24
20191121,1.978,2026-08-24
20191122,1.972,2026-08-24
20191125,1.988,2026-08-24
20191126,1.989,2026-08-24
20191127,1.975,2026-08-24
20191128,1.957,2026-08-24
20191129,1.922,2026-08-24
20191202,1.957,2026-08-24
20191203,1.986,2026-08-24
20191204,1.939,2026-08-24
20191205,1.957,2026-08-24
20191206,1.969,2026-08-24
20191209,1.955,2026-08-24
20191210,1.949,2026-08-24
20191211,1.942,2026-08-24
20191212,1.942,2026-08-24
20191213,1.962,2026-08-24
20191216,1.935,2026-08-24
20191217,1.93,2026-08-24
20191218,1.927,2026-08-24
20191219,1.949,2026-08-24
20191220,1.959,2026-08-24
20191223,1.951,2026-08-24
20191224,1.945,2026-08-24
20191226,1.941,2026-08-24
20191227,1.944,2026-08-24
20191230,1.937,2026-08-24
20191231,1.937,2026-08-24
20200102,1.907,2026-08-24
20200103,1.858,2026-08-24
20200106,1.861,2026-08-24
20200107,1.911,2026-08-24
20200108,1.939,2026-08-24
20200109,1.983,2026-08-24
20200110,1.991,2026-08-24
20200113,1.989,2026-08-24
20200114,1.968,2026-08-24
20200115,1.972,2026-08-24
20200116,2.001,2026-08-24
20200117,2.01,2026-08-24
20200120,2.034,2026-08-24
20200121,1.986,2026-08-24
20200122,2.016,2026-08-24
20200123,2.006,2026-08-24
20200128,1.94,2026-08-24
20200129,1.922,2026-08-24
20200130,1.897,2026-08-24
20200131,1.899,2026-08-24
20200203,1.884,2026-08-24
20200204,1.923,2026-08-24
20200205,1.901,2026-08-24
20200206,1.904,2026-08-24
20200207,1.874,2026-08-24
20200210,1.886,2026-08-24
20200211,1.888,2026-08-24
20200212,1.89,2026-08-24
20200213,1.873,2026-08-24
20200214,1.913,2026-08-24
20200217,1.906,2026-08-24
20200218,1.863,2026-08-24
20200219,1.875,2026-08-24
20200220,1.833,2026-08-24
20200221,1.782,2026-08-24
20200224,1.74,2026-08-24
20200225,1.765,2026-08-24
20200226,1.734,2026-08-24
20200227,1.79,2026-08-24
20200228,1.707,2026-08-24
20200302,1.728,2026-08-24
20200303,1.718,2026-08-24
20200304,1.644,2026-08-24
20200305,1.666,2026-08-24
20200306,1.692,2026-08-24
20200309,1.657,2026-08-24
20200310,1.708,2026-08-24
20200311,1.712,2026-08-24
20200312,1.707,2026-08-24
20200313,1.81,2026-08-24
20200316,1.765,2026-08-24
20200317,1.74,2026-08-24
20200318,1.77,2026-08-24
20200319,1.947,2026-08-24
20200320,1.945,2026-08-24
20200323,2.01,2026-08-24
20200324,2.006,2026-08-24
20200325,2.025,2026-08-24
20200326,2.035,2026-08-24
20200327,2.039,2026-08-24
20200330,2.074,2026-08-24
20200331,2.077,2026-08-24
20200401,2.099,2026-08-24
20200402,2.093,2026-08-24
20200403,2.1,2026-08-24
20200406,2.1,2026-08-24
20200407,2.1,2026-08-24
20200408,2.097,2026-08-24
20200409,2.093,2026-08-24
20200410,2.092,2026-08-24
20200413,2.12,2026-08-24
20200414,2.126,2026-08-24
20200416,2.123,2026-08-24
20200417,2.148,2026-08-24
20200420,2.153,2026-08-24
20200421,2.188,2026-08-24
20200422,2.203,2026-08-24
20200423,2.203,2026-08-24
20200424,2.201,2026-08-24
20200427,2.215,2026-08-24
20200428,2.224,2026-08-24
20200429,2.218,2026-08-24
20200504,2.203,2026-08-24
20200506,2.202,2026-08-24
20200507,2.198,2026-08-24
20200508,2.182,2026-08-24
20200511,2.198,2026-08-24
20200512,2.173,2026-08-24
20200513,2.155,2026-08-24
20200514,2.17,2026-08-24
20200515,2.176,2026-08-24
20200518,2.188,2026-08-24
20200519,2.185,2026-08-24
20200520,2.181,2026-08-24
20200521,2.177,2026-08-24
20200522,2.165,2026-08-24
20200525,2.152,2026-08-24
20200526,2.176,2026-08-24
20200527,2.196,2026-08-24
20200528,2.157,2026-08-24
20200529,2.158,2026-08-24
20200601,2.164,2026-08-24
20200602,2.182,2026-08-24
20200603,2.199,2026-08-24
20200604,2.217,2026-08-24
20200605,2.224,2026-08-24
20200608,2.227,2026-08-24
20200609,2.204,2026-08-24
20200610,2.205,2026-08-24
20200611,2.204,2026-08-24
20200612,2.21,2026-08-24
20200615,2.229,2026-08-24
20200616,2.225,2026-08-24
20200617,2.244,2026-08-24
20200618,2.225,2026-08-24
20200619,2.23,2026-08-24
20200622,2.232,2026-08-24
20200623,2.224,2026-08-24
20200624,2.221,2026-08-24
20200625,2.22,2026-08-24
20200626,2.22,2026-08-24
20200629,2.246,2026-08-24
20200630,2.25,2026-08-24
20200701,2.251,2026-08-24
20200702,2.235,2026-08-24
20200703,2.239,2026-08-24
20200706,2.249,2026-08-24
20200707,2.236,2026-08-24
20200708,2.232,2026-08-24
20200709,2.235,2026-08-24
20200710,2.237,2026-08-24
20200713,2.249,2026-08-24
20200714,2.246,2026-08-24
20200715,2.241,2026-08-24
20200716,2.227,2026-08-24
20200717,2.214,2026-08-24
20200720,2.205,2026-08-24
20200721,2.216,2026-08-24
20200722,2.209,2026-08-24
20200723,2.194,2026-08-24
20200724,2.189,2026-08-24
20200727,2.188,2026-08-24
20200728,2.194,2026-08-24
20200729,2.19,2026-08-24
20200730,2.181,2026-08-24
20200731,2.177,2026-08-24
20200803,2.177,2026-08-24
20200804,2.179,2026-08-24
20200805,2.168,2026-08-24
20200806,2.172,2026-08-24
20200807,2.174,2026-08-24
20200810,2.191,2026-08-24
20200811,2.183,2026-08-24
20200812,2.192,2026-08-24
20200813,2.184,2026-08-24
20200814,2.195,2026-08-24
20200818,2.182,2026-08-24
20200819,2.177,2026-08-24
20200820,2.183,2026-08-24
20200821,2.204,2026-08-24
20200824,2.185,2026-08-24
20200825,2.188,2026-08-24
20200826,2.197,2026-08-24
20200827,2.212,2026-08-24
20200828,2.24,2026-08-24
20200831,2.264,2026-08-24
20200901,2.291,2026-08-24
20200902,2.261,2026-08-24
20200903,2.261,2026-08-24
20200904,2.268,2026-08-24
20200907,2.287,2026-08-24
20200908,2.269,2026-08-24
20200909,2.244,2026-08-24
20200910,2.243,2026-08-24
20200911,2.251,2026-08-24
20200914,2.247,2026-08-24
20200915,2.238,2026-08-24
20200916,2.233,2026-08-24
20200917,2.236,2026-08-24
20200918,2.232,2026-08-24
20200921,2.232,2026-08-24
20200922,2.228,2026-08-24
20200923,2.217,2026-08-24
20200924,2.2,2026-08-24
20200925,2.2,2026-08-24
20200928,2.192,2026-08-24
20200929,2.193,2026-08-24
20201005,2.221,2026-08-24
20201006,2.242,2026-08-24
20201007,2.244,2026-08-24
20201008,2.241,2026-08-24
20201012,2.251,2026-08-24
20201013,2.248,2026-08-24
20201014,2.237,2026-08-24
20201015,2.22,2026-08-24
20201016,2.23,2026-08-24
20201019,2.229,2026-08-24
20201020,2.241,2026-08-24
20201021,2.259,2026-08-24
20201022,2.246,2026-08-24
20201023,2.235,2026-08-24
20201026,2.231,2026-08-24
20201027,2.239,2026-08-24
20201028,2.232,2026-08-24
20201029,2.24,2026-08-24
20201030,2.247,2026-08-24
20201102,2.273,2026-08-24
20201103,2.276,2026-08-24
20201104,2.257,2026-08-24
20201105,2.237,2026-08-24
20201106,2.249,2026-08-24
20201109,2.254,2026-08-24
20201110,2.269,2026-08-24
20201111,2.274,2026-08-24
20201112,2.256,2026-08-24
20201113,2.253,2026-08-24
20201116,2.254,2026-08-24
20201117,2.25,2026-08-24
20201118,2.239,2026-08-24
20201119,2.237,2026-08-24
20201120,2.234,2026-08-24
20201123,2.219,2026-08-24
20201124,2.224,2026-08-24
20201125,2.233,2026-08-24
20201126,2.24,2026-08-24
20201127,2.232,2026-08-24
20201130,2.235,2026-08-24
20201201,2.232,2026-08-24
20201202,2.233,2026-08-24
20201203,2.226,2026-08-24
20201204,2.22,2026-08-24
20201207,2.215,2026-08-24
20201208,2.211,2026-08-24
20201209,2.214,2026-08-24
20201210,2.212,2026-08-24
20201211,2.215,2026-08-24
20201214,2.216,2026-08-24
20201215,2.215,2026-08-24
20201216,2.221,2026-08-24
20201217,2.229,2026-08-24
20201218,2.208,2026-08-24
20201221,2.201,2026-08-24
20201222,2.19,2026-08-24
20201223,2.179,2026-08-24
20201224,2.196,2026-08-24
20201228,2.196,2026-08-24
20201229,2.202,2026-08-24
20201230,2.208,2026-08-24
20201231,2.208,2026-08-24
20210104,2.192,2026-08-24
20210105,2.173,2026-08-24
20210106,2.176,2026-08-24
20210107,2.177,2026-08-24
20210108,2.178,2026-08-24
20210111,2.161,2026-08-24
20210112,2.161,2026-08-24
20210113,2.158,2026-08-24
20210114,2.155,2026-08-24
20210115,2.144,2026-08-24
20210118,2.137,2026-08-24
20210119,2.132,2026-08-24
20210120,2.129,2026-08-24
20210121,2.122,2026-08-24
20210122,2.124,2026-08-24
20210125,2.124,2026-08-24
20210126,2.122,2026-08-24
20210127,2.103,2026-08-24
20210128,2.097,2026-08-24
20210129,2.092,2026-08-24
20210201,2.09,2026-08-24
20210202,2.069,2026-08-24
20210203,2.064,2026-08-24
20210204,2.065,2026-08-24
20210205,2.061,2026-08-24
20210208,2.07,2026-08-24
20210209,2.054,2026-08-24
20210210,2.055,2026-08-24
20210215,2.056,2026-08-24
20210216,2.041,2026-08-24
20210217,2.043,2026-08-24
20210218,2.039,2026-08-24
20210219,2.043,2026-08-24
20210222,2.059,2026-08-24
20210223,2.054,2026-08-24
20210224,2.032,2026-08-24
20210225,2.035,2026-08-24
20210226,2.054,2026-08-24
20210302,2.054,2026-08-24
20210303,2.051,2026-08-24
20210304,2.058,2026-08-24
20210305,2.08,2026-08-24
20210308,2.117,2026-08-24
20210309,2.159,2026-08-24
20210310,2.134,2026-08-24
20210311,2.123,2026-08-24
20210312,2.149,2026-08-24
20210315,2.153,2026-08-24
20210316,2.114,2026-08-24
20210317,2.115,2026-08-24
20210318,2.083,2026-08-24
20210319,2.092,2026-08-24
20210322,2.079,2026-08-24
20210323,2.076,2026-08-24
20210324,2.059,2026-08-24
20210325,2.045,2026-08-24
20210326,2.059,2026-08-24
20210329,2.059,2026-08-24
20210330,2.078,2026-08-24
20210331,2.06,2026-08-24
20210401,2.063,2026-08-24
20210402,2.067,2026-08-24
20210405,2.095,2026-08-24
20210406,2.078,2026-08-24
20210407,2.073,2026-08-24
20210408,2.051,2026-08-24
20210409,2.056,2026-08-24
20210412,2.031,2026-08-24
20210413,2.029,2026-08-24
20210414,2.003,2026-08-24
20210415,2.027,2026-08-24
20210416,2.029,2026-08-24
20210419,1.914,2026-08-24
20210420,1.918,2026-08-24
20210421,1.899,2026-08-24
20210422,1.896,2026-08-24
20210423,1.907,2026-08-24
20210426,1.903,2026-08-24
20210427,1.885,2026-08-24
20210428,1.89,2026-08-24
20210429,1.9,2026-08-24
20210430,1.914,2026-08-24
20210503,1.917,2026-08-24
20210504,1.92,2026-08-24
20210506,1.9,2026-08-24
20210507,1.9,2026-08-24
20210510,1.899,2026-08-24
20210511,1.892,2026-08-24
20210512,1.888,2026-08-24
20210513,1.888,2026-08-24
20210514,1.882,2026-08-24
20210517,1.872,2026-08-24
20210518,1.865,2026-08-24
20210520,1.869,2026-08-24
20210521,1.861,2026-08-24
20210524,1.876,2026-08-24
20210525,1.89,2026-08-24
20210526,1.902,2026-08-24
20210527,1.867,2026-08-24
20210528,1.899,2026-08-24
20210531,1.945,2026-08-24
20210601,1.929,2026-08-24
20210602,1.924,2026-08-24
20210603,1.911,2026-08-24
20210604,1.931,2026-08-24
20210607,1.911,2026-08-24
20210608,1.891,2026-08-24
20210609,1.866,2026-08-24
20210610,1.88,2026-08-24
20210611,1.872,2026-08-24
20210614,1.881,2026-08-24
20210615,1.896,2026-08-24
20210616,1.879,2026-08-24
20210617,1.9,2026-08-24
20210618,1.888,2026-08-24
20210621,1.906,2026-08-24
20210622,1.889,2026-08-24
20210623,1.893,2026-08-24
20210624,1.929,2026-08-24
20210625,1.969,2026-08-24
20210628,1.993,2026-08-24
20210629,1.977,2026-08-24
20210630,1.966,2026-08-24
20210701,1.975,2026-08-24
20210702,1.984,2026-08-24
20210705,1.962,2026-08-24
20210706,1.964,2026-08-24
20210707,1.915,2026-08-24
20210708,1.865,2026-08-24
20210709,1.874,2026-08-24
20210712,1.877,2026-08-24
20210713,1.896,2026-08-24
20210714,1.869,2026-08-24
20210715,1.938,2026-08-24
20210716,1.908,2026-08-24
20210719,1.908,2026-08-24
20210720,1.864,2026-08-24
20210721,1.835,2026-08-24
20210722,1.843,2026-08-24
20210723,1.841,2026-08-24
20210726,1.821,2026-08-24
20210727,1.83,2026-08-24
20210728,1.853,2026-08-24
20210729,1.862,2026-08-24
20210730,1.847,2026-08-24
20210802,1.858,2026-08-24
20210803,1.863,2026-08-24
20210804,1.841,2026-08-24
20210805,1.836,2026-08-24
20210806,1.855,2026-08-24
20210809,1.859,2026-08-24
20210810,1.855,2026-08-24
20210811,1.845,2026-08-24
20210812,1.84,2026-08-24
20210813,1.834,2026-08-24
20210817,1.83,2026-08-24
20210818,1.817,2026-08-24
20210819,1.79,2026-08-24
20210820,1.794,2026-08-24
20210823,1.82,2026-08-24
20210824,1.862,2026-08-24
20210825,1.863,2026-08-24
20210826,1.836,2026-08-24
20210827,1.842,2026-08-24
20210830,1.832,2026-08-24
20210831,1.829,2026-08-24
20210901,1.848,2026-08-24
20210902,1.855,2026-08-24
20210903,1.865,2026-08-24
20210906,1.881,2026-08-24
20210907,1.888,2026-08-24
20210908,1.908,2026-08-24
20210909,1.921,2026-08-24
20210910,1.936,2026-08-24
20210913,1.962,2026-08-24
20210914,1.975,2026-08-24
20210915,1.942,2026-08-24
20210916,1.958,2026-08-24
20210917,1.978,2026-08-24
20210923,1.996,2026-08-24
20210924,2.017,2026-08-24
20210927,2.015,2026-08-24
20210928,2.061,2026-08-24
20210929,2.057,2026-08-24
20210930,2.049,2026-08-24
20211001,2.087,2026-08-24
20211005,2.101,2026-08-24
20211006,2.171,2026-08-24
20211007,2.158,2026-08-24
20211008,2.156,2026-08-24
20211012,2.262,2026-08-24
20211013,2.27,2026-08-24
20211014,2.261,2026-08-24
20211015,2.249,2026-08-24
20211018,2.333,2026-08-24
20211019,2.325,2026-08-24
20211020,2.318,2026-08-24
20211021,2.31,2026-08-24
20211022,2.362,2026-08-24
20211025,2.387,2026-08-24
20211026,2.423,2026-08-24
20211027,2.506,2026-08-24
20211028,2.487,2026-08-24
20211029,2.573,2026-08-24
20211101,2.58,2026-08-24
20211102,2.542,2026-08-24
20211103,2.539,2026-08-24
20211104,2.544,2026-08-24
20211105,2.468,2026-08-24
20211108,2.438,2026-08-24
20211109,2.403,2026-08-24
20211110,2.417,2026-08-24
20211111,2.453,2026-08-24
20211112,2.499,2026-08-24
20211115,2.457,2026-08-24
20211116,2.505,2026-08-24
20211117,2.517,2026-08-24
20211118,2.501,2026-08-24
20211119,2.513,2026-08-24
20211122,2.563,2026-08-24
20211123,2.582,2026-08-24
20211124,2.569,2026-08-24
20211125,2.499,2026-08-24
20211126,2.433,2026-08-24
20211129,2.418,2026-08-24
20211130,2.373,2026-08-24
20211201,2.385,2026-08-24
20211202,2.406,2026-08-24
20211203,2.464,2026-08-24
20211206,2.436,2026-08-24
20211207,2.446,2026-08-24
20211208,2.409,2026-08-24
20211209,2.385,2026-08-24
20211210,2.399,2026-08-24
20211213,2.402,2026-08-24
20211214,2.402,2026-08-24
20211215,2.43,2026-08-24
20211216,2.398,2026-08-24
20211217,2.398,2026-08-24
20211220,2.372,2026-08-24
20211221,2.355,2026-08-24
20211222,2.392,2026-08-24
20211223,2.441,2026-08-24
20211224,2.438,2026-08-24
20211227,2.411,2026-08-24
20211228,2.417,2026-08-24
20211229,2.409,2026-08-24
20211230,2.417,2026-08-24
20211231,2.415,2026-08-24
20220103,2.46,2026-08-24
20220104,2.474,2026-08-24
20220105,2.506,2026-08-24
20220106,2.59,2026-08-24
20220107,2.593,2026-08-24
20220110,2.624,2026-08-24
20220111,2.611,2026-08-24
20220112,2.576,2026-08-24
20220113,2.537,2026-08-24
20220114,2.6,2026-08-24
20220117,2.699,2026-08-24
20220118,2.685,2026-08-24
20220119,2.645,2026-08-24
20220120,2.684,2026-08-24
20220121,2.693,2026-08-24
20220124,2.675,2026-08-24
20220125,2.725,2026-08-24
20220126,2.713,2026-08-24
20220127,2.781,2026-08-24
20220128,2.765,2026-08-24
20220203,2.733,2026-08-24
20220204,2.771,2026-08-24
20220207,2.815,2026-08-24
20220208,2.867,2026-08-24
20220209,2.857,2026-08-24
20220210,2.85,2026-08-24
20220211,2.921,2026-08-24
20220214,2.926,2026-08-24
20220215,2.928,2026-08-24
20220216,2.913,2026-08-24
20220217,2.895,2026-08-24
20220218,2.916,2026-08-24
20220221,2.949,2026-08-24
20220222,2.916,2026-08-24
20220223,2.913,2026-08-24
20220224,2.83,2026-08-24
20220225,2.854,2026-08-24
20220228,2.855,2026-08-24
20220302,2.813,2026-08-24
20220303,2.835,2026-08-24
20220304,2.848,2026-08-24
20220307,2.922,2026-08-24
20220308,2.931,2026-08-24
20220310,2.933,2026-08-24
20220311,2.92,2026-08-24
20220314,2.947,2026-08-24
20220315,2.965,2026-08-24
20220316,2.948,2026-08-24
20220317,2.902,2026-08-24
20220318,2.911,2026-08-24
20220321,2.944,2026-08-24
20220322,3.045,2026-08-24
20220323,3.073,2026-08-24
20220324,3.104,2026-08-24
20220325,3.163,2026-08-24
20220328,3.394,2026-08-24
20220329,3.361,2026-08-24
20220330,3.291,2026-08-24
20220331,3.34,2026-08-24
20220401,3.458,2026-08-24
20220404,3.499,2026-08-24
20220405,3.542,2026-08-24
20220406,3.592,2026-08-24
20220407,3.562,2026-08-24
20220408,3.636,2026-08-24
20220411,3.813,2026-08-24
20220412,3.774,2026-08-24
20220413,3.688,2026-08-24
20220414,3.583,2026-08-24
20220415,3.64,2026-08-24
20220418,3.689,2026-08-24
20220419,3.671,2026-08-24
20220420,3.662,2026-08-24
20220421,3.647,2026-08-24
20220422,3.688,2026-08-24
20220425,3.602,2026-08-24
20220426,3.584,2026-08-24
20220427,3.595,2026-08-24
20220428,3.636,2026-08-24
20220429,3.68,2026-08-24
20220502,3.794,2026-08-24
20220503,3.855,2026-08-24
20220504,3.887,2026-08-24
20220506,3.873,2026-08-24
20220509,3.8,2026-08-24
20220510,3.783,2026-08-24
20220511,3.691,2026-08-24
20220512,3.657,2026-08-24
20220513,3.673,2026-08-24
20220516,3.781,2026-08-24
20220517,3.784,2026-08-24
20220518,3.832,2026-08-24
20220519,3.821,2026-08-24
20220520,3.784,2026-08-24
20220523,3.796,2026-08-24
20220524,3.742,2026-08-24
20220525,3.72,2026-08-24
20220526,3.733,2026-08-24
20220527,3.728,2026-08-24
20220530,3.724,2026-08-24
20220531,3.807,2026-08-24
20220602,3.897,2026-08-24
20220603,3.896,2026-08-24
20220607,4.001,2026-08-24
20220608,3.982,2026-08-24
20220609,3.958,2026-08-24
20220610,3.996,2026-08-24
20220613,4.222,2026-08-24
20220614,4.27,2026-08-24
20220615,4.371,2026-08-24
20220616,4.437,2026-08-24
20220617,4.468,2026-08-24
20220620,4.414,2026-08-24
20220621,4.402,2026-08-24
20220622,4.275,2026-08-24
20220623,4.363,2026-08-24
20220624,4.297,2026-08-24
20220627,4.344,2026-08-24
20220628,4.339,2026-08-24
20220629,4.359,2026-08-24
20220630,4.361,2026-08-24
20220701,4.257,2026-08-24
20220704,4.247,2026-08-24
20220705,4.128,2026-08-24
20220706,4.086,2026-08-24
20220707,4.113,2026-08-24
20220708,4.186,2026-08-24
20220711,4.198,2026-08-24
20220712,4.158,2026-08-24
20220713,4.094,2026-08-24
20220714,4.139,2026-08-24
20220715,4.091,2026-08-24
20220718,4.104,2026-08-24
20220719,4.092,2026-08-24
20220720,4.197,2026-08-24
20220721,4.202,2026-08-24
20220722,4.135,2026-08-24
20220725,4.082,2026-08-24
20220726,4.063,2026-08-24
20220727,4.033,2026-08-24
20220728,4.082,2026-08-24
20220729,3.969,2026-08-24
20220801,4.043,2026-08-24
20220802,3.983,2026-08-24
20220803,4.045,2026-08-24
20220804,4.091,2026-08-24
20220805,4.056,2026-08-24
20220808,4.113,2026-08-24
20220809,4.119,2026-08-24
20220810,4.133,2026-08-24
20220811,4.111,2026-08-24
20220812,4.159,2026-08-24
20220816,4.057,2026-08-24
20220817,4.076,2026-08-24
20220818,4.114,2026-08-24
20220819,4.186,2026-08-24
20220822,4.235,2026-08-24
20220823,4.27,2026-08-24
20220824,4.298,2026-08-24
20220825,4.507,2026-08-24
20220826,4.499,2026-08-24
20220829,4.621,2026-08-24
20220830,4.618,2026-08-24
20220831,4.658,2026-08-24
20220901,4.747,2026-08-24
20220902,4.655,2026-08-24
20220905,4.596,2026-08-24
20220906,4.662,2026-08-24
20220907,4.668,2026-08-24
20220908,4.541,2026-08-24
20220913,4.525,2026-08-24
20220914,4.579,2026-08-24
20220915,4.759,2026-08-24
20220916,4.758,2026-08-24
20220919,4.751,2026-08-24
20220920,4.806,2026-08-24
20220921,4.843,2026-08-24
20220922,5.092,2026-08-24
20220923,5.189,2026-08-24
20220926,5.528,2026-08-24
20220927,5.308,2026-08-24
20220928,5.342,2026-08-24
20220929,5.378,2026-08-24
20220930,5.28,2026-08-24
20221004,5.175,2026-08-24
20221005,5.242,2026-08-24
20221006,5.231,2026-08-24
20221007,5.358,2026-08-24
20221011,5.436,2026-08-24
20221012,5.21,2026-08-24
20221013,5.31,2026-08-24
20221014,5.32,2026-08-24
20221017,5.373,2026-08-24
20221018,5.408,2026-08-24
20221019,5.533,2026-08-24
20221020,5.588,2026-08-24
20221021,5.736,2026-08-24
20221024,5.592,2026-08-24
20221025,5.528,2026-08-24
20221026,5.553,2026-08-24
20221027,5.62,2026-08-24
20221028,5.487,2026-08-24
20221031,5.58,2026-08-24
20221101,5.486,2026-08-24
20221102,5.533,2026-08-24
20221103,5.616,2026-08-24
20221104,5.591,2026-08-24
20221107,5.662,2026-08-24
20221108,5.642,2026-08-24
20221109,5.594,2026-08-24
20221110,5.551,2026-08-24
20221111,5.361,2026-08-24
20221114,5.42,2026-08-24
20221115,5.346,2026-08-24
20221116,5.416,2026-08-24
20221117,5.427,2026-08-24
20221118,5.429,2026-08-24
20221121,5.492,2026-08-24
20221122,5.516,2026-08-24
20221123,5.536,2026-08-24
20221124,5.402,2026-08-24
20221125,5.376,2026-08-24
20221128,5.405,2026-08-24
20221129,5.468,2026-08-24
20221130,5.445,2026-08-24
20221201,5.422,2026-08-24
20221202,5.386,2026-08-24
20221205,5.37,2026-08-24
20221206,5.387,2026-08-24
20221207,5.411,2026-08-24
20221208,5.412,2026-08-24
20221209,5.391,2026-08-24
20221212,5.383,2026-08-24
20221213,5.374,2026-08-24
20221214,5.272,2026-08-24
20221215,5.263,2026-08-24
20221216,5.227,2026-08-24
20221219,5.217,2026-08-24
20221220,5.333,2026-08-24
20221221,5.272,2026-08-24
20221222,5.192,2026-08-24
20221223,5.215,2026-08-24
20221226,5.235,2026-08-24
20221227,5.219,2026-08-24
20221228,5.203,2026-08-24
20221229,5.238,2026-08-24
20221230,5.231,2026-08-24
20230102,5.262,2026-08-24
20230103,5.131,2026-08-24
20230104,5.078,2026-08-24
20230105,5.06,2026-08-24
20230106,5.062,2026-08-24
20230109,4.93,2026-08-24
20230110,4.887,2026-08-24
20230111,4.784,2026-08-24
20230112,4.73,2026-08-24
20230113,4.62,2026-08-24
20230116,4.661,2026-08-24
20230117,4.677,2026-08-24
20230118,4.56,2026-08-24
20230119,4.403,2026-08-24
20230120,4.453,2026-08-24
20230125,4.4,2026-08-24
20230126,4.361,2026-08-24
20230127,4.364,2026-08-24
20230130,4.31,2026-08-24
20230131,4.344,2026-08-24
20230201,4.268,2026-08-24
20230202,4.177,2026-08-24
20230203,4.081,2026-08-24
20230206,4.237,2026-08-24
20230207,4.244,2026-08-24
20230208,4.244,2026-08-24
20230209,4.254,2026-08-24
20230210,4.231,2026-08-24
20230213,4.252,2026-08-24
20230214,4.207,2026-08-24
20230215,4.255,2026-08-24
20230216,4.239,2026-08-24
20230217,4.345,2026-08-24
20230220,4.369,2026-08-24
20230221,4.324,2026-08-24
20230222,4.342,2026-08-24
20230223,4.311,2026-08-24
20230224,4.255,2026-08-24
20230227,4.366,2026-08-24
20230228,4.484,2026-08-24
20230302,4.558,2026-08-24
20230303,4.471,2026-08-24
20230306,4.458,2026-08-24
20230307,4.41,2026-08-24
20230308,4.534,2026-08-24
20230309,4.54,2026-08-24
20230310,4.396,2026-08-24
20230313,4.149,2026-08-24
20230314,4.085,2026-08-24
20230315,4.169,2026-08-24
20230316,4.098,2026-08-24
20230317,4.11,2026-08-24
20230320,3.986,2026-08-24
20230321,4.016,2026-08-24
20230322,4.014,2026-08-24
20230323,3.97,2026-08-24
20230324,3.928,2026-08-24
20230327,3.989,2026-08-24
20230328,4.029,2026-08-24
20230329,4.027,2026-08-24
20230330,4.035,2026-08-24
20230331,4.074,2026-08-24
20230403,4.139,2026-08-24
20230404,4.081,2026-08-24
20230405,4.072,2026-08-24
20230406,4.022,2026-08-24
20230407,4.049,2026-08-24
20230410,4.004,2026-08-24
20230411,4.041,2026-08-24
20230412,4.042,2026-08-24
20230413,4.009,2026-08-24
20230414,4.022,2026-08-24
20230417,4.092,2026-08-24
20230418,4.101,2026-08-24
20230419,4.146,2026-08-24
20230420,4.146,2026-08-24
20230421,4.083,2026-08-24
20230424,4.051,2026-08-24
20230425,4.076,2026-08-24
20230426,4.069,2026-08-24
20230427,4.094,2026-08-24
20230428,4.105,2026-08-24
20230502,4.14,2026-08-24
20230503,4.094,2026-08-24
20230504,4.03,2026-08-24
20230508,4.079,2026-08-24
20230509,4.069,2026-08-24
20230510,4.086,2026-08-24
20230511,4.032,2026-08-24
20230512,4.035,2026-08-24
20230515,4.089,2026-08-24
20230516,4.056,2026-08-24
20230517,4.084,2026-08-24
20230518,4.123,2026-08-24
20230519,4.148,2026-08-24
20230522,4.127,2026-08-24
20230523,4.181,2026-08-24
20230524,4.183,2026-08-24
20230525,4.28,2026-08-24
20230526,4.328,2026-08-24
20230530,4.359,2026-08-24
20230531,4.262,2026-08-24
20230601,4.285,2026-08-24
20230602,4.244,2026-08-24
20230605,4.307,2026-08-24
20230607,4.273,2026-08-24
20230608,4.344,2026-08-24
20230609,4.309,2026-08-24
20230612,4.302,2026-08-24
20230613,4.297,2026-08-24
20230614,4.356,2026-08-24
20230615,4.437,2026-08-24
20230616,4.395,2026-08-24
20230619,4.39,2026-08-24
20230620,4.38,2026-08-24
20230621,4.378,2026-08-24
20230622,4.4,2026-08-24
20230623,4.419,2026-08-24
20230626,4.375,2026-08-24
20230627,4.348,2026-08-24
20230628,4.365,2026-08-24
20230629,4.391,2026-08-24
20230630,4.473,2026-08-24
20230703,4.421,2026-08-24
20230704,4.429,2026-08-24
20230705,4.425,2026-08-24
20230706,4.475,2026-08-24
20230707,4.534,2026-08-24
20230710,4.594,2026-08-24
20230711,4.502,2026-08-24
20230712,4.512,2026-08-24
20230713,4.408,2026-08-24
20230714,4.42,2026-08-24
20230717,4.414,2026-08-24
20230718,4.398,2026-08-24
20230719,4.341,2026-08-24
20230720,4.379,2026-08-24
20230721,4.399,2026-08-24
20230724,4.41,2026-08-24
20230725,4.435,2026-08-24
20230726,4.413,2026-08-24
20230727,4.374,2026-08-24
20230728,4.423,2026-08-24
20230731,4.467,2026-08-24
20230801,4.435,2026-08-24
20230802,4.466,2026-08-24
20230803,4.496,2026-08-24
20230804,4.519,2026-08-24
20230807,4.468,2026-08-24
20230808,4.424,2026-08-24
20230809,4.448,2026-08-24
20230810,4.464,2026-08-24
20230811,4.475,2026-08-24
20230814,4.52,2026-08-24
20230816,4.488,2026-08-24
20230817,4.561,2026-08-24
20230818,4.501,2026-08-24
20230821,4.563,2026-08-24
20230822,4.569,2026-08-24
20230823,4.536,2026-08-24
20230824,4.524,2026-08-24
20230825,4.554,2026-08-24
20230828,4.524,2026-08-24
20230829,4.503,2026-08-24
20230830,4.496,2026-08-24
20230831,4.473,2026-08-24
20230901,4.447,2026-08-24
20230904,4.498,2026-08-24
20230905,4.527,2026-08-24
20230906,4.521,2026-08-24
20230907,4.599,2026-08-24
20230908,4.552,2026-08-24
20230911,4.622,2026-08-24
20230912,4.621,2026-08-24
20230913,4.617,2026-08-24
20230914,4.596,2026-08-24
20230915,4.608,2026-08-24
20230918,4.648,2026-08-24
20230919,4.641,2026-08-24
20230920,4.645,2026-08-24
20230921,4.689,2026-08-24
20230922,4.65,2026-08-24
20230925,4.64,2026-08-24
20230926,4.654,2026-08-24
20230927,4.658,2026-08-24
20231004,4.871,2026-08-24
20231005,4.855,2026-08-24
20231006,4.796,2026-08-24
20231010,4.777,2026-08-24
20231011,4.735,2026-08-24
20231012,4.719,2026-08-24
20231013,4.748,2026-08-24
20231016,4.769,2026-08-24
20231017,4.787,2026-08-24
20231018,4.83,2026-08-24
20231019,4.872,2026-08-24
20231020,4.838,2026-08-24
20231023,4.861,2026-08-24
20231024,4.81,2026-08-24
20231025,4.844,2026-08-24
20231026,4.906,2026-08-24
20231027,4.884,2026-08-24
20231030,4.905,2026-08-24
20231031,4.908,2026-08-24
20231101,4.9,2026-08-24
20231102,4.811,2026-08-24
20231103,4.789,2026-08-24
20231106,4.721,2026-08-24
20231107,4.731,2026-08-24
20231108,4.715,2026-08-24
20231109,4.695,2026-08-24
20231110,4.711,2026-08-24
20231113,4.727,2026-08-24
20231114,4.704,2026-08-24
20231115,4.591,2026-08-24
20231116,4.541,2026-08-24
20231117,4.504,2026-08-24
20231120,4.469,2026-08-24
20231121,4.436,2026-08-24
20231122,4.45,2026-08-24
20231123,4.418,2026-08-24
20231124,4.443,2026-08-24
20231127,4.448,2026-08-24
20231128,4.397,2026-08-24
20231129,4.297,2026-08-24
20231130,4.319,2026-08-24
20231201,4.309,2026-08-24
20231204,4.252,2026-08-24
20231205,4.197,2026-08-24
20231206,4.17,2026-08-24
20231207,4.211,2026-08-24
20231208,4.167,2026-08-24
20231211,4.196,2026-08-24
20231212,4.171,2026-08-24
20231213,4.186,2026-08-24
20231214,3.98,2026-08-24
20231215,4.01,2026-08-24
20231218,4.005,2026-08-24
20231219,4.022,2026-08-24
20231220,3.975,2026-08-24
20231221,3.975,2026-08-24
20231222,3.972,2026-08-24
20231226,3.962,2026-08-24
20231227,3.958,2026-08-24
20231228,3.898,2026-08-24
20231229,3.898,2026-08-24
20240102,3.98,2026-08-24
20240103,4.017,2026-08-24
20240104,3.977,2026-08-24
20240105,4.032,2026-08-24
20240108,4.045,2026-08-24
20240109,4.004,2026-08-24
20240110,4.017,2026-08-24
20240111,3.976,2026-08-24
20240112,3.953,2026-08-24
20240115,3.939,2026-08-24
20240116,3.982,2026-08-24
20240117,4.025,2026-08-24
20240118,4.034,2026-08-24
20240119,4.058,2026-08-24
20240122,4.03,2026-08-24
20240123,4.041,2026-08-24
20240124,4.051,2026-08-24
20240125,4.061,2026-08-24
20240126,4.01,2026-08-24
20240129,4.051,2026-08-24
20240130,4.009,2026-08-24
20240131,4.002,2026-08-24
20240201,4.001,2026-08-24
20240202,3.982,2026-08-24
20240205,4.047,2026-08-24
20240206,4.028,2026-08-24
20240207,4.019,2026-08-24
20240208,4.034,2026-08-24
20240213,4.074,2026-08-24
20240214,4.141,2026-08-24
20240215,4.117,2026-08-24
20240216,4.115,2026-08-24
20240219,4.102,2026-08-24
20240220,4.105,2026-08-24
20240221,4.09,2026-08-24
20240222,4.023,2026-08-24
20240223,4.045,2026-08-24
20240226,4.005,2026-08-24
20240227,4.025,2026-08-24
20240228,4.015,2026-08-24
20240229,4.037,2026-08-24
20240304,4.008,2026-08-24
20240305,3.992,2026-08-24
20240306,3.962,2026-08-24
20240307,3.959,2026-08-24
20240308,3.91,2026-08-24
20240311,3.914,2026-08-24
20240312,3.917,2026-08-24
20240313,3.899,2026-08-24
20240314,3.922,2026-08-24
20240315,3.953,2026-08-24
20240318,3.993,2026-08-24
20240319,4.022,2026-08-24
20240320,4.006,2026-08-24
20240321,3.942,2026-08-24
20240322,3.918,2026-08-24
20240325,3.915,2026-08-24
20240326,3.923,2026-08-24
20240327,3.903,2026-08-24
20240328,3.903,2026-08-24
20240329,3.926,2026-08-24
20240401,3.896,2026-08-24
20240402,3.926,2026-08-24
20240403,3.927,2026-08-24
20240404,3.919,2026-08-24
20240405,3.902,2026-08-24
20240408,3.945,2026-08-24
20240409,3.953,2026-08-24
20240411,4.016,2026-08-24
20240412,3.961,2026-08-24
20240415,3.983,2026-08-24
20240416,4.01,2026-08-24
20240417,4.007,2026-08-24
20240418,3.96,2026-08-24
20240419,3.982,2026-08-24
20240422,4.019,2026-08-24
20240423,3.992,2026-08-24
20240424,4.004,2026-08-24
20240425,4.029,2026-08-24
20240426,4.012,2026-08-24
20240429,4.024,2026-08-24
20240430,3.995,2026-08-24
20240502,3.972,2026-08-24
20240503,3.958,2026-08-24
20240507,3.912,2026-08-24
20240508,3.901,2026-08-24
20240509,3.913,2026-08-24
20240510,3.894,2026-08-24
20240513,3.904,2026-08-24
20240514,3.9,2026-08-24
20240516,3.82,2026-08-24
20240517,3.825,2026-08-24
20240520,3.853,2026-08-24
20240521,3.853,2026-08-24
20240522,3.848,2026-08-24
20240523,3.84,2026-08-24
20240524,3.861,2026-08-24
20240527,3.851,2026-08-24
20240528,3.828,2026-08-24
20240529,3.855,2026-08-24
20240530,3.867,2026-08-24
20240531,3.871,2026-08-24
20240603,3.853,2026-08-24
20240604,3.81,2026-08-24
20240605,3.771,2026-08-24
20240607,3.736,2026-08-24
20240610,3.782,2026-08-24
20240611,3.775,2026-08-24
20240612,3.745,2026-08-24
20240613,3.718,2026-08-24
20240614,3.694,2026-08-24
20240617,3.662,2026-08-24
20240618,3.666,2026-08-24
20240619,3.62,2026-08-24
20240620,3.648,2026-08-24
20240621,3.637,2026-08-24
20240624,3.656,2026-08-24
20240625,3.662,2026-08-24
20240626,3.676,2026-08-24
20240627,3.684,2026-08-24
20240628,3.658,2026-08-24
20240701,3.681,2026-08-24
20240702,3.634,2026-08-24
20240703,3.624,2026-08-24
20240704,3.591,2026-08-24
20240705,3.582,2026-08-24
20240708,3.58,2026-08-24
20240709,3.572,2026-08-24
20240710,3.576,2026-08-24
20240711,3.614,2026-08-24
20240712,3.552,2026-08-24
20240715,3.538,2026-08-24
20240716,3.496,2026-08-24
20240717,3.509,2026-08-24
20240718,3.513,2026-08-24
20240719,3.525,2026-08-24
20240722,3.522,2026-08-24
20240723,3.533,2026-08-24
20240724,3.509,2026-08-24
20240725,3.484,2026-08-24
20240726,3.482,2026-08-24
20240729,3.434,2026-08-24
20240730,3.451,2026-08-24
20240731,3.459,2026-08-24
20240801,3.431,2026-08-24
20240802,3.394,2026-08-24
20240805,3.271,2026-08-24
20240806,3.398,2026-08-24
20240807,3.397,2026-08-24
20240808,3.38,2026-08-24
20240809,3.409,2026-08-24
20240812,3.421,2026-08-24
20240813,3.395,2026-08-24
20240814,3.37,2026-08-24
20240816,3.415,2026-08-24
20240819,3.424,2026-08-24
20240820,3.442,2026-08-24
20240821,3.439,2026-08-24
20240822,3.422,2026-08-24
20240823,3.439,2026-08-24
20240826,3.414,2026-08-24
20240827,3.465,2026-08-24
20240828,3.456,2026-08-24
20240829,3.484,2026-08-24
20240830,3.503,2026-08-24
20240902,3.542,2026-08-24
20240903,3.545,2026-08-24
20240904,3.497,2026-08-24
20240905,3.48,2026-08-24
20240906,3.46,2026-08-24
20240909,3.471,2026-08-24
20240910,3.451,2026-08-24
20240911,3.406,2026-08-24
20240912,3.449,2026-08-24
20240913,3.41,2026-08-24
20240919,3.432,2026-08-24
20240920,3.426,2026-08-24
20240923,3.449,2026-08-24
20240924,3.439,2026-08-24
20240925,3.401,2026-08-24
20240926,3.395,2026-08-24
20240927,3.409,2026-08-24
20240930,3.397,2026-08-24
20241002,3.37,2026-08-24
20241004,3.415,2026-08-24
20241007,3.546,2026-08-24
20241008,3.517,2026-08-24
20241010,3.542,2026-08-24
20241011,3.523,2026-08-24
20241014,3.509,2026-08-24
20241015,3.475,2026-08-24
20241016,3.452,2026-08-24
20241017,3.467,2026-08-24
20241018,3.48,2026-08-24
20241021,3.471,2026-08-24
20241022,3.512,2026-08-24
20241023,3.508,2026-08-24
20241024,3.46,2026-08-24
20241025,3.451,2026-08-24
20241028,3.503,2026-08-24
20241029,3.504,2026-08-24
20241030,3.502,2026-08-24
20241031,3.503,2026-08-24
20241101,3.507,2026-08-24
20241104,3.507,2026-08-24
20241105,3.491,2026-08-24
20241106,3.529,2026-08-24
20241107,3.492,2026-08-24
20241108,3.461,2026-08-24
20241111,3.471,2026-08-24
20241112,3.467,2026-08-24
20241113,3.501,2026-08-24
20241114,3.492,2026-08-24
20241115,3.506,2026-08-24
20241118,3.482,2026-08-24
20241119,3.457,2026-08-24
20241120,3.438,2026-08-24
20241121,3.396,2026-08-24
20241122,3.385,2026-08-24
20241125,3.342,2026-08-24
20241126,3.343,2026-08-24
20241127,3.316,2026-08-24
20241128,3.22,2026-08-24
20241129,3.194,2026-08-24
20241202,3.156,2026-08-24
20241203,3.169,2026-08-24
20241204,3.21,2026-08-24
20241205,3.194,2026-08-24
20241206,3.212,2026-08-24
20241209,3.173,2026-08-24
20241210,3.175,2026-08-24
20241211,3.188,2026-08-24
20241212,3.2,2026-08-24
20241213,3.197,2026-08-24
20241216,3.212,2026-08-24
20241217,3.279,2026-08-24
20241218,3.203,2026-08-24
20241219,3.275,2026-08-24
20241220,3.3,2026-08-24
20241223,3.292,2026-08-24
20241224,3.308,2026-08-24
20241226,3.33,2026-08-24
20241227,3.321,2026-08-24
20241230,3.285,2026-08-24
20241231,3.284,2026-08-24
20250102,3.197,2026-08-24
20250103,3.17,2026-08-24
20250106,3.202,2026-08-24
20250107,3.187,2026-08-24
20250108,3.182,2026-08-24
20250109,3.174,2026-08-24
20250110,3.22,2026-08-24
20250113,3.306,2026-08-24
20250114,3.292,2026-08-24
20250115,3.315,2026-08-24
20250116,3.276,2026-08-24
20250117,3.241,2026-08-24
20250120,3.268,2026-08-24
20250121,3.227,2026-08-24
20250122,3.227,2026-08-24
20250123,3.218,2026-08-24
20250124,3.21,2026-08-24
20250131,3.204,2026-08-24
20250203,3.196,2026-08-24
20250204,3.208,2026-08-24
20250205,3.198,2026-08-24
20250206,3.196,2026-08-24
20250207,3.242,2026-08-24
20250210,3.239,2026-08-24
20250211,3.228,2026-08-24
20250212,3.238,2026-08-24
20250213,3.227,2026-08-24
20250214,3.208,2026-08-24
20250217,3.215,2026-08-24
20250218,3.224,2026-08-24
20250219,3.214,2026-08-24
20250220,3.212,2026-08-24
20250221,3.2,2026-08-24
20250224,3.191,2026-08-24
20250225,3.178,2026-08-24
20250226,3.168,2026-08-24
20250227,3.172,2026-08-24
20250228,3.157,2026-08-24
20250304,3.132,2026-08-24
20250305,3.151,2026-08-24
20250306,3.174,2026-08-24
20250307,3.144,2026-08-24
20250310,3.166,2026-08-24
20250311,3.131,2026-08-24
20250312,3.127,2026-08-24
20250313,3.138,2026-08-24
20250314,3.161,2026-08-24
20250317,3.171,2026-08-24
20250318,3.168,2026-08-24
20250319,3.184,2026-08-24
20250320,3.168,2026-08-24
20250321,3.165,2026-08-24
20250324,3.171,2026-08-24
20250325,3.179,2026-08-24
20250326,3.187,2026-08-24
20250327,3.182,2026-08-24
20250328,3.184,2026-08-24
20250331,3.14,2026-08-24
20250401,3.153,2026-08-24
20250402,3.151,2026-08-24
20250403,3.101,2026-08-24
20250404,3.035,2026-08-24
20250407,2.986,2026-08-24
20250408,2.995,2026-08-24
20250409,3.01,2026-08-24
20250410,3.017,2026-08-24
20250411,2.996,2026-08-24
20250414,2.998,2026-08-24
20250415,2.984,2026-08-24
20250416,2.941,2026-08-24
20250417,2.968,2026-08-24
20250418,2.942,2026-08-24
20250421,2.918,2026-08-24
20250422,2.923,2026-08-24
20250423,2.927,2026-08-24
20250424,2.93,2026-08-24
20250425,2.901,2026-08-24
20250428,2.909,2026-08-24
20250429,2.903,2026-08-24
20250430,2.868,2026-08-24
20250502,2.872,2026-08-24
20250507,2.846,2026-08-24
20250508,2.867,2026-08-24
20250509,2.91,2026-08-24
20250512,2.91,2026-08-24
20250513,2.939,2026-08-24
20250514,2.924,2026-08-24
20250515,2.931,2026-08-24
20250516,2.896,2026-08-24
20250519,2.935,2026-08-24
20250520,2.907,2026-08-24
20250521,2.921,2026-08-24
20250522,2.917,2026-08-24
20250523,2.921,2026-08-24
20250526,2.926,2026-08-24
20250527,2.913,2026-08-24
20250528,2.893,2026-08-24
20250529,2.914,2026-08-24
20250530,2.917,2026-08-24
20250602,2.916,2026-08-24
20250604,2.982,2026-08-24
20250605,2.973,2026-08-24
20250609,2.96,2026-08-24
20250610,2.955,2026-08-24
20250611,2.974,2026-08-24
20250612,2.972,2026-08-24
20250613,2.997,2026-08-24
20250616,3.016,2026-08-24
20250617,2.986,2026-08-24
20250618,3,2026-08-24
20250619,3.005,2026-08-24
20250620,2.996,2026-08-24
20250623,3.019,2026-08-24
20250624,2.983,2026-08-24
20250625,2.981,2026-08-24
20250626,2.969,2026-08-24
20250627,2.967,2026-08-24
20250630,2.963,2026-08-24
20250701,2.959,2026-08-24
20250702,2.981,2026-08-24
20250703,2.952,2026-08-24
20250704,2.965,2026-08-24
20250707,2.973,2026-08-24
20250708,2.968,2026-08-24
20250709,2.967,2026-08-24
20250710,2.928,2026-08-24
20250711,2.938,2026-08-24
20250714,2.959,2026-08-24
20250715,2.953,2026-08-24
20250716,2.95,2026-08-24
20250717,2.968,2026-08-24
20250718,2.961,2026-08-24
20250721,2.948,2026-08-24
20250722,2.952,2026-08-24
20250723,2.95,2026-08-24
20250724,2.96,2026-08-24
20250725,2.974,2026-08-24
20250728,2.958,2026-08-24
20250729,2.952,2026-08-24
20250730,2.946,2026-08-24
20250731,2.952,2026-08-24
20250801,2.97,2026-08-24
20250804,2.917,2026-08-24
20250805,2.917,2026-08-24
20250806,2.918,2026-08-24
20250807,2.901,2026-08-24
20250808,2.902,2026-08-24
20250811,2.909,2026-08-24
20250812,2.917,2026-08-24
20250813,2.907,2026-08-24
20250814,2.896,2026-08-24
20250818,2.912,2026-08-24
20250819,2.924,2026-08-24
20250820,2.923,2026-08-24
20250821,2.921,2026-08-24
20250822,2.932,2026-08-24
20250825,2.915,2026-08-24
20250826,2.902,2026-08-24
20250827,2.887,2026-08-24
20250828,2.898,2026-08-24
20250829,2.906,2026-08-24
20250901,2.913,2026-08-24
20250902,2.924,2026-08-24
20250903,2.946,2026-08-24
20250904,2.943,2026-08-24
20250905,2.931,2026-08-24
20250908,2.918,2026-08-24
20250909,2.898,2026-08-24
20250910,2.902,2026-08-24
20250911,2.892,2026-08-24
20250912,2.901,2026-08-24
20250915,2.909,2026-08-24
20250916,2.885,2026-08-24
20250917,2.881,2026-08-24
20250918,2.868,2026-08-24
20250919,2.898,2026-08-24
20250922,2.912,2026-08-24
20250923,2.912,2026-08-24
20250924,2.935,2026-08-24
20250925,2.969,2026-08-24
20250926,3.001,2026-08-24
20250929,3.004,2026-08-24
20250930,3.022,2026-08-24
20251001,3.033,2026-08-24
20251002,3.019,2026-08-24
20251010,3.026,2026-08-24
20251013,2.995,2026-08-24
20251014,2.975,2026-08-24
20251015,2.966,2026-08-24
20251016,3.004,2026-08-24
20251017,2.99,2026-08-24
20251020,3.004,2026-08-24
20251021,3.024,2026-08-24
20251022,2.999,2026-08-24
20251023,3.027,2026-08-24
20251024,3.013,2026-08-24
20251027,3.036,2026-08-24
20251028,3.047,2026-08-24
20251029,3.085,2026-08-24
20251030,3.135,2026-08-24
20251031,3.122,2026-08-24
20251103,3.147,2026-08-24
20251104,3.136,2026-08-24
20251105,3.169,2026-08-24
20251106,3.232,2026-08-24
20251107,3.286,2026-08-24
20251110,3.261,2026-08-24
20251111,3.236,2026-08-24
20251112,3.331,2026-08-24
20251113,3.345,2026-08-24
20251114,3.365,2026-08-24
20251117,3.342,2026-08-24
20251118,3.309,2026-08-24
20251119,3.308,2026-08-24
20251120,3.34,2026-08-24
20251121,3.308,2026-08-24
20251124,3.338,2026-08-24
20251125,3.334,2026-08-24
20251126,3.328,2026-08-24
20251127,3.446,2026-08-24
20251128,3.428,2026-08-24
20251201,3.481,2026-08-24
20251202,3.463,2026-08-24
20251203,3.484,2026-08-24
20251204,3.474,2026-08-24
20251205,3.453,2026-08-24
20251208,3.492,2026-08-24
20251209,3.545,2026-08-24
20251210,3.574,2026-08-24
20251211,3.585,2026-08-24
20251212,3.582,2026-08-24
20251215,3.499,2026-08-24
20251216,3.507,2026-08-24
20251217,3.507,2026-08-24
20251218,3.484,2026-08-24
20251219,3.523,2026-08-24
20251222,3.513,2026-08-24
20251223,3.5,2026-08-24
20251224,3.475,2026-08-24
20251226,3.489,2026-08-24
20251229,3.47,2026-08-24
20251230,3.476,2026-08-24
20251231,3.476,2026-08-24
20260102,3.459,2026-08-24
20260105,3.457,2026-08-24
20260106,3.46,2026-08-24
20260107,3.423,2026-08-24
20260108,3.418,2026-08-24
20260109,3.445,2026-08-24
20260112,3.469,2026-08-24
20260113,3.486,2026-08-24
20260114,3.481,2026-08-24
20260115,3.565,2026-08-24
20260116,3.56,2026-08-24
20260119,3.599,2026-08-24
20260120,3.653,2026-08-24
20260121,3.624,2026-08-24
20260122,3.615,2026-08-24
20260123,3.644,2026-08-24
20260126,3.611,2026-08-24
20260127,3.607,2026-08-24
20260128,3.589,2026-08-24
20260129,3.626,2026-08-24
20260130,3.658,2026-08-24
20260202,3.668,2026-08-24
20260203,3.708,2026-08-24
20260204,3.731,2026-08-24
20260205,3.724,2026-08-24
20260206,3.755,2026-08-24
20260209,3.787,2026-08-24
20260210,3.759,2026-08-24
20260211,3.746,2026-08-24
20260212,3.716,2026-08-24
20260213,3.705,2026-08-24
20260219,3.735,2026-08-24
20260220,3.718,2026-08-24
20260223,3.725,2026-08-24
20260224,3.73,2026-08-24
20260225,3.705,2026-08-24
20260226,3.653,2026-08-24
20260227,3.637,2026-08-24
20260303,3.769,2026-08-24
20260304,3.8,2026-08-24
20260305,3.777,2026-08-24
20260306,3.815,2026-08-24
20260309,3.997,2026-08-24
20260310,3.874,2026-08-24
20260311,3.845,2026-08-24
20260312,3.866,2026-08-24
20260313,3.919,2026-08-24
20260316,3.887,2026-08-24
20260317,3.906,2026-08-24
20260318,3.855,2026-08-24
20260319,3.915,2026-08-24
20260320,3.991,2026-08-24
20260323,4.197,2026-08-24
20260324,4.121,2026-08-24
20260325,4.158,2026-08-24
20260326,4.156,2026-08-24
20260327,4.182,2026-08-24
20260330,4.157,2026-08-24
20260331,4.166,2026-08-24
20260401,4.011,2026-08-24
20260402,4.114,2026-08-24
20260403,4.093,2026-08-24
20260406,4.081,2026-08-24
20260407,4.107,2026-08-24
20260408,3.973,2026-08-24
20260409,3.999,2026-08-24
20260410,4.018,2026-08-24
20260413,4.043,2026-08-24
20260414,4.005,2026-08-24
20260415,3.995,2026-08-24
20260416,4.005,2026-08-24
20260417,4.037,2026-08-24
20260420,4.016,2026-08-24
20260421,3.994,2026-08-24
20260422,4.028,2026-08-24
20260423,4.107,2026-08-24
20260424,4.145,2026-08-24
20260427,4.147,2026-08-24
20260428,4.182,2026-08-24
20260429,4.185,2026-08-24
20260430,4.248,2026-08-24
20260504,4.268,2026-08-24
20260506,4.249,2026-08-24
20260507,4.199,2026-08-24
20260508,4.218,2026-08-24
20260511,4.245,2026-08-24
20260512,4.311,2026-08-24
20260513,4.273,2026-08-24
20260514,4.284,2026-08-24
20260515,4.391,2026-08-24
20260518,4.381,2026-08-24
20260519,4.377,2026-08-24
20260520,4.386,2026-08-24
20260521,4.381,2026-08-24
20260522,4.361,2026-08-24
20260526,4.295,2026-08-24
20260527,4.336,2026-08-24
20260528,4.384,2026-08-24
20260529,4.353,2026-08-24
20260601,4.41,2026-08-24
20260602,4.397,2026-08-24
20260604,4.48,2026-08-24
20260605,4.501,2026-08-24
20260608,4.565,2026-08-24
20260609,4.492,2026-08-24
20260610,4.499,2026-08-24
20260611,4.515,2026-08-24
20260612,4.433,2026-08-24
20260615,4.373,2026-08-24
20260616,4.348,2026-08-24
20260617,4.345,2026-08-24
20260618,4.381,2026-08-24
20260619,4.419,2026-08-24
20260622,4.442,2026-08-24
20260623,4.417,2026-08-24
20260624,4.428,2026-08-24
20260625,4.403,2026-08-24
20260626,4.38,2026-08-24
20260629,4.396,2026-08-24
20260630,4.375,2026-08-24
20260701,4.466,2026-08-24
20260702,4.431,2026-08-24
20260703,4.433,2026-08-24
20260706,4.459,2026-08-24
20260707,4.472,2026-08-24
20260708,4.473,2026-08-24
20260709,4.478,2026-08-24
20260710,4.466,2026-08-24
20260713,4.506,2026-08-24
20260714,4.582,2026-08-24
20260715,4.563,2026-08-24
20260716,4.544,2026-08-24
20260720,4.59,2026-08-24
20260721,4.571,2026-08-24
20260722,4.604,2026-08-24
20260723,4.609,2026-08-24
20260724,4.653,2026-08-24
20260727,4.576,2026-08-24
20260728,4.545,2026-08-24
20260729,4.512,2026-08-24
20260730,4.541,2026-08-24
20260731,4.478,2026-08-24
20260803,4.462,2026-08-24
20260804,4.458,2026-08-24
20260805,4.392,2026-08-24
20260806,4.445,2026-08-24
20260807,4.448,2026-08-24
20260810,4.476,2026-08-24
20260811,4.504,2026-08-24
20260812,4.496,2026-08-24
20260813,4.488,2026-08-24
20260814,4.492,2026-08-24
20260818,4.542,2026-08-24
20260819,4.497,2026-08-24
20260820,4.504,2026-08-24
20260821,4.542,2026-08-24
