TIME,DATA_VALUE,retrieved_at
20090102,3.93,2026-08-05
20090105,3.92,2026-08-05
20090106,3.92,2026-08-05
20090107,3.92,2026-08-05
20090108,3.25,2026-08-05
20090109,3.18,2026-08-05
20090112,3.18,2026-08-05
20090113,3.13,2026-08-05
20090114,3.02,2026-08-05
20090115,2.98,2026-08-05
20090116,2.97,2026-08-05
20090119,2.97,2026-08-05
20090120,2.97,2026-08-05
20090121,2.97,2026-08-05
20090122,2.96,2026-08-05
20090123,2.96,2026-08-05
20090128,2.96,2026-08-05
20090129,2.96,2026-08-05
20090130,2.96,2026-08-05
20090202,2.96,2026-08-05
20090203,2.96,2026-08-05
20090204,2.96,2026-08-05
20090205,2.92,2026-08-05
20090206,2.92,2026-08-05
20090209,2.92,2026-08-05
20090210,2.92,2026-08-05
20090211,2.92,2026-08-05
20090212,2.64,2026-08-05
20090213,2.57,2026-08-05
20090216,2.57,2026-08-05
20090217,2.57,2026-08-05
20090218,2.56,2026-08-05
20090219,2.55,2026-08-05
20090220,2.54,2026-08-05
20090223,2.53,2026-08-05
20090224,2.51,2026-08-05
20090225,2.51,2026-08-05
20090226,2.49,2026-08-05
20090227,2.49,2026-08-05
20090302,2.49,2026-08-05
20090303,2.49,2026-08-05
20090304,2.49,2026-08-05
20090305,2.49,2026-08-05
20090306,2.49,2026-08-05
20090309,2.45,2026-08-05
20090310,2.45,2026-08-05
20090311,2.45,2026-08-05
20090312,2.45,2026-08-05
20090313,2.43,2026-08-05
20090316,2.43,2026-08-05
20090317,2.43,2026-08-05
20090318,2.43,2026-08-05
20090319,2.43,2026-08-05
20090320,2.43,2026-08-05
20090323,2.43,2026-08-05
20090324,2.43,2026-08-05
20090325,2.43,2026-08-05
20090326,2.43,2026-08-05
20090327,2.43,2026-08-05
20090330,2.43,2026-08-05
20090331,2.43,2026-08-05
20090401,2.43,2026-08-05
20090402,2.43,2026-08-05
20090403,2.43,2026-08-05
20090406,2.43,2026-08-05
20090407,2.43,2026-08-05
20090408,2.43,2026-08-05
20090409,2.43,2026-08-05
20090410,2.43,2026-08-05
20090413,2.43,2026-08-05
20090414,2.43,2026-08-05
20090415,2.42,2026-08-05
20090416,2.41,2026-08-05
20090417,2.41,2026-08-05
20090420,2.41,2026-08-05
20090421,2.41,2026-08-05
20090422,2.41,2026-08-05
20090423,2.41,2026-08-05
20090424,2.41,2026-08-05
20090427,2.41,2026-08-05
20090428,2.41,2026-08-05
20090429,2.41,2026-08-05
20090430,2.41,2026-08-05
20090504,2.41,2026-08-05
20090506,2.41,2026-08-05
20090507,2.41,2026-08-05
20090508,2.41,2026-08-05
20090511,2.41,2026-08-05
20090512,2.41,2026-08-05
20090513,2.41,2026-08-05
20090514,2.41,2026-08-05
20090515,2.41,2026-08-05
20090518,2.41,2026-08-05
20090519,2.41,2026-08-05
20090520,2.41,2026-08-05
20090521,2.41,2026-08-05
20090522,2.41,2026-08-05
20090525,2.41,2026-08-05
20090526,2.41,2026-08-05
20090527,2.41,2026-08-05
20090528,2.41,2026-08-05
20090529,2.41,2026-08-05
20090601,2.41,2026-08-05
20090602,2.41,2026-08-05
20090603,2.41,2026-08-05
20090604,2.42,2026-08-05
20090605,2.41,2026-08-05
20090608,2.41,2026-08-05
20090609,2.41,2026-08-05
20090610,2.41,2026-08-05
20090611,2.41,2026-08-05
20090612,2.41,2026-08-05
20090615,2.41,2026-08-05
20090616,2.41,2026-08-05
20090617,2.41,2026-08-05
20090618,2.41,2026-08-05
20090619,2.41,2026-08-05
20090622,2.41,2026-08-05
20090623,2.41,2026-08-05
20090624,2.41,2026-08-05
20090625,2.41,2026-08-05
20090626,2.41,2026-08-05
20090629,2.41,2026-08-05
20090630,2.41,2026-08-05
20090701,2.41,2026-08-05
20090702,2.41,2026-08-05
20090703,2.41,2026-08-05
20090706,2.41,2026-08-05
20090707,2.41,2026-08-05
20090708,2.41,2026-08-05
20090709,2.41,2026-08-05
20090710,2.41,2026-08-05
20090713,2.41,2026-08-05
20090714,2.41,2026-08-05
20090715,2.41,2026-08-05
20090716,2.41,2026-08-05
20090717,2.41,2026-08-05
20090720,2.41,2026-08-05
20090721,2.41,2026-08-05
20090722,2.41,2026-08-05
20090723,2.41,2026-08-05
20090724,2.41,2026-08-05
20090727,2.41,2026-08-05
20090728,2.41,2026-08-05
20090729,2.41,2026-08-05
20090730,2.41,2026-08-05
20090731,2.41,2026-08-05
20090803,2.41,2026-08-05
20090804,2.41,2026-08-05
20090805,2.41,2026-08-05
20090806,2.42,2026-08-05
20090807,2.42,2026-08-05
20090810,2.42,2026-08-05
20090811,2.42,2026-08-05
20090812,2.42,2026-08-05
20090813,2.45,2026-08-05
20090814,2.47,2026-08-05
20090817,2.48,2026-08-05
20090818,2.49,2026-08-05
20090819,2.49,2026-08-05
20090820,2.51,2026-08-05
20090821,2.51,2026-08-05
20090824,2.51,2026-08-05
20090825,2.52,2026-08-05
20090826,2.56,2026-08-05
20090827,2.57,2026-08-05
20090828,2.57,2026-08-05
20090831,2.57,2026-08-05
20090901,2.57,2026-08-05
20090902,2.57,2026-08-05
20090903,2.57,2026-08-05
20090904,2.57,2026-08-05
20090907,2.57,2026-08-05
20090908,2.57,2026-08-05
20090909,2.57,2026-08-05
20090910,2.58,2026-08-05
20090911,2.59,2026-08-05
20090914,2.61,2026-08-05
20090915,2.62,2026-08-05
20090916,2.63,2026-08-05
20090917,2.64,2026-08-05
20090918,2.65,2026-08-05
20090921,2.68,2026-08-05
20090922,2.7,2026-08-05
20090923,2.71,2026-08-05
20090924,2.72,2026-08-05
20090925,2.72,2026-08-05
20090928,2.73,2026-08-05
20090929,2.74,2026-08-05
20090930,2.75,2026-08-05
20091001,2.76,2026-08-05
20091005,2.77,2026-08-05
20091006,2.78,2026-08-05
20091007,2.79,2026-08-05
20091008,2.8,2026-08-05
20091009,2.81,2026-08-05
20091012,2.81,2026-08-05
20091013,2.81,2026-08-05
20091014,2.81,2026-08-05
20091015,2.8,2026-08-05
20091016,2.8,2026-08-05
20091019,2.8,2026-08-05
20091020,2.79,2026-08-05
20091021,2.79,2026-08-05
20091022,2.79,2026-08-05
20091023,2.79,2026-08-05
20091026,2.79,2026-08-05
20091027,2.79,2026-08-05
20091028,2.79,2026-08-05
20091029,2.79,2026-08-05
20091030,2.79,2026-08-05
20091102,2.79,2026-08-05
20091103,2.79,2026-08-05
20091104,2.79,2026-08-05
20091105,2.79,2026-08-05
20091106,2.79,2026-08-05
20091109,2.79,2026-08-05
20091110,2.79,2026-08-05
20091111,2.79,2026-08-05
20091112,2.79,2026-08-05
20091113,2.79,2026-08-05
20091116,2.79,2026-08-05
20091117,2.79,2026-08-05
20091118,2.79,2026-08-05
20091119,2.79,2026-08-05
20091120,2.79,2026-08-05
20091123,2.79,2026-08-05
20091124,2.79,2026-08-05
20091125,2.79,2026-08-05
20091126,2.79,2026-08-05
20091127,2.79,2026-08-05
20091130,2.79,2026-08-05
20091201,2.79,2026-08-05
20091202,2.79,2026-08-05
20091203,2.79,2026-08-05
20091204,2.79,2026-08-05
20091207,2.79,2026-08-05
20091208,2.79,2026-08-05
20091209,2.79,2026-08-05
20091210,2.79,2026-08-05
20091211,2.79,2026-08-05
20091214,2.79,2026-08-05
20091215,2.79,2026-08-05
20091216,2.83,2026-08-05
20091217,2.85,2026-08-05
20091218,2.85,2026-08-05
20091221,2.85,2026-08-05
20091222,2.85,2026-08-05
20091223,2.85,2026-08-05
20091224,2.85,2026-08-05
20091228,2.85,2026-08-05
20091229,2.85,2026-08-05
20091230,2.86,2026-08-05
20091231,2.86,2026-08-05
20100104,2.88,2026-08-05
20100105,2.88,2026-08-05
20100106,2.88,2026-08-05
20100107,2.88,2026-08-05
20100108,2.88,2026-08-05
20100111,2.88,2026-08-05
20100112,2.88,2026-08-05
20100113,2.88,2026-08-05
20100114,2.88,2026-08-05
20100115,2.88,2026-08-05
20100118,2.88,2026-08-05
20100119,2.88,2026-08-05
20100120,2.88,2026-08-05
20100121,2.88,2026-08-05
20100122,2.88,2026-08-05
20100125,2.88,2026-08-05
20100126,2.88,2026-08-05
20100127,2.88,2026-08-05
20100128,2.88,2026-08-05
20100129,2.88,2026-08-05
20100201,2.88,2026-08-05
20100202,2.88,2026-08-05
20100203,2.88,2026-08-05
20100204,2.88,2026-08-05
20100205,2.88,2026-08-05
20100208,2.88,2026-08-05
20100209,2.88,2026-08-05
20100210,2.88,2026-08-05
20100211,2.88,2026-08-05
20100212,2.88,2026-08-05
20100216,2.88,2026-08-05
20100217,2.88,2026-08-05
20100218,2.88,2026-08-05
20100219,2.88,2026-08-05
20100222,2.88,2026-08-05
20100223,2.88,2026-08-05
20100224,2.88,2026-08-05
20100225,2.88,2026-08-05
20100226,2.88,2026-08-05
20100302,2.88,2026-08-05
20100303,2.88,2026-08-05
20100304,2.88,2026-08-05
20100305,2.86,2026-08-05
20100308,2.86,2026-08-05
20100309,2.86,2026-08-05
20100310,2.86,2026-08-05
20100311,2.84,2026-08-05
20100312,2.83,2026-08-05
20100315,2.83,2026-08-05
20100316,2.82,2026-08-05
20100317,2.82,2026-08-05
20100318,2.82,2026-08-05
20100319,2.82,2026-08-05
20100322,2.81,2026-08-05
20100323,2.81,2026-08-05
20100324,2.81,2026-08-05
20100325,2.81,2026-08-05
20100326,2.78,2026-08-05
20100329,2.78,2026-08-05
20100330,2.78,2026-08-05
20100331,2.78,2026-08-05
20100401,2.78,2026-08-05
20100402,2.78,2026-08-05
20100405,2.72,2026-08-05
20100406,2.63,2026-08-05
20100407,2.63,2026-08-05
20100408,2.53,2026-08-05
20100409,2.46,2026-08-05
20100412,2.45,2026-08-05
20100413,2.45,2026-08-05
20100414,2.45,2026-08-05
20100415,2.45,2026-08-05
20100416,2.45,2026-08-05
20100419,2.45,2026-08-05
20100420,2.45,2026-08-05
20100421,2.45,2026-08-05
20100422,2.45,2026-08-05
20100423,2.45,2026-08-05
20100426,2.45,2026-08-05
20100427,2.45,2026-08-05
20100428,2.45,2026-08-05
20100429,2.45,2026-08-05
20100430,2.45,2026-08-05
20100503,2.45,2026-08-05
20100504,2.45,2026-08-05
20100506,2.45,2026-08-05
20100507,2.45,2026-08-05
20100510,2.45,2026-08-05
20100511,2.45,2026-08-05
20100512,2.45,2026-08-05
20100513,2.45,2026-08-05
20100514,2.45,2026-08-05
20100517,2.45,2026-08-05
20100518,2.45,2026-08-05
20100519,2.45,2026-08-05
20100520,2.45,2026-08-05
20100524,2.45,2026-08-05
20100525,2.45,2026-08-05
20100526,2.45,2026-08-05
20100527,2.45,2026-08-05
20100528,2.45,2026-08-05
20100531,2.45,2026-08-05
20100601,2.45,2026-08-05
20100603,2.45,2026-08-05
20100604,2.45,2026-08-05
20100607,2.45,2026-08-05
20100608,2.45,2026-08-05
20100609,2.45,2026-08-05
20100610,2.45,2026-08-05
20100611,2.45,2026-08-05
20100614,2.45,2026-08-05
20100615,2.45,2026-08-05
20100616,2.45,2026-08-05
20100617,2.45,2026-08-05
20100618,2.45,2026-08-05
20100621,2.45,2026-08-05
20100622,2.45,2026-08-05
20100623,2.45,2026-08-05
20100624,2.46,2026-08-05
20100625,2.46,2026-08-05
20100628,2.46,2026-08-05
20100629,2.46,2026-08-05
20100630,2.46,2026-08-05
20100701,2.46,2026-08-05
20100702,2.46,2026-08-05
20100705,2.46,2026-08-05
20100706,2.46,2026-08-05
20100707,2.46,2026-08-05
20100708,2.46,2026-08-05
20100709,2.63,2026-08-05
20100712,2.63,2026-08-05
20100713,2.63,2026-08-05
20100714,2.63,2026-08-05
20100715,2.63,2026-08-05
20100716,2.63,2026-08-05
20100719,2.63,2026-08-05
20100720,2.63,2026-08-05
20100721,2.63,2026-08-05
20100722,2.63,2026-08-05
20100723,2.63,2026-08-05
20100726,2.63,2026-08-05
20100727,2.63,2026-08-05
20100728,2.63,2026-08-05
20100729,2.63,2026-08-05
20100730,2.63,2026-08-05
20100802,2.63,2026-08-05
20100803,2.63,2026-08-05
20100804,2.63,2026-08-05
20100805,2.63,2026-08-05
20100806,2.63,2026-08-05
20100809,2.63,2026-08-05
20100810,2.63,2026-08-05
20100811,2.63,2026-08-05
20100812,2.63,2026-08-05
20100813,2.63,2026-08-05
20100816,2.63,2026-08-05
20100817,2.63,2026-08-05
20100818,2.63,2026-08-05
20100819,2.63,2026-08-05
20100820,2.63,2026-08-05
20100823,2.63,2026-08-05
20100824,2.63,2026-08-05
20100825,2.63,2026-08-05
20100826,2.63,2026-08-05
20100827,2.63,2026-08-05
20100830,2.63,2026-08-05
20100831,2.66,2026-08-05
20100901,2.66,2026-08-05
20100902,2.66,2026-08-05
20100903,2.66,2026-08-05
20100906,2.66,2026-08-05
20100907,2.66,2026-08-05
20100908,2.66,2026-08-05
20100909,2.66,2026-08-05
20100910,2.66,2026-08-05
20100913,2.66,2026-08-05
20100914,2.66,2026-08-05
20100915,2.66,2026-08-05
20100916,2.66,2026-08-05
20100917,2.66,2026-08-05
20100920,2.66,2026-08-05
20100924,2.66,2026-08-05
20100927,2.66,2026-08-05
20100928,2.66,2026-08-05
20100929,2.66,2026-08-05
20100930,2.66,2026-08-05
20101001,2.66,2026-08-05
20101004,2.66,2026-08-05
20101005,2.66,2026-08-05
20101006,2.66,2026-08-05
20101007,2.66,2026-08-05
20101008,2.66,2026-08-05
20101011,2.66,2026-08-05
20101012,2.67,2026-08-05
20101013,2.68,2026-08-05
20101014,2.67,2026-08-05
20101015,2.66,2026-08-05
20101018,2.66,2026-08-05
20101019,2.66,2026-08-05
20101020,2.66,2026-08-05
20101021,2.66,2026-08-05
20101022,2.66,2026-08-05
20101025,2.66,2026-08-05
20101026,2.66,2026-08-05
20101027,2.66,2026-08-05
20101028,2.66,2026-08-05
20101029,2.66,2026-08-05
20101101,2.66,2026-08-05
20101102,2.66,2026-08-05
20101103,2.66,2026-08-05
20101104,2.66,2026-08-05
20101105,2.66,2026-08-05
20101108,2.66,2026-08-05
20101109,2.66,2026-08-05
20101110,2.66,2026-08-05
20101111,2.66,2026-08-05
20101112,2.66,2026-08-05
20101115,2.66,2026-08-05
20101116,2.8,2026-08-05
20101117,2.8,2026-08-05
20101118,2.8,2026-08-05
20101119,2.8,2026-08-05
20101122,2.8,2026-08-05
20101123,2.8,2026-08-05
20101124,2.8,2026-08-05
20101125,2.8,2026-08-05
20101126,2.8,2026-08-05
20101129,2.8,2026-08-05
20101130,2.8,2026-08-05
20101201,2.8,2026-08-05
20101202,2.8,2026-08-05
20101203,2.8,2026-08-05
20101206,2.8,2026-08-05
20101207,2.8,2026-08-05
20101208,2.8,2026-08-05
20101209,2.8,2026-08-05
20101210,2.8,2026-08-05
20101213,2.8,2026-08-05
20101214,2.8,2026-08-05
20101215,2.8,2026-08-05
20101216,2.8,2026-08-05
20101217,2.8,2026-08-05
20101220,2.8,2026-08-05
20101221,2.8,2026-08-05
20101222,2.8,2026-08-05
20101223,2.8,2026-08-05
20101224,2.8,2026-08-05
20101227,2.8,2026-08-05
20101228,2.8,2026-08-05
20101229,2.8,2026-08-05
20101230,2.8,2026-08-05
20101231,2.8,2026-08-05
20110103,2.8,2026-08-05
20110104,2.8,2026-08-05
20110105,2.8,2026-08-05
20110106,2.8,2026-08-05
20110107,2.8,2026-08-05
20110110,2.8,2026-08-05
20110111,2.8,2026-08-05
20110112,2.8,2026-08-05
20110113,2.98,2026-08-05
20110114,2.98,2026-08-05
20110117,2.98,2026-08-05
20110118,2.98,2026-08-05
20110119,2.98,2026-08-05
20110120,3,2026-08-05
20110121,3,2026-08-05
20110124,3.01,2026-08-05
20110125,3.01,2026-08-05
20110126,3.01,2026-08-05
20110127,3.02,2026-08-05
20110128,3.03,2026-08-05
20110131,3.05,2026-08-05
20110201,3.05,2026-08-05
20110207,3.08,2026-08-05
20110208,3.09,2026-08-05
20110209,3.09,2026-08-05
20110210,3.11,2026-08-05
20110211,3.12,2026-08-05
20110214,3.13,2026-08-05
20110215,3.13,2026-08-05
20110216,3.14,2026-08-05
20110217,3.15,2026-08-05
20110218,3.15,2026-08-05
20110221,3.15,2026-08-05
20110222,3.15,2026-08-05
20110223,3.15,2026-08-05
20110224,3.16,2026-08-05
20110225,3.16,2026-08-05
20110228,3.17,2026-08-05
20110302,3.17,2026-08-05
20110303,3.23,2026-08-05
20110304,3.27,2026-08-05
20110307,3.29,2026-08-05
20110308,3.3,2026-08-05
20110309,3.3,2026-08-05
20110310,3.39,2026-08-05
20110311,3.39,2026-08-05
20110314,3.39,2026-08-05
20110315,3.39,2026-08-05
20110316,3.39,2026-08-05
20110317,3.39,2026-08-05
20110318,3.39,2026-08-05
20110321,3.39,2026-08-05
20110322,3.39,2026-08-05
20110323,3.39,2026-08-05
20110324,3.39,2026-08-05
20110325,3.39,2026-08-05
20110328,3.39,2026-08-05
20110329,3.39,2026-08-05
20110330,3.39,2026-08-05
20110331,3.39,2026-08-05
20110401,3.39,2026-08-05
20110404,3.39,2026-08-05
20110405,3.39,2026-08-05
20110406,3.39,2026-08-05
20110407,3.39,2026-08-05
20110408,3.39,2026-08-05
20110411,3.4,2026-08-05
20110412,3.4,2026-08-05
20110413,3.4,2026-08-05
20110414,3.4,2026-08-05
20110415,3.4,2026-08-05
20110418,3.4,2026-08-05
20110419,3.4,2026-08-05
20110420,3.4,2026-08-05
20110421,3.4,2026-08-05
20110422,3.41,2026-08-05
20110425,3.41,2026-08-05
20110426,3.42,2026-08-05
20110427,3.42,2026-08-05
20110428,3.42,2026-08-05
20110429,3.42,2026-08-05
20110502,3.43,2026-08-05
20110503,3.46,2026-08-05
20110504,3.46,2026-08-05
20110506,3.46,2026-08-05
20110509,3.46,2026-08-05
20110511,3.46,2026-08-05
20110512,3.46,2026-08-05
20110513,3.46,2026-08-05
20110516,3.46,2026-08-05
20110517,3.46,2026-08-05
20110518,3.46,2026-08-05
20110519,3.46,2026-08-05
20110520,3.46,2026-08-05
20110523,3.46,2026-08-05
20110524,3.46,2026-08-05
20110525,3.46,2026-08-05
20110526,3.46,2026-08-05
20110527,3.46,2026-08-05
20110530,3.46,2026-08-05
20110531,3.46,2026-08-05
20110601,3.46,2026-08-05
20110602,3.46,2026-08-05
20110603,3.46,2026-08-05
20110607,3.46,2026-08-05
20110608,3.46,2026-08-05
20110609,3.46,2026-08-05
20110610,3.56,2026-08-05
20110613,3.56,2026-08-05
20110614,3.56,2026-08-05
20110615,3.56,2026-08-05
20110616,3.56,2026-08-05
20110617,3.56,2026-08-05
20110620,3.56,2026-08-05
20110621,3.56,2026-08-05
20110622,3.56,2026-08-05
20110623,3.56,2026-08-05
20110624,3.56,2026-08-05
20110627,3.56,2026-08-05
20110628,3.57,2026-08-05
20110629,3.57,2026-08-05
20110630,3.57,2026-08-05
20110701,3.57,2026-08-05
20110704,3.57,2026-08-05
20110705,3.58,2026-08-05
20110706,3.58,2026-08-05
20110707,3.59,2026-08-05
20110708,3.59,2026-08-05
20110711,3.59,2026-08-05
20110712,3.59,2026-08-05
20110713,3.59,2026-08-05
20110714,3.59,2026-08-05
20110715,3.59,2026-08-05
20110718,3.59,2026-08-05
20110719,3.59,2026-08-05
20110720,3.59,2026-08-05
20110721,3.59,2026-08-05
20110722,3.59,2026-08-05
20110725,3.59,2026-08-05
20110726,3.59,2026-08-05
20110727,3.59,2026-08-05
20110728,3.59,2026-08-05
20110729,3.59,2026-08-05
20110801,3.59,2026-08-05
20110802,3.59,2026-08-05
20110803,3.59,2026-08-05
20110804,3.59,2026-08-05
20110805,3.59,2026-08-05
20110808,3.59,2026-08-05
20110809,3.59,2026-08-05
20110810,3.59,2026-08-05
20110811,3.59,2026-08-05
20110812,3.59,2026-08-05
20110816,3.59,2026-08-05
20110817,3.59,2026-08-05
20110818,3.59,2026-08-05
20110819,3.59,2026-08-05
20110822,3.59,2026-08-05
20110823,3.59,2026-08-05
20110824,3.59,2026-08-05
20110825,3.59,2026-08-05
20110826,3.59,2026-08-05
20110829,3.59,2026-08-05
20110830,3.59,2026-08-05
20110831,3.59,2026-08-05
20110901,3.59,2026-08-05
20110902,3.59,2026-08-05
20110905,3.58,2026-08-05
20110906,3.58,2026-08-05
20110907,3.58,2026-08-05
20110908,3.58,2026-08-05
20110909,3.58,2026-08-05
20110914,3.58,2026-08-05
20110915,3.58,2026-08-05
20110916,3.58,2026-08-05
20110919,3.58,2026-08-05
20110920,3.58,2026-08-05
20110921,3.58,2026-08-05
20110922,3.58,2026-08-05
20110923,3.58,2026-08-05
20110926,3.58,2026-08-05
20110927,3.58,2026-08-05
20110928,3.58,2026-08-05
20110929,3.58,2026-08-05
20110930,3.58,2026-08-05
20111004,3.58,2026-08-05
20111005,3.58,2026-08-05
20111006,3.58,2026-08-05
20111007,3.58,2026-08-05
20111010,3.58,2026-08-05
20111011,3.58,2026-08-05
20111012,3.58,2026-08-05
20111013,3.58,2026-08-05
20111014,3.58,2026-08-05
20111017,3.58,2026-08-05
20111018,3.57,2026-08-05
20111019,3.57,2026-08-05
20111020,3.57,2026-08-05
20111021,3.57,2026-08-05
20111024,3.57,2026-08-05
20111025,3.57,2026-08-05
20111026,3.57,2026-08-05
20111027,3.57,2026-08-05
20111028,3.57,2026-08-05
20111031,3.57,2026-08-05
20111101,3.57,2026-08-05
20111102,3.57,2026-08-05
20111103,3.57,2026-08-05
20111104,3.57,2026-08-05
20111107,3.57,2026-08-05
20111108,3.57,2026-08-05
20111109,3.57,2026-08-05
20111110,3.57,2026-08-05
20111111,3.57,2026-08-05
20111114,3.57,2026-08-05
20111115,3.57,2026-08-05
20111116,3.57,2026-08-05
20111117,3.55,2026-08-05
20111118,3.55,2026-08-05
20111121,3.55,2026-08-05
20111122,3.55,2026-08-05
20111123,3.55,2026-08-05
20111124,3.55,2026-08-05
20111125,3.55,2026-08-05
20111128,3.55,2026-08-05
20111129,3.55,2026-08-05
20111130,3.55,2026-08-05
20111201,3.55,2026-08-05
20111202,3.55,2026-08-05
20111205,3.55,2026-08-05
20111206,3.55,2026-08-05
20111207,3.55,2026-08-05
20111208,3.55,2026-08-05
20111209,3.55,2026-08-05
20111212,3.55,2026-08-05
20111213,3.55,2026-08-05
20111214,3.55,2026-08-05
20111215,3.55,2026-08-05
20111216,3.55,2026-08-05
20111219,3.55,2026-08-05
20111220,3.55,2026-08-05
20111221,3.55,2026-08-05
20111222,3.55,2026-08-05
20111223,3.55,2026-08-05
20111226,3.55,2026-08-05
20111227,3.55,2026-08-05
20111228,3.55,2026-08-05
20111229,3.55,2026-08-05
20111230,3.55,2026-08-05
20120102,3.56,2026-08-05
20120103,3.56,2026-08-05
20120104,3.56,2026-08-05
20120105,3.56,2026-08-05
20120106,3.56,2026-08-05
20120109,3.56,2026-08-05
20120110,3.56,2026-08-05
20120111,3.56,2026-08-05
20120112,3.56,2026-08-05
20120113,3.56,2026-08-05
20120116,3.56,2026-08-05
20120117,3.56,2026-08-05
20120118,3.55,2026-08-05
20120119,3.54,2026-08-05
20120120,3.54,2026-08-05
20120125,3.54,2026-08-05
20120126,3.54,2026-08-05
20120127,3.54,2026-08-05
20120130,3.54,2026-08-05
20120131,3.54,2026-08-05
20120201,3.54,2026-08-05
20120202,3.54,2026-08-05
20120203,3.53,2026-08-05
20120206,3.53,2026-08-05
20120207,3.53,2026-08-05
20120208,3.53,2026-08-05
20120209,3.52,2026-08-05
20120210,3.52,2026-08-05
20120213,3.52,2026-08-05
20120214,3.52,2026-08-05
20120215,3.52,2026-08-05
20120216,3.52,2026-08-05
20120217,3.52,2026-08-05
20120220,3.52,2026-08-05
20120221,3.52,2026-08-05
20120222,3.52,2026-08-05
20120223,3.52,2026-08-05
20120224,3.52,2026-08-05
20120227,3.52,2026-08-05
20120228,3.53,2026-08-05
20120229,3.54,2026-08-05
20120302,3.54,2026-08-05
20120305,3.54,2026-08-05
20120306,3.54,2026-08-05
20120307,3.54,2026-08-05
20120308,3.54,2026-08-05
20120309,3.54,2026-08-05
20120312,3.54,2026-08-05
20120313,3.54,2026-08-05
20120314,3.54,2026-08-05
20120315,3.54,2026-08-05
20120316,3.54,2026-08-05
20120319,3.54,2026-08-05
20120320,3.54,2026-08-05
20120321,3.54,2026-08-05
20120322,3.54,2026-08-05
20120323,3.54,2026-08-05
20120326,3.55,2026-08-05
20120327,3.55,2026-08-05
20120328,3.55,2026-08-05
20120329,3.55,2026-08-05
20120330,3.55,2026-08-05
20120402,3.55,2026-08-05
20120403,3.55,2026-08-05
20120404,3.55,2026-08-05
20120405,3.55,2026-08-05
20120406,3.55,2026-08-05
20120409,3.54,2026-08-05
20120410,3.54,2026-08-05
20120412,3.54,2026-08-05
20120413,3.54,2026-08-05
20120416,3.54,2026-08-05
20120417,3.54,2026-08-05
20120418,3.54,2026-08-05
20120419,3.54,2026-08-05
20120420,3.54,2026-08-05
20120423,3.54,2026-08-05
20120424,3.54,2026-08-05
20120425,3.54,2026-08-05
20120426,3.54,2026-08-05
20120427,3.54,2026-08-05
20120430,3.54,2026-08-05
20120502,3.54,2026-08-05
20120503,3.54,2026-08-05
20120504,3.54,2026-08-05
20120507,3.54,2026-08-05
20120508,3.54,2026-08-05
20120509,3.54,2026-08-05
20120510,3.54,2026-08-05
20120511,3.54,2026-08-05
20120514,3.54,2026-08-05
20120515,3.54,2026-08-05
20120516,3.54,2026-08-05
20120517,3.54,2026-08-05
20120518,3.54,2026-08-05
20120521,3.54,2026-08-05
20120522,3.54,2026-08-05
20120523,3.54,2026-08-05
20120524,3.54,2026-08-05
20120525,3.54,2026-08-05
20120529,3.54,2026-08-05
20120530,3.54,2026-08-05
20120531,3.54,2026-08-05
20120601,3.54,2026-08-05
20120604,3.54,2026-08-05
20120605,3.54,2026-08-05
20120607,3.54,2026-08-05
20120608,3.54,2026-08-05
20120611,3.54,2026-08-05
20120612,3.54,2026-08-05
20120613,3.54,2026-08-05
20120614,3.54,2026-08-05
20120615,3.54,2026-08-05
20120618,3.54,2026-08-05
20120619,3.54,2026-08-05
20120620,3.54,2026-08-05
20120621,3.54,2026-08-05
20120622,3.54,2026-08-05
20120625,3.54,2026-08-05
20120626,3.54,2026-08-05
20120627,3.54,2026-08-05
20120628,3.54,2026-08-05
20120629,3.54,2026-08-05
20120702,3.54,2026-08-05
20120703,3.54,2026-08-05
20120704,3.54,2026-08-05
20120705,3.54,2026-08-05
20120706,3.54,2026-08-05
20120709,3.54,2026-08-05
20120710,3.54,2026-08-05
20120711,3.54,2026-08-05
20120712,3.27,2026-08-05
20120713,3.25,2026-08-05
20120716,3.25,2026-08-05
20120717,3.24,2026-08-05
20120718,3.23,2026-08-05
20120719,3.22,2026-08-05
20120720,3.21,2026-08-05
20120723,3.2,2026-08-05
20120724,3.2,2026-08-05
20120725,3.19,2026-08-05
20120726,3.19,2026-08-05
20120727,3.2,2026-08-05
20120730,3.2,2026-08-05
20120731,3.2,2026-08-05
20120801,3.2,2026-08-05
20120802,3.2,2026-08-05
20120803,3.2,2026-08-05
20120806,3.2,2026-08-05
20120807,3.2,2026-08-05
20120808,3.2,2026-08-05
20120809,3.2,2026-08-05
20120810,3.2,2026-08-05
20120813,3.2,2026-08-05
20120814,3.2,2026-08-05
20120816,3.21,2026-08-05
20120817,3.21,2026-08-05
20120820,3.21,2026-08-05
20120821,3.2,2026-08-05
20120822,3.19,2026-08-05
20120823,3.19,2026-08-05
20120824,3.19,2026-08-05
20120827,3.19,2026-08-05
20120828,3.18,2026-08-05
20120829,3.18,2026-08-05
20120830,3.17,2026-08-05
20120831,3.16,2026-08-05
20120903,3.16,2026-08-05
20120904,3.16,2026-08-05
20120905,3.16,2026-08-05
20120906,3.16,2026-08-05
20120907,3.16,2026-08-05
20120910,3.15,2026-08-05
20120911,3.15,2026-08-05
20120912,3.15,2026-08-05
20120913,3.15,2026-08-05
20120914,3.15,2026-08-05
20120917,3.15,2026-08-05
20120918,3.14,2026-08-05
20120919,3.13,2026-08-05
20120920,3.12,2026-08-05
20120921,3.12,2026-08-05
20120924,3.12,2026-08-05
20120925,3.11,2026-08-05
20120926,3.1,2026-08-05
20120927,3.1,2026-08-05
20120928,3.09,2026-08-05
20121002,3.09,2026-08-05
20121004,3.09,2026-08-05
20121005,3.09,2026-08-05
20121008,3.08,2026-08-05
20121009,3.08,2026-08-05
20121010,3.08,2026-08-05
20121011,2.9,2026-08-05
20121012,2.87,2026-08-05
20121015,2.87,2026-08-05
20121016,2.87,2026-08-05
20121017,2.87,2026-08-05
20121018,2.87,2026-08-05
20121019,2.87,2026-08-05
20121022,2.87,2026-08-05
20121023,2.86,2026-08-05
20121024,2.86,2026-08-05
20121025,2.85,2026-08-05
20121026,2.85,2026-08-05
20121029,2.85,2026-08-05
20121030,2.85,2026-08-05
20121031,2.85,2026-08-05
20121101,2.85,2026-08-05
20121102,2.85,2026-08-05
20121105,2.85,2026-08-05
20121106,2.85,2026-08-05
20121107,2.85,2026-08-05
20121108,2.85,2026-08-05
20121109,2.85,2026-08-05
20121112,2.85,2026-08-05
20121113,2.85,2026-08-05
20121114,2.85,2026-08-05
20121115,2.85,2026-08-05
20121116,2.85,2026-08-05
20121119,2.85,2026-08-05
20121120,2.85,2026-08-05
20121121,2.85,2026-08-05
20121122,2.85,2026-08-05
20121123,2.85,2026-08-05
20121126,2.85,2026-08-05
20121127,2.85,2026-08-05
20121128,2.85,2026-08-05
20121129,2.85,2026-08-05
20121130,2.85,2026-08-05
20121203,2.85,2026-08-05
20121204,2.85,2026-08-05
20121205,2.85,2026-08-05
20121206,2.85,2026-08-05
20121207,2.87,2026-08-05
20121210,2.88,2026-08-05
20121211,2.88,2026-08-05
20121212,2.89,2026-08-05
20121213,2.89,2026-08-05
20121214,2.89,2026-08-05
20121217,2.89,2026-08-05
20121218,2.89,2026-08-05
20121220,2.89,2026-08-05
20121221,2.89,2026-08-05
20121224,2.89,2026-08-05
20121226,2.89,2026-08-05
20121227,2.89,2026-08-05
20121228,2.89,2026-08-05
20121231,2.89,2026-08-05
20130102,2.89,2026-08-05
20130103,2.88,2026-08-05
20130104,2.88,2026-08-05
20130107,2.87,2026-08-05
20130108,2.87,2026-08-05
20130109,2.87,2026-08-05
20130110,2.87,2026-08-05
20130111,2.85,2026-08-05
20130114,2.85,2026-08-05
20130115,2.85,2026-08-05
20130116,2.85,2026-08-05
20130117,2.85,2026-08-05
20130118,2.85,2026-08-05
20130121,2.85,2026-08-05
20130122,2.85,2026-08-05
20130123,2.85,2026-08-05
20130124,2.84,2026-08-05
20130125,2.84,2026-08-05
20130128,2.84,2026-08-05
20130129,2.84,2026-08-05
20130130,2.84,2026-08-05
20130131,2.84,2026-08-05
20130201,2.84,2026-08-05
20130204,2.84,2026-08-05
20130205,2.84,2026-08-05
20130206,2.84,2026-08-05
20130207,2.84,2026-08-05
20130208,2.84,2026-08-05
20130212,2.84,2026-08-05
20130213,2.84,2026-08-05
20130214,2.83,2026-08-05
20130215,2.83,2026-08-05
20130218,2.83,2026-08-05
20130219,2.83,2026-08-05
20130220,2.83,2026-08-05
20130221,2.83,2026-08-05
20130222,2.83,2026-08-05
20130225,2.83,2026-08-05
20130226,2.82,2026-08-05
20130227,2.82,2026-08-05
20130228,2.82,2026-08-05
20130304,2.82,2026-08-05
20130305,2.82,2026-08-05
20130306,2.82,2026-08-05
20130307,2.82,2026-08-05
20130308,2.82,2026-08-05
20130311,2.82,2026-08-05
20130312,2.81,2026-08-05
20130313,2.81,2026-08-05
20130314,2.81,2026-08-05
20130315,2.81,2026-08-05
20130318,2.81,2026-08-05
20130319,2.81,2026-08-05
20130320,2.81,2026-08-05
20130321,2.81,2026-08-05
20130322,2.81,2026-08-05
20130325,2.81,2026-08-05
20130326,2.81,2026-08-05
20130327,2.81,2026-08-05
20130328,2.81,2026-08-05
20130329,2.81,2026-08-05
20130401,2.81,2026-08-05
20130402,2.81,2026-08-05
20130403,2.8,2026-08-05
20130404,2.8,2026-08-05
20130405,2.8,2026-08-05
20130408,2.8,2026-08-05
20130409,2.8,2026-08-05
20130410,2.8,2026-08-05
20130411,2.79,2026-08-05
20130412,2.79,2026-08-05
20130415,2.79,2026-08-05
20130416,2.79,2026-08-05
20130417,2.79,2026-08-05
20130418,2.79,2026-08-05
20130419,2.79,2026-08-05
20130422,2.79,2026-08-05
20130423,2.79,2026-08-05
20130424,2.79,2026-08-05
20130425,2.78,2026-08-05
20130426,2.79,2026-08-05
20130429,2.8,2026-08-05
20130430,2.81,2026-08-05
20130502,2.81,2026-08-05
20130503,2.81,2026-08-05
20130506,2.81,2026-08-05
20130507,2.81,2026-08-05
20130508,2.81,2026-08-05
20130509,2.69,2026-08-05
20130510,2.69,2026-08-05
20130513,2.69,2026-08-05
20130514,2.69,2026-08-05
20130515,2.69,2026-08-05
20130516,2.69,2026-08-05
20130520,2.69,2026-08-05
20130521,2.69,2026-08-05
20130522,2.69,2026-08-05
20130523,2.69,2026-08-05
20130524,2.69,2026-08-05
20130527,2.69,2026-08-05
20130528,2.69,2026-08-05
20130529,2.69,2026-08-05
20130530,2.69,2026-08-05
20130531,2.69,2026-08-05
20130603,2.69,2026-08-05
20130604,2.69,2026-08-05
20130605,2.69,2026-08-05
20130607,2.69,2026-08-05
20130610,2.69,2026-08-05
20130611,2.69,2026-08-05
20130612,2.69,2026-08-05
20130613,2.69,2026-08-05
20130614,2.69,2026-08-05
20130617,2.69,2026-08-05
20130618,2.69,2026-08-05
20130619,2.69,2026-08-05
20130620,2.69,2026-08-05
20130621,2.7,2026-08-05
20130624,2.69,2026-08-05
20130625,2.69,2026-08-05
20130626,2.69,2026-08-05
20130627,2.69,2026-08-05
20130628,2.69,2026-08-05
20130701,2.69,2026-08-05
20130702,2.69,2026-08-05
20130703,2.69,2026-08-05
20130704,2.69,2026-08-05
20130705,2.69,2026-08-05
20130708,2.69,2026-08-05
20130709,2.69,2026-08-05
20130710,2.69,2026-08-05
20130711,2.69,2026-08-05
20130712,2.69,2026-08-05
20130715,2.69,2026-08-05
20130716,2.69,2026-08-05
20130717,2.69,2026-08-05
20130718,2.69,2026-08-05
20130719,2.67,2026-08-05
20130722,2.67,2026-08-05
20130723,2.67,2026-08-05
20130724,2.66,2026-08-05
20130725,2.66,2026-08-05
20130726,2.66,2026-08-05
20130729,2.66,2026-08-05
20130730,2.66,2026-08-05
20130731,2.66,2026-08-05
20130801,2.66,2026-08-05
20130802,2.66,2026-08-05
20130805,2.66,2026-08-05
20130806,2.66,2026-08-05
20130807,2.66,2026-08-05
20130808,2.66,2026-08-05
20130809,2.66,2026-08-05
20130812,2.66,2026-08-05
20130813,2.66,2026-08-05
20130814,2.66,2026-08-05
20130816,2.66,2026-08-05
20130819,2.66,2026-08-05
20130820,2.66,2026-08-05
20130821,2.66,2026-08-05
20130822,2.66,2026-08-05
20130823,2.66,2026-08-05
20130826,2.66,2026-08-05
20130827,2.66,2026-08-05
20130828,2.66,2026-08-05
20130829,2.66,2026-08-05
20130830,2.66,2026-08-05
20130902,2.66,2026-08-05
20130903,2.66,2026-08-05
20130904,2.66,2026-08-05
20130905,2.66,2026-08-05
20130906,2.66,2026-08-05
20130909,2.66,2026-08-05
20130910,2.66,2026-08-05
20130911,2.66,2026-08-05
20130912,2.66,2026-08-05
20130913,2.66,2026-08-05
20130916,2.66,2026-08-05
20130917,2.66,2026-08-05
20130923,2.66,2026-08-05
20130924,2.66,2026-08-05
20130925,2.66,2026-08-05
20130926,2.66,2026-08-05
20130927,2.66,2026-08-05
20130930,2.66,2026-08-05
20131001,2.66,2026-08-05
20131002,2.66,2026-08-05
20131004,2.66,2026-08-05
20131007,2.66,2026-08-05
20131008,2.66,2026-08-05
20131010,2.66,2026-08-05
20131011,2.66,2026-08-05
20131014,2.66,2026-08-05
20131015,2.66,2026-08-05
20131016,2.66,2026-08-05
20131017,2.66,2026-08-05
20131018,2.66,2026-08-05
20131021,2.66,2026-08-05
20131022,2.66,2026-08-05
20131023,2.66,2026-08-05
20131024,2.66,2026-08-05
20131025,2.66,2026-08-05
20131028,2.66,2026-08-05
20131029,2.65,2026-08-05
20131030,2.65,2026-08-05
20131031,2.65,2026-08-05
20131101,2.65,2026-08-05
20131104,2.65,2026-08-05
20131105,2.65,2026-08-05
20131106,2.65,2026-08-05
20131107,2.65,2026-08-05
20131108,2.65,2026-08-05
20131111,2.65,2026-08-05
20131112,2.65,2026-08-05
20131113,2.65,2026-08-05
20131114,2.65,2026-08-05
20131115,2.65,2026-08-05
20131118,2.65,2026-08-05
20131119,2.65,2026-08-05
20131120,2.65,2026-08-05
20131121,2.65,2026-08-05
20131122,2.65,2026-08-05
20131125,2.65,2026-08-05
20131126,2.65,2026-08-05
20131127,2.65,2026-08-05
20131128,2.65,2026-08-05
20131129,2.65,2026-08-05
20131202,2.65,2026-08-05
20131203,2.65,2026-08-05
20131204,2.65,2026-08-05
20131205,2.65,2026-08-05
20131206,2.65,2026-08-05
20131209,2.65,2026-08-05
20131210,2.65,2026-08-05
20131211,2.65,2026-08-05
20131212,2.65,2026-08-05
20131213,2.65,2026-08-05
20131216,2.65,2026-08-05
20131217,2.65,2026-08-05
20131218,2.65,2026-08-05
20131219,2.65,2026-08-05
20131220,2.65,2026-08-05
20131223,2.65,2026-08-05
20131224,2.65,2026-08-05
20131226,2.65,2026-08-05
20131227,2.65,2026-08-05
20131230,2.66,2026-08-05
20131231,2.66,2026-08-05
20140102,2.66,2026-08-05
20140103,2.66,2026-08-05
20140106,2.66,2026-08-05
20140107,2.66,2026-08-05
20140108,2.66,2026-08-05
20140109,2.65,2026-08-05
20140110,2.65,2026-08-05
20140113,2.65,2026-08-05
20140114,2.65,2026-08-05
20140115,2.65,2026-08-05
20140116,2.65,2026-08-05
20140117,2.65,2026-08-05
20140120,2.65,2026-08-05
20140121,2.65,2026-08-05
20140122,2.65,2026-08-05
20140123,2.65,2026-08-05
20140124,2.65,2026-08-05
20140127,2.65,2026-08-05
20140128,2.65,2026-08-05
20140129,2.65,2026-08-05
20140203,2.65,2026-08-05
20140204,2.65,2026-08-05
20140205,2.65,2026-08-05
20140206,2.65,2026-08-05
20140207,2.65,2026-08-05
20140210,2.65,2026-08-05
20140211,2.65,2026-08-05
20140212,2.65,2026-08-05
20140213,2.65,2026-08-05
20140214,2.65,2026-08-05
20140217,2.65,2026-08-05
20140218,2.65,2026-08-05
20140219,2.65,2026-08-05
20140220,2.65,2026-08-05
20140221,2.65,2026-08-05
20140224,2.65,2026-08-05
20140225,2.65,2026-08-05
20140226,2.65,2026-08-05
20140227,2.65,2026-08-05
20140228,2.65,2026-08-05
20140303,2.65,2026-08-05
20140304,2.65,2026-08-05
20140305,2.65,2026-08-05
20140306,2.65,2026-08-05
20140307,2.65,2026-08-05
20140310,2.65,2026-08-05
20140311,2.65,2026-08-05
20140312,2.65,2026-08-05
20140313,2.65,2026-08-05
20140314,2.65,2026-08-05
20140317,2.65,2026-08-05
20140318,2.65,2026-08-05
20140319,2.65,2026-08-05
20140320,2.65,2026-08-05
20140321,2.65,2026-08-05
20140324,2.65,2026-08-05
20140325,2.65,2026-08-05
20140326,2.65,2026-08-05
20140327,2.65,2026-08-05
20140328,2.65,2026-08-05
20140331,2.65,2026-08-05
20140401,2.65,2026-08-05
20140402,2.65,2026-08-05
20140403,2.65,2026-08-05
20140404,2.65,2026-08-05
20140407,2.65,2026-08-05
20140408,2.65,2026-08-05
20140409,2.65,2026-08-05
20140410,2.65,2026-08-05
20140411,2.65,2026-08-05
20140414,2.65,2026-08-05
20140415,2.65,2026-08-05
20140416,2.65,2026-08-05
20140417,2.65,2026-08-05
20140418,2.65,2026-08-05
20140421,2.65,2026-08-05
20140422,2.65,2026-08-05
20140423,2.65,2026-08-05
20140424,2.65,2026-08-05
20140425,2.65,2026-08-05
20140428,2.65,2026-08-05
20140429,2.65,2026-08-05
20140430,2.65,2026-08-05
20140502,2.65,2026-08-05
20140507,2.65,2026-08-05
20140508,2.65,2026-08-05
20140509,2.65,2026-08-05
20140512,2.65,2026-08-05
20140513,2.65,2026-08-05
20140514,2.65,2026-08-05
20140515,2.65,2026-08-05
20140516,2.65,2026-08-05
20140519,2.65,2026-08-05
20140520,2.65,2026-08-05
20140521,2.65,2026-08-05
20140522,2.65,2026-08-05
20140523,2.65,2026-08-05
20140526,2.65,2026-08-05
20140527,2.65,2026-08-05
20140528,2.65,2026-08-05
20140529,2.65,2026-08-05
20140530,2.65,2026-08-05
20140602,2.65,2026-08-05
20140603,2.65,2026-08-05
20140605,2.65,2026-08-05
20140609,2.65,2026-08-05
20140610,2.65,2026-08-05
20140611,2.65,2026-08-05
20140612,2.65,2026-08-05
20140613,2.65,2026-08-05
20140616,2.65,2026-08-05
20140617,2.65,2026-08-05
20140618,2.65,2026-08-05
20140619,2.65,2026-08-05
20140620,2.65,2026-08-05
20140623,2.65,2026-08-05
20140624,2.65,2026-08-05
20140625,2.65,2026-08-05
20140626,2.65,2026-08-05
20140627,2.65,2026-08-05
20140630,2.65,2026-08-05
20140701,2.65,2026-08-05
20140702,2.65,2026-08-05
20140703,2.65,2026-08-05
20140704,2.65,2026-08-05
20140707,2.65,2026-08-05
20140708,2.65,2026-08-05
20140709,2.65,2026-08-05
20140710,2.65,2026-08-05
20140711,2.65,2026-08-05
20140714,2.65,2026-08-05
20140715,2.65,2026-08-05
20140716,2.65,2026-08-05
20140717,2.65,2026-08-05
20140718,2.65,2026-08-05
20140721,2.65,2026-08-05
20140722,2.65,2026-08-05
20140723,2.65,2026-08-05
20140724,2.65,2026-08-05
20140725,2.65,2026-08-05
20140728,2.65,2026-08-05
20140729,2.65,2026-08-05
20140730,2.65,2026-08-05
20140731,2.65,2026-08-05
20140801,2.65,2026-08-05
20140804,2.65,2026-08-05
20140805,2.65,2026-08-05
20140806,2.65,2026-08-05
20140807,2.65,2026-08-05
20140808,2.65,2026-08-05
20140811,2.63,2026-08-05
20140812,2.62,2026-08-05
20140813,2.61,2026-08-05
20140814,2.46,2026-08-05
20140818,2.43,2026-08-05
20140819,2.42,2026-08-05
20140820,2.42,2026-08-05
20140821,2.42,2026-08-05
20140822,2.41,2026-08-05
20140825,2.41,2026-08-05
20140826,2.4,2026-08-05
20140827,2.4,2026-08-05
20140828,2.4,2026-08-05
20140829,2.4,2026-08-05
20140901,2.4,2026-08-05
20140902,2.36,2026-08-05
20140903,2.36,2026-08-05
20140904,2.35,2026-08-05
20140905,2.35,2026-08-05
20140911,2.35,2026-08-05
20140912,2.35,2026-08-05
20140915,2.35,2026-08-05
20140916,2.35,2026-08-05
20140917,2.35,2026-08-05
20140918,2.35,2026-08-05
20140919,2.35,2026-08-05
20140922,2.35,2026-08-05
20140923,2.35,2026-08-05
20140924,2.35,2026-08-05
20140925,2.35,2026-08-05
20140926,2.35,2026-08-05
20140929,2.35,2026-08-05
20140930,2.35,2026-08-05
20141001,2.35,2026-08-05
20141002,2.35,2026-08-05
20141006,2.35,2026-08-05
20141007,2.31,2026-08-05
20141008,2.3,2026-08-05
20141010,2.29,2026-08-05
20141013,2.28,2026-08-05
20141014,2.28,2026-08-05
20141015,2.18,2026-08-05
20141016,2.17,2026-08-05
20141017,2.17,2026-08-05
20141020,2.16,2026-08-05
20141021,2.15,2026-08-05
20141022,2.15,2026-08-05
20141023,2.14,2026-08-05
20141024,2.14,2026-08-05
20141027,2.14,2026-08-05
20141028,2.14,2026-08-05
20141029,2.14,2026-08-05
20141030,2.14,2026-08-05
20141031,2.14,2026-08-05
20141103,2.14,2026-08-05
20141104,2.14,2026-08-05
20141105,2.14,2026-08-05
20141106,2.14,2026-08-05
20141107,2.14,2026-08-05
20141110,2.14,2026-08-05
20141111,2.14,2026-08-05
20141112,2.14,2026-08-05
20141113,2.14,2026-08-05
20141114,2.14,2026-08-05
20141117,2.14,2026-08-05
20141118,2.14,2026-08-05
20141119,2.14,2026-08-05
20141120,2.14,2026-08-05
20141121,2.14,2026-08-05
20141124,2.14,2026-08-05
20141125,2.13,2026-08-05
20141126,2.13,2026-08-05
20141127,2.13,2026-08-05
20141128,2.13,2026-08-05
20141201,2.13,2026-08-05
20141202,2.13,2026-08-05
20141203,2.13,2026-08-05
20141204,2.13,2026-08-05
20141205,2.13,2026-08-05
20141208,2.13,2026-08-05
20141209,2.13,2026-08-05
20141210,2.13,2026-08-05
20141211,2.13,2026-08-05
20141212,2.13,2026-08-05
20141215,2.13,2026-08-05
20141216,2.13,2026-08-05
20141217,2.13,2026-08-05
20141218,2.13,2026-08-05
20141219,2.13,2026-08-05
20141222,2.13,2026-08-05
20141223,2.13,2026-08-05
20141224,2.13,2026-08-05
20141226,2.13,2026-08-05
20141229,2.13,2026-08-05
20141230,2.13,2026-08-05
20141231,2.13,2026-08-05
20150102,2.13,2026-08-05
20150105,2.13,2026-08-05
20150106,2.13,2026-08-05
20150107,2.13,2026-08-05
20150108,2.13,2026-08-05
20150109,2.13,2026-08-05
20150112,2.13,2026-08-05
20150113,2.13,2026-08-05
20150114,2.13,2026-08-05
20150115,2.13,2026-08-05
20150116,2.13,2026-08-05
20150119,2.13,2026-08-05
20150120,2.13,2026-08-05
20150121,2.13,2026-08-05
20150122,2.13,2026-08-05
20150123,2.13,2026-08-05
20150126,2.13,2026-08-05
20150127,2.13,2026-08-05
20150128,2.12,2026-08-05
20150129,2.12,2026-08-05
20150130,2.12,2026-08-05
20150202,2.12,2026-08-05
20150203,2.12,2026-08-05
20150204,2.12,2026-08-05
20150205,2.12,2026-08-05
20150206,2.12,2026-08-05
20150209,2.12,2026-08-05
20150210,2.12,2026-08-05
20150211,2.12,2026-08-05
20150212,2.12,2026-08-05
20150213,2.12,2026-08-05
20150216,2.12,2026-08-05
20150217,2.12,2026-08-05
20150223,2.12,2026-08-05
20150224,2.1,2026-08-05
20150225,2.1,2026-08-05
20150226,2.1,2026-08-05
20150227,2.1,2026-08-05
20150302,2.1,2026-08-05
20150303,2.1,2026-08-05
20150304,2.1,2026-08-05
20150305,2.1,2026-08-05
20150306,2.1,2026-08-05
20150309,2.1,2026-08-05
20150310,2.1,2026-08-05
20150311,2.1,2026-08-05
20150312,1.91,2026-08-05
20150313,1.9,2026-08-05
20150316,1.89,2026-08-05
20150317,1.88,2026-08-05
20150318,1.87,2026-08-05
20150319,1.87,2026-08-05
20150320,1.86,2026-08-05
20150323,1.86,2026-08-05
20150324,1.86,2026-08-05
20150325,1.86,2026-08-05
20150326,1.86,2026-08-05
20150327,1.86,2026-08-05
20150330,1.85,2026-08-05
20150331,1.85,2026-08-05
20150401,1.85,2026-08-05
20150402,1.85,2026-08-05
20150403,1.85,2026-08-05
20150406,1.85,2026-08-05
20150407,1.83,2026-08-05
20150408,1.83,2026-08-05
20150409,1.82,2026-08-05
20150410,1.8,2026-08-05
20150413,1.8,2026-08-05
20150414,1.8,2026-08-05
20150415,1.8,2026-08-05
20150416,1.8,2026-08-05
20150417,1.8,2026-08-05
20150420,1.8,2026-08-05
20150421,1.8,2026-08-05
20150422,1.8,2026-08-05
20150423,1.8,2026-08-05
20150424,1.8,2026-08-05
20150427,1.8,2026-08-05
20150428,1.8,2026-08-05
20150429,1.8,2026-08-05
20150430,1.8,2026-08-05
20150504,1.8,2026-08-05
20150506,1.8,2026-08-05
20150507,1.8,2026-08-05
20150508,1.8,2026-08-05
20150511,1.8,2026-08-05
20150512,1.8,2026-08-05
20150513,1.8,2026-08-05
20150514,1.8,2026-08-05
20150515,1.8,2026-08-05
20150518,1.8,2026-08-05
20150519,1.8,2026-08-05
20150520,1.8,2026-08-05
20150521,1.8,2026-08-05
20150522,1.8,2026-08-05
20150526,1.8,2026-08-05
20150527,1.8,2026-08-05
20150528,1.8,2026-08-05
20150529,1.8,2026-08-05
20150601,1.8,2026-08-05
20150602,1.8,2026-08-05
20150603,1.8,2026-08-05
20150604,1.8,2026-08-05
20150605,1.8,2026-08-05
20150608,1.8,2026-08-05
20150609,1.8,2026-08-05
20150610,1.8,2026-08-05
20150611,1.65,2026-08-05
20150612,1.65,2026-08-05
20150615,1.65,2026-08-05
20150616,1.65,2026-08-05
20150617,1.65,2026-08-05
20150618,1.65,2026-08-05
20150619,1.65,2026-08-05
20150622,1.65,2026-08-05
20150623,1.65,2026-08-05
20150624,1.65,2026-08-05
20150625,1.65,2026-08-05
20150626,1.65,2026-08-05
20150629,1.65,2026-08-05
20150630,1.65,2026-08-05
20150701,1.65,2026-08-05
20150702,1.65,2026-08-05
20150703,1.65,2026-08-05
20150706,1.65,2026-08-05
20150707,1.65,2026-08-05
20150708,1.65,2026-08-05
20150709,1.65,2026-08-05
20150710,1.65,2026-08-05
20150713,1.65,2026-08-05
20150714,1.65,2026-08-05
20150715,1.65,2026-08-05
20150716,1.65,2026-08-05
20150717,1.65,2026-08-05
20150720,1.65,2026-08-05
20150721,1.65,2026-08-05
20150722,1.65,2026-08-05
20150723,1.65,2026-08-05
20150724,1.65,2026-08-05
20150727,1.64,2026-08-05
20150728,1.64,2026-08-05
20150729,1.64,2026-08-05
20150730,1.64,2026-08-05
20150731,1.64,2026-08-05
20150803,1.64,2026-08-05
20150804,1.64,2026-08-05
20150805,1.64,2026-08-05
20150806,1.64,2026-08-05
20150807,1.64,2026-08-05
20150810,1.64,2026-08-05
20150811,1.64,2026-08-05
20150812,1.64,2026-08-05
20150813,1.64,2026-08-05
20150817,1.64,2026-08-05
20150818,1.64,2026-08-05
20150819,1.64,2026-08-05
20150820,1.64,2026-08-05
20150821,1.64,2026-08-05
20150824,1.64,2026-08-05
20150825,1.64,2026-08-05
20150826,1.64,2026-08-05
20150827,1.64,2026-08-05
20150828,1.64,2026-08-05
20150831,1.63,2026-08-05
20150901,1.63,2026-08-05
20150902,1.61,2026-08-05
20150903,1.61,2026-08-05
20150904,1.6,2026-08-05
20150907,1.6,2026-08-05
20150908,1.6,2026-08-05
20150909,1.6,2026-08-05
20150910,1.6,2026-08-05
20150911,1.6,2026-08-05
20150914,1.6,2026-08-05
20150915,1.6,2026-08-05
20150916,1.6,2026-08-05
20150917,1.6,2026-08-05
20150918,1.6,2026-08-05
20150921,1.6,2026-08-05
20150922,1.6,2026-08-05
20150923,1.6,2026-08-05
20150924,1.6,2026-08-05
20150925,1.6,2026-08-05
20150930,1.59,2026-08-05
20151001,1.59,2026-08-05
20151002,1.59,2026-08-05
20151005,1.59,2026-08-05
20151006,1.59,2026-08-05
20151007,1.59,2026-08-05
20151008,1.59,2026-08-05
20151012,1.59,2026-08-05
20151013,1.58,2026-08-05
20151014,1.57,2026-08-05
20151015,1.57,2026-08-05
20151016,1.57,2026-08-05
20151019,1.57,2026-08-05
20151020,1.57,2026-08-05
20151021,1.57,2026-08-05
20151022,1.57,2026-08-05
20151023,1.57,2026-08-05
20151026,1.57,2026-08-05
20151027,1.57,2026-08-05
20151028,1.57,2026-08-05
20151029,1.57,2026-08-05
20151030,1.57,2026-08-05
20151102,1.57,2026-08-05
20151103,1.57,2026-08-05
20151104,1.57,2026-08-05
20151105,1.57,2026-08-05
20151106,1.57,2026-08-05
20151109,1.57,2026-08-05
20151110,1.57,2026-08-05
20151111,1.57,2026-08-05
20151112,1.58,2026-08-05
20151113,1.58,2026-08-05
20151116,1.58,2026-08-05
20151117,1.58,2026-08-05
20151118,1.58,2026-08-05
20151119,1.58,2026-08-05
20151120,1.58,2026-08-05
20151123,1.59,2026-08-05
20151124,1.59,2026-08-05
20151125,1.59,2026-08-05
20151126,1.62,2026-08-05
20151127,1.62,2026-08-05
20151130,1.66,2026-08-05
20151201,1.67,2026-08-05
20151202,1.67,2026-08-05
20151203,1.67,2026-08-05
20151204,1.67,2026-08-05
20151207,1.67,2026-08-05
20151208,1.67,2026-08-05
20151209,1.67,2026-08-05
20151210,1.67,2026-08-05
20151211,1.67,2026-08-05
20151214,1.67,2026-08-05
20151215,1.67,2026-08-05
20151216,1.67,2026-08-05
20151217,1.67,2026-08-05
20151218,1.67,2026-08-05
20151221,1.67,2026-08-05
20151222,1.67,2026-08-05
20151223,1.67,2026-08-05
20151224,1.67,2026-08-05
20151228,1.67,2026-08-05
20151229,1.67,2026-08-05
20151230,1.67,2026-08-05
20151231,1.67,2026-08-05
20160104,1.67,2026-08-05
20160105,1.67,2026-08-05
20160106,1.67,2026-08-05
20160107,1.67,2026-08-05
20160108,1.67,2026-08-05
20160111,1.67,2026-08-05
20160112,1.67,2026-08-05
20160113,1.67,2026-08-05
20160114,1.67,2026-08-05
20160115,1.67,2026-08-05
20160118,1.67,2026-08-05
20160119,1.67,2026-08-05
20160120,1.67,2026-08-05
20160121,1.67,2026-08-05
20160122,1.67,2026-08-05
20160125,1.65,2026-08-05
20160126,1.65,2026-08-05
20160127,1.65,2026-08-05
20160128,1.65,2026-08-05
20160129,1.65,2026-08-05
20160201,1.65,2026-08-05
20160202,1.65,2026-08-05
20160203,1.65,2026-08-05
20160204,1.65,2026-08-05
20160205,1.65,2026-08-05
20160211,1.64,2026-08-05
20160212,1.64,2026-08-05
20160215,1.64,2026-08-05
20160216,1.63,2026-08-05
20160217,1.63,2026-08-05
20160218,1.63,2026-08-05
20160219,1.63,2026-08-05
20160222,1.63,2026-08-05
20160223,1.63,2026-08-05
20160224,1.63,2026-08-05
20160225,1.63,2026-08-05
20160226,1.63,2026-08-05
20160229,1.63,2026-08-05
20160302,1.63,2026-08-05
20160303,1.63,2026-08-05
20160304,1.63,2026-08-05
20160307,1.63,2026-08-05
20160308,1.63,2026-08-05
20160309,1.63,2026-08-05
20160310,1.63,2026-08-05
20160311,1.63,2026-08-05
20160314,1.63,2026-08-05
20160315,1.63,2026-08-05
20160316,1.63,2026-08-05
20160317,1.63,2026-08-05
20160318,1.63,2026-08-05
20160321,1.63,2026-08-05
20160322,1.63,2026-08-05
20160323,1.63,2026-08-05
20160324,1.63,2026-08-05
20160325,1.63,2026-08-05
20160328,1.61,2026-08-05
20160329,1.61,2026-08-05
20160330,1.61,2026-08-05
20160331,1.61,2026-08-05
20160401,1.61,2026-08-05
20160404,1.61,2026-08-05
20160405,1.61,2026-08-05
20160406,1.61,2026-08-05
20160407,1.61,2026-08-05
20160408,1.61,2026-08-05
20160411,1.61,2026-08-05
20160412,1.61,2026-08-05
20160414,1.61,2026-08-05
20160415,1.61,2026-08-05
20160418,1.61,2026-08-05
20160419,1.61,2026-08-05
20160420,1.61,2026-08-05
20160421,1.61,2026-08-05
20160422,1.61,2026-08-05
20160425,1.61,2026-08-05
20160426,1.61,2026-08-05
20160427,1.61,2026-08-05
20160428,1.61,2026-08-05
20160429,1.61,2026-08-05
20160502,1.61,2026-08-05
20160503,1.61,2026-08-05
20160504,1.61,2026-08-05
20160509,1.61,2026-08-05
20160510,1.6,2026-08-05
20160511,1.6,2026-08-05
20160512,1.6,2026-08-05
20160513,1.6,2026-08-05
20160516,1.58,2026-08-05
20160517,1.58,2026-08-05
20160518,1.58,2026-08-05
20160519,1.56,2026-08-05
20160520,1.56,2026-08-05
20160523,1.56,2026-08-05
20160524,1.56,2026-08-05
20160525,1.56,2026-08-05
20160526,1.56,2026-08-05
20160527,1.56,2026-08-05
20160530,1.56,2026-08-05
20160531,1.56,2026-08-05
20160601,1.56,2026-08-05
20160602,1.56,2026-08-05
20160603,1.56,2026-08-05
20160607,1.56,2026-08-05
20160608,1.56,2026-08-05
20160609,1.39,2026-08-05
20160610,1.39,2026-08-05
20160613,1.39,2026-08-05
20160614,1.39,2026-08-05
20160615,1.39,2026-08-05
20160616,1.39,2026-08-05
20160617,1.39,2026-08-05
20160620,1.39,2026-08-05
20160621,1.39,2026-08-05
20160622,1.39,2026-08-05
20160623,1.39,2026-08-05
20160624,1.37,2026-08-05
20160627,1.37,2026-08-05
20160628,1.37,2026-08-05
20160629,1.37,2026-08-05
20160630,1.37,2026-08-05
20160701,1.37,2026-08-05
20160704,1.37,2026-08-05
20160705,1.37,2026-08-05
20160706,1.37,2026-08-05
20160707,1.36,2026-08-05
20160708,1.36,2026-08-05
20160711,1.36,2026-08-05
20160712,1.36,2026-08-05
20160713,1.36,2026-08-05
20160714,1.36,2026-08-05
20160715,1.36,2026-08-05
20160718,1.36,2026-08-05
20160719,1.36,2026-08-05
20160720,1.36,2026-08-05
20160721,1.36,2026-08-05
20160722,1.36,2026-08-05
20160725,1.36,2026-08-05
20160726,1.36,2026-08-05
20160727,1.36,2026-08-05
20160728,1.36,2026-08-05
20160729,1.36,2026-08-05
20160801,1.36,2026-08-05
20160802,1.36,2026-08-05
20160803,1.36,2026-08-05
20160804,1.36,2026-08-05
20160805,1.36,2026-08-05
20160808,1.36,2026-08-05
20160809,1.36,2026-08-05
20160810,1.36,2026-08-05
20160811,1.35,2026-08-05
20160812,1.35,2026-08-05
20160816,1.35,2026-08-05
20160817,1.35,2026-08-05
20160818,1.34,2026-08-05
20160819,1.34,2026-08-05
20160822,1.34,2026-08-05
20160823,1.34,2026-08-05
20160824,1.34,2026-08-05
20160825,1.34,2026-08-05
20160826,1.34,2026-08-05
20160829,1.34,2026-08-05
20160830,1.34,2026-08-05
20160831,1.34,2026-08-05
20160901,1.34,2026-08-05
20160902,1.34,2026-08-05
20160905,1.34,2026-08-05
20160906,1.34,2026-08-05
20160907,1.34,2026-08-05
20160908,1.34,2026-08-05
20160909,1.34,2026-08-05
20160912,1.34,2026-08-05
20160913,1.34,2026-08-05
20160919,1.34,2026-08-05
20160920,1.34,2026-08-05
20160921,1.34,2026-08-05
20160922,1.34,2026-08-05
20160923,1.34,2026-08-05
20160926,1.34,2026-08-05
20160927,1.34,2026-08-05
20160928,1.34,2026-08-05
20160929,1.34,2026-08-05
20160930,1.34,2026-08-05
20161004,1.34,2026-08-05
20161005,1.34,2026-08-05
20161006,1.34,2026-08-05
20161007,1.34,2026-08-05
20161010,1.34,2026-08-05
20161011,1.34,2026-08-05
20161012,1.34,2026-08-05
20161013,1.34,2026-08-05
20161014,1.34,2026-08-05
20161017,1.34,2026-08-05
20161018,1.34,2026-08-05
20161019,1.34,2026-08-05
20161020,1.34,2026-08-05
20161021,1.36,2026-08-05
20161024,1.37,2026-08-05
20161025,1.38,2026-08-05
20161026,1.39,2026-08-05
20161027,1.39,2026-08-05
20161028,1.39,2026-08-05
20161031,1.39,2026-08-05
20161101,1.39,2026-08-05
20161102,1.39,2026-08-05
20161103,1.39,2026-08-05
20161104,1.39,2026-08-05
20161107,1.39,2026-08-05
20161108,1.39,2026-08-05
20161109,1.39,2026-08-05
20161110,1.39,2026-08-05
20161111,1.39,2026-08-05
20161114,1.39,2026-08-05
20161115,1.39,2026-08-05
20161116,1.39,2026-08-05
20161117,1.4,2026-08-05
20161118,1.4,2026-08-05
20161121,1.41,2026-08-05
20161122,1.42,2026-08-05
20161123,1.43,2026-08-05
20161124,1.46,2026-08-05
20161125,1.48,2026-08-05
20161128,1.49,2026-08-05
20161129,1.52,2026-08-05
20161130,1.52,2026-08-05
20161201,1.53,2026-08-05
20161202,1.54,2026-08-05
20161205,1.54,2026-08-05
20161206,1.54,2026-08-05
20161207,1.54,2026-08-05
20161208,1.54,2026-08-05
20161209,1.54,2026-08-05
20161212,1.54,2026-08-05
20161213,1.54,2026-08-05
20161214,1.54,2026-08-05
20161215,1.54,2026-08-05
20161216,1.54,2026-08-05
20161219,1.54,2026-08-05
20161220,1.54,2026-08-05
20161221,1.54,2026-08-05
20161222,1.54,2026-08-05
20161223,1.54,2026-08-05
20161226,1.54,2026-08-05
20161227,1.54,2026-08-05
20161228,1.53,2026-08-05
20161229,1.52,2026-08-05
20161230,1.52,2026-08-05
20170102,1.52,2026-08-05
20170103,1.52,2026-08-05
20170104,1.51,2026-08-05
20170105,1.51,2026-08-05
20170106,1.49,2026-08-05
20170109,1.49,2026-08-05
20170110,1.49,2026-08-05
20170111,1.49,2026-08-05
20170112,1.49,2026-08-05
20170113,1.49,2026-08-05
20170116,1.49,2026-08-05
20170117,1.49,2026-08-05
20170118,1.49,2026-08-05
20170119,1.49,2026-08-05
20170120,1.49,2026-08-05
20170123,1.49,2026-08-05
20170124,1.49,2026-08-05
20170125,1.49,2026-08-05
20170126,1.49,2026-08-05
20170131,1.49,2026-08-05
20170201,1.49,2026-08-05
20170202,1.49,2026-08-05
20170203,1.49,2026-08-05
20170206,1.49,2026-08-05
20170207,1.49,2026-08-05
20170208,1.49,2026-08-05
20170209,1.49,2026-08-05
20170210,1.49,2026-08-05
20170213,1.49,2026-08-05
20170214,1.49,2026-08-05
20170215,1.49,2026-08-05
20170216,1.49,2026-08-05
20170217,1.49,2026-08-05
20170220,1.49,2026-08-05
20170221,1.49,2026-08-05
20170222,1.49,2026-08-05
20170223,1.49,2026-08-05
20170224,1.49,2026-08-05
20170227,1.49,2026-08-05
20170228,1.49,2026-08-05
20170302,1.49,2026-08-05
20170303,1.49,2026-08-05
20170306,1.49,2026-08-05
20170307,1.49,2026-08-05
20170308,1.49,2026-08-05
20170309,1.49,2026-08-05
20170310,1.49,2026-08-05
20170313,1.49,2026-08-05
20170314,1.49,2026-08-05
20170315,1.49,2026-08-05
20170316,1.48,2026-08-05
20170317,1.48,2026-08-05
20170320,1.48,2026-08-05
20170321,1.48,2026-08-05
20170322,1.48,2026-08-05
20170323,1.47,2026-08-05
20170324,1.47,2026-08-05
20170327,1.47,2026-08-05
20170328,1.47,2026-08-05
20170329,1.45,2026-08-05
20170330,1.45,2026-08-05
20170331,1.45,2026-08-05
20170403,1.45,2026-08-05
20170404,1.45,2026-08-05
20170405,1.45,2026-08-05
20170406,1.45,2026-08-05
20170407,1.45,2026-08-05
20170410,1.45,2026-08-05
20170411,1.45,2026-08-05
20170412,1.43,2026-08-05
20170413,1.43,2026-08-05
20170414,1.42,2026-08-05
20170417,1.42,2026-08-05
20170418,1.42,2026-08-05
20170419,1.42,2026-08-05
20170420,1.42,2026-08-05
20170421,1.42,2026-08-05
20170424,1.42,2026-08-05
20170425,1.42,2026-08-05
20170426,1.41,2026-08-05
20170427,1.41,2026-08-05
20170428,1.41,2026-08-05
20170502,1.41,2026-08-05
20170504,1.41,2026-08-05
20170508,1.41,2026-08-05
20170510,1.41,2026-08-05
20170511,1.4,2026-08-05
20170512,1.4,2026-08-05
20170515,1.4,2026-08-05
20170516,1.4,2026-08-05
20170517,1.39,2026-08-05
20170518,1.39,2026-08-05
20170519,1.39,2026-08-05
20170522,1.39,2026-08-05
20170523,1.38,2026-08-05
20170524,1.38,2026-08-05
20170525,1.38,2026-08-05
20170526,1.38,2026-08-05
20170529,1.38,2026-08-05
20170530,1.38,2026-08-05
20170531,1.38,2026-08-05
20170601,1.38,2026-08-05
20170602,1.38,2026-08-05
20170605,1.38,2026-08-05
20170607,1.38,2026-08-05
20170608,1.38,2026-08-05
20170609,1.38,2026-08-05
20170612,1.38,2026-08-05
20170613,1.38,2026-08-05
20170614,1.38,2026-08-05
20170615,1.38,2026-08-05
20170616,1.38,2026-08-05
20170619,1.38,2026-08-05
20170620,1.38,2026-08-05
20170621,1.38,2026-08-05
20170622,1.38,2026-08-05
20170623,1.38,2026-08-05
20170626,1.38,2026-08-05
20170627,1.38,2026-08-05
20170628,1.38,2026-08-05
20170629,1.38,2026-08-05
20170630,1.38,2026-08-05
20170703,1.38,2026-08-05
20170704,1.38,2026-08-05
20170705,1.38,2026-08-05
20170706,1.39,2026-08-05
20170707,1.39,2026-08-05
20170710,1.39,2026-08-05
20170711,1.39,2026-08-05
20170712,1.39,2026-08-05
20170713,1.39,2026-08-05
20170714,1.39,2026-08-05
20170717,1.39,2026-08-05
20170718,1.39,2026-08-05
20170719,1.39,2026-08-05
20170720,1.39,2026-08-05
20170721,1.39,2026-08-05
20170724,1.39,2026-08-05
20170725,1.39,2026-08-05
20170726,1.39,2026-08-05
20170727,1.39,2026-08-05
20170728,1.39,2026-08-05
20170731,1.39,2026-08-05
20170801,1.39,2026-08-05
20170802,1.39,2026-08-05
20170803,1.39,2026-08-05
20170804,1.39,2026-08-05
20170807,1.39,2026-08-05
20170808,1.39,2026-08-05
20170809,1.39,2026-08-05
20170810,1.39,2026-08-05
20170811,1.39,2026-08-05
20170814,1.39,2026-08-05
20170816,1.39,2026-08-05
20170817,1.39,2026-08-05
20170818,1.39,2026-08-05
20170821,1.39,2026-08-05
20170822,1.39,2026-08-05
20170823,1.39,2026-08-05
20170824,1.39,2026-08-05
20170825,1.39,2026-08-05
20170828,1.39,2026-08-05
20170829,1.38,2026-08-05
20170830,1.38,2026-08-05
20170831,1.38,2026-08-05
20170901,1.38,2026-08-05
20170904,1.38,2026-08-05
20170905,1.38,2026-08-05
20170906,1.38,2026-08-05
20170907,1.38,2026-08-05
20170908,1.38,2026-08-05
20170911,1.38,2026-08-05
20170912,1.38,2026-08-05
20170913,1.38,2026-08-05
20170914,1.38,2026-08-05
20170915,1.38,2026-08-05
20170918,1.38,2026-08-05
20170919,1.38,2026-08-05
20170920,1.38,2026-08-05
20170921,1.38,2026-08-05
20170922,1.38,2026-08-05
20170925,1.38,2026-08-05
20170926,1.38,2026-08-05
20170927,1.38,2026-08-05
20170928,1.38,2026-08-05
20170929,1.38,2026-08-05
20171010,1.38,2026-08-05
20171011,1.38,2026-08-05
20171012,1.38,2026-08-05
20171013,1.38,2026-08-05
20171016,1.38,2026-08-05
20171017,1.38,2026-08-05
20171018,1.38,2026-08-05
20171019,1.38,2026-08-05
20171020,1.38,2026-08-05
20171023,1.38,2026-08-05
20171024,1.38,2026-08-05
20171025,1.38,2026-08-05
20171026,1.38,2026-08-05
20171027,1.4,2026-08-05
20171030,1.4,2026-08-05
20171031,1.4,2026-08-05
20171101,1.4,2026-08-05
20171102,1.4,2026-08-05
20171103,1.4,2026-08-05
20171106,1.4,2026-08-05
20171107,1.4,2026-08-05
20171108,1.4,2026-08-05
20171109,1.4,2026-08-05
20171110,1.4,2026-08-05
20171113,1.41,2026-08-05
20171114,1.42,2026-08-05
20171115,1.43,2026-08-05
20171116,1.44,2026-08-05
20171117,1.45,2026-08-05
20171120,1.46,2026-08-05
20171121,1.47,2026-08-05
20171122,1.48,2026-08-05
20171123,1.49,2026-08-05
20171124,1.5,2026-08-05
20171127,1.5,2026-08-05
20171128,1.5,2026-08-05
20171129,1.51,2026-08-05
20171130,1.64,2026-08-05
20171201,1.66,2026-08-05
20171204,1.66,2026-08-05
20171205,1.66,2026-08-05
20171206,1.66,2026-08-05
20171207,1.66,2026-08-05
20171208,1.66,2026-08-05
20171211,1.66,2026-08-05
20171212,1.66,2026-08-05
20171213,1.66,2026-08-05
20171214,1.66,2026-08-05
20171215,1.66,2026-08-05
20171218,1.66,2026-08-05
20171219,1.66,2026-08-05
20171220,1.66,2026-08-05
20171221,1.66,2026-08-05
20171222,1.66,2026-08-05
20171226,1.66,2026-08-05
20171227,1.66,2026-08-05
20171228,1.66,2026-08-05
20171229,1.66,2026-08-05
20180102,1.66,2026-08-05
20180103,1.66,2026-08-05
20180104,1.66,2026-08-05
20180105,1.66,2026-08-05
20180108,1.66,2026-08-05
20180109,1.66,2026-08-05
20180110,1.66,2026-08-05
20180111,1.66,2026-08-05
20180112,1.66,2026-08-05
20180115,1.66,2026-08-05
20180116,1.66,2026-08-05
20180117,1.65,2026-08-05
20180118,1.65,2026-08-05
20180119,1.65,2026-08-05
20180122,1.65,2026-08-05
20180123,1.65,2026-08-05
20180124,1.65,2026-08-05
20180125,1.65,2026-08-05
20180126,1.65,2026-08-05
20180129,1.65,2026-08-05
20180130,1.65,2026-08-05
20180131,1.65,2026-08-05
20180201,1.65,2026-08-05
20180202,1.65,2026-08-05
20180205,1.65,2026-08-05
20180206,1.65,2026-08-05
20180207,1.65,2026-08-05
20180208,1.65,2026-08-05
20180209,1.65,2026-08-05
20180212,1.65,2026-08-05
20180213,1.65,2026-08-05
20180214,1.65,2026-08-05
20180219,1.65,2026-08-05
20180220,1.65,2026-08-05
20180221,1.65,2026-08-05
20180222,1.65,2026-08-05
20180223,1.65,2026-08-05
20180226,1.65,2026-08-05
20180227,1.65,2026-08-05
20180228,1.65,2026-08-05
20180302,1.65,2026-08-05
20180305,1.65,2026-08-05
20180306,1.65,2026-08-05
20180307,1.65,2026-08-05
20180308,1.65,2026-08-05
20180309,1.65,2026-08-05
20180312,1.65,2026-08-05
20180313,1.65,2026-08-05
20180314,1.65,2026-08-05
20180315,1.65,2026-08-05
20180316,1.65,2026-08-05
20180319,1.65,2026-08-05
20180320,1.65,2026-08-05
20180321,1.65,2026-08-05
20180322,1.65,2026-08-05
20180323,1.65,2026-08-05
20180326,1.65,2026-08-05
20180327,1.65,2026-08-05
20180328,1.65,2026-08-05
20180329,1.65,2026-08-05
20180330,1.65,2026-08-05
20180402,1.65,2026-08-05
20180403,1.65,2026-08-05
20180404,1.65,2026-08-05
20180405,1.65,2026-08-05
20180406,1.65,2026-08-05
20180409,1.65,2026-08-05
20180410,1.65,2026-08-05
20180411,1.65,2026-08-05
20180412,1.65,2026-08-05
20180413,1.65,2026-08-05
20180416,1.65,2026-08-05
20180417,1.65,2026-08-05
20180418,1.65,2026-08-05
20180419,1.65,2026-08-05
20180420,1.65,2026-08-05
20180423,1.65,2026-08-05
20180424,1.65,2026-08-05
20180425,1.65,2026-08-05
20180426,1.65,2026-08-05
20180427,1.65,2026-08-05
20180430,1.65,2026-08-05
20180502,1.65,2026-08-05
20180503,1.65,2026-08-05
20180504,1.65,2026-08-05
20180508,1.65,2026-08-05
20180509,1.65,2026-08-05
20180510,1.65,2026-08-05
20180511,1.65,2026-08-05
20180514,1.65,2026-08-05
20180515,1.65,2026-08-05
20180516,1.65,2026-08-05
20180517,1.65,2026-08-05
20180518,1.65,2026-08-05
20180521,1.65,2026-08-05
20180523,1.65,2026-08-05
20180524,1.65,2026-08-05
20180525,1.65,2026-08-05
20180528,1.65,2026-08-05
20180529,1.65,2026-08-05
20180530,1.65,2026-08-05
20180531,1.65,2026-08-05
20180601,1.65,2026-08-05
20180604,1.65,2026-08-05
20180605,1.65,2026-08-05
20180607,1.65,2026-08-05
20180608,1.65,2026-08-05
20180611,1.65,2026-08-05
20180612,1.65,2026-08-05
20180614,1.65,2026-08-05
20180615,1.65,2026-08-05
20180618,1.65,2026-08-05
20180619,1.65,2026-08-05
20180620,1.65,2026-08-05
20180621,1.65,2026-08-05
20180622,1.65,2026-08-05
20180625,1.65,2026-08-05
20180626,1.65,2026-08-05
20180627,1.65,2026-08-05
20180628,1.65,2026-08-05
20180629,1.65,2026-08-05
20180702,1.65,2026-08-05
20180703,1.65,2026-08-05
20180704,1.65,2026-08-05
20180705,1.65,2026-08-05
20180706,1.65,2026-08-05
20180709,1.65,2026-08-05
20180710,1.65,2026-08-05
20180711,1.65,2026-08-05
20180712,1.65,2026-08-05
20180713,1.65,2026-08-05
20180716,1.65,2026-08-05
20180717,1.65,2026-08-05
20180718,1.65,2026-08-05
20180719,1.65,2026-08-05
20180720,1.65,2026-08-05
20180723,1.65,2026-08-05
20180724,1.65,2026-08-05
20180725,1.65,2026-08-05
20180726,1.65,2026-08-05
20180727,1.65,2026-08-05
20180730,1.65,2026-08-05
20180731,1.65,2026-08-05
20180801,1.65,2026-08-05
20180802,1.65,2026-08-05
20180803,1.65,2026-08-05
20180806,1.65,2026-08-05
20180807,1.65,2026-08-05
20180808,1.65,2026-08-05
20180809,1.65,2026-08-05
20180810,1.65,2026-08-05
20180813,1.65,2026-08-05
20180814,1.65,2026-08-05
20180816,1.65,2026-08-05
20180817,1.65,2026-08-05
20180820,1.65,2026-08-05
20180821,1.65,2026-08-05
20180822,1.65,2026-08-05
20180823,1.65,2026-08-05
20180824,1.65,2026-08-05
20180827,1.65,2026-08-05
20180828,1.65,2026-08-05
20180829,1.65,2026-08-05
20180830,1.65,2026-08-05
20180831,1.65,2026-08-05
20180903,1.65,2026-08-05
20180904,1.65,2026-08-05
20180905,1.65,2026-08-05
20180906,1.65,2026-08-05
20180907,1.65,2026-08-05
20180910,1.65,2026-08-05
20180911,1.65,2026-08-05
20180912,1.65,2026-08-05
20180913,1.65,2026-08-05
20180914,1.65,2026-08-05
20180917,1.65,2026-08-05
20180918,1.65,2026-08-05
20180919,1.65,2026-08-05
20180920,1.65,2026-08-05
20180921,1.65,2026-08-05
20180927,1.65,2026-08-05
20180928,1.65,2026-08-05
20181001,1.65,2026-08-05
20181002,1.65,2026-08-05
20181004,1.65,2026-08-05
20181005,1.65,2026-08-05
20181008,1.65,2026-08-05
20181010,1.65,2026-08-05
20181011,1.65,2026-08-05
20181012,1.66,2026-08-05
20181015,1.67,2026-08-05
20181016,1.68,2026-08-05
20181017,1.68,2026-08-05
20181018,1.69,2026-08-05
20181019,1.7,2026-08-05
20181022,1.7,2026-08-05
20181023,1.7,2026-08-05
20181024,1.7,2026-08-05
20181025,1.7,2026-08-05
20181026,1.7,2026-08-05
20181029,1.7,2026-08-05
20181030,1.7,2026-08-05
20181031,1.7,2026-08-05
20181101,1.7,2026-08-05
20181102,1.7,2026-08-05
20181105,1.7,2026-08-05
20181106,1.7,2026-08-05
20181107,1.7,2026-08-05
20181108,1.7,2026-08-05
20181109,1.7,2026-08-05
20181112,1.7,2026-08-05
20181113,1.7,2026-08-05
20181114,1.7,2026-08-05
20181115,1.7,2026-08-05
20181116,1.7,2026-08-05
20181119,1.7,2026-08-05
20181120,1.7,2026-08-05
20181121,1.7,2026-08-05
20181122,1.7,2026-08-05
20181123,1.7,2026-08-05
20181126,1.7,2026-08-05
20181127,1.7,2026-08-05
20181128,1.7,2026-08-05
20181129,1.7,2026-08-05
20181130,1.9,2026-08-05
20181203,1.9,2026-08-05
20181204,1.9,2026-08-05
20181205,1.9,2026-08-05
20181206,1.9,2026-08-05
20181207,1.9,2026-08-05
20181210,1.9,2026-08-05
20181211,1.9,2026-08-05
20181212,1.9,2026-08-05
20181213,1.9,2026-08-05
20181214,1.9,2026-08-05
20181217,1.9,2026-08-05
20181218,1.9,2026-08-05
20181219,1.9,2026-08-05
20181220,1.9,2026-08-05
20181221,1.9,2026-08-05
20181224,1.9,2026-08-05
20181226,1.92,2026-08-05
20181227,1.92,2026-08-05
20181228,1.93,2026-08-05
20181231,1.93,2026-08-05
20190102,1.93,2026-08-05
20190103,1.92,2026-08-05
20190104,1.86,2026-08-05
20190107,1.86,2026-08-05
20190108,1.86,2026-08-05
20190109,1.86,2026-08-05
20190110,1.86,2026-08-05
20190111,1.86,2026-08-05
20190114,1.86,2026-08-05
20190115,1.86,2026-08-05
20190116,1.86,2026-08-05
20190117,1.86,2026-08-05
20190118,1.86,2026-08-05
20190121,1.86,2026-08-05
20190122,1.86,2026-08-05
20190123,1.86,2026-08-05
20190124,1.86,2026-08-05
20190125,1.86,2026-08-05
20190128,1.86,2026-08-05
20190129,1.86,2026-08-05
20190130,1.86,2026-08-05
20190131,1.86,2026-08-05
20190201,1.86,2026-08-05
20190207,1.86,2026-08-05
20190208,1.86,2026-08-05
20190211,1.86,2026-08-05
20190212,1.86,2026-08-05
20190213,1.86,2026-08-05
20190214,1.86,2026-08-05
20190215,1.86,2026-08-05
20190218,1.87,2026-08-05
20190219,1.88,2026-08-05
20190220,1.89,2026-08-05
20190221,1.89,2026-08-05
20190222,1.89,2026-08-05
20190225,1.89,2026-08-05
20190226,1.89,2026-08-05
20190227,1.89,2026-08-05
20190228,1.89,2026-08-05
20190304,1.89,2026-08-05
20190305,1.89,2026-08-05
20190306,1.89,2026-08-05
20190307,1.89,2026-08-05
20190308,1.89,2026-08-05
20190311,1.89,2026-08-05
20190312,1.89,2026-08-05
20190313,1.89,2026-08-05
20190314,1.89,2026-08-05
20190315,1.9,2026-08-05
20190318,1.9,2026-08-05
20190319,1.9,2026-08-05
20190320,1.9,2026-08-05
20190321,1.9,2026-08-05
20190322,1.9,2026-08-05
20190325,1.9,2026-08-05
20190326,1.9,2026-08-05
20190327,1.9,2026-08-05
20190328,1.9,2026-08-05
20190329,1.9,2026-08-05
20190401,1.9,2026-08-05
20190402,1.89,2026-08-05
20190403,1.87,2026-08-05
20190404,1.87,2026-08-05
20190405,1.86,2026-08-05
20190408,1.86,2026-08-05
20190409,1.86,2026-08-05
20190410,1.86,2026-08-05
20190411,1.86,2026-08-05
20190412,1.86,2026-08-05
20190415,1.86,2026-08-05
20190416,1.86,2026-08-05
20190417,1.86,2026-08-05
20190418,1.86,2026-08-05
20190419,1.86,2026-08-05
20190422,1.85,2026-08-05
20190423,1.85,2026-08-05
20190424,1.85,2026-08-05
20190425,1.85,2026-08-05
20190426,1.84,2026-08-05
20190429,1.84,2026-08-05
20190430,1.84,2026-08-05
20190502,1.84,2026-08-05
20190503,1.84,2026-08-05
20190507,1.84,2026-08-05
20190508,1.84,2026-08-05
20190509,1.84,2026-08-05
20190510,1.84,2026-08-05
20190513,1.84,2026-08-05
20190514,1.84,2026-08-05
20190515,1.84,2026-08-05
20190516,1.84,2026-08-05
20190517,1.84,2026-08-05
20190520,1.84,2026-08-05
20190521,1.84,2026-08-05
20190522,1.84,2026-08-05
20190523,1.84,2026-08-05
20190524,1.84,2026-08-05
20190527,1.84,2026-08-05
20190528,1.84,2026-08-05
20190529,1.84,2026-08-05
20190530,1.84,2026-08-05
20190531,1.84,2026-08-05
20190603,1.82,2026-08-05
20190604,1.82,2026-08-05
20190605,1.82,2026-08-05
20190607,1.82,2026-08-05
20190610,1.82,2026-08-05
20190611,1.82,2026-08-05
20190612,1.81,2026-08-05
20190613,1.81,2026-08-05
20190614,1.81,2026-08-05
20190617,1.8,2026-08-05
20190618,1.8,2026-08-05
20190619,1.8,2026-08-05
20190620,1.8,2026-08-05
20190621,1.8,2026-08-05
20190624,1.79,2026-08-05
20190625,1.79,2026-08-05
20190626,1.78,2026-08-05
20190627,1.78,2026-08-05
20190628,1.78,2026-08-05
20190701,1.78,2026-08-05
20190702,1.78,2026-08-05
20190703,1.78,2026-08-05
20190704,1.78,2026-08-05
20190705,1.78,2026-08-05
20190708,1.78,2026-08-05
20190709,1.78,2026-08-05
20190710,1.78,2026-08-05
20190711,1.78,2026-08-05
20190712,1.78,2026-08-05
20190715,1.78,2026-08-05
20190716,1.78,2026-08-05
20190717,1.73,2026-08-05
20190718,1.61,2026-08-05
20190719,1.59,2026-08-05
20190722,1.59,2026-08-05
20190723,1.59,2026-08-05
20190724,1.56,2026-08-05
20190725,1.54,2026-08-05
20190726,1.53,2026-08-05
20190729,1.53,2026-08-05
20190730,1.52,2026-08-05
20190731,1.5,2026-08-05
20190801,1.5,2026-08-05
20190802,1.5,2026-08-05
20190805,1.5,2026-08-05
20190806,1.49,2026-08-05
20190807,1.49,2026-08-05
20190808,1.49,2026-08-05
20190809,1.49,2026-08-05
20190812,1.49,2026-08-05
20190813,1.49,2026-08-05
20190814,1.49,2026-08-05
20190816,1.49,2026-08-05
20190819,1.49,2026-08-05
20190820,1.49,2026-08-05
20190821,1.49,2026-08-05
20190822,1.49,2026-08-05
20190823,1.49,2026-08-05
20190826,1.49,2026-08-05
20190827,1.49,2026-08-05
20190828,1.49,2026-08-05
20190829,1.49,2026-08-05
20190830,1.49,2026-08-05
20190902,1.49,2026-08-05
20190903,1.49,2026-08-05
20190904,1.5,2026-08-05
20190905,1.53,2026-08-05
20190906,1.54,2026-08-05
20190909,1.54,2026-08-05
20190910,1.54,2026-08-05
20190911,1.54,2026-08-05
20190916,1.54,2026-08-05
20190917,1.54,2026-08-05
20190918,1.54,2026-08-05
20190919,1.55,2026-08-05
20190920,1.55,2026-08-05
20190923,1.55,2026-08-05
20190924,1.55,2026-08-05
20190925,1.55,2026-08-05
20190926,1.55,2026-08-05
20190927,1.55,2026-08-05
20190930,1.55,2026-08-05
20191001,1.55,2026-08-05
20191002,1.55,2026-08-05
20191004,1.55,2026-08-05
20191007,1.55,2026-08-05
20191008,1.55,2026-08-05
20191010,1.55,2026-08-05
20191011,1.55,2026-08-05
20191014,1.55,2026-08-05
20191015,1.55,2026-08-05
20191016,1.36,2026-08-05
20191017,1.36,2026-08-05
20191018,1.36,2026-08-05
20191021,1.36,2026-08-05
20191022,1.36,2026-08-05
20191023,1.36,2026-08-05
20191024,1.37,2026-08-05
20191025,1.37,2026-08-05
20191028,1.44,2026-08-05
20191029,1.44,2026-08-05
20191030,1.44,2026-08-05
20191031,1.44,2026-08-05
20191101,1.44,2026-08-05
20191104,1.46,2026-08-05
20191105,1.49,2026-08-05
20191106,1.5,2026-08-05
20191107,1.52,2026-08-05
20191108,1.52,2026-08-05
20191111,1.53,2026-08-05
20191112,1.53,2026-08-05
20191113,1.53,2026-08-05
20191114,1.53,2026-08-05
20191115,1.53,2026-08-05
20191118,1.53,2026-08-05
20191119,1.53,2026-08-05
20191120,1.53,2026-08-05
20191121,1.53,2026-08-05
20191122,1.53,2026-08-05
20191125,1.53,2026-08-05
20191126,1.53,2026-08-05
20191127,1.53,2026-08-05
20191128,1.53,2026-08-05
20191129,1.53,2026-08-05
20191202,1.53,2026-08-05
20191203,1.53,2026-08-05
20191204,1.53,2026-08-05
20191205,1.53,2026-08-05
20191206,1.53,2026-08-05
20191209,1.53,2026-08-05
20191210,1.53,2026-08-05
20191211,1.53,2026-08-05
20191212,1.53,2026-08-05
20191213,1.53,2026-08-05
20191216,1.53,2026-08-05
20191217,1.53,2026-08-05
20191218,1.53,2026-08-05
20191219,1.53,2026-08-05
20191220,1.53,2026-08-05
20191223,1.53,2026-08-05
20191224,1.53,2026-08-05
20191226,1.53,2026-08-05
20191227,1.53,2026-08-05
20191230,1.53,2026-08-05
20191231,1.53,2026-08-05
20200102,1.53,2026-08-05
20200103,1.53,2026-08-05
20200106,1.49,2026-08-05
20200107,1.46,2026-08-05
20200108,1.46,2026-08-05
20200109,1.46,2026-08-05
20200110,1.46,2026-08-05
20200113,1.46,2026-08-05
20200114,1.46,2026-08-05
20200115,1.46,2026-08-05
20200116,1.46,2026-08-05
20200117,1.46,2026-08-05
20200120,1.46,2026-08-05
20200121,1.46,2026-08-05
20200122,1.46,2026-08-05
20200123,1.46,2026-08-05
20200128,1.46,2026-08-05
20200129,1.46,2026-08-05
20200130,1.43,2026-08-05
20200131,1.42,2026-08-05
20200203,1.42,2026-08-05
20200204,1.42,2026-08-05
20200205,1.42,2026-08-05
20200206,1.42,2026-08-05
20200207,1.42,2026-08-05
20200210,1.42,2026-08-05
20200211,1.42,2026-08-05
20200212,1.42,2026-08-05
20200213,1.42,2026-08-05
20200214,1.42,2026-08-05
20200217,1.42,2026-08-05
20200218,1.42,2026-08-05
20200219,1.42,2026-08-05
20200220,1.41,2026-08-05
20200221,1.41,2026-08-05
20200224,1.41,2026-08-05
20200225,1.41,2026-08-05
20200226,1.41,2026-08-05
20200227,1.41,2026-08-05
20200228,1.41,2026-08-05
20200302,1.41,2026-08-05
20200303,1.41,2026-08-05
20200304,1.4,2026-08-05
20200305,1.4,2026-08-05
20200306,1.4,2026-08-05
20200309,1.4,2026-08-05
20200310,1.4,2026-08-05
20200311,1.4,2026-08-05
20200312,1.39,2026-08-05
20200313,1.39,2026-08-05
20200316,1.39,2026-08-05
20200317,1.02,2026-08-05
20200318,1.02,2026-08-05
20200319,1.02,2026-08-05
20200320,1.02,2026-08-05
20200323,1.02,2026-08-05
20200324,1.07,2026-08-05
20200325,1.1,2026-08-05
20200326,1.1,2026-08-05
20200327,1.1,2026-08-05
20200330,1.1,2026-08-05
20200331,1.1,2026-08-05
20200401,1.1,2026-08-05
20200402,1.1,2026-08-05
20200403,1.1,2026-08-05
20200406,1.1,2026-08-05
20200407,1.1,2026-08-05
20200408,1.1,2026-08-05
20200409,1.1,2026-08-05
20200410,1.1,2026-08-05
20200413,1.1,2026-08-05
20200414,1.1,2026-08-05
20200416,1.1,2026-08-05
20200417,1.1,2026-08-05
20200420,1.1,2026-08-05
20200421,1.1,2026-08-05
20200422,1.1,2026-08-05
20200423,1.1,2026-08-05
20200424,1.1,2026-08-05
20200427,1.1,2026-08-05
20200428,1.1,2026-08-05
20200429,1.1,2026-08-05
20200504,1.1,2026-08-05
20200506,1.1,2026-08-05
20200507,1.08,2026-08-05
20200508,1.08,2026-08-05
20200511,1.05,2026-08-05
20200512,1.05,2026-08-05
20200513,1.05,2026-08-05
20200514,1.05,2026-08-05
20200515,1.05,2026-08-05
20200518,1.05,2026-08-05
20200519,1.02,2026-08-05
20200520,1.02,2026-08-05
20200521,1.02,2026-08-05
20200522,1.02,2026-08-05
20200525,1.02,2026-08-05
20200526,1.02,2026-08-05
20200527,1.02,2026-08-05
20200528,0.81,2026-08-05
20200529,0.81,2026-08-05
20200601,0.81,2026-08-05
20200602,0.81,2026-08-05
20200603,0.81,2026-08-05
20200604,0.8,2026-08-05
20200605,0.79,2026-08-05
20200608,0.79,2026-08-05
20200609,0.79,2026-08-05
20200610,0.79,2026-08-05
20200611,0.79,2026-08-05
20200612,0.79,2026-08-05
20200615,0.79,2026-08-05
20200616,0.79,2026-08-05
20200617,0.79,2026-08-05
20200618,0.79,2026-08-05
20200619,0.79,2026-08-05
20200622,0.79,2026-08-05
20200623,0.79,2026-08-05
20200624,0.79,2026-08-05
20200625,0.79,2026-08-05
20200626,0.79,2026-08-05
20200629,0.79,2026-08-05
20200630,0.79,2026-08-05
20200701,0.79,2026-08-05
20200702,0.79,2026-08-05
20200703,0.79,2026-08-05
20200706,0.79,2026-08-05
20200707,0.79,2026-08-05
20200708,0.79,2026-08-05
20200709,0.79,2026-08-05
20200710,0.79,2026-08-05
20200713,0.79,2026-08-05
20200714,0.79,2026-08-05
20200715,0.79,2026-08-05
20200716,0.79,2026-08-05
20200717,0.79,2026-08-05
20200720,0.79,2026-08-05
20200721,0.79,2026-08-05
20200722,0.79,2026-08-05
20200723,0.78,2026-08-05
20200724,0.78,2026-08-05
20200727,0.78,2026-08-05
20200728,0.78,2026-08-05
20200729,0.78,2026-08-05
20200730,0.78,2026-08-05
20200731,0.78,2026-08-05
20200803,0.78,2026-08-05
20200804,0.76,2026-08-05
20200805,0.76,2026-08-05
20200806,0.76,2026-08-05
20200807,0.75,2026-08-05
20200810,0.74,2026-08-05
20200811,0.73,2026-08-05
20200812,0.7,2026-08-05
20200813,0.67,2026-08-05
20200814,0.65,2026-08-05
20200818,0.64,2026-08-05
20200819,0.63,2026-08-05
20200820,0.63,2026-08-05
20200821,0.63,2026-08-05
20200824,0.63,2026-08-05
20200825,0.63,2026-08-05
20200826,0.63,2026-08-05
20200827,0.63,2026-08-05
20200828,0.63,2026-08-05
20200831,0.63,2026-08-05
20200901,0.63,2026-08-05
20200902,0.63,2026-08-05
20200903,0.63,2026-08-05
20200904,0.63,2026-08-05
20200907,0.63,2026-08-05
20200908,0.63,2026-08-05
20200909,0.63,2026-08-05
20200910,0.63,2026-08-05
20200911,0.63,2026-08-05
20200914,0.63,2026-08-05
20200915,0.63,2026-08-05
20200916,0.63,2026-08-05
20200917,0.63,2026-08-05
20200918,0.63,2026-08-05
20200921,0.63,2026-08-05
20200922,0.63,2026-08-05
20200923,0.63,2026-08-05
20200924,0.63,2026-08-05
20200925,0.63,2026-08-05
20200928,0.63,2026-08-05
20200929,0.63,2026-08-05
20201005,0.63,2026-08-05
20201006,0.63,2026-08-05
20201007,0.63,2026-08-05
20201008,0.63,2026-08-05
20201012,0.63,2026-08-05
20201013,0.63,2026-08-05
20201014,0.63,2026-08-05
20201015,0.63,2026-08-05
20201016,0.63,2026-08-05
20201019,0.63,2026-08-05
20201020,0.63,2026-08-05
20201021,0.63,2026-08-05
20201022,0.63,2026-08-05
20201023,0.63,2026-08-05
20201026,0.63,2026-08-05
20201027,0.63,2026-08-05
20201028,0.63,2026-08-05
20201029,0.63,2026-08-05
20201030,0.63,2026-08-05
20201102,0.63,2026-08-05
20201103,0.67,2026-08-05
20201104,0.67,2026-08-05
20201105,0.66,2026-08-05
20201106,0.66,2026-08-05
20201109,0.66,2026-08-05
20201110,0.66,2026-08-05
20201111,0.66,2026-08-05
20201112,0.66,2026-08-05
20201113,0.66,2026-08-05
20201116,0.66,2026-08-05
20201117,0.66,2026-08-05
20201118,0.66,2026-08-05
20201119,0.66,2026-08-05
20201120,0.66,2026-08-05
20201123,0.66,2026-08-05
20201124,0.66,2026-08-05
20201125,0.66,2026-08-05
20201126,0.66,2026-08-05
20201127,0.66,2026-08-05
20201130,0.66,2026-08-05
20201201,0.66,2026-08-05
20201202,0.66,2026-08-05
20201203,0.66,2026-08-05
20201204,0.66,2026-08-05
20201207,0.66,2026-08-05
20201208,0.66,2026-08-05
20201209,0.66,2026-08-05
20201210,0.66,2026-08-05
20201211,0.66,2026-08-05
20201214,0.66,2026-08-05
20201215,0.66,2026-08-05
20201216,0.66,2026-08-05
20201217,0.66,2026-08-05
20201218,0.66,2026-08-05
20201221,0.66,2026-08-05
20201222,0.66,2026-08-05
20201223,0.66,2026-08-05
20201224,0.66,2026-08-05
20201228,0.66,2026-08-05
20201229,0.66,2026-08-05
20201230,0.66,2026-08-05
20201231,0.66,2026-08-05
20210104,0.66,2026-08-05
20210105,0.66,2026-08-05
20210106,0.66,2026-08-05
20210107,0.66,2026-08-05
20210108,0.66,2026-08-05
20210111,0.66,2026-08-05
20210112,0.66,2026-08-05
20210113,0.67,2026-08-05
20210114,0.67,2026-08-05
20210115,0.67,2026-08-05
20210118,0.69,2026-08-05
20210119,0.69,2026-08-05
20210120,0.69,2026-08-05
20210121,0.69,2026-08-05
20210122,0.69,2026-08-05
20210125,0.69,2026-08-05
20210126,0.69,2026-08-05
20210127,0.7,2026-08-05
20210128,0.7,2026-08-05
20210129,0.7,2026-08-05
20210201,0.7,2026-08-05
20210202,0.73,2026-08-05
20210203,0.73,2026-08-05
20210204,0.73,2026-08-05
20210205,0.73,2026-08-05
20210208,0.73,2026-08-05
20210209,0.73,2026-08-05
20210210,0.73,2026-08-05
20210215,0.73,2026-08-05
20210216,0.74,2026-08-05
20210217,0.74,2026-08-05
20210218,0.74,2026-08-05
20210219,0.74,2026-08-05
20210222,0.74,2026-08-05
20210223,0.74,2026-08-05
20210224,0.74,2026-08-05
20210225,0.74,2026-08-05
20210226,0.74,2026-08-05
20210302,0.74,2026-08-05
20210303,0.74,2026-08-05
20210304,0.74,2026-08-05
20210305,0.74,2026-08-05
20210308,0.74,2026-08-05
20210309,0.75,2026-08-05
20210310,0.75,2026-08-05
20210311,0.75,2026-08-05
20210312,0.75,2026-08-05
20210315,0.75,2026-08-05
20210316,0.75,2026-08-05
20210317,0.75,2026-08-05
20210318,0.75,2026-08-05
20210319,0.75,2026-08-05
20210322,0.75,2026-08-05
20210323,0.75,2026-08-05
20210324,0.75,2026-08-05
20210325,0.75,2026-08-05
20210326,0.75,2026-08-05
20210329,0.75,2026-08-05
20210330,0.75,2026-08-05
20210331,0.75,2026-08-05
20210401,0.75,2026-08-05
20210402,0.75,2026-08-05
20210405,0.75,2026-08-05
20210406,0.75,2026-08-05
20210407,0.75,2026-08-05
20210408,0.75,2026-08-05
20210409,0.75,2026-08-05
20210412,0.75,2026-08-05
20210413,0.73,2026-08-05
20210414,0.73,2026-08-05
20210415,0.73,2026-08-05
20210416,0.73,2026-08-05
20210419,0.73,2026-08-05
20210420,0.73,2026-08-05
20210421,0.73,2026-08-05
20210422,0.73,2026-08-05
20210423,0.73,2026-08-05
20210426,0.73,2026-08-05
20210427,0.73,2026-08-05
20210428,0.73,2026-08-05
20210429,0.73,2026-08-05
20210430,0.73,2026-08-05
20210503,0.73,2026-08-05
20210504,0.73,2026-08-05
20210506,0.73,2026-08-05
20210507,0.72,2026-08-05
20210510,0.71,2026-08-05
20210511,0.69,2026-08-05
20210512,0.69,2026-08-05
20210513,0.67,2026-08-05
20210514,0.67,2026-08-05
20210517,0.67,2026-08-05
20210518,0.67,2026-08-05
20210520,0.66,2026-08-05
20210521,0.66,2026-08-05
20210524,0.66,2026-08-05
20210525,0.66,2026-08-05
20210526,0.66,2026-08-05
20210527,0.66,2026-08-05
20210528,0.66,2026-08-05
20210531,0.66,2026-08-05
20210601,0.66,2026-08-05
20210602,0.66,2026-08-05
20210603,0.66,2026-08-05
20210604,0.66,2026-08-05
20210607,0.66,2026-08-05
20210608,0.66,2026-08-05
20210609,0.66,2026-08-05
20210610,0.66,2026-08-05
20210611,0.66,2026-08-05
20210614,0.66,2026-08-05
20210615,0.66,2026-08-05
20210616,0.66,2026-08-05
20210617,0.66,2026-08-05
20210618,0.66,2026-08-05
20210621,0.66,2026-08-05
20210622,0.66,2026-08-05
20210623,0.66,2026-08-05
20210624,0.67,2026-08-05
20210625,0.67,2026-08-05
20210628,0.67,2026-08-05
20210629,0.68,2026-08-05
20210630,0.68,2026-08-05
20210701,0.69,2026-08-05
20210702,0.69,2026-08-05
20210705,0.69,2026-08-05
20210706,0.69,2026-08-05
20210707,0.69,2026-08-05
20210708,0.69,2026-08-05
20210709,0.68,2026-08-05
20210712,0.68,2026-08-05
20210713,0.69,2026-08-05
20210714,0.69,2026-08-05
20210715,0.69,2026-08-05
20210716,0.7,2026-08-05
20210719,0.7,2026-08-05
20210720,0.7,2026-08-05
20210721,0.7,2026-08-05
20210722,0.7,2026-08-05
20210723,0.7,2026-08-05
20210726,0.7,2026-08-05
20210727,0.7,2026-08-05
20210728,0.7,2026-08-05
20210729,0.7,2026-08-05
20210730,0.7,2026-08-05
20210802,0.7,2026-08-05
20210803,0.7,2026-08-05
20210804,0.7,2026-08-05
20210805,0.7,2026-08-05
20210806,0.7,2026-08-05
20210809,0.7,2026-08-05
20210810,0.71,2026-08-05
20210811,0.71,2026-08-05
20210812,0.72,2026-08-05
20210813,0.73,2026-08-05
20210817,0.74,2026-08-05
20210818,0.75,2026-08-05
20210819,0.76,2026-08-05
20210820,0.76,2026-08-05
20210823,0.77,2026-08-05
20210824,0.77,2026-08-05
20210825,0.77,2026-08-05
20210826,0.92,2026-08-05
20210827,0.92,2026-08-05
20210830,0.92,2026-08-05
20210831,0.92,2026-08-05
20210901,0.92,2026-08-05
20210902,0.92,2026-08-05
20210903,0.92,2026-08-05
20210906,0.92,2026-08-05
20210907,0.92,2026-08-05
20210908,0.92,2026-08-05
20210909,0.93,2026-08-05
20210910,0.96,2026-08-05
20210913,1,2026-08-05
20210914,1,2026-08-05
20210915,1.01,2026-08-05
20210916,1.01,2026-08-05
20210917,1.01,2026-08-05
20210923,1.02,2026-08-05
20210924,1.02,2026-08-05
20210927,1.03,2026-08-05
20210928,1.04,2026-08-05
20210929,1.04,2026-08-05
20210930,1.04,2026-08-05
20211001,1.04,2026-08-05
20211005,1.04,2026-08-05
20211006,1.05,2026-08-05
20211007,1.05,2026-08-05
20211008,1.05,2026-08-05
20211012,1.06,2026-08-05
20211013,1.07,2026-08-05
20211014,1.07,2026-08-05
20211015,1.07,2026-08-05
20211018,1.08,2026-08-05
20211019,1.09,2026-08-05
20211020,1.09,2026-08-05
20211021,1.09,2026-08-05
20211022,1.09,2026-08-05
20211025,1.09,2026-08-05
20211026,1.09,2026-08-05
20211027,1.1,2026-08-05
20211028,1.1,2026-08-05
20211029,1.12,2026-08-05
20211101,1.12,2026-08-05
20211102,1.12,2026-08-05
20211103,1.12,2026-08-05
20211104,1.13,2026-08-05
20211105,1.13,2026-08-05
20211108,1.14,2026-08-05
20211109,1.14,2026-08-05
20211110,1.15,2026-08-05
20211111,1.15,2026-08-05
20211112,1.15,2026-08-05
20211115,1.15,2026-08-05
20211116,1.15,2026-08-05
20211117,1.15,2026-08-05
20211118,1.15,2026-08-05
20211119,1.17,2026-08-05
20211122,1.18,2026-08-05
20211123,1.19,2026-08-05
20211124,1.2,2026-08-05
20211125,1.25,2026-08-05
20211126,1.25,2026-08-05
20211129,1.25,2026-08-05
20211130,1.26,2026-08-05
20211201,1.26,2026-08-05
20211202,1.26,2026-08-05
20211203,1.27,2026-08-05
20211206,1.27,2026-08-05
20211207,1.27,2026-08-05
20211208,1.27,2026-08-05
20211209,1.27,2026-08-05
20211210,1.27,2026-08-05
20211213,1.27,2026-08-05
20211214,1.27,2026-08-05
20211215,1.27,2026-08-05
20211216,1.27,2026-08-05
20211217,1.27,2026-08-05
20211220,1.27,2026-08-05
20211221,1.27,2026-08-05
20211222,1.27,2026-08-05
20211223,1.27,2026-08-05
20211224,1.27,2026-08-05
20211227,1.28,2026-08-05
20211228,1.28,2026-08-05
20211229,1.28,2026-08-05
20211230,1.29,2026-08-05
20211231,1.29,2026-08-05
20220103,1.3,2026-08-05
20220104,1.3,2026-08-05
20220105,1.3,2026-08-05
20220106,1.3,2026-08-05
20220107,1.3,2026-08-05
20220110,1.3,2026-08-05
20220111,1.3,2026-08-05
20220112,1.31,2026-08-05
20220113,1.35,2026-08-05
20220114,1.43,2026-08-05
20220117,1.44,2026-08-05
20220118,1.45,2026-08-05
20220119,1.46,2026-08-05
20220120,1.46,2026-08-05
20220121,1.46,2026-08-05
20220124,1.46,2026-08-05
20220125,1.48,2026-08-05
20220126,1.49,2026-08-05
20220127,1.5,2026-08-05
20220128,1.5,2026-08-05
20220203,1.5,2026-08-05
20220204,1.5,2026-08-05
20220207,1.5,2026-08-05
20220208,1.5,2026-08-05
20220209,1.5,2026-08-05
20220210,1.5,2026-08-05
20220211,1.5,2026-08-05
20220214,1.5,2026-08-05
20220215,1.5,2026-08-05
20220216,1.5,2026-08-05
20220217,1.5,2026-08-05
20220218,1.5,2026-08-05
20220221,1.5,2026-08-05
20220222,1.5,2026-08-05
20220223,1.5,2026-08-05
20220224,1.5,2026-08-05
20220225,1.5,2026-08-05
20220228,1.5,2026-08-05
20220302,1.5,2026-08-05
20220303,1.5,2026-08-05
20220304,1.5,2026-08-05
20220307,1.5,2026-08-05
20220308,1.5,2026-08-05
20220310,1.5,2026-08-05
20220311,1.5,2026-08-05
20220314,1.5,2026-08-05
20220315,1.5,2026-08-05
20220316,1.5,2026-08-05
20220317,1.5,2026-08-05
20220318,1.5,2026-08-05
20220321,1.5,2026-08-05
20220322,1.5,2026-08-05
20220323,1.5,2026-08-05
20220324,1.51,2026-08-05
20220325,1.51,2026-08-05
20220328,1.51,2026-08-05
20220329,1.51,2026-08-05
20220330,1.51,2026-08-05
20220331,1.51,2026-08-05
20220401,1.51,2026-08-05
20220404,1.51,2026-08-05
20220405,1.51,2026-08-05
20220406,1.51,2026-08-05
20220407,1.51,2026-08-05
20220408,1.51,2026-08-05
20220411,1.51,2026-08-05
20220412,1.51,2026-08-05
20220413,1.51,2026-08-05
20220414,1.72,2026-08-05
20220415,1.72,2026-08-05
20220418,1.72,2026-08-05
20220419,1.72,2026-08-05
20220420,1.72,2026-08-05
20220421,1.72,2026-08-05
20220422,1.72,2026-08-05
20220425,1.72,2026-08-05
20220426,1.72,2026-08-05
20220427,1.72,2026-08-05
20220428,1.72,2026-08-05
20220429,1.72,2026-08-05
20220502,1.72,2026-08-05
20220503,1.72,2026-08-05
20220504,1.72,2026-08-05
20220506,1.72,2026-08-05
20220509,1.72,2026-08-05
20220510,1.72,2026-08-05
20220511,1.72,2026-08-05
20220512,1.72,2026-08-05
20220513,1.72,2026-08-05
20220516,1.72,2026-08-05
20220517,1.72,2026-08-05
20220518,1.72,2026-08-05
20220519,1.72,2026-08-05
20220520,1.72,2026-08-05
20220523,1.75,2026-08-05
20220524,1.75,2026-08-05
20220525,1.75,2026-08-05
20220526,1.96,2026-08-05
20220527,1.96,2026-08-05
20220530,1.96,2026-08-05
20220531,1.96,2026-08-05
20220602,1.96,2026-08-05
20220603,1.96,2026-08-05
20220607,1.96,2026-08-05
20220608,1.96,2026-08-05
20220609,1.96,2026-08-05
20220610,1.96,2026-08-05
20220613,1.96,2026-08-05
20220614,1.97,2026-08-05
20220615,1.97,2026-08-05
20220616,1.99,2026-08-05
20220617,1.99,2026-08-05
20220620,1.99,2026-08-05
20220621,1.99,2026-08-05
20220622,2,2026-08-05
20220623,2,2026-08-05
20220624,2,2026-08-05
20220627,2,2026-08-05
20220628,2.02,2026-08-05
20220629,2.04,2026-08-05
20220630,2.04,2026-08-05
20220701,2.05,2026-08-05
20220704,2.05,2026-08-05
20220705,2.05,2026-08-05
20220706,2.05,2026-08-05
20220707,2.05,2026-08-05
20220708,2.05,2026-08-05
20220711,2.12,2026-08-05
20220712,2.14,2026-08-05
20220713,2.57,2026-08-05
20220714,2.58,2026-08-05
20220715,2.58,2026-08-05
20220718,2.58,2026-08-05
20220719,2.58,2026-08-05
20220720,2.58,2026-08-05
20220721,2.58,2026-08-05
20220722,2.58,2026-08-05
20220725,2.59,2026-08-05
20220726,2.61,2026-08-05
20220727,2.68,2026-08-05
20220728,2.74,2026-08-05
20220729,2.73,2026-08-05
20220801,2.73,2026-08-05
20220802,2.73,2026-08-05
20220803,2.73,2026-08-05
20220804,2.74,2026-08-05
20220805,2.74,2026-08-05
20220808,2.75,2026-08-05
20220809,2.75,2026-08-05
20220810,2.76,2026-08-05
20220811,2.76,2026-08-05
20220812,2.76,2026-08-05
20220816,2.76,2026-08-05
20220817,2.76,2026-08-05
20220818,2.76,2026-08-05
20220819,2.76,2026-08-05
20220822,2.76,2026-08-05
20220823,2.76,2026-08-05
20220824,2.76,2026-08-05
20220825,2.92,2026-08-05
20220826,2.92,2026-08-05
20220829,2.92,2026-08-05
20220830,2.92,2026-08-05
20220831,2.92,2026-08-05
20220901,2.92,2026-08-05
20220902,2.93,2026-08-05
20220905,2.93,2026-08-05
20220906,2.93,2026-08-05
20220907,2.93,2026-08-05
20220908,2.93,2026-08-05
20220913,2.93,2026-08-05
20220914,2.94,2026-08-05
20220915,2.96,2026-08-05
20220916,2.97,2026-08-05
20220919,2.99,2026-08-05
20220920,3,2026-08-05
20220921,3.02,2026-08-05
20220922,3.04,2026-08-05
20220923,3.07,2026-08-05
20220926,3.09,2026-08-05
20220927,3.12,2026-08-05
20220928,3.14,2026-08-05
20220929,3.2,2026-08-05
20220930,3.24,2026-08-05
20221004,3.28,2026-08-05
20221005,3.32,2026-08-05
20221006,3.32,2026-08-05
20221007,3.32,2026-08-05
20221011,3.32,2026-08-05
20221012,3.63,2026-08-05
20221013,3.66,2026-08-05
20221014,3.66,2026-08-05
20221017,3.7,2026-08-05
20221018,3.76,2026-08-05
20221019,3.81,2026-08-05
20221020,3.85,2026-08-05
20221021,3.9,2026-08-05
20221024,3.92,2026-08-05
20221025,3.93,2026-08-05
20221026,3.94,2026-08-05
20221027,3.94,2026-08-05
20221028,3.95,2026-08-05
20221031,3.96,2026-08-05
20221101,3.97,2026-08-05
20221102,3.97,2026-08-05
20221103,3.97,2026-08-05
20221104,3.97,2026-08-05
20221107,3.97,2026-08-05
20221108,3.97,2026-08-05
20221109,3.97,2026-08-05
20221110,3.97,2026-08-05
20221111,3.97,2026-08-05
20221114,3.97,2026-08-05
20221115,3.97,2026-08-05
20221116,3.97,2026-08-05
20221117,3.99,2026-08-05
20221118,3.99,2026-08-05
20221121,4.01,2026-08-05
20221122,4.02,2026-08-05
20221123,4.02,2026-08-05
20221124,4.03,2026-08-05
20221125,4.03,2026-08-05
20221128,4.03,2026-08-05
20221129,4.03,2026-08-05
20221130,4.03,2026-08-05
20221201,4.03,2026-08-05
20221202,4.03,2026-08-05
20221205,4.03,2026-08-05
20221206,4.03,2026-08-05
20221207,4.03,2026-08-05
20221208,4.03,2026-08-05
20221209,4.03,2026-08-05
20221212,4.03,2026-08-05
20221213,4.03,2026-08-05
20221214,4.03,2026-08-05
20221215,4.03,2026-08-05
20221216,4.03,2026-08-05
20221219,4.03,2026-08-05
20221220,4.03,2026-08-05
20221221,4.03,2026-08-05
20221222,4.03,2026-08-05
20221223,4.03,2026-08-05
20221226,4.03,2026-08-05
20221227,3.98,2026-08-05
20221228,3.98,2026-08-05
20221229,3.98,2026-08-05
20221230,3.98,2026-08-05
20230102,3.98,2026-08-05
20230103,3.96,2026-08-05
20230104,3.96,2026-08-05
20230105,3.96,2026-08-05
20230106,3.92,2026-08-05
20230109,3.92,2026-08-05
20230110,3.9,2026-08-05
20230111,3.88,2026-08-05
20230112,3.87,2026-08-05
20230113,3.88,2026-08-05
20230116,3.79,2026-08-05
20230117,3.74,2026-08-05
20230118,3.7,2026-08-05
20230119,3.68,2026-08-05
20230120,3.67,2026-08-05
20230125,3.66,2026-08-05
20230126,3.65,2026-08-05
20230127,3.64,2026-08-05
20230130,3.63,2026-08-05
20230131,3.63,2026-08-05
20230201,3.59,2026-08-05
20230202,3.52,2026-08-05
20230203,3.49,2026-08-05
20230206,3.47,2026-08-05
20230207,3.46,2026-08-05
20230208,3.46,2026-08-05
20230209,3.46,2026-08-05
20230210,3.47,2026-08-05
20230213,3.48,2026-08-05
20230214,3.48,2026-08-05
20230215,3.49,2026-08-05
20230216,3.5,2026-08-05
20230217,3.52,2026-08-05
20230220,3.53,2026-08-05
20230221,3.54,2026-08-05
20230222,3.56,2026-08-05
20230223,3.59,2026-08-05
20230224,3.59,2026-08-05
20230227,3.59,2026-08-05
20230228,3.59,2026-08-05
20230302,3.61,2026-08-05
20230303,3.61,2026-08-05
20230306,3.61,2026-08-05
20230307,3.61,2026-08-05
20230308,3.61,2026-08-05
20230309,3.61,2026-08-05
20230310,3.61,2026-08-05
20230313,3.61,2026-08-05
20230314,3.61,2026-08-05
20230315,3.61,2026-08-05
20230316,3.62,2026-08-05
20230317,3.62,2026-08-05
20230320,3.62,2026-08-05
20230321,3.62,2026-08-05
20230322,3.62,2026-08-05
20230323,3.62,2026-08-05
20230324,3.59,2026-08-05
20230327,3.59,2026-08-05
20230328,3.59,2026-08-05
20230329,3.59,2026-08-05
20230330,3.59,2026-08-05
20230331,3.59,2026-08-05
20230403,3.59,2026-08-05
20230404,3.59,2026-08-05
20230405,3.59,2026-08-05
20230406,3.58,2026-08-05
20230407,3.53,2026-08-05
20230410,3.51,2026-08-05
20230411,3.48,2026-08-05
20230412,3.43,2026-08-05
20230413,3.43,2026-08-05
20230414,3.43,2026-08-05
20230417,3.43,2026-08-05
20230418,3.44,2026-08-05
20230419,3.45,2026-08-05
20230420,3.47,2026-08-05
20230421,3.49,2026-08-05
20230424,3.49,2026-08-05
20230425,3.49,2026-08-05
20230426,3.5,2026-08-05
20230427,3.52,2026-08-05
20230428,3.52,2026-08-05
20230502,3.53,2026-08-05
20230503,3.55,2026-08-05
20230504,3.55,2026-08-05
20230508,3.55,2026-08-05
20230509,3.55,2026-08-05
20230510,3.59,2026-08-05
20230511,3.6,2026-08-05
20230512,3.61,2026-08-05
20230515,3.62,2026-08-05
20230516,3.62,2026-08-05
20230517,3.65,2026-08-05
20230518,3.66,2026-08-05
20230519,3.67,2026-08-05
20230522,3.68,2026-08-05
20230523,3.7,2026-08-05
20230524,3.73,2026-08-05
20230525,3.75,2026-08-05
20230526,3.75,2026-08-05
20230530,3.76,2026-08-05
20230531,3.76,2026-08-05
20230601,3.76,2026-08-05
20230602,3.76,2026-08-05
20230605,3.76,2026-08-05
20230607,3.75,2026-08-05
20230608,3.75,2026-08-05
20230609,3.75,2026-08-05
20230612,3.75,2026-08-05
20230613,3.75,2026-08-05
20230614,3.75,2026-08-05
20230615,3.75,2026-08-05
20230616,3.75,2026-08-05
20230619,3.75,2026-08-05
20230620,3.75,2026-08-05
20230621,3.75,2026-08-05
20230622,3.75,2026-08-05
20230623,3.75,2026-08-05
20230626,3.75,2026-08-05
20230627,3.75,2026-08-05
20230628,3.75,2026-08-05
20230629,3.75,2026-08-05
20230630,3.75,2026-08-05
20230703,3.75,2026-08-05
20230704,3.74,2026-08-05
20230705,3.74,2026-08-05
20230706,3.74,2026-08-05
20230707,3.75,2026-08-05
20230710,3.75,2026-08-05
20230711,3.75,2026-08-05
20230712,3.75,2026-08-05
20230713,3.75,2026-08-05
20230714,3.75,2026-08-05
20230717,3.75,2026-08-05
20230718,3.75,2026-08-05
20230719,3.75,2026-08-05
20230720,3.75,2026-08-05
20230721,3.75,2026-08-05
20230724,3.75,2026-08-05
20230725,3.75,2026-08-05
20230726,3.75,2026-08-05
20230727,3.74,2026-08-05
20230728,3.74,2026-08-05
20230731,3.74,2026-08-05
20230801,3.74,2026-08-05
20230802,3.74,2026-08-05
20230803,3.73,2026-08-05
20230804,3.72,2026-08-05
20230807,3.72,2026-08-05
20230808,3.7,2026-08-05
20230809,3.7,2026-08-05
20230810,3.68,2026-08-05
20230811,3.69,2026-08-05
20230814,3.69,2026-08-05
20230816,3.7,2026-08-05
20230817,3.7,2026-08-05
20230818,3.7,2026-08-05
20230821,3.7,2026-08-05
20230822,3.7,2026-08-05
20230823,3.69,2026-08-05
20230824,3.69,2026-08-05
20230825,3.69,2026-08-05
20230828,3.69,2026-08-05
20230829,3.69,2026-08-05
20230830,3.69,2026-08-05
20230831,3.69,2026-08-05
20230901,3.68,2026-08-05
20230904,3.69,2026-08-05
20230905,3.7,2026-08-05
20230906,3.71,2026-08-05
20230907,3.72,2026-08-05
20230908,3.72,2026-08-05
20230911,3.72,2026-08-05
20230912,3.73,2026-08-05
20230913,3.75,2026-08-05
20230914,3.76,2026-08-05
20230915,3.78,2026-08-05
20230918,3.79,2026-08-05
20230919,3.8,2026-08-05
20230920,3.81,2026-08-05
20230921,3.82,2026-08-05
20230922,3.83,2026-08-05
20230925,3.83,2026-08-05
20230926,3.83,2026-08-05
20230927,3.83,2026-08-05
20231004,3.84,2026-08-05
20231005,3.83,2026-08-05
20231006,3.82,2026-08-05
20231010,3.82,2026-08-05
20231011,3.82,2026-08-05
20231012,3.82,2026-08-05
20231013,3.82,2026-08-05
20231016,3.82,2026-08-05
20231017,3.82,2026-08-05
20231018,3.82,2026-08-05
20231019,3.82,2026-08-05
20231020,3.82,2026-08-05
20231023,3.82,2026-08-05
20231024,3.82,2026-08-05
20231025,3.82,2026-08-05
20231026,3.82,2026-08-05
20231027,3.82,2026-08-05
20231030,3.82,2026-08-05
20231031,3.82,2026-08-05
20231101,3.83,2026-08-05
20231102,3.83,2026-08-05
20231103,3.83,2026-08-05
20231106,3.83,2026-08-05
20231107,3.83,2026-08-05
20231108,3.83,2026-08-05
20231109,3.83,2026-08-05
20231110,3.83,2026-08-05
20231113,3.83,2026-08-05
20231114,3.83,2026-08-05
20231115,3.83,2026-08-05
20231116,3.83,2026-08-05
20231117,3.83,2026-08-05
20231120,3.83,2026-08-05
20231121,3.83,2026-08-05
20231122,3.83,2026-08-05
20231123,3.84,2026-08-05
20231124,3.84,2026-08-05
20231127,3.84,2026-08-05
20231128,3.84,2026-08-05
20231129,3.84,2026-08-05
20231130,3.84,2026-08-05
20231201,3.84,2026-08-05
20231204,3.84,2026-08-05
20231205,3.84,2026-08-05
20231206,3.84,2026-08-05
20231207,3.84,2026-08-05
20231208,3.84,2026-08-05
20231211,3.84,2026-08-05
20231212,3.84,2026-08-05
20231213,3.84,2026-08-05
20231214,3.83,2026-08-05
20231215,3.83,2026-08-05
20231218,3.83,2026-08-05
20231219,3.83,2026-08-05
20231220,3.83,2026-08-05
20231221,3.83,2026-08-05
20231222,3.83,2026-08-05
20231226,3.83,2026-08-05
20231227,3.83,2026-08-05
20231228,3.83,2026-08-05
20231229,3.83,2026-08-05
20240102,3.83,2026-08-05
20240103,3.83,2026-08-05
20240104,3.82,2026-08-05
20240105,3.81,2026-08-05
20240108,3.81,2026-08-05
20240109,3.8,2026-08-05
20240110,3.79,2026-08-05
20240111,3.78,2026-08-05
20240112,3.77,2026-08-05
20240115,3.74,2026-08-05
20240116,3.72,2026-08-05
20240117,3.71,2026-08-05
20240118,3.69,2026-08-05
20240119,3.68,2026-08-05
20240122,3.68,2026-08-05
20240123,3.68,2026-08-05
20240124,3.68,2026-08-05
20240125,3.68,2026-08-05
20240126,3.68,2026-08-05
20240129,3.68,2026-08-05
20240130,3.68,2026-08-05
20240131,3.68,2026-08-05
20240201,3.68,2026-08-05
20240202,3.68,2026-08-05
20240205,3.67,2026-08-05
20240206,3.67,2026-08-05
20240207,3.67,2026-08-05
20240208,3.67,2026-08-05
20240213,3.67,2026-08-05
20240214,3.68,2026-08-05
20240215,3.68,2026-08-05
20240216,3.68,2026-08-05
20240219,3.69,2026-08-05
20240220,3.69,2026-08-05
20240221,3.7,2026-08-05
20240222,3.7,2026-08-05
20240223,3.7,2026-08-05
20240226,3.7,2026-08-05
20240227,3.7,2026-08-05
20240228,3.7,2026-08-05
20240229,3.69,2026-08-05
20240304,3.68,2026-08-05
20240305,3.68,2026-08-05
20240306,3.68,2026-08-05
20240307,3.68,2026-08-05
20240308,3.68,2026-08-05
20240311,3.67,2026-08-05
20240312,3.66,2026-08-05
20240313,3.65,2026-08-05
20240314,3.64,2026-08-05
20240315,3.64,2026-08-05
20240318,3.64,2026-08-05
20240319,3.64,2026-08-05
20240320,3.64,2026-08-05
20240321,3.65,2026-08-05
20240322,3.65,2026-08-05
20240325,3.65,2026-08-05
20240326,3.64,2026-08-05
20240327,3.63,2026-08-05
20240328,3.64,2026-08-05
20240329,3.64,2026-08-05
20240401,3.63,2026-08-05
20240402,3.63,2026-08-05
20240403,3.62,2026-08-05
20240404,3.62,2026-08-05
20240405,3.58,2026-08-05
20240408,3.56,2026-08-05
20240409,3.57,2026-08-05
20240411,3.57,2026-08-05
20240412,3.56,2026-08-05
20240415,3.56,2026-08-05
20240416,3.56,2026-08-05
20240417,3.55,2026-08-05
20240418,3.55,2026-08-05
20240419,3.55,2026-08-05
20240422,3.56,2026-08-05
20240423,3.56,2026-08-05
20240424,3.56,2026-08-05
20240425,3.57,2026-08-05
20240426,3.57,2026-08-05
20240429,3.57,2026-08-05
20240430,3.57,2026-08-05
20240502,3.57,2026-08-05
20240503,3.58,2026-08-05
20240507,3.58,2026-08-05
20240508,3.58,2026-08-05
20240509,3.58,2026-08-05
20240510,3.58,2026-08-05
20240513,3.59,2026-08-05
20240514,3.6,2026-08-05
20240516,3.6,2026-08-05
20240517,3.6,2026-08-05
20240520,3.6,2026-08-05
20240521,3.6,2026-08-05
20240522,3.6,2026-08-05
20240523,3.6,2026-08-05
20240524,3.6,2026-08-05
20240527,3.61,2026-08-05
20240528,3.62,2026-08-05
20240529,3.61,2026-08-05
20240530,3.6,2026-08-05
20240531,3.61,2026-08-05
20240603,3.61,2026-08-05
20240604,3.6,2026-08-05
20240605,3.6,2026-08-05
20240607,3.6,2026-08-05
20240610,3.6,2026-08-05
20240611,3.6,2026-08-05
20240612,3.6,2026-08-05
20240613,3.6,2026-08-05
20240614,3.6,2026-08-05
20240617,3.6,2026-08-05
20240618,3.6,2026-08-05
20240619,3.6,2026-08-05
20240620,3.6,2026-08-05
20240621,3.6,2026-08-05
20240624,3.6,2026-08-05
20240625,3.6,2026-08-05
20240626,3.6,2026-08-05
20240627,3.6,2026-08-05
20240628,3.6,2026-08-05
20240701,3.6,2026-08-05
20240702,3.6,2026-08-05
20240703,3.58,2026-08-05
20240704,3.58,2026-08-05
20240705,3.57,2026-08-05
20240708,3.57,2026-08-05
20240709,3.56,2026-08-05
20240710,3.55,2026-08-05
20240711,3.55,2026-08-05
20240712,3.55,2026-08-05
20240715,3.54,2026-08-05
20240716,3.55,2026-08-05
20240717,3.54,2026-08-05
20240718,3.52,2026-08-05
20240719,3.52,2026-08-05
20240722,3.52,2026-08-05
20240723,3.52,2026-08-05
20240724,3.51,2026-08-05
20240725,3.51,2026-08-05
20240726,3.5,2026-08-05
20240729,3.5,2026-08-05
20240730,3.5,2026-08-05
20240731,3.5,2026-08-05
20240801,3.49,2026-08-05
20240802,3.48,2026-08-05
20240805,3.48,2026-08-05
20240806,3.47,2026-08-05
20240807,3.48,2026-08-05
20240808,3.47,2026-08-05
20240809,3.47,2026-08-05
20240812,3.46,2026-08-05
20240813,3.49,2026-08-05
20240814,3.49,2026-08-05
20240816,3.51,2026-08-05
20240819,3.51,2026-08-05
20240820,3.51,2026-08-05
20240821,3.52,2026-08-05
20240822,3.51,2026-08-05
20240823,3.51,2026-08-05
20240826,3.51,2026-08-05
20240827,3.52,2026-08-05
20240828,3.52,2026-08-05
20240829,3.52,2026-08-05
20240830,3.52,2026-08-05
20240902,3.52,2026-08-05
20240903,3.51,2026-08-05
20240904,3.51,2026-08-05
20240905,3.51,2026-08-05
20240906,3.51,2026-08-05
20240909,3.51,2026-08-05
20240910,3.51,2026-08-05
20240911,3.51,2026-08-05
20240912,3.51,2026-08-05
20240913,3.53,2026-08-05
20240919,3.53,2026-08-05
20240920,3.53,2026-08-05
20240923,3.53,2026-08-05
20240924,3.53,2026-08-05
20240925,3.53,2026-08-05
20240926,3.53,2026-08-05
20240927,3.53,2026-08-05
20240930,3.53,2026-08-05
20241002,3.52,2026-08-05
20241004,3.52,2026-08-05
20241007,3.51,2026-08-05
20241008,3.51,2026-08-05
20241010,3.5,2026-08-05
20241011,3.4,2026-08-05
20241014,3.4,2026-08-05
20241015,3.4,2026-08-05
20241016,3.4,2026-08-05
20241017,3.39,2026-08-05
20241018,3.39,2026-08-05
20241021,3.39,2026-08-05
20241022,3.4,2026-08-05
20241023,3.4,2026-08-05
20241024,3.4,2026-08-05
20241025,3.4,2026-08-05
20241028,3.41,2026-08-05
20241029,3.41,2026-08-05
20241030,3.43,2026-08-05
20241031,3.43,2026-08-05
20241101,3.43,2026-08-05
20241104,3.43,2026-08-05
20241105,3.44,2026-08-05
20241106,3.44,2026-08-05
20241107,3.43,2026-08-05
20241108,3.43,2026-08-05
20241111,3.43,2026-08-05
20241112,3.44,2026-08-05
20241113,3.44,2026-08-05
20241114,3.44,2026-08-05
20241115,3.44,2026-08-05
20241118,3.44,2026-08-05
20241119,3.44,2026-08-05
20241120,3.44,2026-08-05
20241121,3.44,2026-08-05
20241122,3.44,2026-08-05
20241125,3.44,2026-08-05
20241126,3.44,2026-08-05
20241127,3.44,2026-08-05
20241128,3.29,2026-08-05
20241129,3.29,2026-08-05
20241202,3.28,2026-08-05
20241203,3.28,2026-08-05
20241204,3.28,2026-08-05
20241205,3.28,2026-08-05
20241206,3.28,2026-08-05
20241209,3.28,2026-08-05
20241210,3.3,2026-08-05
20241211,3.33,2026-08-05
20241212,3.31,2026-08-05
20241213,3.32,2026-08-05
20241216,3.38,2026-08-05
20241217,3.38,2026-08-05
20241218,3.38,2026-08-05
20241219,3.39,2026-08-05
20241220,3.39,2026-08-05
20241223,3.39,2026-08-05
20241224,3.4,2026-08-05
20241226,3.4,2026-08-05
20241227,3.44,2026-08-05
20241230,3.44,2026-08-05
20241231,3.39,2026-08-05
20250102,3.26,2026-08-05
20250103,3.15,2026-08-05
20250106,3.1,2026-08-05
20250107,3.05,2026-08-05
20250108,3.04,2026-08-05
20250109,3,2026-08-05
20250110,3,2026-08-05
20250113,3,2026-08-05
20250114,3,2026-08-05
20250115,2.99,2026-08-05
20250116,2.99,2026-08-05
20250117,2.99,2026-08-05
20250120,2.99,2026-08-05
20250121,2.98,2026-08-05
20250122,3.03,2026-08-05
20250123,3.03,2026-08-05
20250124,3.03,2026-08-05
20250131,3.03,2026-08-05
20250203,3.02,2026-08-05
20250204,3,2026-08-05
20250205,3.01,2026-08-05
20250206,2.99,2026-08-05
20250207,2.99,2026-08-05
20250210,2.99,2026-08-05
20250211,2.99,2026-08-05
20250212,2.98,2026-08-05
20250213,2.98,2026-08-05
20250214,2.98,2026-08-05
20250217,2.97,2026-08-05
20250218,2.96,2026-08-05
20250219,2.95,2026-08-05
20250220,2.94,2026-08-05
20250221,2.88,2026-08-05
20250224,2.88,2026-08-05
20250225,2.85,2026-08-05
20250226,2.84,2026-08-05
20250227,2.85,2026-08-05
20250228,2.89,2026-08-05
20250304,2.85,2026-08-05
20250305,2.84,2026-08-05
20250306,2.84,2026-08-05
20250307,2.84,2026-08-05
20250310,2.84,2026-08-05
20250311,2.84,2026-08-05
20250312,2.84,2026-08-05
20250313,2.84,2026-08-05
20250314,2.84,2026-08-05
20250317,2.84,2026-08-05
20250318,2.84,2026-08-05
20250319,2.84,2026-08-05
20250320,2.84,2026-08-05
20250321,2.84,2026-08-05
20250324,2.84,2026-08-05
20250325,2.85,2026-08-05
20250326,2.85,2026-08-05
20250327,2.85,2026-08-05
20250328,2.84,2026-08-05
20250331,2.84,2026-08-05
20250401,2.84,2026-08-05
20250402,2.82,2026-08-05
20250403,2.81,2026-08-05
20250404,2.78,2026-08-05
20250407,2.76,2026-08-05
20250408,2.74,2026-08-05
20250409,2.74,2026-08-05
20250410,2.72,2026-08-05
20250411,2.72,2026-08-05
20250414,2.72,2026-08-05
20250415,2.72,2026-08-05
20250416,2.72,2026-08-05
20250417,2.71,2026-08-05
20250418,2.71,2026-08-05
20250421,2.71,2026-08-05
20250422,2.71,2026-08-05
20250423,2.74,2026-08-05
20250424,2.73,2026-08-05
20250425,2.72,2026-08-05
20250428,2.71,2026-08-05
20250429,2.71,2026-08-05
20250430,2.71,2026-08-05
20250502,2.71,2026-08-05
20250507,2.71,2026-08-05
20250508,2.7,2026-08-05
20250509,2.68,2026-08-05
20250512,2.66,2026-08-05
20250513,2.68,2026-08-05
20250514,2.67,2026-08-05
20250515,2.69,2026-08-05
20250516,2.7,2026-08-05
20250519,2.71,2026-08-05
20250520,2.68,2026-08-05
20250521,2.67,2026-08-05
20250522,2.67,2026-08-05
20250523,2.67,2026-08-05
20250526,2.67,2026-08-05
20250527,2.66,2026-08-05
20250528,2.63,2026-08-05
20250529,2.6,2026-08-05
20250530,2.59,2026-08-05
20250602,2.59,2026-08-05
20250604,2.58,2026-08-05
20250605,2.58,2026-08-05
20250609,2.57,2026-08-05
20250610,2.56,2026-08-05
20250611,2.57,2026-08-05
20250612,2.56,2026-08-05
20250613,2.56,2026-08-05
20250616,2.56,2026-08-05
20250617,2.56,2026-08-05
20250618,2.56,2026-08-05
20250619,2.56,2026-08-05
20250620,2.56,2026-08-05
20250623,2.57,2026-08-05
20250624,2.57,2026-08-05
20250625,2.57,2026-08-05
20250626,2.57,2026-08-05
20250627,2.57,2026-08-05
20250630,2.56,2026-08-05
20250701,2.54,2026-08-05
20250702,2.51,2026-08-05
20250703,2.51,2026-08-05
20250704,2.51,2026-08-05
20250707,2.51,2026-08-05
20250708,2.5,2026-08-05
20250709,2.51,2026-08-05
20250710,2.52,2026-08-05
20250711,2.52,2026-08-05
20250714,2.51,2026-08-05
20250715,2.51,2026-08-05
20250716,2.51,2026-08-05
20250717,2.51,2026-08-05
20250718,2.52,2026-08-05
20250721,2.51,2026-08-05
20250722,2.52,2026-08-05
20250723,2.51,2026-08-05
20250724,2.51,2026-08-05
20250725,2.51,2026-08-05
20250728,2.51,2026-08-05
20250729,2.51,2026-08-05
20250730,2.51,2026-08-05
20250731,2.51,2026-08-05
20250801,2.51,2026-08-05
20250804,2.5,2026-08-05
20250805,2.5,2026-08-05
20250806,2.5,2026-08-05
20250807,2.5,2026-08-05
20250808,2.5,2026-08-05
20250811,2.5,2026-08-05
20250812,2.5,2026-08-05
20250813,2.51,2026-08-05
20250814,2.5,2026-08-05
20250818,2.51,2026-08-05
20250819,2.52,2026-08-05
20250820,2.52,2026-08-05
20250821,2.52,2026-08-05
20250822,2.53,2026-08-05
20250825,2.53,2026-08-05
20250826,2.53,2026-08-05
20250827,2.53,2026-08-05
20250828,2.53,2026-08-05
20250829,2.53,2026-08-05
20250901,2.53,2026-08-05
20250902,2.53,2026-08-05
20250903,2.53,2026-08-05
20250904,2.56,2026-08-05
20250905,2.57,2026-08-05
20250908,2.56,2026-08-05
20250909,2.54,2026-08-05
20250910,2.55,2026-08-05
20250911,2.54,2026-08-05
20250912,2.54,2026-08-05
20250915,2.54,2026-08-05
20250916,2.56,2026-08-05
20250917,2.57,2026-08-05
20250918,2.56,2026-08-05
20250919,2.57,2026-08-05
20250922,2.56,2026-08-05
20250923,2.58,2026-08-05
20250924,2.58,2026-08-05
20250925,2.59,2026-08-05
20250926,2.58,2026-08-05
20250929,2.57,2026-08-05
20250930,2.57,2026-08-05
20251001,2.56,2026-08-05
20251002,2.55,2026-08-05
20251010,2.55,2026-08-05
20251013,2.54,2026-08-05
20251014,2.54,2026-08-05
20251015,2.54,2026-08-05
20251016,2.54,2026-08-05
20251017,2.54,2026-08-05
20251020,2.54,2026-08-05
20251021,2.54,2026-08-05
20251022,2.54,2026-08-05
20251023,2.54,2026-08-05
20251024,2.54,2026-08-05
20251027,2.54,2026-08-05
20251028,2.55,2026-08-05
20251029,2.55,2026-08-05
20251030,2.56,2026-08-05
20251031,2.55,2026-08-05
20251103,2.56,2026-08-05
20251104,2.57,2026-08-05
20251105,2.57,2026-08-05
20251106,2.58,2026-08-05
20251107,2.6,2026-08-05
20251110,2.6,2026-08-05
20251111,2.6,2026-08-05
20251112,2.61,2026-08-05
20251113,2.7,2026-08-05
20251114,2.72,2026-08-05
20251117,2.74,2026-08-05
20251118,2.74,2026-08-05
20251119,2.75,2026-08-05
20251120,2.76,2026-08-05
20251121,2.76,2026-08-05
20251124,2.76,2026-08-05
20251125,2.76,2026-08-05
20251126,2.76,2026-08-05
20251127,2.8,2026-08-05
20251128,2.8,2026-08-05
20251201,2.8,2026-08-05
20251202,2.8,2026-08-05
20251203,2.81,2026-08-05
20251204,2.81,2026-08-05
20251205,2.83,2026-08-05
20251208,2.83,2026-08-05
20251209,2.83,2026-08-05
20251210,2.83,2026-08-05
20251211,2.83,2026-08-05
20251212,2.83,2026-08-05
20251215,2.83,2026-08-05
20251216,2.84,2026-08-05
20251217,2.84,2026-08-05
20251218,2.84,2026-08-05
20251219,2.85,2026-08-05
20251222,2.85,2026-08-05
20251223,2.85,2026-08-05
20251224,2.86,2026-08-05
20251226,2.87,2026-08-05
20251229,2.87,2026-08-05
20251230,2.87,2026-08-05
20251231,2.81,2026-08-05
20260102,2.77,2026-08-05
20260105,2.76,2026-08-05
20260106,2.75,2026-08-05
20260107,2.72,2026-08-05
20260108,2.7,2026-08-05
20260109,2.7,2026-08-05
20260112,2.69,2026-08-05
20260113,2.69,2026-08-05
20260114,2.69,2026-08-05
20260115,2.68,2026-08-05
20260116,2.68,2026-08-05
20260119,2.68,2026-08-05
20260120,2.68,2026-08-05
20260121,2.68,2026-08-05
20260122,2.68,2026-08-05
20260123,2.69,2026-08-05
20260126,2.7,2026-08-05
20260127,2.71,2026-08-05
20260128,2.7,2026-08-05
20260129,2.72,2026-08-05
20260130,2.73,2026-08-05
20260202,2.74,2026-08-05
20260203,2.74,2026-08-05
20260204,2.75,2026-08-05
20260205,2.75,2026-08-05
20260206,2.78,2026-08-05
20260209,2.78,2026-08-05
20260210,2.78,2026-08-05
20260211,2.78,2026-08-05
20260212,2.78,2026-08-05
20260213,2.78,2026-08-05
20260219,2.78,2026-08-05
20260220,2.79,2026-08-05
20260223,2.8,2026-08-05
20260224,2.8,2026-08-05
20260225,2.8,2026-08-05
20260226,2.81,2026-08-05
20260227,2.81,2026-08-05
20260303,2.81,2026-08-05
20260304,2.81,2026-08-05
20260305,2.81,2026-08-05
20260306,2.81,2026-08-05
20260309,2.84,2026-08-05
20260310,2.83,2026-08-05
20260311,2.83,2026-08-05
20260312,2.83,2026-08-05
20260313,2.83,2026-08-05
20260316,2.82,2026-08-05
20260317,2.83,2026-08-05
20260318,2.83,2026-08-05
20260319,2.83,2026-08-05
20260320,2.81,2026-08-05
20260323,2.81,2026-08-05
20260324,2.81,2026-08-05
20260325,2.82,2026-08-05
20260326,2.82,2026-08-05
20260327,2.82,2026-08-05
20260330,2.82,2026-08-05
20260331,2.82,2026-08-05
20260401,2.82,2026-08-05
20260402,2.82,2026-08-05
20260403,2.82,2026-08-05
20260406,2.82,2026-08-05
20260407,2.82,2026-08-05
20260408,2.81,2026-08-05
20260409,2.82,2026-08-05
20260410,2.82,2026-08-05
20260413,2.82,2026-08-05
20260414,2.82,2026-08-05
20260415,2.81,2026-08-05
20260416,2.82,2026-08-05
20260417,2.82,2026-08-05
20260420,2.81,2026-08-05
20260421,2.82,2026-08-05
20260422,2.83,2026-08-05
20260423,2.83,2026-08-05
20260424,2.82,2026-08-05
20260427,2.82,2026-08-05
20260428,2.82,2026-08-05
20260429,2.82,2026-08-05
20260430,2.81,2026-08-05
20260504,2.81,2026-08-05
20260506,2.82,2026-08-05
20260507,2.82,2026-08-05
20260508,2.81,2026-08-05
20260511,2.81,2026-08-05
20260512,2.81,2026-08-05
20260513,2.81,2026-08-05
20260514,2.81,2026-08-05
20260515,2.81,2026-08-05
20260518,2.81,2026-08-05
20260519,2.81,2026-08-05
20260520,2.82,2026-08-05
20260521,2.81,2026-08-05
20260522,2.81,2026-08-05
20260526,2.84,2026-08-05
20260527,2.85,2026-08-05
20260528,2.85,2026-08-05
20260529,2.86,2026-08-05
20260601,2.86,2026-08-05
20260602,2.87,2026-08-05
20260604,2.87,2026-08-05
20260605,2.88,2026-08-05
20260608,2.92,2026-08-05
20260609,2.91,2026-08-05
20260610,2.94,2026-08-05
20260611,2.95,2026-08-05
20260612,2.92,2026-08-05
20260615,2.92,2026-08-05
20260616,2.92,2026-08-05
20260617,2.93,2026-08-05
20260618,2.92,2026-08-05
20260619,2.92,2026-08-05
20260622,2.92,2026-08-05
20260623,2.92,2026-08-05
20260624,2.92,2026-08-05
20260625,2.92,2026-08-05
20260626,2.92,2026-08-05
20260629,2.92,2026-08-05
20260630,2.92,2026-08-05
20260701,2.92,2026-08-05
20260702,2.92,2026-08-05
20260703,2.92,2026-08-05
20260706,2.92,2026-08-05
20260707,2.91,2026-08-05
20260708,2.91,2026-08-05
20260709,2.91,2026-08-05
20260710,2.9,2026-08-05
20260713,2.9,2026-08-05
20260714,2.9,2026-08-05
20260715,2.9,2026-08-05
20260716,2.91,2026-08-05
20260720,2.91,2026-08-05
20260721,2.91,2026-08-05
20260722,2.91,2026-08-05
20260723,2.91,2026-08-05
20260724,2.91,2026-08-05
20260727,2.92,2026-08-05
20260728,2.92,2026-08-05
20260729,2.92,2026-08-05
20260730,2.93,2026-08-05
20260731,2.95,2026-08-05
20260803,2.93,2026-08-05
20260804,2.93,2026-08-05
