TIME,DATA_VALUE,retrieved_at
19990506,4.75,2026-08-21
19990507,4.75,2026-08-21
19990508,4.75,2026-08-21
19990509,4.75,2026-08-21
19990510,4.75,2026-08-21
19990511,4.75,2026-08-21
19990512,4.75,2026-08-21
19990513,4.75,2026-08-21
19990514,4.75,2026-08-21
19990515,4.75,2026-08-21
19990516,4.75,2026-08-21
19990517,4.75,2026-08-21
19990518,4.75,2026-08-21
19990519,4.75,2026-08-21
19990520,4.75,2026-08-21
19990521,4.75,2026-08-21
19990522,4.75,2026-08-21
19990523,4.75,2026-08-21
19990524,4.75,2026-08-21
19990525,4.75,2026-08-21
19990526,4.75,2026-08-21
19990527,4.75,2026-08-21
19990528,4.75,2026-08-21
19990529,4.75,2026-08-21
19990530,4.75,2026-08-21
19990531,4.75,2026-08-21
19990601,4.75,2026-08-21
19990602,4.75,2026-08-21
19990603,4.75,2026-08-21
19990604,4.75,2026-08-21
19990605,4.75,2026-08-21
19990606,4.75,2026-08-21
19990607,4.75,2026-08-21
19990608,4.75,2026-08-21
19990609,4.75,2026-08-21
19990610,4.75,2026-08-21
19990611,4.75,2026-08-21
19990612,4.75,2026-08-21
19990613,4.75,2026-08-21
19990614,4.75,2026-08-21
19990615,4.75,2026-08-21
19990616,4.75,2026-08-21
19990617,4.75,2026-08-21
19990618,4.75,2026-08-21
19990619,4.75,2026-08-21
19990620,4.75,2026-08-21
19990621,4.75,2026-08-21
19990622,4.75,2026-08-21
19990623,4.75,2026-08-21
19990624,4.75,2026-08-21
19990625,4.75,2026-08-21
19990626,4.75,2026-08-21
19990627,4.75,2026-08-21
19990628,4.75,2026-08-21
19990629,4.75,2026-08-21
19990630,4.75,2026-08-21
19990701,4.75,2026-08-21
19990702,4.75,2026-08-21
19990703,4.75,2026-08-21
19990704,4.75,2026-08-21
19990705,4.75,2026-08-21
19990706,4.75,2026-08-21
19990707,4.75,2026-08-21
19990708,4.75,2026-08-21
19990709,4.75,2026-08-21
19990710,4.75,2026-08-21
19990711,4.75,2026-08-21
19990712,4.75,2026-08-21
19990713,4.75,2026-08-21
19990714,4.75,2026-08-21
19990715,4.75,2026-08-21
19990716,4.75,2026-08-21
19990717,4.75,2026-08-21
19990718,4.75,2026-08-21
19990719,4.75,2026-08-21
19990720,4.75,2026-08-21
19990721,4.75,2026-08-21
19990722,4.75,2026-08-21
19990723,4.75,2026-08-21
19990724,4.75,2026-08-21
19990725,4.75,2026-08-21
19990726,4.75,2026-08-21
19990727,4.75,2026-08-21
19990728,4.75,2026-08-21
19990729,4.75,2026-08-21
19990730,4.75,2026-08-21
19990731,4.75,2026-08-21
19990801,4.75,2026-08-21
19990802,4.75,2026-08-21
19990803,4.75,2026-08-21
19990804,4.75,2026-08-21
19990805,4.75,2026-08-21
19990806,4.75,2026-08-21
19990807,4.75,2026-08-21
19990808,4.75,2026-08-21
19990809,4.75,2026-08-21
19990810,4.75,2026-08-21
19990811,4.75,2026-08-21
19990812,4.75,2026-08-21
19990813,4.75,2026-08-21
19990814,4.75,2026-08-21
19990815,4.75,2026-08-21
19990816,4.75,2026-08-21
19990817,4.75,2026-08-21
19990818,4.75,2026-08-21
19990819,4.75,2026-08-21
19990820,4.75,2026-08-21
19990821,4.75,2026-08-21
19990822,4.75,2026-08-21
19990823,4.75,2026-08-21
19990824,4.75,2026-08-21
19990825,4.75,2026-08-21
19990826,4.75,2026-08-21
19990827,4.75,2026-08-21
19990828,4.75,2026-08-21
19990829,4.75,2026-08-21
19990830,4.75,2026-08-21
19990831,4.75,2026-08-21
19990901,4.75,2026-08-21
19990902,4.75,2026-08-21
19990903,4.75,2026-08-21
19990904,4.75,2026-08-21
19990905,4.75,2026-08-21
19990906,4.75,2026-08-21
19990907,4.75,2026-08-21
19990908,4.75,2026-08-21
19990909,4.75,2026-08-21
19990910,4.75,2026-08-21
19990911,4.75,2026-08-21
19990912,4.75,2026-08-21
19990913,4.75,2026-08-21
19990914,4.75,2026-08-21
19990915,4.75,2026-08-21
19990916,4.75,2026-08-21
19990917,4.75,2026-08-21
19990918,4.75,2026-08-21
19990919,4.75,2026-08-21
19990920,4.75,2026-08-21
19990921,4.75,2026-08-21
19990922,4.75,2026-08-21
19990923,4.75,2026-08-21
19990924,4.75,2026-08-21
19990925,4.75,2026-08-21
19990926,4.75,2026-08-21
19990927,4.75,2026-08-21
19990928,4.75,2026-08-21
19990929,4.75,2026-08-21
19990930,4.75,2026-08-21
19991001,4.75,2026-08-21
19991002,4.75,2026-08-21
19991003,4.75,2026-08-21
19991004,4.75,2026-08-21
19991005,4.75,2026-08-21
19991006,4.75,2026-08-21
19991007,4.75,2026-08-21
19991008,4.75,2026-08-21
19991009,4.75,2026-08-21
19991010,4.75,2026-08-21
19991011,4.75,2026-08-21
19991012,4.75,2026-08-21
19991013,4.75,2026-08-21
19991014,4.75,2026-08-21
19991015,4.75,2026-08-21
19991016,4.75,2026-08-21
19991017,4.75,2026-08-21
19991018,4.75,2026-08-21
19991019,4.75,2026-08-21
19991020,4.75,2026-08-21
19991021,4.75,2026-08-21
19991022,4.75,2026-08-21
19991023,4.75,2026-08-21
19991024,4.75,2026-08-21
19991025,4.75,2026-08-21
19991026,4.75,2026-08-21
19991027,4.75,2026-08-21
19991028,4.75,2026-08-21
19991029,4.75,2026-08-21
19991030,4.75,2026-08-21
19991031,4.75,2026-08-21
19991101,4.75,2026-08-21
19991102,4.75,2026-08-21
19991103,4.75,2026-08-21
19991104,4.75,2026-08-21
19991105,4.75,2026-08-21
19991106,4.75,2026-08-21
19991107,4.75,2026-08-21
19991108,4.75,2026-08-21
19991109,4.75,2026-08-21
19991110,4.75,2026-08-21
19991111,4.75,2026-08-21
19991112,4.75,2026-08-21
19991113,4.75,2026-08-21
19991114,4.75,2026-08-21
19991115,4.75,2026-08-21
19991116,4.75,2026-08-21
19991117,4.75,2026-08-21
19991118,4.75,2026-08-21
19991119,4.75,2026-08-21
19991120,4.75,2026-08-21
19991121,4.75,2026-08-21
19991122,4.75,2026-08-21
19991123,4.75,2026-08-21
19991124,4.75,2026-08-21
19991125,4.75,2026-08-21
19991126,4.75,2026-08-21
19991127,4.75,2026-08-21
19991128,4.75,2026-08-21
19991129,4.75,2026-08-21
19991130,4.75,2026-08-21
19991201,4.75,2026-08-21
19991202,4.75,2026-08-21
19991203,4.75,2026-08-21
19991204,4.75,2026-08-21
19991205,4.75,2026-08-21
19991206,4.75,2026-08-21
19991207,4.75,2026-08-21
19991208,4.75,2026-08-21
19991209,4.75,2026-08-21
19991210,4.75,2026-08-21
19991211,4.75,2026-08-21
19991212,4.75,2026-08-21
19991213,4.75,2026-08-21
19991214,4.75,2026-08-21
19991215,4.75,2026-08-21
19991216,4.75,2026-08-21
19991217,4.75,2026-08-21
19991218,4.75,2026-08-21
19991219,4.75,2026-08-21
19991220,4.75,2026-08-21
19991221,4.75,2026-08-21
19991222,4.75,2026-08-21
19991223,4.75,2026-08-21
19991224,4.75,2026-08-21
19991225,4.75,2026-08-21
19991226,4.75,2026-08-21
19991227,4.75,2026-08-21
19991228,4.75,2026-08-21
19991229,4.75,2026-08-21
19991230,4.75,2026-08-21
19991231,4.75,2026-08-21
20000101,4.75,2026-08-21
20000102,4.75,2026-08-21
20000103,4.75,2026-08-21
20000104,4.75,2026-08-21
20000105,4.75,2026-08-21
20000106,4.75,2026-08-21
20000107,4.75,2026-08-21
20000108,4.75,2026-08-21
20000109,4.75,2026-08-21
20000110,4.75,2026-08-21
20000111,4.75,2026-08-21
20000112,4.75,2026-08-21
20000113,4.75,2026-08-21
20000114,4.75,2026-08-21
20000115,4.75,2026-08-21
20000116,4.75,2026-08-21
20000117,4.75,2026-08-21
20000118,4.75,2026-08-21
20000119,4.75,2026-08-21
20000120,4.75,2026-08-21
20000121,4.75,2026-08-21
20000122,4.75,2026-08-21
20000123,4.75,2026-08-21
20000124,4.75,2026-08-21
20000125,4.75,2026-08-21
20000126,4.75,2026-08-21
20000127,4.75,2026-08-21
20000128,4.75,2026-08-21
20000129,4.75,2026-08-21
20000130,4.75,2026-08-21
20000131,4.75,2026-08-21
20000201,4.75,2026-08-21
20000202,4.75,2026-08-21
20000203,4.75,2026-08-21
20000204,4.75,2026-08-21
20000205,4.75,2026-08-21
20000206,4.75,2026-08-21
20000207,4.75,2026-08-21
20000208,4.75,2026-08-21
20000209,4.75,2026-08-21
20000210,5,2026-08-21
20000211,5,2026-08-21
20000212,5,2026-08-21
20000213,5,2026-08-21
20000214,5,2026-08-21
20000215,5,2026-08-21
20000216,5,2026-08-21
20000217,5,2026-08-21
20000218,5,2026-08-21
20000219,5,2026-08-21
20000220,5,2026-08-21
20000221,5,2026-08-21
20000222,5,2026-08-21
20000223,5,2026-08-21
20000224,5,2026-08-21
20000225,5,2026-08-21
20000226,5,2026-08-21
20000227,5,2026-08-21
20000228,5,2026-08-21
20000229,5,2026-08-21
20000301,5,2026-08-21
20000302,5,2026-08-21
20000303,5,2026-08-21
20000304,5,2026-08-21
20000305,5,2026-08-21
20000306,5,2026-08-21
20000307,5,2026-08-21
20000308,5,2026-08-21
20000309,5,2026-08-21
20000310,5,2026-08-21
20000311,5,2026-08-21
20000312,5,2026-08-21
20000313,5,2026-08-21
20000314,5,2026-08-21
20000315,5,2026-08-21
20000316,5,2026-08-21
20000317,5,2026-08-21
20000318,5,2026-08-21
20000319,5,2026-08-21
20000320,5,2026-08-21
20000321,5,2026-08-21
20000322,5,2026-08-21
20000323,5,2026-08-21
20000324,5,2026-08-21
20000325,5,2026-08-21
20000326,5,2026-08-21
20000327,5,2026-08-21
20000328,5,2026-08-21
20000329,5,2026-08-21
20000330,5,2026-08-21
20000331,5,2026-08-21
20000401,5,2026-08-21
20000402,5,2026-08-21
20000403,5,2026-08-21
20000404,5,2026-08-21
20000405,5,2026-08-21
20000406,5,2026-08-21
20000407,5,2026-08-21
20000408,5,2026-08-21
20000409,5,2026-08-21
20000410,5,2026-08-21
20000411,5,2026-08-21
20000412,5,2026-08-21
20000413,5,2026-08-21
20000414,5,2026-08-21
20000415,5,2026-08-21
20000416,5,2026-08-21
20000417,5,2026-08-21
20000418,5,2026-08-21
20000419,5,2026-08-21
20000420,5,2026-08-21
20000421,5,2026-08-21
20000422,5,2026-08-21
20000423,5,2026-08-21
20000424,5,2026-08-21
20000425,5,2026-08-21
20000426,5,2026-08-21
20000427,5,2026-08-21
20000428,5,2026-08-21
20000429,5,2026-08-21
20000430,5,2026-08-21
20000501,5,2026-08-21
20000502,5,2026-08-21
20000503,5,2026-08-21
20000504,5,2026-08-21
20000505,5,2026-08-21
20000506,5,2026-08-21
20000507,5,2026-08-21
20000508,5,2026-08-21
20000509,5,2026-08-21
20000510,5,2026-08-21
20000511,5,2026-08-21
20000512,5,2026-08-21
20000513,5,2026-08-21
20000514,5,2026-08-21
20000515,5,2026-08-21
20000516,5,2026-08-21
20000517,5,2026-08-21
20000518,5,2026-08-21
20000519,5,2026-08-21
20000520,5,2026-08-21
20000521,5,2026-08-21
20000522,5,2026-08-21
20000523,5,2026-08-21
20000524,5,2026-08-21
20000525,5,2026-08-21
20000526,5,2026-08-21
20000527,5,2026-08-21
20000528,5,2026-08-21
20000529,5,2026-08-21
20000530,5,2026-08-21
20000531,5,2026-08-21
20000601,5,2026-08-21
20000602,5,2026-08-21
20000603,5,2026-08-21
20000604,5,2026-08-21
20000605,5,2026-08-21
20000606,5,2026-08-21
20000607,5,2026-08-21
20000608,5,2026-08-21
20000609,5,2026-08-21
20000610,5,2026-08-21
20000611,5,2026-08-21
20000612,5,2026-08-21
20000613,5,2026-08-21
20000614,5,2026-08-21
20000615,5,2026-08-21
20000616,5,2026-08-21
20000617,5,2026-08-21
20000618,5,2026-08-21
20000619,5,2026-08-21
20000620,5,2026-08-21
20000621,5,2026-08-21
20000622,5,2026-08-21
20000623,5,2026-08-21
20000624,5,2026-08-21
20000625,5,2026-08-21
20000626,5,2026-08-21
20000627,5,2026-08-21
20000628,5,2026-08-21
20000629,5,2026-08-21
20000630,5,2026-08-21
20000701,5,2026-08-21
20000702,5,2026-08-21
20000703,5,2026-08-21
20000704,5,2026-08-21
20000705,5,2026-08-21
20000706,5,2026-08-21
20000707,5,2026-08-21
20000708,5,2026-08-21
20000709,5,2026-08-21
20000710,5,2026-08-21
20000711,5,2026-08-21
20000712,5,2026-08-21
20000713,5,2026-08-21
20000714,5,2026-08-21
20000715,5,2026-08-21
20000716,5,2026-08-21
20000717,5,2026-08-21
20000718,5,2026-08-21
20000719,5,2026-08-21
20000720,5,2026-08-21
20000721,5,2026-08-21
20000722,5,2026-08-21
20000723,5,2026-08-21
20000724,5,2026-08-21
20000725,5,2026-08-21
20000726,5,2026-08-21
20000727,5,2026-08-21
20000728,5,2026-08-21
20000729,5,2026-08-21
20000730,5,2026-08-21
20000731,5,2026-08-21
20000801,5,2026-08-21
20000802,5,2026-08-21
20000803,5,2026-08-21
20000804,5,2026-08-21
20000805,5,2026-08-21
20000806,5,2026-08-21
20000807,5,2026-08-21
20000808,5,2026-08-21
20000809,5,2026-08-21
20000810,5,2026-08-21
20000811,5,2026-08-21
20000812,5,2026-08-21
20000813,5,2026-08-21
20000814,5,2026-08-21
20000815,5,2026-08-21
20000816,5,2026-08-21
20000817,5,2026-08-21
20000818,5,2026-08-21
20000819,5,2026-08-21
20000820,5,2026-08-21
20000821,5,2026-08-21
20000822,5,2026-08-21
20000823,5,2026-08-21
20000824,5,2026-08-21
20000825,5,2026-08-21
20000826,5,2026-08-21
20000827,5,2026-08-21
20000828,5,2026-08-21
20000829,5,2026-08-21
20000830,5,2026-08-21
20000831,5,2026-08-21
20000901,5,2026-08-21
20000902,5,2026-08-21
20000903,5,2026-08-21
20000904,5,2026-08-21
20000905,5,2026-08-21
20000906,5,2026-08-21
20000907,5,2026-08-21
20000908,5,2026-08-21
20000909,5,2026-08-21
20000910,5,2026-08-21
20000911,5,2026-08-21
20000912,5,2026-08-21
20000913,5,2026-08-21
20000914,5,2026-08-21
20000915,5,2026-08-21
20000916,5,2026-08-21
20000917,5,2026-08-21
20000918,5,2026-08-21
20000919,5,2026-08-21
20000920,5,2026-08-21
20000921,5,2026-08-21
20000922,5,2026-08-21
20000923,5,2026-08-21
20000924,5,2026-08-21
20000925,5,2026-08-21
20000926,5,2026-08-21
20000927,5,2026-08-21
20000928,5,2026-08-21
20000929,5,2026-08-21
20000930,5,2026-08-21
20001001,5,2026-08-21
20001002,5,2026-08-21
20001003,5,2026-08-21
20001004,5,2026-08-21
20001005,5.25,2026-08-21
20001006,5.25,2026-08-21
20001007,5.25,2026-08-21
20001008,5.25,2026-08-21
20001009,5.25,2026-08-21
20001010,5.25,2026-08-21
20001011,5.25,2026-08-21
20001012,5.25,2026-08-21
20001013,5.25,2026-08-21
20001014,5.25,2026-08-21
20001015,5.25,2026-08-21
20001016,5.25,2026-08-21
20001017,5.25,2026-08-21
20001018,5.25,2026-08-21
20001019,5.25,2026-08-21
20001020,5.25,2026-08-21
20001021,5.25,2026-08-21
20001022,5.25,2026-08-21
20001023,5.25,2026-08-21
20001024,5.25,2026-08-21
20001025,5.25,2026-08-21
20001026,5.25,2026-08-21
20001027,5.25,2026-08-21
20001028,5.25,2026-08-21
20001029,5.25,2026-08-21
20001030,5.25,2026-08-21
20001031,5.25,2026-08-21
20001101,5.25,2026-08-21
20001102,5.25,2026-08-21
20001103,5.25,2026-08-21
20001104,5.25,2026-08-21
20001105,5.25,2026-08-21
20001106,5.25,2026-08-21
20001107,5.25,2026-08-21
20001108,5.25,2026-08-21
20001109,5.25,2026-08-21
20001110,5.25,2026-08-21
20001111,5.25,2026-08-21
20001112,5.25,2026-08-21
20001113,5.25,2026-08-21
20001114,5.25,2026-08-21
20001115,5.25,2026-08-21
20001116,5.25,2026-08-21
20001117,5.25,2026-08-21
20001118,5.25,2026-08-21
20001119,5.25,2026-08-21
20001120,5.25,2026-08-21
20001121,5.25,2026-08-21
20001122,5.25,2026-08-21
20001123,5.25,2026-08-21
20001124,5.25,2026-08-21
20001125,5.25,2026-08-21
20001126,5.25,2026-08-21
20001127,5.25,2026-08-21
20001128,5.25,2026-08-21
20001129,5.25,2026-08-21
20001130,5.25,2026-08-21
20001201,5.25,2026-08-21
20001202,5.25,2026-08-21
20001203,5.25,2026-08-21
20001204,5.25,2026-08-21
20001205,5.25,2026-08-21
20001206,5.25,2026-08-21
20001207,5.25,2026-08-21
20001208,5.25,2026-08-21
20001209,5.25,2026-08-21
20001210,5.25,2026-08-21
20001211,5.25,2026-08-21
20001212,5.25,2026-08-21
20001213,5.25,2026-08-21
20001214,5.25,2026-08-21
20001215,5.25,2026-08-21
20001216,5.25,2026-08-21
20001217,5.25,2026-08-21
20001218,5.25,2026-08-21
20001219,5.25,2026-08-21
20001220,5.25,2026-08-21
20001221,5.25,2026-08-21
20001222,5.25,2026-08-21
20001223,5.25,2026-08-21
20001224,5.25,2026-08-21
20001225,5.25,2026-08-21
20001226,5.25,2026-08-21
20001227,5.25,2026-08-21
20001228,5.25,2026-08-21
20001229,5.25,2026-08-21
20001230,5.25,2026-08-21
20001231,5.25,2026-08-21
20010101,5.25,2026-08-21
20010102,5.25,2026-08-21
20010103,5.25,2026-08-21
20010104,5.25,2026-08-21
20010105,5.25,2026-08-21
20010106,5.25,2026-08-21
20010107,5.25,2026-08-21
20010108,5.25,2026-08-21
20010109,5.25,2026-08-21
20010110,5.25,2026-08-21
20010111,5.25,2026-08-21
20010112,5.25,2026-08-21
20010113,5.25,2026-08-21
20010114,5.25,2026-08-21
20010115,5.25,2026-08-21
20010116,5.25,2026-08-21
20010117,5.25,2026-08-21
20010118,5.25,2026-08-21
20010119,5.25,2026-08-21
20010120,5.25,2026-08-21
20010121,5.25,2026-08-21
20010122,5.25,2026-08-21
20010123,5.25,2026-08-21
20010124,5.25,2026-08-21
20010125,5.25,2026-08-21
20010126,5.25,2026-08-21
20010127,5.25,2026-08-21
20010128,5.25,2026-08-21
20010129,5.25,2026-08-21
20010130,5.25,2026-08-21
20010131,5.25,2026-08-21
20010201,5.25,2026-08-21
20010202,5.25,2026-08-21
20010203,5.25,2026-08-21
20010204,5.25,2026-08-21
20010205,5.25,2026-08-21
20010206,5.25,2026-08-21
20010207,5.25,2026-08-21
20010208,5,2026-08-21
20010209,5,2026-08-21
20010210,5,2026-08-21
20010211,5,2026-08-21
20010212,5,2026-08-21
20010213,5,2026-08-21
20010214,5,2026-08-21
20010215,5,2026-08-21
20010216,5,2026-08-21
20010217,5,2026-08-21
20010218,5,2026-08-21
20010219,5,2026-08-21
20010220,5,2026-08-21
20010221,5,2026-08-21
20010222,5,2026-08-21
20010223,5,2026-08-21
20010224,5,2026-08-21
20010225,5,2026-08-21
20010226,5,2026-08-21
20010227,5,2026-08-21
20010228,5,2026-08-21
20010301,5,2026-08-21
20010302,5,2026-08-21
20010303,5,2026-08-21
20010304,5,2026-08-21
20010305,5,2026-08-21
20010306,5,2026-08-21
20010307,5,2026-08-21
20010308,5,2026-08-21
20010309,5,2026-08-21
20010310,5,2026-08-21
20010311,5,2026-08-21
20010312,5,2026-08-21
20010313,5,2026-08-21
20010314,5,2026-08-21
20010315,5,2026-08-21
20010316,5,2026-08-21
20010317,5,2026-08-21
20010318,5,2026-08-21
20010319,5,2026-08-21
20010320,5,2026-08-21
20010321,5,2026-08-21
20010322,5,2026-08-21
20010323,5,2026-08-21
20010324,5,2026-08-21
20010325,5,2026-08-21
20010326,5,2026-08-21
20010327,5,2026-08-21
20010328,5,2026-08-21
20010329,5,2026-08-21
20010330,5,2026-08-21
20010331,5,2026-08-21
20010401,5,2026-08-21
20010402,5,2026-08-21
20010403,5,2026-08-21
20010404,5,2026-08-21
20010405,5,2026-08-21
20010406,5,2026-08-21
20010407,5,2026-08-21
20010408,5,2026-08-21
20010409,5,2026-08-21
20010410,5,2026-08-21
20010411,5,2026-08-21
20010412,5,2026-08-21
20010413,5,2026-08-21
20010414,5,2026-08-21
20010415,5,2026-08-21
20010416,5,2026-08-21
20010417,5,2026-08-21
20010418,5,2026-08-21
20010419,5,2026-08-21
20010420,5,2026-08-21
20010421,5,2026-08-21
20010422,5,2026-08-21
20010423,5,2026-08-21
20010424,5,2026-08-21
20010425,5,2026-08-21
20010426,5,2026-08-21
20010427,5,2026-08-21
20010428,5,2026-08-21
20010429,5,2026-08-21
20010430,5,2026-08-21
20010501,5,2026-08-21
20010502,5,2026-08-21
20010503,5,2026-08-21
20010504,5,2026-08-21
20010505,5,2026-08-21
20010506,5,2026-08-21
20010507,5,2026-08-21
20010508,5,2026-08-21
20010509,5,2026-08-21
20010510,5,2026-08-21
20010511,5,2026-08-21
20010512,5,2026-08-21
20010513,5,2026-08-21
20010514,5,2026-08-21
20010515,5,2026-08-21
20010516,5,2026-08-21
20010517,5,2026-08-21
20010518,5,2026-08-21
20010519,5,2026-08-21
20010520,5,2026-08-21
20010521,5,2026-08-21
20010522,5,2026-08-21
20010523,5,2026-08-21
20010524,5,2026-08-21
20010525,5,2026-08-21
20010526,5,2026-08-21
20010527,5,2026-08-21
20010528,5,2026-08-21
20010529,5,2026-08-21
20010530,5,2026-08-21
20010531,5,2026-08-21
20010601,5,2026-08-21
20010602,5,2026-08-21
20010603,5,2026-08-21
20010604,5,2026-08-21
20010605,5,2026-08-21
20010606,5,2026-08-21
20010607,5,2026-08-21
20010608,5,2026-08-21
20010609,5,2026-08-21
20010610,5,2026-08-21
20010611,5,2026-08-21
20010612,5,2026-08-21
20010613,5,2026-08-21
20010614,5,2026-08-21
20010615,5,2026-08-21
20010616,5,2026-08-21
20010617,5,2026-08-21
20010618,5,2026-08-21
20010619,5,2026-08-21
20010620,5,2026-08-21
20010621,5,2026-08-21
20010622,5,2026-08-21
20010623,5,2026-08-21
20010624,5,2026-08-21
20010625,5,2026-08-21
20010626,5,2026-08-21
20010627,5,2026-08-21
20010628,5,2026-08-21
20010629,5,2026-08-21
20010630,5,2026-08-21
20010701,5,2026-08-21
20010702,5,2026-08-21
20010703,5,2026-08-21
20010704,5,2026-08-21
20010705,4.75,2026-08-21
20010706,4.75,2026-08-21
20010707,4.75,2026-08-21
20010708,4.75,2026-08-21
20010709,4.75,2026-08-21
20010710,4.75,2026-08-21
20010711,4.75,2026-08-21
20010712,4.75,2026-08-21
20010713,4.75,2026-08-21
20010714,4.75,2026-08-21
20010715,4.75,2026-08-21
20010716,4.75,2026-08-21
20010717,4.75,2026-08-21
20010718,4.75,2026-08-21
20010719,4.75,2026-08-21
20010720,4.75,2026-08-21
20010721,4.75,2026-08-21
20010722,4.75,2026-08-21
20010723,4.75,2026-08-21
20010724,4.75,2026-08-21
20010725,4.75,2026-08-21
20010726,4.75,2026-08-21
20010727,4.75,2026-08-21
20010728,4.75,2026-08-21
20010729,4.75,2026-08-21
20010730,4.75,2026-08-21
20010731,4.75,2026-08-21
20010801,4.75,2026-08-21
20010802,4.75,2026-08-21
20010803,4.75,2026-08-21
20010804,4.75,2026-08-21
20010805,4.75,2026-08-21
20010806,4.75,2026-08-21
20010807,4.75,2026-08-21
20010808,4.75,2026-08-21
20010809,4.5,2026-08-21
20010810,4.5,2026-08-21
20010811,4.5,2026-08-21
20010812,4.5,2026-08-21
20010813,4.5,2026-08-21
20010814,4.5,2026-08-21
20010815,4.5,2026-08-21
20010816,4.5,2026-08-21
20010817,4.5,2026-08-21
20010818,4.5,2026-08-21
20010819,4.5,2026-08-21
20010820,4.5,2026-08-21
20010821,4.5,2026-08-21
20010822,4.5,2026-08-21
20010823,4.5,2026-08-21
20010824,4.5,2026-08-21
20010825,4.5,2026-08-21
20010826,4.5,2026-08-21
20010827,4.5,2026-08-21
20010828,4.5,2026-08-21
20010829,4.5,2026-08-21
20010830,4.5,2026-08-21
20010831,4.5,2026-08-21
20010901,4.5,2026-08-21
20010902,4.5,2026-08-21
20010903,4.5,2026-08-21
20010904,4.5,2026-08-21
20010905,4.5,2026-08-21
20010906,4.5,2026-08-21
20010907,4.5,2026-08-21
20010908,4.5,2026-08-21
20010909,4.5,2026-08-21
20010910,4.5,2026-08-21
20010911,4.5,2026-08-21
20010912,4.5,2026-08-21
20010913,4.5,2026-08-21
20010914,4.5,2026-08-21
20010915,4.5,2026-08-21
20010916,4.5,2026-08-21
20010917,4.5,2026-08-21
20010918,4.5,2026-08-21
20010919,4,2026-08-21
20010920,4,2026-08-21
20010921,4,2026-08-21
20010922,4,2026-08-21
20010923,4,2026-08-21
20010924,4,2026-08-21
20010925,4,2026-08-21
20010926,4,2026-08-21
20010927,4,2026-08-21
20010928,4,2026-08-21
20010929,4,2026-08-21
20010930,4,2026-08-21
20011001,4,2026-08-21
20011002,4,2026-08-21
20011003,4,2026-08-21
20011004,4,2026-08-21
20011005,4,2026-08-21
20011006,4,2026-08-21
20011007,4,2026-08-21
20011008,4,2026-08-21
20011009,4,2026-08-21
20011010,4,2026-08-21
20011011,4,2026-08-21
20011012,4,2026-08-21
20011013,4,2026-08-21
20011014,4,2026-08-21
20011015,4,2026-08-21
20011016,4,2026-08-21
20011017,4,2026-08-21
20011018,4,2026-08-21
20011019,4,2026-08-21
20011020,4,2026-08-21
20011021,4,2026-08-21
20011022,4,2026-08-21
20011023,4,2026-08-21
20011024,4,2026-08-21
20011025,4,2026-08-21
20011026,4,2026-08-21
20011027,4,2026-08-21
20011028,4,2026-08-21
20011029,4,2026-08-21
20011030,4,2026-08-21
20011031,4,2026-08-21
20011101,4,2026-08-21
20011102,4,2026-08-21
20011103,4,2026-08-21
20011104,4,2026-08-21
20011105,4,2026-08-21
20011106,4,2026-08-21
20011107,4,2026-08-21
20011108,4,2026-08-21
20011109,4,2026-08-21
20011110,4,2026-08-21
20011111,4,2026-08-21
20011112,4,2026-08-21
20011113,4,2026-08-21
20011114,4,2026-08-21
20011115,4,2026-08-21
20011116,4,2026-08-21
20011117,4,2026-08-21
20011118,4,2026-08-21
20011119,4,2026-08-21
20011120,4,2026-08-21
20011121,4,2026-08-21
20011122,4,2026-08-21
20011123,4,2026-08-21
20011124,4,2026-08-21
20011125,4,2026-08-21
20011126,4,2026-08-21
20011127,4,2026-08-21
20011128,4,2026-08-21
20011129,4,2026-08-21
20011130,4,2026-08-21
20011201,4,2026-08-21
20011202,4,2026-08-21
20011203,4,2026-08-21
20011204,4,2026-08-21
20011205,4,2026-08-21
20011206,4,2026-08-21
20011207,4,2026-08-21
20011208,4,2026-08-21
20011209,4,2026-08-21
20011210,4,2026-08-21
20011211,4,2026-08-21
20011212,4,2026-08-21
20011213,4,2026-08-21
20011214,4,2026-08-21
20011215,4,2026-08-21
20011216,4,2026-08-21
20011217,4,2026-08-21
20011218,4,2026-08-21
20011219,4,2026-08-21
20011220,4,2026-08-21
20011221,4,2026-08-21
20011222,4,2026-08-21
20011223,4,2026-08-21
20011224,4,2026-08-21
20011225,4,2026-08-21
20011226,4,2026-08-21
20011227,4,2026-08-21
20011228,4,2026-08-21
20011229,4,2026-08-21
20011230,4,2026-08-21
20011231,4,2026-08-21
20020101,4,2026-08-21
20020102,4,2026-08-21
20020103,4,2026-08-21
20020104,4,2026-08-21
20020105,4,2026-08-21
20020106,4,2026-08-21
20020107,4,2026-08-21
20020108,4,2026-08-21
20020109,4,2026-08-21
20020110,4,2026-08-21
20020111,4,2026-08-21
20020112,4,2026-08-21
20020113,4,2026-08-21
20020114,4,2026-08-21
20020115,4,2026-08-21
20020116,4,2026-08-21
20020117,4,2026-08-21
20020118,4,2026-08-21
20020119,4,2026-08-21
20020120,4,2026-08-21
20020121,4,2026-08-21
20020122,4,2026-08-21
20020123,4,2026-08-21
20020124,4,2026-08-21
20020125,4,2026-08-21
20020126,4,2026-08-21
20020127,4,2026-08-21
20020128,4,2026-08-21
20020129,4,2026-08-21
20020130,4,2026-08-21
20020131,4,2026-08-21
20020201,4,2026-08-21
20020202,4,2026-08-21
20020203,4,2026-08-21
20020204,4,2026-08-21
20020205,4,2026-08-21
20020206,4,2026-08-21
20020207,4,2026-08-21
20020208,4,2026-08-21
20020209,4,2026-08-21
20020210,4,2026-08-21
20020211,4,2026-08-21
20020212,4,2026-08-21
20020213,4,2026-08-21
20020214,4,2026-08-21
20020215,4,2026-08-21
20020216,4,2026-08-21
20020217,4,2026-08-21
20020218,4,2026-08-21
20020219,4,2026-08-21
20020220,4,2026-08-21
20020221,4,2026-08-21
20020222,4,2026-08-21
20020223,4,2026-08-21
20020224,4,2026-08-21
20020225,4,2026-08-21
20020226,4,2026-08-21
20020227,4,2026-08-21
20020228,4,2026-08-21
20020301,4,2026-08-21
20020302,4,2026-08-21
20020303,4,2026-08-21
20020304,4,2026-08-21
20020305,4,2026-08-21
20020306,4,2026-08-21
20020307,4,2026-08-21
20020308,4,2026-08-21
20020309,4,2026-08-21
20020310,4,2026-08-21
20020311,4,2026-08-21
20020312,4,2026-08-21
20020313,4,2026-08-21
20020314,4,2026-08-21
20020315,4,2026-08-21
20020316,4,2026-08-21
20020317,4,2026-08-21
20020318,4,2026-08-21
20020319,4,2026-08-21
20020320,4,2026-08-21
20020321,4,2026-08-21
20020322,4,2026-08-21
20020323,4,2026-08-21
20020324,4,2026-08-21
20020325,4,2026-08-21
20020326,4,2026-08-21
20020327,4,2026-08-21
20020328,4,2026-08-21
20020329,4,2026-08-21
20020330,4,2026-08-21
20020331,4,2026-08-21
20020401,4,2026-08-21
20020402,4,2026-08-21
20020403,4,2026-08-21
20020404,4,2026-08-21
20020405,4,2026-08-21
20020406,4,2026-08-21
20020407,4,2026-08-21
20020408,4,2026-08-21
20020409,4,2026-08-21
20020410,4,2026-08-21
20020411,4,2026-08-21
20020412,4,2026-08-21
20020413,4,2026-08-21
20020414,4,2026-08-21
20020415,4,2026-08-21
20020416,4,2026-08-21
20020417,4,2026-08-21
20020418,4,2026-08-21
20020419,4,2026-08-21
20020420,4,2026-08-21
20020421,4,2026-08-21
20020422,4,2026-08-21
20020423,4,2026-08-21
20020424,4,2026-08-21
20020425,4,2026-08-21
20020426,4,2026-08-21
20020427,4,2026-08-21
20020428,4,2026-08-21
20020429,4,2026-08-21
20020430,4,2026-08-21
20020501,4,2026-08-21
20020502,4,2026-08-21
20020503,4,2026-08-21
20020504,4,2026-08-21
20020505,4,2026-08-21
20020506,4,2026-08-21
20020507,4.25,2026-08-21
20020508,4.25,2026-08-21
20020509,4.25,2026-08-21
20020510,4.25,2026-08-21
20020511,4.25,2026-08-21
20020512,4.25,2026-08-21
20020513,4.25,2026-08-21
20020514,4.25,2026-08-21
20020515,4.25,2026-08-21
20020516,4.25,2026-08-21
20020517,4.25,2026-08-21
20020518,4.25,2026-08-21
20020519,4.25,2026-08-21
20020520,4.25,2026-08-21
20020521,4.25,2026-08-21
20020522,4.25,2026-08-21
20020523,4.25,2026-08-21
20020524,4.25,2026-08-21
20020525,4.25,2026-08-21
20020526,4.25,2026-08-21
20020527,4.25,2026-08-21
20020528,4.25,2026-08-21
20020529,4.25,2026-08-21
20020530,4.25,2026-08-21
20020531,4.25,2026-08-21
20020601,4.25,2026-08-21
20020602,4.25,2026-08-21
20020603,4.25,2026-08-21
20020604,4.25,2026-08-21
20020605,4.25,2026-08-21
20020606,4.25,2026-08-21
20020607,4.25,2026-08-21
20020608,4.25,2026-08-21
20020609,4.25,2026-08-21
20020610,4.25,2026-08-21
20020611,4.25,2026-08-21
20020612,4.25,2026-08-21
20020613,4.25,2026-08-21
20020614,4.25,2026-08-21
20020615,4.25,2026-08-21
20020616,4.25,2026-08-21
20020617,4.25,2026-08-21
20020618,4.25,2026-08-21
20020619,4.25,2026-08-21
20020620,4.25,2026-08-21
20020621,4.25,2026-08-21
20020622,4.25,2026-08-21
20020623,4.25,2026-08-21
20020624,4.25,2026-08-21
20020625,4.25,2026-08-21
20020626,4.25,2026-08-21
20020627,4.25,2026-08-21
20020628,4.25,2026-08-21
20020629,4.25,2026-08-21
20020630,4.25,2026-08-21
20020701,4.25,2026-08-21
20020702,4.25,2026-08-21
20020703,4.25,2026-08-21
20020704,4.25,2026-08-21
20020705,4.25,2026-08-21
20020706,4.25,2026-08-21
20020707,4.25,2026-08-21
20020708,4.25,2026-08-21
20020709,4.25,2026-08-21
20020710,4.25,2026-08-21
20020711,4.25,2026-08-21
20020712,4.25,2026-08-21
20020713,4.25,2026-08-21
20020714,4.25,2026-08-21
20020715,4.25,2026-08-21
20020716,4.25,2026-08-21
20020717,4.25,2026-08-21
20020718,4.25,2026-08-21
20020719,4.25,2026-08-21
20020720,4.25,2026-08-21
20020721,4.25,2026-08-21
20020722,4.25,2026-08-21
20020723,4.25,2026-08-21
20020724,4.25,2026-08-21
20020725,4.25,2026-08-21
20020726,4.25,2026-08-21
20020727,4.25,2026-08-21
20020728,4.25,2026-08-21
20020729,4.25,2026-08-21
20020730,4.25,2026-08-21
20020731,4.25,2026-08-21
20020801,4.25,2026-08-21
20020802,4.25,2026-08-21
20020803,4.25,2026-08-21
20020804,4.25,2026-08-21
20020805,4.25,2026-08-21
20020806,4.25,2026-08-21
20020807,4.25,2026-08-21
20020808,4.25,2026-08-21
20020809,4.25,2026-08-21
20020810,4.25,2026-08-21
20020811,4.25,2026-08-21
20020812,4.25,2026-08-21
20020813,4.25,2026-08-21
20020814,4.25,2026-08-21
20020815,4.25,2026-08-21
20020816,4.25,2026-08-21
20020817,4.25,2026-08-21
20020818,4.25,2026-08-21
20020819,4.25,2026-08-21
20020820,4.25,2026-08-21
20020821,4.25,2026-08-21
20020822,4.25,2026-08-21
20020823,4.25,2026-08-21
20020824,4.25,2026-08-21
20020825,4.25,2026-08-21
20020826,4.25,2026-08-21
20020827,4.25,2026-08-21
20020828,4.25,2026-08-21
20020829,4.25,2026-08-21
20020830,4.25,2026-08-21
20020831,4.25,2026-08-21
20020901,4.25,2026-08-21
20020902,4.25,2026-08-21
20020903,4.25,2026-08-21
20020904,4.25,2026-08-21
20020905,4.25,2026-08-21
20020906,4.25,2026-08-21
20020907,4.25,2026-08-21
20020908,4.25,2026-08-21
20020909,4.25,2026-08-21
20020910,4.25,2026-08-21
20020911,4.25,2026-08-21
20020912,4.25,2026-08-21
20020913,4.25,2026-08-21
20020914,4.25,2026-08-21
20020915,4.25,2026-08-21
20020916,4.25,2026-08-21
20020917,4.25,2026-08-21
20020918,4.25,2026-08-21
20020919,4.25,2026-08-21
20020920,4.25,2026-08-21
20020921,4.25,2026-08-21
20020922,4.25,2026-08-21
20020923,4.25,2026-08-21
20020924,4.25,2026-08-21
20020925,4.25,2026-08-21
20020926,4.25,2026-08-21
20020927,4.25,2026-08-21
20020928,4.25,2026-08-21
20020929,4.25,2026-08-21
20020930,4.25,2026-08-21
20021001,4.25,2026-08-21
20021002,4.25,2026-08-21
20021003,4.25,2026-08-21
20021004,4.25,2026-08-21
20021005,4.25,2026-08-21
20021006,4.25,2026-08-21
20021007,4.25,2026-08-21
20021008,4.25,2026-08-21
20021009,4.25,2026-08-21
20021010,4.25,2026-08-21
20021011,4.25,2026-08-21
20021012,4.25,2026-08-21
20021013,4.25,2026-08-21
20021014,4.25,2026-08-21
20021015,4.25,2026-08-21
20021016,4.25,2026-08-21
20021017,4.25,2026-08-21
20021018,4.25,2026-08-21
20021019,4.25,2026-08-21
20021020,4.25,2026-08-21
20021021,4.25,2026-08-21
20021022,4.25,2026-08-21
20021023,4.25,2026-08-21
20021024,4.25,2026-08-21
20021025,4.25,2026-08-21
20021026,4.25,2026-08-21
20021027,4.25,2026-08-21
20021028,4.25,2026-08-21
20021029,4.25,2026-08-21
20021030,4.25,2026-08-21
20021031,4.25,2026-08-21
20021101,4.25,2026-08-21
20021102,4.25,2026-08-21
20021103,4.25,2026-08-21
20021104,4.25,2026-08-21
20021105,4.25,2026-08-21
20021106,4.25,2026-08-21
20021107,4.25,2026-08-21
20021108,4.25,2026-08-21
20021109,4.25,2026-08-21
20021110,4.25,2026-08-21
20021111,4.25,2026-08-21
20021112,4.25,2026-08-21
20021113,4.25,2026-08-21
20021114,4.25,2026-08-21
20021115,4.25,2026-08-21
20021116,4.25,2026-08-21
20021117,4.25,2026-08-21
20021118,4.25,2026-08-21
20021119,4.25,2026-08-21
20021120,4.25,2026-08-21
20021121,4.25,2026-08-21
20021122,4.25,2026-08-21
20021123,4.25,2026-08-21
20021124,4.25,2026-08-21
20021125,4.25,2026-08-21
20021126,4.25,2026-08-21
20021127,4.25,2026-08-21
20021128,4.25,2026-08-21
20021129,4.25,2026-08-21
20021130,4.25,2026-08-21
20021201,4.25,2026-08-21
20021202,4.25,2026-08-21
20021203,4.25,2026-08-21
20021204,4.25,2026-08-21
20021205,4.25,2026-08-21
20021206,4.25,2026-08-21
20021207,4.25,2026-08-21
20021208,4.25,2026-08-21
20021209,4.25,2026-08-21
20021210,4.25,2026-08-21
20021211,4.25,2026-08-21
20021212,4.25,2026-08-21
20021213,4.25,2026-08-21
20021214,4.25,2026-08-21
20021215,4.25,2026-08-21
20021216,4.25,2026-08-21
20021217,4.25,2026-08-21
20021218,4.25,2026-08-21
20021219,4.25,2026-08-21
20021220,4.25,2026-08-21
20021221,4.25,2026-08-21
20021222,4.25,2026-08-21
20021223,4.25,2026-08-21
20021224,4.25,2026-08-21
20021225,4.25,2026-08-21
20021226,4.25,2026-08-21
20021227,4.25,2026-08-21
20021228,4.25,2026-08-21
20021229,4.25,2026-08-21
20021230,4.25,2026-08-21
20021231,4.25,2026-08-21
20030101,4.25,2026-08-21
20030102,4.25,2026-08-21
20030103,4.25,2026-08-21
20030104,4.25,2026-08-21
20030105,4.25,2026-08-21
20030106,4.25,2026-08-21
20030107,4.25,2026-08-21
20030108,4.25,2026-08-21
20030109,4.25,2026-08-21
20030110,4.25,2026-08-21
20030111,4.25,2026-08-21
20030112,4.25,2026-08-21
20030113,4.25,2026-08-21
20030114,4.25,2026-08-21
20030115,4.25,2026-08-21
20030116,4.25,2026-08-21
20030117,4.25,2026-08-21
20030118,4.25,2026-08-21
20030119,4.25,2026-08-21
20030120,4.25,2026-08-21
20030121,4.25,2026-08-21
20030122,4.25,2026-08-21
20030123,4.25,2026-08-21
20030124,4.25,2026-08-21
20030125,4.25,2026-08-21
20030126,4.25,2026-08-21
20030127,4.25,2026-08-21
20030128,4.25,2026-08-21
20030129,4.25,2026-08-21
20030130,4.25,2026-08-21
20030131,4.25,2026-08-21
20030201,4.25,2026-08-21
20030202,4.25,2026-08-21
20030203,4.25,2026-08-21
20030204,4.25,2026-08-21
20030205,4.25,2026-08-21
20030206,4.25,2026-08-21
20030207,4.25,2026-08-21
20030208,4.25,2026-08-21
20030209,4.25,2026-08-21
20030210,4.25,2026-08-21
20030211,4.25,2026-08-21
20030212,4.25,2026-08-21
20030213,4.25,2026-08-21
20030214,4.25,2026-08-21
20030215,4.25,2026-08-21
20030216,4.25,2026-08-21
20030217,4.25,2026-08-21
20030218,4.25,2026-08-21
20030219,4.25,2026-08-21
20030220,4.25,2026-08-21
20030221,4.25,2026-08-21
20030222,4.25,2026-08-21
20030223,4.25,2026-08-21
20030224,4.25,2026-08-21
20030225,4.25,2026-08-21
20030226,4.25,2026-08-21
20030227,4.25,2026-08-21
20030228,4.25,2026-08-21
20030301,4.25,2026-08-21
20030302,4.25,2026-08-21
20030303,4.25,2026-08-21
20030304,4.25,2026-08-21
20030305,4.25,2026-08-21
20030306,4.25,2026-08-21
20030307,4.25,2026-08-21
20030308,4.25,2026-08-21
20030309,4.25,2026-08-21
20030310,4.25,2026-08-21
20030311,4.25,2026-08-21
20030312,4.25,2026-08-21
20030313,4.25,2026-08-21
20030314,4.25,2026-08-21
20030315,4.25,2026-08-21
20030316,4.25,2026-08-21
20030317,4.25,2026-08-21
20030318,4.25,2026-08-21
20030319,4.25,2026-08-21
20030320,4.25,2026-08-21
20030321,4.25,2026-08-21
20030322,4.25,2026-08-21
20030323,4.25,2026-08-21
20030324,4.25,2026-08-21
20030325,4.25,2026-08-21
20030326,4.25,2026-08-21
20030327,4.25,2026-08-21
20030328,4.25,2026-08-21
20030329,4.25,2026-08-21
20030330,4.25,2026-08-21
20030331,4.25,2026-08-21
20030401,4.25,2026-08-21
20030402,4.25,2026-08-21
20030403,4.25,2026-08-21
20030404,4.25,2026-08-21
20030405,4.25,2026-08-21
20030406,4.25,2026-08-21
20030407,4.25,2026-08-21
20030408,4.25,2026-08-21
20030409,4.25,2026-08-21
20030410,4.25,2026-08-21
20030411,4.25,2026-08-21
20030412,4.25,2026-08-21
20030413,4.25,2026-08-21
20030414,4.25,2026-08-21
20030415,4.25,2026-08-21
20030416,4.25,2026-08-21
20030417,4.25,2026-08-21
20030418,4.25,2026-08-21
20030419,4.25,2026-08-21
20030420,4.25,2026-08-21
20030421,4.25,2026-08-21
20030422,4.25,2026-08-21
20030423,4.25,2026-08-21
20030424,4.25,2026-08-21
20030425,4.25,2026-08-21
20030426,4.25,2026-08-21
20030427,4.25,2026-08-21
20030428,4.25,2026-08-21
20030429,4.25,2026-08-21
20030430,4.25,2026-08-21
20030501,4.25,2026-08-21
20030502,4.25,2026-08-21
20030503,4.25,2026-08-21
20030504,4.25,2026-08-21
20030505,4.25,2026-08-21
20030506,4.25,2026-08-21
20030507,4.25,2026-08-21
20030508,4.25,2026-08-21
20030509,4.25,2026-08-21
20030510,4.25,2026-08-21
20030511,4.25,2026-08-21
20030512,4.25,2026-08-21
20030513,4,2026-08-21
20030514,4,2026-08-21
20030515,4,2026-08-21
20030516,4,2026-08-21
20030517,4,2026-08-21
20030518,4,2026-08-21
20030519,4,2026-08-21
20030520,4,2026-08-21
20030521,4,2026-08-21
20030522,4,2026-08-21
20030523,4,2026-08-21
20030524,4,2026-08-21
20030525,4,2026-08-21
20030526,4,2026-08-21
20030527,4,2026-08-21
20030528,4,2026-08-21
20030529,4,2026-08-21
20030530,4,2026-08-21
20030531,4,2026-08-21
20030601,4,2026-08-21
20030602,4,2026-08-21
20030603,4,2026-08-21
20030604,4,2026-08-21
20030605,4,2026-08-21
20030606,4,2026-08-21
20030607,4,2026-08-21
20030608,4,2026-08-21
20030609,4,2026-08-21
20030610,4,2026-08-21
20030611,4,2026-08-21
20030612,4,2026-08-21
20030613,4,2026-08-21
20030614,4,2026-08-21
20030615,4,2026-08-21
20030616,4,2026-08-21
20030617,4,2026-08-21
20030618,4,2026-08-21
20030619,4,2026-08-21
20030620,4,2026-08-21
20030621,4,2026-08-21
20030622,4,2026-08-21
20030623,4,2026-08-21
20030624,4,2026-08-21
20030625,4,2026-08-21
20030626,4,2026-08-21
20030627,4,2026-08-21
20030628,4,2026-08-21
20030629,4,2026-08-21
20030630,4,2026-08-21
20030701,4,2026-08-21
20030702,4,2026-08-21
20030703,4,2026-08-21
20030704,4,2026-08-21
20030705,4,2026-08-21
20030706,4,2026-08-21
20030707,4,2026-08-21
20030708,4,2026-08-21
20030709,4,2026-08-21
20030710,3.75,2026-08-21
20030711,3.75,2026-08-21
20030712,3.75,2026-08-21
20030713,3.75,2026-08-21
20030714,3.75,2026-08-21
20030715,3.75,2026-08-21
20030716,3.75,2026-08-21
20030717,3.75,2026-08-21
20030718,3.75,2026-08-21
20030719,3.75,2026-08-21
20030720,3.75,2026-08-21
20030721,3.75,2026-08-21
20030722,3.75,2026-08-21
20030723,3.75,2026-08-21
20030724,3.75,2026-08-21
20030725,3.75,2026-08-21
20030726,3.75,2026-08-21
20030727,3.75,2026-08-21
20030728,3.75,2026-08-21
20030729,3.75,2026-08-21
20030730,3.75,2026-08-21
20030731,3.75,2026-08-21
20030801,3.75,2026-08-21
20030802,3.75,2026-08-21
20030803,3.75,2026-08-21
20030804,3.75,2026-08-21
20030805,3.75,2026-08-21
20030806,3.75,2026-08-21
20030807,3.75,2026-08-21
20030808,3.75,2026-08-21
20030809,3.75,2026-08-21
20030810,3.75,2026-08-21
20030811,3.75,2026-08-21
20030812,3.75,2026-08-21
20030813,3.75,2026-08-21
20030814,3.75,2026-08-21
20030815,3.75,2026-08-21
20030816,3.75,2026-08-21
20030817,3.75,2026-08-21
20030818,3.75,2026-08-21
20030819,3.75,2026-08-21
20030820,3.75,2026-08-21
20030821,3.75,2026-08-21
20030822,3.75,2026-08-21
20030823,3.75,2026-08-21
20030824,3.75,2026-08-21
20030825,3.75,2026-08-21
20030826,3.75,2026-08-21
20030827,3.75,2026-08-21
20030828,3.75,2026-08-21
20030829,3.75,2026-08-21
20030830,3.75,2026-08-21
20030831,3.75,2026-08-21
20030901,3.75,2026-08-21
20030902,3.75,2026-08-21
20030903,3.75,2026-08-21
20030904,3.75,2026-08-21
20030905,3.75,2026-08-21
20030906,3.75,2026-08-21
20030907,3.75,2026-08-21
20030908,3.75,2026-08-21
20030909,3.75,2026-08-21
20030910,3.75,2026-08-21
20030911,3.75,2026-08-21
20030912,3.75,2026-08-21
20030913,3.75,2026-08-21
20030914,3.75,2026-08-21
20030915,3.75,2026-08-21
20030916,3.75,2026-08-21
20030917,3.75,2026-08-21
20030918,3.75,2026-08-21
20030919,3.75,2026-08-21
20030920,3.75,2026-08-21
20030921,3.75,2026-08-21
20030922,3.75,2026-08-21
20030923,3.75,2026-08-21
20030924,3.75,2026-08-21
20030925,3.75,2026-08-21
20030926,3.75,2026-08-21
20030927,3.75,2026-08-21
20030928,3.75,2026-08-21
20030929,3.75,2026-08-21
20030930,3.75,2026-08-21
20031001,3.75,2026-08-21
20031002,3.75,2026-08-21
20031003,3.75,2026-08-21
20031004,3.75,2026-08-21
20031005,3.75,2026-08-21
20031006,3.75,2026-08-21
20031007,3.75,2026-08-21
20031008,3.75,2026-08-21
20031009,3.75,2026-08-21
20031010,3.75,2026-08-21
20031011,3.75,2026-08-21
20031012,3.75,2026-08-21
20031013,3.75,2026-08-21
20031014,3.75,2026-08-21
20031015,3.75,2026-08-21
20031016,3.75,2026-08-21
20031017,3.75,2026-08-21
20031018,3.75,2026-08-21
20031019,3.75,2026-08-21
20031020,3.75,2026-08-21
20031021,3.75,2026-08-21
20031022,3.75,2026-08-21
20031023,3.75,2026-08-21
20031024,3.75,2026-08-21
20031025,3.75,2026-08-21
20031026,3.75,2026-08-21
20031027,3.75,2026-08-21
20031028,3.75,2026-08-21
20031029,3.75,2026-08-21
20031030,3.75,2026-08-21
20031031,3.75,2026-08-21
20031101,3.75,2026-08-21
20031102,3.75,2026-08-21
20031103,3.75,2026-08-21
20031104,3.75,2026-08-21
20031105,3.75,2026-08-21
20031106,3.75,2026-08-21
20031107,3.75,2026-08-21
20031108,3.75,2026-08-21
20031109,3.75,2026-08-21
20031110,3.75,2026-08-21
20031111,3.75,2026-08-21
20031112,3.75,2026-08-21
20031113,3.75,2026-08-21
20031114,3.75,2026-08-21
20031115,3.75,2026-08-21
20031116,3.75,2026-08-21
20031117,3.75,2026-08-21
20031118,3.75,2026-08-21
20031119,3.75,2026-08-21
20031120,3.75,2026-08-21
20031121,3.75,2026-08-21
20031122,3.75,2026-08-21
20031123,3.75,2026-08-21
20031124,3.75,2026-08-21
20031125,3.75,2026-08-21
20031126,3.75,2026-08-21
20031127,3.75,2026-08-21
20031128,3.75,2026-08-21
20031129,3.75,2026-08-21
20031130,3.75,2026-08-21
20031201,3.75,2026-08-21
20031202,3.75,2026-08-21
20031203,3.75,2026-08-21
20031204,3.75,2026-08-21
20031205,3.75,2026-08-21
20031206,3.75,2026-08-21
20031207,3.75,2026-08-21
20031208,3.75,2026-08-21
20031209,3.75,2026-08-21
20031210,3.75,2026-08-21
20031211,3.75,2026-08-21
20031212,3.75,2026-08-21
20031213,3.75,2026-08-21
20031214,3.75,2026-08-21
20031215,3.75,2026-08-21
20031216,3.75,2026-08-21
20031217,3.75,2026-08-21
20031218,3.75,2026-08-21
20031219,3.75,2026-08-21
20031220,3.75,2026-08-21
20031221,3.75,2026-08-21
20031222,3.75,2026-08-21
20031223,3.75,2026-08-21
20031224,3.75,2026-08-21
20031225,3.75,2026-08-21
20031226,3.75,2026-08-21
20031227,3.75,2026-08-21
20031228,3.75,2026-08-21
20031229,3.75,2026-08-21
20031230,3.75,2026-08-21
20031231,3.75,2026-08-21
20040101,3.75,2026-08-21
20040102,3.75,2026-08-21
20040103,3.75,2026-08-21
20040104,3.75,2026-08-21
20040105,3.75,2026-08-21
20040106,3.75,2026-08-21
20040107,3.75,2026-08-21
20040108,3.75,2026-08-21
20040109,3.75,2026-08-21
20040110,3.75,2026-08-21
20040111,3.75,2026-08-21
20040112,3.75,2026-08-21
20040113,3.75,2026-08-21
20040114,3.75,2026-08-21
20040115,3.75,2026-08-21
20040116,3.75,2026-08-21
20040117,3.75,2026-08-21
20040118,3.75,2026-08-21
20040119,3.75,2026-08-21
20040120,3.75,2026-08-21
20040121,3.75,2026-08-21
20040122,3.75,2026-08-21
20040123,3.75,2026-08-21
20040124,3.75,2026-08-21
20040125,3.75,2026-08-21
20040126,3.75,2026-08-21
20040127,3.75,2026-08-21
20040128,3.75,2026-08-21
20040129,3.75,2026-08-21
20040130,3.75,2026-08-21
20040131,3.75,2026-08-21
20040201,3.75,2026-08-21
20040202,3.75,2026-08-21
20040203,3.75,2026-08-21
20040204,3.75,2026-08-21
20040205,3.75,2026-08-21
20040206,3.75,2026-08-21
20040207,3.75,2026-08-21
20040208,3.75,2026-08-21
20040209,3.75,2026-08-21
20040210,3.75,2026-08-21
20040211,3.75,2026-08-21
20040212,3.75,2026-08-21
20040213,3.75,2026-08-21
20040214,3.75,2026-08-21
20040215,3.75,2026-08-21
20040216,3.75,2026-08-21
20040217,3.75,2026-08-21
20040218,3.75,2026-08-21
20040219,3.75,2026-08-21
20040220,3.75,2026-08-21
20040221,3.75,2026-08-21
20040222,3.75,2026-08-21
20040223,3.75,2026-08-21
20040224,3.75,2026-08-21
20040225,3.75,2026-08-21
20040226,3.75,2026-08-21
20040227,3.75,2026-08-21
20040228,3.75,2026-08-21
20040229,3.75,2026-08-21
20040301,3.75,2026-08-21
20040302,3.75,2026-08-21
20040303,3.75,2026-08-21
20040304,3.75,2026-08-21
20040305,3.75,2026-08-21
20040306,3.75,2026-08-21
20040307,3.75,2026-08-21
20040308,3.75,2026-08-21
20040309,3.75,2026-08-21
20040310,3.75,2026-08-21
20040311,3.75,2026-08-21
20040312,3.75,2026-08-21
20040313,3.75,2026-08-21
20040314,3.75,2026-08-21
20040315,3.75,2026-08-21
20040316,3.75,2026-08-21
20040317,3.75,2026-08-21
20040318,3.75,2026-08-21
20040319,3.75,2026-08-21
20040320,3.75,2026-08-21
20040321,3.75,2026-08-21
20040322,3.75,2026-08-21
20040323,3.75,2026-08-21
20040324,3.75,2026-08-21
20040325,3.75,2026-08-21
20040326,3.75,2026-08-21
20040327,3.75,2026-08-21
20040328,3.75,2026-08-21
20040329,3.75,2026-08-21
20040330,3.75,2026-08-21
20040331,3.75,2026-08-21
20040401,3.75,2026-08-21
20040402,3.75,2026-08-21
20040403,3.75,2026-08-21
20040404,3.75,2026-08-21
20040405,3.75,2026-08-21
20040406,3.75,2026-08-21
20040407,3.75,2026-08-21
20040408,3.75,2026-08-21
20040409,3.75,2026-08-21
20040410,3.75,2026-08-21
20040411,3.75,2026-08-21
20040412,3.75,2026-08-21
20040413,3.75,2026-08-21
20040414,3.75,2026-08-21
20040415,3.75,2026-08-21
20040416,3.75,2026-08-21
20040417,3.75,2026-08-21
20040418,3.75,2026-08-21
20040419,3.75,2026-08-21
20040420,3.75,2026-08-21
20040421,3.75,2026-08-21
20040422,3.75,2026-08-21
20040423,3.75,2026-08-21
20040424,3.75,2026-08-21
20040425,3.75,2026-08-21
20040426,3.75,2026-08-21
20040427,3.75,2026-08-21
20040428,3.75,2026-08-21
20040429,3.75,2026-08-21
20040430,3.75,2026-08-21
20040501,3.75,2026-08-21
20040502,3.75,2026-08-21
20040503,3.75,2026-08-21
20040504,3.75,2026-08-21
20040505,3.75,2026-08-21
20040506,3.75,2026-08-21
20040507,3.75,2026-08-21
20040508,3.75,2026-08-21
20040509,3.75,2026-08-21
20040510,3.75,2026-08-21
20040511,3.75,2026-08-21
20040512,3.75,2026-08-21
20040513,3.75,2026-08-21
20040514,3.75,2026-08-21
20040515,3.75,2026-08-21
20040516,3.75,2026-08-21
20040517,3.75,2026-08-21
20040518,3.75,2026-08-21
20040519,3.75,2026-08-21
20040520,3.75,2026-08-21
20040521,3.75,2026-08-21
20040522,3.75,2026-08-21
20040523,3.75,2026-08-21
20040524,3.75,2026-08-21
20040525,3.75,2026-08-21
20040526,3.75,2026-08-21
20040527,3.75,2026-08-21
20040528,3.75,2026-08-21
20040529,3.75,2026-08-21
20040530,3.75,2026-08-21
20040531,3.75,2026-08-21
20040601,3.75,2026-08-21
20040602,3.75,2026-08-21
20040603,3.75,2026-08-21
20040604,3.75,2026-08-21
20040605,3.75,2026-08-21
20040606,3.75,2026-08-21
20040607,3.75,2026-08-21
20040608,3.75,2026-08-21
20040609,3.75,2026-08-21
20040610,3.75,2026-08-21
20040611,3.75,2026-08-21
20040612,3.75,2026-08-21
20040613,3.75,2026-08-21
20040614,3.75,2026-08-21
20040615,3.75,2026-08-21
20040616,3.75,2026-08-21
20040617,3.75,2026-08-21
20040618,3.75,2026-08-21
20040619,3.75,2026-08-21
20040620,3.75,2026-08-21
20040621,3.75,2026-08-21
20040622,3.75,2026-08-21
20040623,3.75,2026-08-21
20040624,3.75,2026-08-21
20040625,3.75,2026-08-21
20040626,3.75,2026-08-21
20040627,3.75,2026-08-21
20040628,3.75,2026-08-21
20040629,3.75,2026-08-21
20040630,3.75,2026-08-21
20040701,3.75,2026-08-21
20040702,3.75,2026-08-21
20040703,3.75,2026-08-21
20040704,3.75,2026-08-21
20040705,3.75,2026-08-21
20040706,3.75,2026-08-21
20040707,3.75,2026-08-21
20040708,3.75,2026-08-21
20040709,3.75,2026-08-21
20040710,3.75,2026-08-21
20040711,3.75,2026-08-21
20040712,3.75,2026-08-21
20040713,3.75,2026-08-21
20040714,3.75,2026-08-21
20040715,3.75,2026-08-21
20040716,3.75,2026-08-21
20040717,3.75,2026-08-21
20040718,3.75,2026-08-21
20040719,3.75,2026-08-21
20040720,3.75,2026-08-21
20040721,3.75,2026-08-21
20040722,3.75,2026-08-21
20040723,3.75,2026-08-21
20040724,3.75,2026-08-21
20040725,3.75,2026-08-21
20040726,3.75,2026-08-21
20040727,3.75,2026-08-21
20040728,3.75,2026-08-21
20040729,3.75,2026-08-21
20040730,3.75,2026-08-21
20040731,3.75,2026-08-21
20040801,3.75,2026-08-21
20040802,3.75,2026-08-21
20040803,3.75,2026-08-21
20040804,3.75,2026-08-21
20040805,3.75,2026-08-21
20040806,3.75,2026-08-21
20040807,3.75,2026-08-21
20040808,3.75,2026-08-21
20040809,3.75,2026-08-21
20040810,3.75,2026-08-21
20040811,3.75,2026-08-21
20040812,3.5,2026-08-21
20040813,3.5,2026-08-21
20040814,3.5,2026-08-21
20040815,3.5,2026-08-21
20040816,3.5,2026-08-21
20040817,3.5,2026-08-21
20040818,3.5,2026-08-21
20040819,3.5,2026-08-21
20040820,3.5,2026-08-21
20040821,3.5,2026-08-21
20040822,3.5,2026-08-21
20040823,3.5,2026-08-21
20040824,3.5,2026-08-21
20040825,3.5,2026-08-21
20040826,3.5,2026-08-21
20040827,3.5,2026-08-21
20040828,3.5,2026-08-21
20040829,3.5,2026-08-21
20040830,3.5,2026-08-21
20040831,3.5,2026-08-21
20040901,3.5,2026-08-21
20040902,3.5,2026-08-21
20040903,3.5,2026-08-21
20040904,3.5,2026-08-21
20040905,3.5,2026-08-21
20040906,3.5,2026-08-21
20040907,3.5,2026-08-21
20040908,3.5,2026-08-21
20040909,3.5,2026-08-21
20040910,3.5,2026-08-21
20040911,3.5,2026-08-21
20040912,3.5,2026-08-21
20040913,3.5,2026-08-21
20040914,3.5,2026-08-21
20040915,3.5,2026-08-21
20040916,3.5,2026-08-21
20040917,3.5,2026-08-21
20040918,3.5,2026-08-21
20040919,3.5,2026-08-21
20040920,3.5,2026-08-21
20040921,3.5,2026-08-21
20040922,3.5,2026-08-21
20040923,3.5,2026-08-21
20040924,3.5,2026-08-21
20040925,3.5,2026-08-21
20040926,3.5,2026-08-21
20040927,3.5,2026-08-21
20040928,3.5,2026-08-21
20040929,3.5,2026-08-21
20040930,3.5,2026-08-21
20041001,3.5,2026-08-21
20041002,3.5,2026-08-21
20041003,3.5,2026-08-21
20041004,3.5,2026-08-21
20041005,3.5,2026-08-21
20041006,3.5,2026-08-21
20041007,3.5,2026-08-21
20041008,3.5,2026-08-21
20041009,3.5,2026-08-21
20041010,3.5,2026-08-21
20041011,3.5,2026-08-21
20041012,3.5,2026-08-21
20041013,3.5,2026-08-21
20041014,3.5,2026-08-21
20041015,3.5,2026-08-21
20041016,3.5,2026-08-21
20041017,3.5,2026-08-21
20041018,3.5,2026-08-21
20041019,3.5,2026-08-21
20041020,3.5,2026-08-21
20041021,3.5,2026-08-21
20041022,3.5,2026-08-21
20041023,3.5,2026-08-21
20041024,3.5,2026-08-21
20041025,3.5,2026-08-21
20041026,3.5,2026-08-21
20041027,3.5,2026-08-21
20041028,3.5,2026-08-21
20041029,3.5,2026-08-21
20041030,3.5,2026-08-21
20041031,3.5,2026-08-21
20041101,3.5,2026-08-21
20041102,3.5,2026-08-21
20041103,3.5,2026-08-21
20041104,3.5,2026-08-21
20041105,3.5,2026-08-21
20041106,3.5,2026-08-21
20041107,3.5,2026-08-21
20041108,3.5,2026-08-21
20041109,3.5,2026-08-21
20041110,3.5,2026-08-21
20041111,3.25,2026-08-21
20041112,3.25,2026-08-21
20041113,3.25,2026-08-21
20041114,3.25,2026-08-21
20041115,3.25,2026-08-21
20041116,3.25,2026-08-21
20041117,3.25,2026-08-21
20041118,3.25,2026-08-21
20041119,3.25,2026-08-21
20041120,3.25,2026-08-21
20041121,3.25,2026-08-21
20041122,3.25,2026-08-21
20041123,3.25,2026-08-21
20041124,3.25,2026-08-21
20041125,3.25,2026-08-21
20041126,3.25,2026-08-21
20041127,3.25,2026-08-21
20041128,3.25,2026-08-21
20041129,3.25,2026-08-21
20041130,3.25,2026-08-21
20041201,3.25,2026-08-21
20041202,3.25,2026-08-21
20041203,3.25,2026-08-21
20041204,3.25,2026-08-21
20041205,3.25,2026-08-21
20041206,3.25,2026-08-21
20041207,3.25,2026-08-21
20041208,3.25,2026-08-21
20041209,3.25,2026-08-21
20041210,3.25,2026-08-21
20041211,3.25,2026-08-21
20041212,3.25,2026-08-21
20041213,3.25,2026-08-21
20041214,3.25,2026-08-21
20041215,3.25,2026-08-21
20041216,3.25,2026-08-21
20041217,3.25,2026-08-21
20041218,3.25,2026-08-21
20041219,3.25,2026-08-21
20041220,3.25,2026-08-21
20041221,3.25,2026-08-21
20041222,3.25,2026-08-21
20041223,3.25,2026-08-21
20041224,3.25,2026-08-21
20041225,3.25,2026-08-21
20041226,3.25,2026-08-21
20041227,3.25,2026-08-21
20041228,3.25,2026-08-21
20041229,3.25,2026-08-21
20041230,3.25,2026-08-21
20041231,3.25,2026-08-21
20050101,3.25,2026-08-21
20050102,3.25,2026-08-21
20050103,3.25,2026-08-21
20050104,3.25,2026-08-21
20050105,3.25,2026-08-21
20050106,3.25,2026-08-21
20050107,3.25,2026-08-21
20050108,3.25,2026-08-21
20050109,3.25,2026-08-21
20050110,3.25,2026-08-21
20050111,3.25,2026-08-21
20050112,3.25,2026-08-21
20050113,3.25,2026-08-21
20050114,3.25,2026-08-21
20050115,3.25,2026-08-21
20050116,3.25,2026-08-21
20050117,3.25,2026-08-21
20050118,3.25,2026-08-21
20050119,3.25,2026-08-21
20050120,3.25,2026-08-21
20050121,3.25,2026-08-21
20050122,3.25,2026-08-21
20050123,3.25,2026-08-21
20050124,3.25,2026-08-21
20050125,3.25,2026-08-21
20050126,3.25,2026-08-21
20050127,3.25,2026-08-21
20050128,3.25,2026-08-21
20050129,3.25,2026-08-21
20050130,3.25,2026-08-21
20050131,3.25,2026-08-21
20050201,3.25,2026-08-21
20050202,3.25,2026-08-21
20050203,3.25,2026-08-21
20050204,3.25,2026-08-21
20050205,3.25,2026-08-21
20050206,3.25,2026-08-21
20050207,3.25,2026-08-21
20050208,3.25,2026-08-21
20050209,3.25,2026-08-21
20050210,3.25,2026-08-21
20050211,3.25,2026-08-21
20050212,3.25,2026-08-21
20050213,3.25,2026-08-21
20050214,3.25,2026-08-21
20050215,3.25,2026-08-21
20050216,3.25,2026-08-21
20050217,3.25,2026-08-21
20050218,3.25,2026-08-21
20050219,3.25,2026-08-21
20050220,3.25,2026-08-21
20050221,3.25,2026-08-21
20050222,3.25,2026-08-21
20050223,3.25,2026-08-21
20050224,3.25,2026-08-21
20050225,3.25,2026-08-21
20050226,3.25,2026-08-21
20050227,3.25,2026-08-21
20050228,3.25,2026-08-21
20050301,3.25,2026-08-21
20050302,3.25,2026-08-21
20050303,3.25,2026-08-21
20050304,3.25,2026-08-21
20050305,3.25,2026-08-21
20050306,3.25,2026-08-21
20050307,3.25,2026-08-21
20050308,3.25,2026-08-21
20050309,3.25,2026-08-21
20050310,3.25,2026-08-21
20050311,3.25,2026-08-21
20050312,3.25,2026-08-21
20050313,3.25,2026-08-21
20050314,3.25,2026-08-21
20050315,3.25,2026-08-21
20050316,3.25,2026-08-21
20050317,3.25,2026-08-21
20050318,3.25,2026-08-21
20050319,3.25,2026-08-21
20050320,3.25,2026-08-21
20050321,3.25,2026-08-21
20050322,3.25,2026-08-21
20050323,3.25,2026-08-21
20050324,3.25,2026-08-21
20050325,3.25,2026-08-21
20050326,3.25,2026-08-21
20050327,3.25,2026-08-21
20050328,3.25,2026-08-21
20050329,3.25,2026-08-21
20050330,3.25,2026-08-21
20050331,3.25,2026-08-21
20050401,3.25,2026-08-21
20050402,3.25,2026-08-21
20050403,3.25,2026-08-21
20050404,3.25,2026-08-21
20050405,3.25,2026-08-21
20050406,3.25,2026-08-21
20050407,3.25,2026-08-21
20050408,3.25,2026-08-21
20050409,3.25,2026-08-21
20050410,3.25,2026-08-21
20050411,3.25,2026-08-21
20050412,3.25,2026-08-21
20050413,3.25,2026-08-21
20050414,3.25,2026-08-21
20050415,3.25,2026-08-21
20050416,3.25,2026-08-21
20050417,3.25,2026-08-21
20050418,3.25,2026-08-21
20050419,3.25,2026-08-21
20050420,3.25,2026-08-21
20050421,3.25,2026-08-21
20050422,3.25,2026-08-21
20050423,3.25,2026-08-21
20050424,3.25,2026-08-21
20050425,3.25,2026-08-21
20050426,3.25,2026-08-21
20050427,3.25,2026-08-21
20050428,3.25,2026-08-21
20050429,3.25,2026-08-21
20050430,3.25,2026-08-21
20050501,3.25,2026-08-21
20050502,3.25,2026-08-21
20050503,3.25,2026-08-21
20050504,3.25,2026-08-21
20050505,3.25,2026-08-21
20050506,3.25,2026-08-21
20050507,3.25,2026-08-21
20050508,3.25,2026-08-21
20050509,3.25,2026-08-21
20050510,3.25,2026-08-21
20050511,3.25,2026-08-21
20050512,3.25,2026-08-21
20050513,3.25,2026-08-21
20050514,3.25,2026-08-21
20050515,3.25,2026-08-21
20050516,3.25,2026-08-21
20050517,3.25,2026-08-21
20050518,3.25,2026-08-21
20050519,3.25,2026-08-21
20050520,3.25,2026-08-21
20050521,3.25,2026-08-21
20050522,3.25,2026-08-21
20050523,3.25,2026-08-21
20050524,3.25,2026-08-21
20050525,3.25,2026-08-21
20050526,3.25,2026-08-21
20050527,3.25,2026-08-21
20050528,3.25,2026-08-21
20050529,3.25,2026-08-21
20050530,3.25,2026-08-21
20050531,3.25,2026-08-21
20050601,3.25,2026-08-21
20050602,3.25,2026-08-21
20050603,3.25,2026-08-21
20050604,3.25,2026-08-21
20050605,3.25,2026-08-21
20050606,3.25,2026-08-21
20050607,3.25,2026-08-21
20050608,3.25,2026-08-21
20050609,3.25,2026-08-21
20050610,3.25,2026-08-21
20050611,3.25,2026-08-21
20050612,3.25,2026-08-21
20050613,3.25,2026-08-21
20050614,3.25,2026-08-21
20050615,3.25,2026-08-21
20050616,3.25,2026-08-21
20050617,3.25,2026-08-21
20050618,3.25,2026-08-21
20050619,3.25,2026-08-21
20050620,3.25,2026-08-21
20050621,3.25,2026-08-21
20050622,3.25,2026-08-21
20050623,3.25,2026-08-21
20050624,3.25,2026-08-21
20050625,3.25,2026-08-21
20050626,3.25,2026-08-21
20050627,3.25,2026-08-21
20050628,3.25,2026-08-21
20050629,3.25,2026-08-21
20050630,3.25,2026-08-21
20050701,3.25,2026-08-21
20050702,3.25,2026-08-21
20050703,3.25,2026-08-21
20050704,3.25,2026-08-21
20050705,3.25,2026-08-21
20050706,3.25,2026-08-21
20050707,3.25,2026-08-21
20050708,3.25,2026-08-21
20050709,3.25,2026-08-21
20050710,3.25,2026-08-21
20050711,3.25,2026-08-21
20050712,3.25,2026-08-21
20050713,3.25,2026-08-21
20050714,3.25,2026-08-21
20050715,3.25,2026-08-21
20050716,3.25,2026-08-21
20050717,3.25,2026-08-21
20050718,3.25,2026-08-21
20050719,3.25,2026-08-21
20050720,3.25,2026-08-21
20050721,3.25,2026-08-21
20050722,3.25,2026-08-21
20050723,3.25,2026-08-21
20050724,3.25,2026-08-21
20050725,3.25,2026-08-21
20050726,3.25,2026-08-21
20050727,3.25,2026-08-21
20050728,3.25,2026-08-21
20050729,3.25,2026-08-21
20050730,3.25,2026-08-21
20050731,3.25,2026-08-21
20050801,3.25,2026-08-21
20050802,3.25,2026-08-21
20050803,3.25,2026-08-21
20050804,3.25,2026-08-21
20050805,3.25,2026-08-21
20050806,3.25,2026-08-21
20050807,3.25,2026-08-21
20050808,3.25,2026-08-21
20050809,3.25,2026-08-21
20050810,3.25,2026-08-21
20050811,3.25,2026-08-21
20050812,3.25,2026-08-21
20050813,3.25,2026-08-21
20050814,3.25,2026-08-21
20050815,3.25,2026-08-21
20050816,3.25,2026-08-21
20050817,3.25,2026-08-21
20050818,3.25,2026-08-21
20050819,3.25,2026-08-21
20050820,3.25,2026-08-21
20050821,3.25,2026-08-21
20050822,3.25,2026-08-21
20050823,3.25,2026-08-21
20050824,3.25,2026-08-21
20050825,3.25,2026-08-21
20050826,3.25,2026-08-21
20050827,3.25,2026-08-21
20050828,3.25,2026-08-21
20050829,3.25,2026-08-21
20050830,3.25,2026-08-21
20050831,3.25,2026-08-21
20050901,3.25,2026-08-21
20050902,3.25,2026-08-21
20050903,3.25,2026-08-21
20050904,3.25,2026-08-21
20050905,3.25,2026-08-21
20050906,3.25,2026-08-21
20050907,3.25,2026-08-21
20050908,3.25,2026-08-21
20050909,3.25,2026-08-21
20050910,3.25,2026-08-21
20050911,3.25,2026-08-21
20050912,3.25,2026-08-21
20050913,3.25,2026-08-21
20050914,3.25,2026-08-21
20050915,3.25,2026-08-21
20050916,3.25,2026-08-21
20050917,3.25,2026-08-21
20050918,3.25,2026-08-21
20050919,3.25,2026-08-21
20050920,3.25,2026-08-21
20050921,3.25,2026-08-21
20050922,3.25,2026-08-21
20050923,3.25,2026-08-21
20050924,3.25,2026-08-21
20050925,3.25,2026-08-21
20050926,3.25,2026-08-21
20050927,3.25,2026-08-21
20050928,3.25,2026-08-21
20050929,3.25,2026-08-21
20050930,3.25,2026-08-21
20051001,3.25,2026-08-21
20051002,3.25,2026-08-21
20051003,3.25,2026-08-21
20051004,3.25,2026-08-21
20051005,3.25,2026-08-21
20051006,3.25,2026-08-21
20051007,3.25,2026-08-21
20051008,3.25,2026-08-21
20051009,3.25,2026-08-21
20051010,3.25,2026-08-21
20051011,3.5,2026-08-21
20051012,3.5,2026-08-21
20051013,3.5,2026-08-21
20051014,3.5,2026-08-21
20051015,3.5,2026-08-21
20051016,3.5,2026-08-21
20051017,3.5,2026-08-21
20051018,3.5,2026-08-21
20051019,3.5,2026-08-21
20051020,3.5,2026-08-21
20051021,3.5,2026-08-21
20051022,3.5,2026-08-21
20051023,3.5,2026-08-21
20051024,3.5,2026-08-21
20051025,3.5,2026-08-21
20051026,3.5,2026-08-21
20051027,3.5,2026-08-21
20051028,3.5,2026-08-21
20051029,3.5,2026-08-21
20051030,3.5,2026-08-21
20051031,3.5,2026-08-21
20051101,3.5,2026-08-21
20051102,3.5,2026-08-21
20051103,3.5,2026-08-21
20051104,3.5,2026-08-21
20051105,3.5,2026-08-21
20051106,3.5,2026-08-21
20051107,3.5,2026-08-21
20051108,3.5,2026-08-21
20051109,3.5,2026-08-21
20051110,3.5,2026-08-21
20051111,3.5,2026-08-21
20051112,3.5,2026-08-21
20051113,3.5,2026-08-21
20051114,3.5,2026-08-21
20051115,3.5,2026-08-21
20051116,3.5,2026-08-21
20051117,3.5,2026-08-21
20051118,3.5,2026-08-21
20051119,3.5,2026-08-21
20051120,3.5,2026-08-21
20051121,3.5,2026-08-21
20051122,3.5,2026-08-21
20051123,3.5,2026-08-21
20051124,3.5,2026-08-21
20051125,3.5,2026-08-21
20051126,3.5,2026-08-21
20051127,3.5,2026-08-21
20051128,3.5,2026-08-21
20051129,3.5,2026-08-21
20051130,3.5,2026-08-21
20051201,3.5,2026-08-21
20051202,3.5,2026-08-21
20051203,3.5,2026-08-21
20051204,3.5,2026-08-21
20051205,3.5,2026-08-21
20051206,3.5,2026-08-21
20051207,3.5,2026-08-21
20051208,3.75,2026-08-21
20051209,3.75,2026-08-21
20051210,3.75,2026-08-21
20051211,3.75,2026-08-21
20051212,3.75,2026-08-21
20051213,3.75,2026-08-21
20051214,3.75,2026-08-21
20051215,3.75,2026-08-21
20051216,3.75,2026-08-21
20051217,3.75,2026-08-21
20051218,3.75,2026-08-21
20051219,3.75,2026-08-21
20051220,3.75,2026-08-21
20051221,3.75,2026-08-21
20051222,3.75,2026-08-21
20051223,3.75,2026-08-21
20051224,3.75,2026-08-21
20051225,3.75,2026-08-21
20051226,3.75,2026-08-21
20051227,3.75,2026-08-21
20051228,3.75,2026-08-21
20051229,3.75,2026-08-21
20051230,3.75,2026-08-21
20051231,3.75,2026-08-21
20060101,3.75,2026-08-21
20060102,3.75,2026-08-21
20060103,3.75,2026-08-21
20060104,3.75,2026-08-21
20060105,3.75,2026-08-21
20060106,3.75,2026-08-21
20060107,3.75,2026-08-21
20060108,3.75,2026-08-21
20060109,3.75,2026-08-21
20060110,3.75,2026-08-21
20060111,3.75,2026-08-21
20060112,3.75,2026-08-21
20060113,3.75,2026-08-21
20060114,3.75,2026-08-21
20060115,3.75,2026-08-21
20060116,3.75,2026-08-21
20060117,3.75,2026-08-21
20060118,3.75,2026-08-21
20060119,3.75,2026-08-21
20060120,3.75,2026-08-21
20060121,3.75,2026-08-21
20060122,3.75,2026-08-21
20060123,3.75,2026-08-21
20060124,3.75,2026-08-21
20060125,3.75,2026-08-21
20060126,3.75,2026-08-21
20060127,3.75,2026-08-21
20060128,3.75,2026-08-21
20060129,3.75,2026-08-21
20060130,3.75,2026-08-21
20060131,3.75,2026-08-21
20060201,3.75,2026-08-21
20060202,3.75,2026-08-21
20060203,3.75,2026-08-21
20060204,3.75,2026-08-21
20060205,3.75,2026-08-21
20060206,3.75,2026-08-21
20060207,3.75,2026-08-21
20060208,3.75,2026-08-21
20060209,4,2026-08-21
20060210,4,2026-08-21
20060211,4,2026-08-21
20060212,4,2026-08-21
20060213,4,2026-08-21
20060214,4,2026-08-21
20060215,4,2026-08-21
20060216,4,2026-08-21
20060217,4,2026-08-21
20060218,4,2026-08-21
20060219,4,2026-08-21
20060220,4,2026-08-21
20060221,4,2026-08-21
20060222,4,2026-08-21
20060223,4,2026-08-21
20060224,4,2026-08-21
20060225,4,2026-08-21
20060226,4,2026-08-21
20060227,4,2026-08-21
20060228,4,2026-08-21
20060301,4,2026-08-21
20060302,4,2026-08-21
20060303,4,2026-08-21
20060304,4,2026-08-21
20060305,4,2026-08-21
20060306,4,2026-08-21
20060307,4,2026-08-21
20060308,4,2026-08-21
20060309,4,2026-08-21
20060310,4,2026-08-21
20060311,4,2026-08-21
20060312,4,2026-08-21
20060313,4,2026-08-21
20060314,4,2026-08-21
20060315,4,2026-08-21
20060316,4,2026-08-21
20060317,4,2026-08-21
20060318,4,2026-08-21
20060319,4,2026-08-21
20060320,4,2026-08-21
20060321,4,2026-08-21
20060322,4,2026-08-21
20060323,4,2026-08-21
20060324,4,2026-08-21
20060325,4,2026-08-21
20060326,4,2026-08-21
20060327,4,2026-08-21
20060328,4,2026-08-21
20060329,4,2026-08-21
20060330,4,2026-08-21
20060331,4,2026-08-21
20060401,4,2026-08-21
20060402,4,2026-08-21
20060403,4,2026-08-21
20060404,4,2026-08-21
20060405,4,2026-08-21
20060406,4,2026-08-21
20060407,4,2026-08-21
20060408,4,2026-08-21
20060409,4,2026-08-21
20060410,4,2026-08-21
20060411,4,2026-08-21
20060412,4,2026-08-21
20060413,4,2026-08-21
20060414,4,2026-08-21
20060415,4,2026-08-21
20060416,4,2026-08-21
20060417,4,2026-08-21
20060418,4,2026-08-21
20060419,4,2026-08-21
20060420,4,2026-08-21
20060421,4,2026-08-21
20060422,4,2026-08-21
20060423,4,2026-08-21
20060424,4,2026-08-21
20060425,4,2026-08-21
20060426,4,2026-08-21
20060427,4,2026-08-21
20060428,4,2026-08-21
20060429,4,2026-08-21
20060430,4,2026-08-21
20060501,4,2026-08-21
20060502,4,2026-08-21
20060503,4,2026-08-21
20060504,4,2026-08-21
20060505,4,2026-08-21
20060506,4,2026-08-21
20060507,4,2026-08-21
20060508,4,2026-08-21
20060509,4,2026-08-21
20060510,4,2026-08-21
20060511,4,2026-08-21
20060512,4,2026-08-21
20060513,4,2026-08-21
20060514,4,2026-08-21
20060515,4,2026-08-21
20060516,4,2026-08-21
20060517,4,2026-08-21
20060518,4,2026-08-21
20060519,4,2026-08-21
20060520,4,2026-08-21
20060521,4,2026-08-21
20060522,4,2026-08-21
20060523,4,2026-08-21
20060524,4,2026-08-21
20060525,4,2026-08-21
20060526,4,2026-08-21
20060527,4,2026-08-21
20060528,4,2026-08-21
20060529,4,2026-08-21
20060530,4,2026-08-21
20060531,4,2026-08-21
20060601,4,2026-08-21
20060602,4,2026-08-21
20060603,4,2026-08-21
20060604,4,2026-08-21
20060605,4,2026-08-21
20060606,4,2026-08-21
20060607,4,2026-08-21
20060608,4.25,2026-08-21
20060609,4.25,2026-08-21
20060610,4.25,2026-08-21
20060611,4.25,2026-08-21
20060612,4.25,2026-08-21
20060613,4.25,2026-08-21
20060614,4.25,2026-08-21
20060615,4.25,2026-08-21
20060616,4.25,2026-08-21
20060617,4.25,2026-08-21
20060618,4.25,2026-08-21
20060619,4.25,2026-08-21
20060620,4.25,2026-08-21
20060621,4.25,2026-08-21
20060622,4.25,2026-08-21
20060623,4.25,2026-08-21
20060624,4.25,2026-08-21
20060625,4.25,2026-08-21
20060626,4.25,2026-08-21
20060627,4.25,2026-08-21
20060628,4.25,2026-08-21
20060629,4.25,2026-08-21
20060630,4.25,2026-08-21
20060701,4.25,2026-08-21
20060702,4.25,2026-08-21
20060703,4.25,2026-08-21
20060704,4.25,2026-08-21
20060705,4.25,2026-08-21
20060706,4.25,2026-08-21
20060707,4.25,2026-08-21
20060708,4.25,2026-08-21
20060709,4.25,2026-08-21
20060710,4.25,2026-08-21
20060711,4.25,2026-08-21
20060712,4.25,2026-08-21
20060713,4.25,2026-08-21
20060714,4.25,2026-08-21
20060715,4.25,2026-08-21
20060716,4.25,2026-08-21
20060717,4.25,2026-08-21
20060718,4.25,2026-08-21
20060719,4.25,2026-08-21
20060720,4.25,2026-08-21
20060721,4.25,2026-08-21
20060722,4.25,2026-08-21
20060723,4.25,2026-08-21
20060724,4.25,2026-08-21
20060725,4.25,2026-08-21
20060726,4.25,2026-08-21
20060727,4.25,2026-08-21
20060728,4.25,2026-08-21
20060729,4.25,2026-08-21
20060730,4.25,2026-08-21
20060731,4.25,2026-08-21
20060801,4.25,2026-08-21
20060802,4.25,2026-08-21
20060803,4.25,2026-08-21
20060804,4.25,2026-08-21
20060805,4.25,2026-08-21
20060806,4.25,2026-08-21
20060807,4.25,2026-08-21
20060808,4.25,2026-08-21
20060809,4.25,2026-08-21
20060810,4.5,2026-08-21
20060811,4.5,2026-08-21
20060812,4.5,2026-08-21
20060813,4.5,2026-08-21
20060814,4.5,2026-08-21
20060815,4.5,2026-08-21
20060816,4.5,2026-08-21
20060817,4.5,2026-08-21
20060818,4.5,2026-08-21
20060819,4.5,2026-08-21
20060820,4.5,2026-08-21
20060821,4.5,2026-08-21
20060822,4.5,2026-08-21
20060823,4.5,2026-08-21
20060824,4.5,2026-08-21
20060825,4.5,2026-08-21
20060826,4.5,2026-08-21
20060827,4.5,2026-08-21
20060828,4.5,2026-08-21
20060829,4.5,2026-08-21
20060830,4.5,2026-08-21
20060831,4.5,2026-08-21
20060901,4.5,2026-08-21
20060902,4.5,2026-08-21
20060903,4.5,2026-08-21
20060904,4.5,2026-08-21
20060905,4.5,2026-08-21
20060906,4.5,2026-08-21
20060907,4.5,2026-08-21
20060908,4.5,2026-08-21
20060909,4.5,2026-08-21
20060910,4.5,2026-08-21
20060911,4.5,2026-08-21
20060912,4.5,2026-08-21
20060913,4.5,2026-08-21
20060914,4.5,2026-08-21
20060915,4.5,2026-08-21
20060916,4.5,2026-08-21
20060917,4.5,2026-08-21
20060918,4.5,2026-08-21
20060919,4.5,2026-08-21
20060920,4.5,2026-08-21
20060921,4.5,2026-08-21
20060922,4.5,2026-08-21
20060923,4.5,2026-08-21
20060924,4.5,2026-08-21
20060925,4.5,2026-08-21
20060926,4.5,2026-08-21
20060927,4.5,2026-08-21
20060928,4.5,2026-08-21
20060929,4.5,2026-08-21
20060930,4.5,2026-08-21
20061001,4.5,2026-08-21
20061002,4.5,2026-08-21
20061003,4.5,2026-08-21
20061004,4.5,2026-08-21
20061005,4.5,2026-08-21
20061006,4.5,2026-08-21
20061007,4.5,2026-08-21
20061008,4.5,2026-08-21
20061009,4.5,2026-08-21
20061010,4.5,2026-08-21
20061011,4.5,2026-08-21
20061012,4.5,2026-08-21
20061013,4.5,2026-08-21
20061014,4.5,2026-08-21
20061015,4.5,2026-08-21
20061016,4.5,2026-08-21
20061017,4.5,2026-08-21
20061018,4.5,2026-08-21
20061019,4.5,2026-08-21
20061020,4.5,2026-08-21
20061021,4.5,2026-08-21
20061022,4.5,2026-08-21
20061023,4.5,2026-08-21
20061024,4.5,2026-08-21
20061025,4.5,2026-08-21
20061026,4.5,2026-08-21
20061027,4.5,2026-08-21
20061028,4.5,2026-08-21
20061029,4.5,2026-08-21
20061030,4.5,2026-08-21
20061031,4.5,2026-08-21
20061101,4.5,2026-08-21
20061102,4.5,2026-08-21
20061103,4.5,2026-08-21
20061104,4.5,2026-08-21
20061105,4.5,2026-08-21
20061106,4.5,2026-08-21
20061107,4.5,2026-08-21
20061108,4.5,2026-08-21
20061109,4.5,2026-08-21
20061110,4.5,2026-08-21
20061111,4.5,2026-08-21
20061112,4.5,2026-08-21
20061113,4.5,2026-08-21
20061114,4.5,2026-08-21
20061115,4.5,2026-08-21
20061116,4.5,2026-08-21
20061117,4.5,2026-08-21
20061118,4.5,2026-08-21
20061119,4.5,2026-08-21
20061120,4.5,2026-08-21
20061121,4.5,2026-08-21
20061122,4.5,2026-08-21
20061123,4.5,2026-08-21
20061124,4.5,2026-08-21
20061125,4.5,2026-08-21
20061126,4.5,2026-08-21
20061127,4.5,2026-08-21
20061128,4.5,2026-08-21
20061129,4.5,2026-08-21
20061130,4.5,2026-08-21
20061201,4.5,2026-08-21
20061202,4.5,2026-08-21
20061203,4.5,2026-08-21
20061204,4.5,2026-08-21
20061205,4.5,2026-08-21
20061206,4.5,2026-08-21
20061207,4.5,2026-08-21
20061208,4.5,2026-08-21
20061209,4.5,2026-08-21
20061210,4.5,2026-08-21
20061211,4.5,2026-08-21
20061212,4.5,2026-08-21
20061213,4.5,2026-08-21
20061214,4.5,2026-08-21
20061215,4.5,2026-08-21
20061216,4.5,2026-08-21
20061217,4.5,2026-08-21
20061218,4.5,2026-08-21
20061219,4.5,2026-08-21
20061220,4.5,2026-08-21
20061221,4.5,2026-08-21
20061222,4.5,2026-08-21
20061223,4.5,2026-08-21
20061224,4.5,2026-08-21
20061225,4.5,2026-08-21
20061226,4.5,2026-08-21
20061227,4.5,2026-08-21
20061228,4.5,2026-08-21
20061229,4.5,2026-08-21
20061230,4.5,2026-08-21
20061231,4.5,2026-08-21
20070101,4.5,2026-08-21
20070102,4.5,2026-08-21
20070103,4.5,2026-08-21
20070104,4.5,2026-08-21
20070105,4.5,2026-08-21
20070106,4.5,2026-08-21
20070107,4.5,2026-08-21
20070108,4.5,2026-08-21
20070109,4.5,2026-08-21
20070110,4.5,2026-08-21
20070111,4.5,2026-08-21
20070112,4.5,2026-08-21
20070113,4.5,2026-08-21
20070114,4.5,2026-08-21
20070115,4.5,2026-08-21
20070116,4.5,2026-08-21
20070117,4.5,2026-08-21
20070118,4.5,2026-08-21
20070119,4.5,2026-08-21
20070120,4.5,2026-08-21
20070121,4.5,2026-08-21
20070122,4.5,2026-08-21
20070123,4.5,2026-08-21
20070124,4.5,2026-08-21
20070125,4.5,2026-08-21
20070126,4.5,2026-08-21
20070127,4.5,2026-08-21
20070128,4.5,2026-08-21
20070129,4.5,2026-08-21
20070130,4.5,2026-08-21
20070131,4.5,2026-08-21
20070201,4.5,2026-08-21
20070202,4.5,2026-08-21
20070203,4.5,2026-08-21
20070204,4.5,2026-08-21
20070205,4.5,2026-08-21
20070206,4.5,2026-08-21
20070207,4.5,2026-08-21
20070208,4.5,2026-08-21
20070209,4.5,2026-08-21
20070210,4.5,2026-08-21
20070211,4.5,2026-08-21
20070212,4.5,2026-08-21
20070213,4.5,2026-08-21
20070214,4.5,2026-08-21
20070215,4.5,2026-08-21
20070216,4.5,2026-08-21
20070217,4.5,2026-08-21
20070218,4.5,2026-08-21
20070219,4.5,2026-08-21
20070220,4.5,2026-08-21
20070221,4.5,2026-08-21
20070222,4.5,2026-08-21
20070223,4.5,2026-08-21
20070224,4.5,2026-08-21
20070225,4.5,2026-08-21
20070226,4.5,2026-08-21
20070227,4.5,2026-08-21
20070228,4.5,2026-08-21
20070301,4.5,2026-08-21
20070302,4.5,2026-08-21
20070303,4.5,2026-08-21
20070304,4.5,2026-08-21
20070305,4.5,2026-08-21
20070306,4.5,2026-08-21
20070307,4.5,2026-08-21
20070308,4.5,2026-08-21
20070309,4.5,2026-08-21
20070310,4.5,2026-08-21
20070311,4.5,2026-08-21
20070312,4.5,2026-08-21
20070313,4.5,2026-08-21
20070314,4.5,2026-08-21
20070315,4.5,2026-08-21
20070316,4.5,2026-08-21
20070317,4.5,2026-08-21
20070318,4.5,2026-08-21
20070319,4.5,2026-08-21
20070320,4.5,2026-08-21
20070321,4.5,2026-08-21
20070322,4.5,2026-08-21
20070323,4.5,2026-08-21
20070324,4.5,2026-08-21
20070325,4.5,2026-08-21
20070326,4.5,2026-08-21
20070327,4.5,2026-08-21
20070328,4.5,2026-08-21
20070329,4.5,2026-08-21
20070330,4.5,2026-08-21
20070331,4.5,2026-08-21
20070401,4.5,2026-08-21
20070402,4.5,2026-08-21
20070403,4.5,2026-08-21
20070404,4.5,2026-08-21
20070405,4.5,2026-08-21
20070406,4.5,2026-08-21
20070407,4.5,2026-08-21
20070408,4.5,2026-08-21
20070409,4.5,2026-08-21
20070410,4.5,2026-08-21
20070411,4.5,2026-08-21
20070412,4.5,2026-08-21
20070413,4.5,2026-08-21
20070414,4.5,2026-08-21
20070415,4.5,2026-08-21
20070416,4.5,2026-08-21
20070417,4.5,2026-08-21
20070418,4.5,2026-08-21
20070419,4.5,2026-08-21
20070420,4.5,2026-08-21
20070421,4.5,2026-08-21
20070422,4.5,2026-08-21
20070423,4.5,2026-08-21
20070424,4.5,2026-08-21
20070425,4.5,2026-08-21
20070426,4.5,2026-08-21
20070427,4.5,2026-08-21
20070428,4.5,2026-08-21
20070429,4.5,2026-08-21
20070430,4.5,2026-08-21
20070501,4.5,2026-08-21
20070502,4.5,2026-08-21
20070503,4.5,2026-08-21
20070504,4.5,2026-08-21
20070505,4.5,2026-08-21
20070506,4.5,2026-08-21
20070507,4.5,2026-08-21
20070508,4.5,2026-08-21
20070509,4.5,2026-08-21
20070510,4.5,2026-08-21
20070511,4.5,2026-08-21
20070512,4.5,2026-08-21
20070513,4.5,2026-08-21
20070514,4.5,2026-08-21
20070515,4.5,2026-08-21
20070516,4.5,2026-08-21
20070517,4.5,2026-08-21
20070518,4.5,2026-08-21
20070519,4.5,2026-08-21
20070520,4.5,2026-08-21
20070521,4.5,2026-08-21
20070522,4.5,2026-08-21
20070523,4.5,2026-08-21
20070524,4.5,2026-08-21
20070525,4.5,2026-08-21
20070526,4.5,2026-08-21
20070527,4.5,2026-08-21
20070528,4.5,2026-08-21
20070529,4.5,2026-08-21
20070530,4.5,2026-08-21
20070531,4.5,2026-08-21
20070601,4.5,2026-08-21
20070602,4.5,2026-08-21
20070603,4.5,2026-08-21
20070604,4.5,2026-08-21
20070605,4.5,2026-08-21
20070606,4.5,2026-08-21
20070607,4.5,2026-08-21
20070608,4.5,2026-08-21
20070609,4.5,2026-08-21
20070610,4.5,2026-08-21
20070611,4.5,2026-08-21
20070612,4.5,2026-08-21
20070613,4.5,2026-08-21
20070614,4.5,2026-08-21
20070615,4.5,2026-08-21
20070616,4.5,2026-08-21
20070617,4.5,2026-08-21
20070618,4.5,2026-08-21
20070619,4.5,2026-08-21
20070620,4.5,2026-08-21
20070621,4.5,2026-08-21
20070622,4.5,2026-08-21
20070623,4.5,2026-08-21
20070624,4.5,2026-08-21
20070625,4.5,2026-08-21
20070626,4.5,2026-08-21
20070627,4.5,2026-08-21
20070628,4.5,2026-08-21
20070629,4.5,2026-08-21
20070630,4.5,2026-08-21
20070701,4.5,2026-08-21
20070702,4.5,2026-08-21
20070703,4.5,2026-08-21
20070704,4.5,2026-08-21
20070705,4.5,2026-08-21
20070706,4.5,2026-08-21
20070707,4.5,2026-08-21
20070708,4.5,2026-08-21
20070709,4.5,2026-08-21
20070710,4.5,2026-08-21
20070711,4.5,2026-08-21
20070712,4.75,2026-08-21
20070713,4.75,2026-08-21
20070714,4.75,2026-08-21
20070715,4.75,2026-08-21
20070716,4.75,2026-08-21
20070717,4.75,2026-08-21
20070718,4.75,2026-08-21
20070719,4.75,2026-08-21
20070720,4.75,2026-08-21
20070721,4.75,2026-08-21
20070722,4.75,2026-08-21
20070723,4.75,2026-08-21
20070724,4.75,2026-08-21
20070725,4.75,2026-08-21
20070726,4.75,2026-08-21
20070727,4.75,2026-08-21
20070728,4.75,2026-08-21
20070729,4.75,2026-08-21
20070730,4.75,2026-08-21
20070731,4.75,2026-08-21
20070801,4.75,2026-08-21
20070802,4.75,2026-08-21
20070803,4.75,2026-08-21
20070804,4.75,2026-08-21
20070805,4.75,2026-08-21
20070806,4.75,2026-08-21
20070807,4.75,2026-08-21
20070808,4.75,2026-08-21
20070809,5,2026-08-21
20070810,5,2026-08-21
20070811,5,2026-08-21
20070812,5,2026-08-21
20070813,5,2026-08-21
20070814,5,2026-08-21
20070815,5,2026-08-21
20070816,5,2026-08-21
20070817,5,2026-08-21
20070818,5,2026-08-21
20070819,5,2026-08-21
20070820,5,2026-08-21
20070821,5,2026-08-21
20070822,5,2026-08-21
20070823,5,2026-08-21
20070824,5,2026-08-21
20070825,5,2026-08-21
20070826,5,2026-08-21
20070827,5,2026-08-21
20070828,5,2026-08-21
20070829,5,2026-08-21
20070830,5,2026-08-21
20070831,5,2026-08-21
20070901,5,2026-08-21
20070902,5,2026-08-21
20070903,5,2026-08-21
20070904,5,2026-08-21
20070905,5,2026-08-21
20070906,5,2026-08-21
20070907,5,2026-08-21
20070908,5,2026-08-21
20070909,5,2026-08-21
20070910,5,2026-08-21
20070911,5,2026-08-21
20070912,5,2026-08-21
20070913,5,2026-08-21
20070914,5,2026-08-21
20070915,5,2026-08-21
20070916,5,2026-08-21
20070917,5,2026-08-21
20070918,5,2026-08-21
20070919,5,2026-08-21
20070920,5,2026-08-21
20070921,5,2026-08-21
20070922,5,2026-08-21
20070923,5,2026-08-21
20070924,5,2026-08-21
20070925,5,2026-08-21
20070926,5,2026-08-21
20070927,5,2026-08-21
20070928,5,2026-08-21
20070929,5,2026-08-21
20070930,5,2026-08-21
20071001,5,2026-08-21
20071002,5,2026-08-21
20071003,5,2026-08-21
20071004,5,2026-08-21
20071005,5,2026-08-21
20071006,5,2026-08-21
20071007,5,2026-08-21
20071008,5,2026-08-21
20071009,5,2026-08-21
20071010,5,2026-08-21
20071011,5,2026-08-21
20071012,5,2026-08-21
20071013,5,2026-08-21
20071014,5,2026-08-21
20071015,5,2026-08-21
20071016,5,2026-08-21
20071017,5,2026-08-21
20071018,5,2026-08-21
20071019,5,2026-08-21
20071020,5,2026-08-21
20071021,5,2026-08-21
20071022,5,2026-08-21
20071023,5,2026-08-21
20071024,5,2026-08-21
20071025,5,2026-08-21
20071026,5,2026-08-21
20071027,5,2026-08-21
20071028,5,2026-08-21
20071029,5,2026-08-21
20071030,5,2026-08-21
20071031,5,2026-08-21
20071101,5,2026-08-21
20071102,5,2026-08-21
20071103,5,2026-08-21
20071104,5,2026-08-21
20071105,5,2026-08-21
20071106,5,2026-08-21
20071107,5,2026-08-21
20071108,5,2026-08-21
20071109,5,2026-08-21
20071110,5,2026-08-21
20071111,5,2026-08-21
20071112,5,2026-08-21
20071113,5,2026-08-21
20071114,5,2026-08-21
20071115,5,2026-08-21
20071116,5,2026-08-21
20071117,5,2026-08-21
20071118,5,2026-08-21
20071119,5,2026-08-21
20071120,5,2026-08-21
20071121,5,2026-08-21
20071122,5,2026-08-21
20071123,5,2026-08-21
20071124,5,2026-08-21
20071125,5,2026-08-21
20071126,5,2026-08-21
20071127,5,2026-08-21
20071128,5,2026-08-21
20071129,5,2026-08-21
20071130,5,2026-08-21
20071201,5,2026-08-21
20071202,5,2026-08-21
20071203,5,2026-08-21
20071204,5,2026-08-21
20071205,5,2026-08-21
20071206,5,2026-08-21
20071207,5,2026-08-21
20071208,5,2026-08-21
20071209,5,2026-08-21
20071210,5,2026-08-21
20071211,5,2026-08-21
20071212,5,2026-08-21
20071213,5,2026-08-21
20071214,5,2026-08-21
20071215,5,2026-08-21
20071216,5,2026-08-21
20071217,5,2026-08-21
20071218,5,2026-08-21
20071219,5,2026-08-21
20071220,5,2026-08-21
20071221,5,2026-08-21
20071222,5,2026-08-21
20071223,5,2026-08-21
20071224,5,2026-08-21
20071225,5,2026-08-21
20071226,5,2026-08-21
20071227,5,2026-08-21
20071228,5,2026-08-21
20071229,5,2026-08-21
20071230,5,2026-08-21
20071231,5,2026-08-21
20080101,5,2026-08-21
20080102,5,2026-08-21
20080103,5,2026-08-21
20080104,5,2026-08-21
20080105,5,2026-08-21
20080106,5,2026-08-21
20080107,5,2026-08-21
20080108,5,2026-08-21
20080109,5,2026-08-21
20080110,5,2026-08-21
20080111,5,2026-08-21
20080112,5,2026-08-21
20080113,5,2026-08-21
20080114,5,2026-08-21
20080115,5,2026-08-21
20080116,5,2026-08-21
20080117,5,2026-08-21
20080118,5,2026-08-21
20080119,5,2026-08-21
20080120,5,2026-08-21
20080121,5,2026-08-21
20080122,5,2026-08-21
20080123,5,2026-08-21
20080124,5,2026-08-21
20080125,5,2026-08-21
20080126,5,2026-08-21
20080127,5,2026-08-21
20080128,5,2026-08-21
20080129,5,2026-08-21
20080130,5,2026-08-21
20080131,5,2026-08-21
20080201,5,2026-08-21
20080202,5,2026-08-21
20080203,5,2026-08-21
20080204,5,2026-08-21
20080205,5,2026-08-21
20080206,5,2026-08-21
20080207,5,2026-08-21
20080208,5,2026-08-21
20080209,5,2026-08-21
20080210,5,2026-08-21
20080211,5,2026-08-21
20080212,5,2026-08-21
20080213,5,2026-08-21
20080214,5,2026-08-21
20080215,5,2026-08-21
20080216,5,2026-08-21
20080217,5,2026-08-21
20080218,5,2026-08-21
20080219,5,2026-08-21
20080220,5,2026-08-21
20080221,5,2026-08-21
20080222,5,2026-08-21
20080223,5,2026-08-21
20080224,5,2026-08-21
20080225,5,2026-08-21
20080226,5,2026-08-21
20080227,5,2026-08-21
20080228,5,2026-08-21
20080229,5,2026-08-21
20080301,5,2026-08-21
20080302,5,2026-08-21
20080303,5,2026-08-21
20080304,5,2026-08-21
20080305,5,2026-08-21
20080306,5,2026-08-21
20080307,5,2026-08-21
20080308,5,2026-08-21
20080309,5,2026-08-21
20080310,5,2026-08-21
20080311,5,2026-08-21
20080312,5,2026-08-21
20080313,5,2026-08-21
20080314,5,2026-08-21
20080315,5,2026-08-21
20080316,5,2026-08-21
20080317,5,2026-08-21
20080318,5,2026-08-21
20080319,5,2026-08-21
20080320,5,2026-08-21
20080321,5,2026-08-21
20080322,5,2026-08-21
20080323,5,2026-08-21
20080324,5,2026-08-21
20080325,5,2026-08-21
20080326,5,2026-08-21
20080327,5,2026-08-21
20080328,5,2026-08-21
20080329,5,2026-08-21
20080330,5,2026-08-21
20080331,5,2026-08-21
20080401,5,2026-08-21
20080402,5,2026-08-21
20080403,5,2026-08-21
20080404,5,2026-08-21
20080405,5,2026-08-21
20080406,5,2026-08-21
20080407,5,2026-08-21
20080408,5,2026-08-21
20080409,5,2026-08-21
20080410,5,2026-08-21
20080411,5,2026-08-21
20080412,5,2026-08-21
20080413,5,2026-08-21
20080414,5,2026-08-21
20080415,5,2026-08-21
20080416,5,2026-08-21
20080417,5,2026-08-21
20080418,5,2026-08-21
20080419,5,2026-08-21
20080420,5,2026-08-21
20080421,5,2026-08-21
20080422,5,2026-08-21
20080423,5,2026-08-21
20080424,5,2026-08-21
20080425,5,2026-08-21
20080426,5,2026-08-21
20080427,5,2026-08-21
20080428,5,2026-08-21
20080429,5,2026-08-21
20080430,5,2026-08-21
20080501,5,2026-08-21
20080502,5,2026-08-21
20080503,5,2026-08-21
20080504,5,2026-08-21
20080505,5,2026-08-21
20080506,5,2026-08-21
20080507,5,2026-08-21
20080508,5,2026-08-21
20080509,5,2026-08-21
20080510,5,2026-08-21
20080511,5,2026-08-21
20080512,5,2026-08-21
20080513,5,2026-08-21
20080514,5,2026-08-21
20080515,5,2026-08-21
20080516,5,2026-08-21
20080517,5,2026-08-21
20080518,5,2026-08-21
20080519,5,2026-08-21
20080520,5,2026-08-21
20080521,5,2026-08-21
20080522,5,2026-08-21
20080523,5,2026-08-21
20080524,5,2026-08-21
20080525,5,2026-08-21
20080526,5,2026-08-21
20080527,5,2026-08-21
20080528,5,2026-08-21
20080529,5,2026-08-21
20080530,5,2026-08-21
20080531,5,2026-08-21
20080601,5,2026-08-21
20080602,5,2026-08-21
20080603,5,2026-08-21
20080604,5,2026-08-21
20080605,5,2026-08-21
20080606,5,2026-08-21
20080607,5,2026-08-21
20080608,5,2026-08-21
20080609,5,2026-08-21
20080610,5,2026-08-21
20080611,5,2026-08-21
20080612,5,2026-08-21
20080613,5,2026-08-21
20080614,5,2026-08-21
20080615,5,2026-08-21
20080616,5,2026-08-21
20080617,5,2026-08-21
20080618,5,2026-08-21
20080619,5,2026-08-21
20080620,5,2026-08-21
20080621,5,2026-08-21
20080622,5,2026-08-21
20080623,5,2026-08-21
20080624,5,2026-08-21
20080625,5,2026-08-21
20080626,5,2026-08-21
20080627,5,2026-08-21
20080628,5,2026-08-21
20080629,5,2026-08-21
20080630,5,2026-08-21
20080701,5,2026-08-21
20080702,5,2026-08-21
20080703,5,2026-08-21
20080704,5,2026-08-21
20080705,5,2026-08-21
20080706,5,2026-08-21
20080707,5,2026-08-21
20080708,5,2026-08-21
20080709,5,2026-08-21
20080710,5,2026-08-21
20080711,5,2026-08-21
20080712,5,2026-08-21
20080713,5,2026-08-21
20080714,5,2026-08-21
20080715,5,2026-08-21
20080716,5,2026-08-21
20080717,5,2026-08-21
20080718,5,2026-08-21
20080719,5,2026-08-21
20080720,5,2026-08-21
20080721,5,2026-08-21
20080722,5,2026-08-21
20080723,5,2026-08-21
20080724,5,2026-08-21
20080725,5,2026-08-21
20080726,5,2026-08-21
20080727,5,2026-08-21
20080728,5,2026-08-21
20080729,5,2026-08-21
20080730,5,2026-08-21
20080731,5,2026-08-21
20080801,5,2026-08-21
20080802,5,2026-08-21
20080803,5,2026-08-21
20080804,5,2026-08-21
20080805,5,2026-08-21
20080806,5,2026-08-21
20080807,5.25,2026-08-21
20080808,5.25,2026-08-21
20080809,5.25,2026-08-21
20080810,5.25,2026-08-21
20080811,5.25,2026-08-21
20080812,5.25,2026-08-21
20080813,5.25,2026-08-21
20080814,5.25,2026-08-21
20080815,5.25,2026-08-21
20080816,5.25,2026-08-21
20080817,5.25,2026-08-21
20080818,5.25,2026-08-21
20080819,5.25,2026-08-21
20080820,5.25,2026-08-21
20080821,5.25,2026-08-21
20080822,5.25,2026-08-21
20080823,5.25,2026-08-21
20080824,5.25,2026-08-21
20080825,5.25,2026-08-21
20080826,5.25,2026-08-21
20080827,5.25,2026-08-21
20080828,5.25,2026-08-21
20080829,5.25,2026-08-21
20080830,5.25,2026-08-21
20080831,5.25,2026-08-21
20080901,5.25,2026-08-21
20080902,5.25,2026-08-21
20080903,5.25,2026-08-21
20080904,5.25,2026-08-21
20080905,5.25,2026-08-21
20080906,5.25,2026-08-21
20080907,5.25,2026-08-21
20080908,5.25,2026-08-21
20080909,5.25,2026-08-21
20080910,5.25,2026-08-21
20080911,5.25,2026-08-21
20080912,5.25,2026-08-21
20080913,5.25,2026-08-21
20080914,5.25,2026-08-21
20080915,5.25,2026-08-21
20080916,5.25,2026-08-21
20080917,5.25,2026-08-21
20080918,5.25,2026-08-21
20080919,5.25,2026-08-21
20080920,5.25,2026-08-21
20080921,5.25,2026-08-21
20080922,5.25,2026-08-21
20080923,5.25,2026-08-21
20080924,5.25,2026-08-21
20080925,5.25,2026-08-21
20080926,5.25,2026-08-21
20080927,5.25,2026-08-21
20080928,5.25,2026-08-21
20080929,5.25,2026-08-21
20080930,5.25,2026-08-21
20081001,5.25,2026-08-21
20081002,5.25,2026-08-21
20081003,5.25,2026-08-21
20081004,5.25,2026-08-21
20081005,5.25,2026-08-21
20081006,5.25,2026-08-21
20081007,5.25,2026-08-21
20081008,5.25,2026-08-21
20081009,5,2026-08-21
20081010,5,2026-08-21
20081011,5,2026-08-21
20081012,5,2026-08-21
20081013,5,2026-08-21
20081014,5,2026-08-21
20081015,5,2026-08-21
20081016,5,2026-08-21
20081017,5,2026-08-21
20081018,5,2026-08-21
20081019,5,2026-08-21
20081020,5,2026-08-21
20081021,5,2026-08-21
20081022,5,2026-08-21
20081023,5,2026-08-21
20081024,5,2026-08-21
20081025,5,2026-08-21
20081026,5,2026-08-21
20081027,4.25,2026-08-21
20081028,4.25,2026-08-21
20081029,4.25,2026-08-21
20081030,4.25,2026-08-21
20081031,4.25,2026-08-21
20081101,4.25,2026-08-21
20081102,4.25,2026-08-21
20081103,4.25,2026-08-21
20081104,4.25,2026-08-21
20081105,4.25,2026-08-21
20081106,4.25,2026-08-21
20081107,4,2026-08-21
20081108,4,2026-08-21
20081109,4,2026-08-21
20081110,4,2026-08-21
20081111,4,2026-08-21
20081112,4,2026-08-21
20081113,4,2026-08-21
20081114,4,2026-08-21
20081115,4,2026-08-21
20081116,4,2026-08-21
20081117,4,2026-08-21
20081118,4,2026-08-21
20081119,4,2026-08-21
20081120,4,2026-08-21
20081121,4,2026-08-21
20081122,4,2026-08-21
20081123,4,2026-08-21
20081124,4,2026-08-21
20081125,4,2026-08-21
20081126,4,2026-08-21
20081127,4,2026-08-21
20081128,4,2026-08-21
20081129,4,2026-08-21
20081130,4,2026-08-21
20081201,4,2026-08-21
20081202,4,2026-08-21
20081203,4,2026-08-21
20081204,4,2026-08-21
20081205,4,2026-08-21
20081206,4,2026-08-21
20081207,4,2026-08-21
20081208,4,2026-08-21
20081209,4,2026-08-21
20081210,4,2026-08-21
20081211,3,2026-08-21
20081212,3,2026-08-21
20081213,3,2026-08-21
20081214,3,2026-08-21
20081215,3,2026-08-21
20081216,3,2026-08-21
20081217,3,2026-08-21
20081218,3,2026-08-21
20081219,3,2026-08-21
20081220,3,2026-08-21
20081221,3,2026-08-21
20081222,3,2026-08-21
20081223,3,2026-08-21
20081224,3,2026-08-21
20081225,3,2026-08-21
20081226,3,2026-08-21
20081227,3,2026-08-21
20081228,3,2026-08-21
20081229,3,2026-08-21
20081230,3,2026-08-21
20081231,3,2026-08-21
20090101,3,2026-08-21
20090102,3,2026-08-21
20090103,3,2026-08-21
20090104,3,2026-08-21
20090105,3,2026-08-21
20090106,3,2026-08-21
20090107,3,2026-08-21
20090108,3,2026-08-21
20090109,2.5,2026-08-21
20090110,2.5,2026-08-21
20090111,2.5,2026-08-21
20090112,2.5,2026-08-21
20090113,2.5,2026-08-21
20090114,2.5,2026-08-21
20090115,2.5,2026-08-21
20090116,2.5,2026-08-21
20090117,2.5,2026-08-21
20090118,2.5,2026-08-21
20090119,2.5,2026-08-21
20090120,2.5,2026-08-21
20090121,2.5,2026-08-21
20090122,2.5,2026-08-21
20090123,2.5,2026-08-21
20090124,2.5,2026-08-21
20090125,2.5,2026-08-21
20090126,2.5,2026-08-21
20090127,2.5,2026-08-21
20090128,2.5,2026-08-21
20090129,2.5,2026-08-21
20090130,2.5,2026-08-21
20090131,2.5,2026-08-21
20090201,2.5,2026-08-21
20090202,2.5,2026-08-21
20090203,2.5,2026-08-21
20090204,2.5,2026-08-21
20090205,2.5,2026-08-21
20090206,2.5,2026-08-21
20090207,2.5,2026-08-21
20090208,2.5,2026-08-21
20090209,2.5,2026-08-21
20090210,2.5,2026-08-21
20090211,2.5,2026-08-21
20090212,2,2026-08-21
20090213,2,2026-08-21
20090214,2,2026-08-21
20090215,2,2026-08-21
20090216,2,2026-08-21
20090217,2,2026-08-21
20090218,2,2026-08-21
20090219,2,2026-08-21
20090220,2,2026-08-21
20090221,2,2026-08-21
20090222,2,2026-08-21
20090223,2,2026-08-21
20090224,2,2026-08-21
20090225,2,2026-08-21
20090226,2,2026-08-21
20090227,2,2026-08-21
20090228,2,2026-08-21
20090301,2,2026-08-21
20090302,2,2026-08-21
20090303,2,2026-08-21
20090304,2,2026-08-21
20090305,2,2026-08-21
20090306,2,2026-08-21
20090307,2,2026-08-21
20090308,2,2026-08-21
20090309,2,2026-08-21
20090310,2,2026-08-21
20090311,2,2026-08-21
20090312,2,2026-08-21
20090313,2,2026-08-21
20090314,2,2026-08-21
20090315,2,2026-08-21
20090316,2,2026-08-21
20090317,2,2026-08-21
20090318,2,2026-08-21
20090319,2,2026-08-21
20090320,2,2026-08-21
20090321,2,2026-08-21
20090322,2,2026-08-21
20090323,2,2026-08-21
20090324,2,2026-08-21
20090325,2,2026-08-21
20090326,2,2026-08-21
20090327,2,2026-08-21
20090328,2,2026-08-21
20090329,2,2026-08-21
20090330,2,2026-08-21
20090331,2,2026-08-21
20090401,2,2026-08-21
20090402,2,2026-08-21
20090403,2,2026-08-21
20090404,2,2026-08-21
20090405,2,2026-08-21
20090406,2,2026-08-21
20090407,2,2026-08-21
20090408,2,2026-08-21
20090409,2,2026-08-21
20090410,2,2026-08-21
20090411,2,2026-08-21
20090412,2,2026-08-21
20090413,2,2026-08-21
20090414,2,2026-08-21
20090415,2,2026-08-21
20090416,2,2026-08-21
20090417,2,2026-08-21
20090418,2,2026-08-21
20090419,2,2026-08-21
20090420,2,2026-08-21
20090421,2,2026-08-21
20090422,2,2026-08-21
20090423,2,2026-08-21
20090424,2,2026-08-21
20090425,2,2026-08-21
20090426,2,2026-08-21
20090427,2,2026-08-21
20090428,2,2026-08-21
20090429,2,2026-08-21
20090430,2,2026-08-21
20090501,2,2026-08-21
20090502,2,2026-08-21
20090503,2,2026-08-21
20090504,2,2026-08-21
20090505,2,2026-08-21
20090506,2,2026-08-21
20090507,2,2026-08-21
20090508,2,2026-08-21
20090509,2,2026-08-21
20090510,2,2026-08-21
20090511,2,2026-08-21
20090512,2,2026-08-21
20090513,2,2026-08-21
20090514,2,2026-08-21
20090515,2,2026-08-21
20090516,2,2026-08-21
20090517,2,2026-08-21
20090518,2,2026-08-21
20090519,2,2026-08-21
20090520,2,2026-08-21
20090521,2,2026-08-21
20090522,2,2026-08-21
20090523,2,2026-08-21
20090524,2,2026-08-21
20090525,2,2026-08-21
20090526,2,2026-08-21
20090527,2,2026-08-21
20090528,2,2026-08-21
20090529,2,2026-08-21
20090530,2,2026-08-21
20090531,2,2026-08-21
20090601,2,2026-08-21
20090602,2,2026-08-21
20090603,2,2026-08-21
20090604,2,2026-08-21
20090605,2,2026-08-21
20090606,2,2026-08-21
20090607,2,2026-08-21
20090608,2,2026-08-21
20090609,2,2026-08-21
20090610,2,2026-08-21
20090611,2,2026-08-21
20090612,2,2026-08-21
20090613,2,2026-08-21
20090614,2,2026-08-21
20090615,2,2026-08-21
20090616,2,2026-08-21
20090617,2,2026-08-21
20090618,2,2026-08-21
20090619,2,2026-08-21
20090620,2,2026-08-21
20090621,2,2026-08-21
20090622,2,2026-08-21
20090623,2,2026-08-21
20090624,2,2026-08-21
20090625,2,2026-08-21
20090626,2,2026-08-21
20090627,2,2026-08-21
20090628,2,2026-08-21
20090629,2,2026-08-21
20090630,2,2026-08-21
20090701,2,2026-08-21
20090702,2,2026-08-21
20090703,2,2026-08-21
20090704,2,2026-08-21
20090705,2,2026-08-21
20090706,2,2026-08-21
20090707,2,2026-08-21
20090708,2,2026-08-21
20090709,2,2026-08-21
20090710,2,2026-08-21
20090711,2,2026-08-21
20090712,2,2026-08-21
20090713,2,2026-08-21
20090714,2,2026-08-21
20090715,2,2026-08-21
20090716,2,2026-08-21
20090717,2,2026-08-21
20090718,2,2026-08-21
20090719,2,2026-08-21
20090720,2,2026-08-21
20090721,2,2026-08-21
20090722,2,2026-08-21
20090723,2,2026-08-21
20090724,2,2026-08-21
20090725,2,2026-08-21
20090726,2,2026-08-21
20090727,2,2026-08-21
20090728,2,2026-08-21
20090729,2,2026-08-21
20090730,2,2026-08-21
20090731,2,2026-08-21
20090801,2,2026-08-21
20090802,2,2026-08-21
20090803,2,2026-08-21
20090804,2,2026-08-21
20090805,2,2026-08-21
20090806,2,2026-08-21
20090807,2,2026-08-21
20090808,2,2026-08-21
20090809,2,2026-08-21
20090810,2,2026-08-21
20090811,2,2026-08-21
20090812,2,2026-08-21
20090813,2,2026-08-21
20090814,2,2026-08-21
20090815,2,2026-08-21
20090816,2,2026-08-21
20090817,2,2026-08-21
20090818,2,2026-08-21
20090819,2,2026-08-21
20090820,2,2026-08-21
20090821,2,2026-08-21
20090822,2,2026-08-21
20090823,2,2026-08-21
20090824,2,2026-08-21
20090825,2,2026-08-21
20090826,2,2026-08-21
20090827,2,2026-08-21
20090828,2,2026-08-21
20090829,2,2026-08-21
20090830,2,2026-08-21
20090831,2,2026-08-21
20090901,2,2026-08-21
20090902,2,2026-08-21
20090903,2,2026-08-21
20090904,2,2026-08-21
20090905,2,2026-08-21
20090906,2,2026-08-21
20090907,2,2026-08-21
20090908,2,2026-08-21
20090909,2,2026-08-21
20090910,2,2026-08-21
20090911,2,2026-08-21
20090912,2,2026-08-21
20090913,2,2026-08-21
20090914,2,2026-08-21
20090915,2,2026-08-21
20090916,2,2026-08-21
20090917,2,2026-08-21
20090918,2,2026-08-21
20090919,2,2026-08-21
20090920,2,2026-08-21
20090921,2,2026-08-21
20090922,2,2026-08-21
20090923,2,2026-08-21
20090924,2,2026-08-21
20090925,2,2026-08-21
20090926,2,2026-08-21
20090927,2,2026-08-21
20090928,2,2026-08-21
20090929,2,2026-08-21
20090930,2,2026-08-21
20091001,2,2026-08-21
20091002,2,2026-08-21
20091003,2,2026-08-21
20091004,2,2026-08-21
20091005,2,2026-08-21
20091006,2,2026-08-21
20091007,2,2026-08-21
20091008,2,2026-08-21
20091009,2,2026-08-21
20091010,2,2026-08-21
20091011,2,2026-08-21
20091012,2,2026-08-21
20091013,2,2026-08-21
20091014,2,2026-08-21
20091015,2,2026-08-21
20091016,2,2026-08-21
20091017,2,2026-08-21
20091018,2,2026-08-21
20091019,2,2026-08-21
20091020,2,2026-08-21
20091021,2,2026-08-21
20091022,2,2026-08-21
20091023,2,2026-08-21
20091024,2,2026-08-21
20091025,2,2026-08-21
20091026,2,2026-08-21
20091027,2,2026-08-21
20091028,2,2026-08-21
20091029,2,2026-08-21
20091030,2,2026-08-21
20091031,2,2026-08-21
20091101,2,2026-08-21
20091102,2,2026-08-21
20091103,2,2026-08-21
20091104,2,2026-08-21
20091105,2,2026-08-21
20091106,2,2026-08-21
20091107,2,2026-08-21
20091108,2,2026-08-21
20091109,2,2026-08-21
20091110,2,2026-08-21
20091111,2,2026-08-21
20091112,2,2026-08-21
20091113,2,2026-08-21
20091114,2,2026-08-21
20091115,2,2026-08-21
20091116,2,2026-08-21
20091117,2,2026-08-21
20091118,2,2026-08-21
20091119,2,2026-08-21
20091120,2,2026-08-21
20091121,2,2026-08-21
20091122,2,2026-08-21
20091123,2,2026-08-21
20091124,2,2026-08-21
20091125,2,2026-08-21
20091126,2,2026-08-21
20091127,2,2026-08-21
20091128,2,2026-08-21
20091129,2,2026-08-21
20091130,2,2026-08-21
20091201,2,2026-08-21
20091202,2,2026-08-21
20091203,2,2026-08-21
20091204,2,2026-08-21
20091205,2,2026-08-21
20091206,2,2026-08-21
20091207,2,2026-08-21
20091208,2,2026-08-21
20091209,2,2026-08-21
20091210,2,2026-08-21
20091211,2,2026-08-21
20091212,2,2026-08-21
20091213,2,2026-08-21
20091214,2,2026-08-21
20091215,2,2026-08-21
20091216,2,2026-08-21
20091217,2,2026-08-21
20091218,2,2026-08-21
20091219,2,2026-08-21
20091220,2,2026-08-21
20091221,2,2026-08-21
20091222,2,2026-08-21
20091223,2,2026-08-21
20091224,2,2026-08-21
20091225,2,2026-08-21
20091226,2,2026-08-21
20091227,2,2026-08-21
20091228,2,2026-08-21
20091229,2,2026-08-21
20091230,2,2026-08-21
20091231,2,2026-08-21
20100101,2,2026-08-21
20100102,2,2026-08-21
20100103,2,2026-08-21
20100104,2,2026-08-21
20100105,2,2026-08-21
20100106,2,2026-08-21
20100107,2,2026-08-21
20100108,2,2026-08-21
20100109,2,2026-08-21
20100110,2,2026-08-21
20100111,2,2026-08-21
20100112,2,2026-08-21
20100113,2,2026-08-21
20100114,2,2026-08-21
20100115,2,2026-08-21
20100116,2,2026-08-21
20100117,2,2026-08-21
20100118,2,2026-08-21
20100119,2,2026-08-21
20100120,2,2026-08-21
20100121,2,2026-08-21
20100122,2,2026-08-21
20100123,2,2026-08-21
20100124,2,2026-08-21
20100125,2,2026-08-21
20100126,2,2026-08-21
20100127,2,2026-08-21
20100128,2,2026-08-21
20100129,2,2026-08-21
20100130,2,2026-08-21
20100131,2,2026-08-21
20100201,2,2026-08-21
20100202,2,2026-08-21
20100203,2,2026-08-21
20100204,2,2026-08-21
20100205,2,2026-08-21
20100206,2,2026-08-21
20100207,2,2026-08-21
20100208,2,2026-08-21
20100209,2,2026-08-21
20100210,2,2026-08-21
20100211,2,2026-08-21
20100212,2,2026-08-21
20100213,2,2026-08-21
20100214,2,2026-08-21
20100215,2,2026-08-21
20100216,2,2026-08-21
20100217,2,2026-08-21
20100218,2,2026-08-21
20100219,2,2026-08-21
20100220,2,2026-08-21
20100221,2,2026-08-21
20100222,2,2026-08-21
20100223,2,2026-08-21
20100224,2,2026-08-21
20100225,2,2026-08-21
20100226,2,2026-08-21
20100227,2,2026-08-21
20100228,2,2026-08-21
20100301,2,2026-08-21
20100302,2,2026-08-21
20100303,2,2026-08-21
20100304,2,2026-08-21
20100305,2,2026-08-21
20100306,2,2026-08-21
20100307,2,2026-08-21
20100308,2,2026-08-21
20100309,2,2026-08-21
20100310,2,2026-08-21
20100311,2,2026-08-21
20100312,2,2026-08-21
20100313,2,2026-08-21
20100314,2,2026-08-21
20100315,2,2026-08-21
20100316,2,2026-08-21
20100317,2,2026-08-21
20100318,2,2026-08-21
20100319,2,2026-08-21
20100320,2,2026-08-21
20100321,2,2026-08-21
20100322,2,2026-08-21
20100323,2,2026-08-21
20100324,2,2026-08-21
20100325,2,2026-08-21
20100326,2,2026-08-21
20100327,2,2026-08-21
20100328,2,2026-08-21
20100329,2,2026-08-21
20100330,2,2026-08-21
20100331,2,2026-08-21
20100401,2,2026-08-21
20100402,2,2026-08-21
20100403,2,2026-08-21
20100404,2,2026-08-21
20100405,2,2026-08-21
20100406,2,2026-08-21
20100407,2,2026-08-21
20100408,2,2026-08-21
20100409,2,2026-08-21
20100410,2,2026-08-21
20100411,2,2026-08-21
20100412,2,2026-08-21
20100413,2,2026-08-21
20100414,2,2026-08-21
20100415,2,2026-08-21
20100416,2,2026-08-21
20100417,2,2026-08-21
20100418,2,2026-08-21
20100419,2,2026-08-21
20100420,2,2026-08-21
20100421,2,2026-08-21
20100422,2,2026-08-21
20100423,2,2026-08-21
20100424,2,2026-08-21
20100425,2,2026-08-21
20100426,2,2026-08-21
20100427,2,2026-08-21
20100428,2,2026-08-21
20100429,2,2026-08-21
20100430,2,2026-08-21
20100501,2,2026-08-21
20100502,2,2026-08-21
20100503,2,2026-08-21
20100504,2,2026-08-21
20100505,2,2026-08-21
20100506,2,2026-08-21
20100507,2,2026-08-21
20100508,2,2026-08-21
20100509,2,2026-08-21
20100510,2,2026-08-21
20100511,2,2026-08-21
20100512,2,2026-08-21
20100513,2,2026-08-21
20100514,2,2026-08-21
20100515,2,2026-08-21
20100516,2,2026-08-21
20100517,2,2026-08-21
20100518,2,2026-08-21
20100519,2,2026-08-21
20100520,2,2026-08-21
20100521,2,2026-08-21
20100522,2,2026-08-21
20100523,2,2026-08-21
20100524,2,2026-08-21
20100525,2,2026-08-21
20100526,2,2026-08-21
20100527,2,2026-08-21
20100528,2,2026-08-21
20100529,2,2026-08-21
20100530,2,2026-08-21
20100531,2,2026-08-21
20100601,2,2026-08-21
20100602,2,2026-08-21
20100603,2,2026-08-21
20100604,2,2026-08-21
20100605,2,2026-08-21
20100606,2,2026-08-21
20100607,2,2026-08-21
20100608,2,2026-08-21
20100609,2,2026-08-21
20100610,2,2026-08-21
20100611,2,2026-08-21
20100612,2,2026-08-21
20100613,2,2026-08-21
20100614,2,2026-08-21
20100615,2,2026-08-21
20100616,2,2026-08-21
20100617,2,2026-08-21
20100618,2,2026-08-21
20100619,2,2026-08-21
20100620,2,2026-08-21
20100621,2,2026-08-21
20100622,2,2026-08-21
20100623,2,2026-08-21
20100624,2,2026-08-21
20100625,2,2026-08-21
20100626,2,2026-08-21
20100627,2,2026-08-21
20100628,2,2026-08-21
20100629,2,2026-08-21
20100630,2,2026-08-21
20100701,2,2026-08-21
20100702,2,2026-08-21
20100703,2,2026-08-21
20100704,2,2026-08-21
20100705,2,2026-08-21
20100706,2,2026-08-21
20100707,2,2026-08-21
20100708,2,2026-08-21
20100709,2.25,2026-08-21
20100710,2.25,2026-08-21
20100711,2.25,2026-08-21
20100712,2.25,2026-08-21
20100713,2.25,2026-08-21
20100714,2.25,2026-08-21
20100715,2.25,2026-08-21
20100716,2.25,2026-08-21
20100717,2.25,2026-08-21
20100718,2.25,2026-08-21
20100719,2.25,2026-08-21
20100720,2.25,2026-08-21
20100721,2.25,2026-08-21
20100722,2.25,2026-08-21
20100723,2.25,2026-08-21
20100724,2.25,2026-08-21
20100725,2.25,2026-08-21
20100726,2.25,2026-08-21
20100727,2.25,2026-08-21
20100728,2.25,2026-08-21
20100729,2.25,2026-08-21
20100730,2.25,2026-08-21
20100731,2.25,2026-08-21
20100801,2.25,2026-08-21
20100802,2.25,2026-08-21
20100803,2.25,2026-08-21
20100804,2.25,2026-08-21
20100805,2.25,2026-08-21
20100806,2.25,2026-08-21
20100807,2.25,2026-08-21
20100808,2.25,2026-08-21
20100809,2.25,2026-08-21
20100810,2.25,2026-08-21
20100811,2.25,2026-08-21
20100812,2.25,2026-08-21
20100813,2.25,2026-08-21
20100814,2.25,2026-08-21
20100815,2.25,2026-08-21
20100816,2.25,2026-08-21
20100817,2.25,2026-08-21
20100818,2.25,2026-08-21
20100819,2.25,2026-08-21
20100820,2.25,2026-08-21
20100821,2.25,2026-08-21
20100822,2.25,2026-08-21
20100823,2.25,2026-08-21
20100824,2.25,2026-08-21
20100825,2.25,2026-08-21
20100826,2.25,2026-08-21
20100827,2.25,2026-08-21
20100828,2.25,2026-08-21
20100829,2.25,2026-08-21
20100830,2.25,2026-08-21
20100831,2.25,2026-08-21
20100901,2.25,2026-08-21
20100902,2.25,2026-08-21
20100903,2.25,2026-08-21
20100904,2.25,2026-08-21
20100905,2.25,2026-08-21
20100906,2.25,2026-08-21
20100907,2.25,2026-08-21
20100908,2.25,2026-08-21
20100909,2.25,2026-08-21
20100910,2.25,2026-08-21
20100911,2.25,2026-08-21
20100912,2.25,2026-08-21
20100913,2.25,2026-08-21
20100914,2.25,2026-08-21
20100915,2.25,2026-08-21
20100916,2.25,2026-08-21
20100917,2.25,2026-08-21
20100918,2.25,2026-08-21
20100919,2.25,2026-08-21
20100920,2.25,2026-08-21
20100921,2.25,2026-08-21
20100922,2.25,2026-08-21
20100923,2.25,2026-08-21
20100924,2.25,2026-08-21
20100925,2.25,2026-08-21
20100926,2.25,2026-08-21
20100927,2.25,2026-08-21
20100928,2.25,2026-08-21
20100929,2.25,2026-08-21
20100930,2.25,2026-08-21
20101001,2.25,2026-08-21
20101002,2.25,2026-08-21
20101003,2.25,2026-08-21
20101004,2.25,2026-08-21
20101005,2.25,2026-08-21
20101006,2.25,2026-08-21
20101007,2.25,2026-08-21
20101008,2.25,2026-08-21
20101009,2.25,2026-08-21
20101010,2.25,2026-08-21
20101011,2.25,2026-08-21
20101012,2.25,2026-08-21
20101013,2.25,2026-08-21
20101014,2.25,2026-08-21
20101015,2.25,2026-08-21
20101016,2.25,2026-08-21
20101017,2.25,2026-08-21
20101018,2.25,2026-08-21
20101019,2.25,2026-08-21
20101020,2.25,2026-08-21
20101021,2.25,2026-08-21
20101022,2.25,2026-08-21
20101023,2.25,2026-08-21
20101024,2.25,2026-08-21
20101025,2.25,2026-08-21
20101026,2.25,2026-08-21
20101027,2.25,2026-08-21
20101028,2.25,2026-08-21
20101029,2.25,2026-08-21
20101030,2.25,2026-08-21
20101031,2.25,2026-08-21
20101101,2.25,2026-08-21
20101102,2.25,2026-08-21
20101103,2.25,2026-08-21
20101104,2.25,2026-08-21
20101105,2.25,2026-08-21
20101106,2.25,2026-08-21
20101107,2.25,2026-08-21
20101108,2.25,2026-08-21
20101109,2.25,2026-08-21
20101110,2.25,2026-08-21
20101111,2.25,2026-08-21
20101112,2.25,2026-08-21
20101113,2.25,2026-08-21
20101114,2.25,2026-08-21
20101115,2.25,2026-08-21
20101116,2.5,2026-08-21
20101117,2.5,2026-08-21
20101118,2.5,2026-08-21
20101119,2.5,2026-08-21
20101120,2.5,2026-08-21
20101121,2.5,2026-08-21
20101122,2.5,2026-08-21
20101123,2.5,2026-08-21
20101124,2.5,2026-08-21
20101125,2.5,2026-08-21
20101126,2.5,2026-08-21
20101127,2.5,2026-08-21
20101128,2.5,2026-08-21
20101129,2.5,2026-08-21
20101130,2.5,2026-08-21
20101201,2.5,2026-08-21
20101202,2.5,2026-08-21
20101203,2.5,2026-08-21
20101204,2.5,2026-08-21
20101205,2.5,2026-08-21
20101206,2.5,2026-08-21
20101207,2.5,2026-08-21
20101208,2.5,2026-08-21
20101209,2.5,2026-08-21
20101210,2.5,2026-08-21
20101211,2.5,2026-08-21
20101212,2.5,2026-08-21
20101213,2.5,2026-08-21
20101214,2.5,2026-08-21
20101215,2.5,2026-08-21
20101216,2.5,2026-08-21
20101217,2.5,2026-08-21
20101218,2.5,2026-08-21
20101219,2.5,2026-08-21
20101220,2.5,2026-08-21
20101221,2.5,2026-08-21
20101222,2.5,2026-08-21
20101223,2.5,2026-08-21
20101224,2.5,2026-08-21
20101225,2.5,2026-08-21
20101226,2.5,2026-08-21
20101227,2.5,2026-08-21
20101228,2.5,2026-08-21
20101229,2.5,2026-08-21
20101230,2.5,2026-08-21
20101231,2.5,2026-08-21
20110101,2.5,2026-08-21
20110102,2.5,2026-08-21
20110103,2.5,2026-08-21
20110104,2.5,2026-08-21
20110105,2.5,2026-08-21
20110106,2.5,2026-08-21
20110107,2.5,2026-08-21
20110108,2.5,2026-08-21
20110109,2.5,2026-08-21
20110110,2.5,2026-08-21
20110111,2.5,2026-08-21
20110112,2.5,2026-08-21
20110113,2.75,2026-08-21
20110114,2.75,2026-08-21
20110115,2.75,2026-08-21
20110116,2.75,2026-08-21
20110117,2.75,2026-08-21
20110118,2.75,2026-08-21
20110119,2.75,2026-08-21
20110120,2.75,2026-08-21
20110121,2.75,2026-08-21
20110122,2.75,2026-08-21
20110123,2.75,2026-08-21
20110124,2.75,2026-08-21
20110125,2.75,2026-08-21
20110126,2.75,2026-08-21
20110127,2.75,2026-08-21
20110128,2.75,2026-08-21
20110129,2.75,2026-08-21
20110130,2.75,2026-08-21
20110131,2.75,2026-08-21
20110201,2.75,2026-08-21
20110202,2.75,2026-08-21
20110203,2.75,2026-08-21
20110204,2.75,2026-08-21
20110205,2.75,2026-08-21
20110206,2.75,2026-08-21
20110207,2.75,2026-08-21
20110208,2.75,2026-08-21
20110209,2.75,2026-08-21
20110210,2.75,2026-08-21
20110211,2.75,2026-08-21
20110212,2.75,2026-08-21
20110213,2.75,2026-08-21
20110214,2.75,2026-08-21
20110215,2.75,2026-08-21
20110216,2.75,2026-08-21
20110217,2.75,2026-08-21
20110218,2.75,2026-08-21
20110219,2.75,2026-08-21
20110220,2.75,2026-08-21
20110221,2.75,2026-08-21
20110222,2.75,2026-08-21
20110223,2.75,2026-08-21
20110224,2.75,2026-08-21
20110225,2.75,2026-08-21
20110226,2.75,2026-08-21
20110227,2.75,2026-08-21
20110228,2.75,2026-08-21
20110301,2.75,2026-08-21
20110302,2.75,2026-08-21
20110303,2.75,2026-08-21
20110304,2.75,2026-08-21
20110305,2.75,2026-08-21
20110306,2.75,2026-08-21
20110307,2.75,2026-08-21
20110308,2.75,2026-08-21
20110309,2.75,2026-08-21
20110310,3,2026-08-21
20110311,3,2026-08-21
20110312,3,2026-08-21
20110313,3,2026-08-21
20110314,3,2026-08-21
20110315,3,2026-08-21
20110316,3,2026-08-21
20110317,3,2026-08-21
20110318,3,2026-08-21
20110319,3,2026-08-21
20110320,3,2026-08-21
20110321,3,2026-08-21
20110322,3,2026-08-21
20110323,3,2026-08-21
20110324,3,2026-08-21
20110325,3,2026-08-21
20110326,3,2026-08-21
20110327,3,2026-08-21
20110328,3,2026-08-21
20110329,3,2026-08-21
20110330,3,2026-08-21
20110331,3,2026-08-21
20110401,3,2026-08-21
20110402,3,2026-08-21
20110403,3,2026-08-21
20110404,3,2026-08-21
20110405,3,2026-08-21
20110406,3,2026-08-21
20110407,3,2026-08-21
20110408,3,2026-08-21
20110409,3,2026-08-21
20110410,3,2026-08-21
20110411,3,2026-08-21
20110412,3,2026-08-21
20110413,3,2026-08-21
20110414,3,2026-08-21
20110415,3,2026-08-21
20110416,3,2026-08-21
20110417,3,2026-08-21
20110418,3,2026-08-21
20110419,3,2026-08-21
20110420,3,2026-08-21
20110421,3,2026-08-21
20110422,3,2026-08-21
20110423,3,2026-08-21
20110424,3,2026-08-21
20110425,3,2026-08-21
20110426,3,2026-08-21
20110427,3,2026-08-21
20110428,3,2026-08-21
20110429,3,2026-08-21
20110430,3,2026-08-21
20110501,3,2026-08-21
20110502,3,2026-08-21
20110503,3,2026-08-21
20110504,3,2026-08-21
20110505,3,2026-08-21
20110506,3,2026-08-21
20110507,3,2026-08-21
20110508,3,2026-08-21
20110509,3,2026-08-21
20110510,3,2026-08-21
20110511,3,2026-08-21
20110512,3,2026-08-21
20110513,3,2026-08-21
20110514,3,2026-08-21
20110515,3,2026-08-21
20110516,3,2026-08-21
20110517,3,2026-08-21
20110518,3,2026-08-21
20110519,3,2026-08-21
20110520,3,2026-08-21
20110521,3,2026-08-21
20110522,3,2026-08-21
20110523,3,2026-08-21
20110524,3,2026-08-21
20110525,3,2026-08-21
20110526,3,2026-08-21
20110527,3,2026-08-21
20110528,3,2026-08-21
20110529,3,2026-08-21
20110530,3,2026-08-21
20110531,3,2026-08-21
20110601,3,2026-08-21
20110602,3,2026-08-21
20110603,3,2026-08-21
20110604,3,2026-08-21
20110605,3,2026-08-21
20110606,3,2026-08-21
20110607,3,2026-08-21
20110608,3,2026-08-21
20110609,3,2026-08-21
20110610,3.25,2026-08-21
20110611,3.25,2026-08-21
20110612,3.25,2026-08-21
20110613,3.25,2026-08-21
20110614,3.25,2026-08-21
20110615,3.25,2026-08-21
20110616,3.25,2026-08-21
20110617,3.25,2026-08-21
20110618,3.25,2026-08-21
20110619,3.25,2026-08-21
20110620,3.25,2026-08-21
20110621,3.25,2026-08-21
20110622,3.25,2026-08-21
20110623,3.25,2026-08-21
20110624,3.25,2026-08-21
20110625,3.25,2026-08-21
20110626,3.25,2026-08-21
20110627,3.25,2026-08-21
20110628,3.25,2026-08-21
20110629,3.25,2026-08-21
20110630,3.25,2026-08-21
20110701,3.25,2026-08-21
20110702,3.25,2026-08-21
20110703,3.25,2026-08-21
20110704,3.25,2026-08-21
20110705,3.25,2026-08-21
20110706,3.25,2026-08-21
20110707,3.25,2026-08-21
20110708,3.25,2026-08-21
20110709,3.25,2026-08-21
20110710,3.25,2026-08-21
20110711,3.25,2026-08-21
20110712,3.25,2026-08-21
20110713,3.25,2026-08-21
20110714,3.25,2026-08-21
20110715,3.25,2026-08-21
20110716,3.25,2026-08-21
20110717,3.25,2026-08-21
20110718,3.25,2026-08-21
20110719,3.25,2026-08-21
20110720,3.25,2026-08-21
20110721,3.25,2026-08-21
20110722,3.25,2026-08-21
20110723,3.25,2026-08-21
20110724,3.25,2026-08-21
20110725,3.25,2026-08-21
20110726,3.25,2026-08-21
20110727,3.25,2026-08-21
20110728,3.25,2026-08-21
20110729,3.25,2026-08-21
20110730,3.25,2026-08-21
20110731,3.25,2026-08-21
20110801,3.25,2026-08-21
20110802,3.25,2026-08-21
20110803,3.25,2026-08-21
20110804,3.25,2026-08-21
20110805,3.25,2026-08-21
20110806,3.25,2026-08-21
20110807,3.25,2026-08-21
20110808,3.25,2026-08-21
20110809,3.25,2026-08-21
20110810,3.25,2026-08-21
20110811,3.25,2026-08-21
20110812,3.25,2026-08-21
20110813,3.25,2026-08-21
20110814,3.25,2026-08-21
20110815,3.25,2026-08-21
20110816,3.25,2026-08-21
20110817,3.25,2026-08-21
20110818,3.25,2026-08-21
20110819,3.25,2026-08-21
20110820,3.25,2026-08-21
20110821,3.25,2026-08-21
20110822,3.25,2026-08-21
20110823,3.25,2026-08-21
20110824,3.25,2026-08-21
20110825,3.25,2026-08-21
20110826,3.25,2026-08-21
20110827,3.25,2026-08-21
20110828,3.25,2026-08-21
20110829,3.25,2026-08-21
20110830,3.25,2026-08-21
20110831,3.25,2026-08-21
20110901,3.25,2026-08-21
20110902,3.25,2026-08-21
20110903,3.25,2026-08-21
20110904,3.25,2026-08-21
20110905,3.25,2026-08-21
20110906,3.25,2026-08-21
20110907,3.25,2026-08-21
20110908,3.25,2026-08-21
20110909,3.25,2026-08-21
20110910,3.25,2026-08-21
20110911,3.25,2026-08-21
20110912,3.25,2026-08-21
20110913,3.25,2026-08-21
20110914,3.25,2026-08-21
20110915,3.25,2026-08-21
20110916,3.25,2026-08-21
20110917,3.25,2026-08-21
20110918,3.25,2026-08-21
20110919,3.25,2026-08-21
20110920,3.25,2026-08-21
20110921,3.25,2026-08-21
20110922,3.25,2026-08-21
20110923,3.25,2026-08-21
20110924,3.25,2026-08-21
20110925,3.25,2026-08-21
20110926,3.25,2026-08-21
20110927,3.25,2026-08-21
20110928,3.25,2026-08-21
20110929,3.25,2026-08-21
20110930,3.25,2026-08-21
20111001,3.25,2026-08-21
20111002,3.25,2026-08-21
20111003,3.25,2026-08-21
20111004,3.25,2026-08-21
20111005,3.25,2026-08-21
20111006,3.25,2026-08-21
20111007,3.25,2026-08-21
20111008,3.25,2026-08-21
20111009,3.25,2026-08-21
20111010,3.25,2026-08-21
20111011,3.25,2026-08-21
20111012,3.25,2026-08-21
20111013,3.25,2026-08-21
20111014,3.25,2026-08-21
20111015,3.25,2026-08-21
20111016,3.25,2026-08-21
20111017,3.25,2026-08-21
20111018,3.25,2026-08-21
20111019,3.25,2026-08-21
20111020,3.25,2026-08-21
20111021,3.25,2026-08-21
20111022,3.25,2026-08-21
20111023,3.25,2026-08-21
20111024,3.25,2026-08-21
20111025,3.25,2026-08-21
20111026,3.25,2026-08-21
20111027,3.25,2026-08-21
20111028,3.25,2026-08-21
20111029,3.25,2026-08-21
20111030,3.25,2026-08-21
20111031,3.25,2026-08-21
20111101,3.25,2026-08-21
20111102,3.25,2026-08-21
20111103,3.25,2026-08-21
20111104,3.25,2026-08-21
20111105,3.25,2026-08-21
20111106,3.25,2026-08-21
20111107,3.25,2026-08-21
20111108,3.25,2026-08-21
20111109,3.25,2026-08-21
20111110,3.25,2026-08-21
20111111,3.25,2026-08-21
20111112,3.25,2026-08-21
20111113,3.25,2026-08-21
20111114,3.25,2026-08-21
20111115,3.25,2026-08-21
20111116,3.25,2026-08-21
20111117,3.25,2026-08-21
20111118,3.25,2026-08-21
20111119,3.25,2026-08-21
20111120,3.25,2026-08-21
20111121,3.25,2026-08-21
20111122,3.25,2026-08-21
20111123,3.25,2026-08-21
20111124,3.25,2026-08-21
20111125,3.25,2026-08-21
20111126,3.25,2026-08-21
20111127,3.25,2026-08-21
20111128,3.25,2026-08-21
20111129,3.25,2026-08-21
20111130,3.25,2026-08-21
20111201,3.25,2026-08-21
20111202,3.25,2026-08-21
20111203,3.25,2026-08-21
20111204,3.25,2026-08-21
20111205,3.25,2026-08-21
20111206,3.25,2026-08-21
20111207,3.25,2026-08-21
20111208,3.25,2026-08-21
20111209,3.25,2026-08-21
20111210,3.25,2026-08-21
20111211,3.25,2026-08-21
20111212,3.25,2026-08-21
20111213,3.25,2026-08-21
20111214,3.25,2026-08-21
20111215,3.25,2026-08-21
20111216,3.25,2026-08-21
20111217,3.25,2026-08-21
20111218,3.25,2026-08-21
20111219,3.25,2026-08-21
20111220,3.25,2026-08-21
20111221,3.25,2026-08-21
20111222,3.25,2026-08-21
20111223,3.25,2026-08-21
20111224,3.25,2026-08-21
20111225,3.25,2026-08-21
20111226,3.25,2026-08-21
20111227,3.25,2026-08-21
20111228,3.25,2026-08-21
20111229,3.25,2026-08-21
20111230,3.25,2026-08-21
20111231,3.25,2026-08-21
20120101,3.25,2026-08-21
20120102,3.25,2026-08-21
20120103,3.25,2026-08-21
20120104,3.25,2026-08-21
20120105,3.25,2026-08-21
20120106,3.25,2026-08-21
20120107,3.25,2026-08-21
20120108,3.25,2026-08-21
20120109,3.25,2026-08-21
20120110,3.25,2026-08-21
20120111,3.25,2026-08-21
20120112,3.25,2026-08-21
20120113,3.25,2026-08-21
20120114,3.25,2026-08-21
20120115,3.25,2026-08-21
20120116,3.25,2026-08-21
20120117,3.25,2026-08-21
20120118,3.25,2026-08-21
20120119,3.25,2026-08-21
20120120,3.25,2026-08-21
20120121,3.25,2026-08-21
20120122,3.25,2026-08-21
20120123,3.25,2026-08-21
20120124,3.25,2026-08-21
20120125,3.25,2026-08-21
20120126,3.25,2026-08-21
20120127,3.25,2026-08-21
20120128,3.25,2026-08-21
20120129,3.25,2026-08-21
20120130,3.25,2026-08-21
20120131,3.25,2026-08-21
20120201,3.25,2026-08-21
20120202,3.25,2026-08-21
20120203,3.25,2026-08-21
20120204,3.25,2026-08-21
20120205,3.25,2026-08-21
20120206,3.25,2026-08-21
20120207,3.25,2026-08-21
20120208,3.25,2026-08-21
20120209,3.25,2026-08-21
20120210,3.25,2026-08-21
20120211,3.25,2026-08-21
20120212,3.25,2026-08-21
20120213,3.25,2026-08-21
20120214,3.25,2026-08-21
20120215,3.25,2026-08-21
20120216,3.25,2026-08-21
20120217,3.25,2026-08-21
20120218,3.25,2026-08-21
20120219,3.25,2026-08-21
20120220,3.25,2026-08-21
20120221,3.25,2026-08-21
20120222,3.25,2026-08-21
20120223,3.25,2026-08-21
20120224,3.25,2026-08-21
20120225,3.25,2026-08-21
20120226,3.25,2026-08-21
20120227,3.25,2026-08-21
20120228,3.25,2026-08-21
20120229,3.25,2026-08-21
20120301,3.25,2026-08-21
20120302,3.25,2026-08-21
20120303,3.25,2026-08-21
20120304,3.25,2026-08-21
20120305,3.25,2026-08-21
20120306,3.25,2026-08-21
20120307,3.25,2026-08-21
20120308,3.25,2026-08-21
20120309,3.25,2026-08-21
20120310,3.25,2026-08-21
20120311,3.25,2026-08-21
20120312,3.25,2026-08-21
20120313,3.25,2026-08-21
20120314,3.25,2026-08-21
20120315,3.25,2026-08-21
20120316,3.25,2026-08-21
20120317,3.25,2026-08-21
20120318,3.25,2026-08-21
20120319,3.25,2026-08-21
20120320,3.25,2026-08-21
20120321,3.25,2026-08-21
20120322,3.25,2026-08-21
20120323,3.25,2026-08-21
20120324,3.25,2026-08-21
20120325,3.25,2026-08-21
20120326,3.25,2026-08-21
20120327,3.25,2026-08-21
20120328,3.25,2026-08-21
20120329,3.25,2026-08-21
20120330,3.25,2026-08-21
20120331,3.25,2026-08-21
20120401,3.25,2026-08-21
20120402,3.25,2026-08-21
20120403,3.25,2026-08-21
20120404,3.25,2026-08-21
20120405,3.25,2026-08-21
20120406,3.25,2026-08-21
20120407,3.25,2026-08-21
20120408,3.25,2026-08-21
20120409,3.25,2026-08-21
20120410,3.25,2026-08-21
20120411,3.25,2026-08-21
20120412,3.25,2026-08-21
20120413,3.25,2026-08-21
20120414,3.25,2026-08-21
20120415,3.25,2026-08-21
20120416,3.25,2026-08-21
20120417,3.25,2026-08-21
20120418,3.25,2026-08-21
20120419,3.25,2026-08-21
20120420,3.25,2026-08-21
20120421,3.25,2026-08-21
20120422,3.25,2026-08-21
20120423,3.25,2026-08-21
20120424,3.25,2026-08-21
20120425,3.25,2026-08-21
20120426,3.25,2026-08-21
20120427,3.25,2026-08-21
20120428,3.25,2026-08-21
20120429,3.25,2026-08-21
20120430,3.25,2026-08-21
20120501,3.25,2026-08-21
20120502,3.25,2026-08-21
20120503,3.25,2026-08-21
20120504,3.25,2026-08-21
20120505,3.25,2026-08-21
20120506,3.25,2026-08-21
20120507,3.25,2026-08-21
20120508,3.25,2026-08-21
20120509,3.25,2026-08-21
20120510,3.25,2026-08-21
20120511,3.25,2026-08-21
20120512,3.25,2026-08-21
20120513,3.25,2026-08-21
20120514,3.25,2026-08-21
20120515,3.25,2026-08-21
20120516,3.25,2026-08-21
20120517,3.25,2026-08-21
20120518,3.25,2026-08-21
20120519,3.25,2026-08-21
20120520,3.25,2026-08-21
20120521,3.25,2026-08-21
20120522,3.25,2026-08-21
20120523,3.25,2026-08-21
20120524,3.25,2026-08-21
20120525,3.25,2026-08-21
20120526,3.25,2026-08-21
20120527,3.25,2026-08-21
20120528,3.25,2026-08-21
20120529,3.25,2026-08-21
20120530,3.25,2026-08-21
20120531,3.25,2026-08-21
20120601,3.25,2026-08-21
20120602,3.25,2026-08-21
20120603,3.25,2026-08-21
20120604,3.25,2026-08-21
20120605,3.25,2026-08-21
20120606,3.25,2026-08-21
20120607,3.25,2026-08-21
20120608,3.25,2026-08-21
20120609,3.25,2026-08-21
20120610,3.25,2026-08-21
20120611,3.25,2026-08-21
20120612,3.25,2026-08-21
20120613,3.25,2026-08-21
20120614,3.25,2026-08-21
20120615,3.25,2026-08-21
20120616,3.25,2026-08-21
20120617,3.25,2026-08-21
20120618,3.25,2026-08-21
20120619,3.25,2026-08-21
20120620,3.25,2026-08-21
20120621,3.25,2026-08-21
20120622,3.25,2026-08-21
20120623,3.25,2026-08-21
20120624,3.25,2026-08-21
20120625,3.25,2026-08-21
20120626,3.25,2026-08-21
20120627,3.25,2026-08-21
20120628,3.25,2026-08-21
20120629,3.25,2026-08-21
20120630,3.25,2026-08-21
20120701,3.25,2026-08-21
20120702,3.25,2026-08-21
20120703,3.25,2026-08-21
20120704,3.25,2026-08-21
20120705,3.25,2026-08-21
20120706,3.25,2026-08-21
20120707,3.25,2026-08-21
20120708,3.25,2026-08-21
20120709,3.25,2026-08-21
20120710,3.25,2026-08-21
20120711,3.25,2026-08-21
20120712,3,2026-08-21
20120713,3,2026-08-21
20120714,3,2026-08-21
20120715,3,2026-08-21
20120716,3,2026-08-21
20120717,3,2026-08-21
20120718,3,2026-08-21
20120719,3,2026-08-21
20120720,3,2026-08-21
20120721,3,2026-08-21
20120722,3,2026-08-21
20120723,3,2026-08-21
20120724,3,2026-08-21
20120725,3,2026-08-21
20120726,3,2026-08-21
20120727,3,2026-08-21
20120728,3,2026-08-21
20120729,3,2026-08-21
20120730,3,2026-08-21
20120731,3,2026-08-21
20120801,3,2026-08-21
20120802,3,2026-08-21
20120803,3,2026-08-21
20120804,3,2026-08-21
20120805,3,2026-08-21
20120806,3,2026-08-21
20120807,3,2026-08-21
20120808,3,2026-08-21
20120809,3,2026-08-21
20120810,3,2026-08-21
20120811,3,2026-08-21
20120812,3,2026-08-21
20120813,3,2026-08-21
20120814,3,2026-08-21
20120815,3,2026-08-21
20120816,3,2026-08-21
20120817,3,2026-08-21
20120818,3,2026-08-21
20120819,3,2026-08-21
20120820,3,2026-08-21
20120821,3,2026-08-21
20120822,3,2026-08-21
20120823,3,2026-08-21
20120824,3,2026-08-21
20120825,3,2026-08-21
20120826,3,2026-08-21
20120827,3,2026-08-21
20120828,3,2026-08-21
20120829,3,2026-08-21
20120830,3,2026-08-21
20120831,3,2026-08-21
20120901,3,2026-08-21
20120902,3,2026-08-21
20120903,3,2026-08-21
20120904,3,2026-08-21
20120905,3,2026-08-21
20120906,3,2026-08-21
20120907,3,2026-08-21
20120908,3,2026-08-21
20120909,3,2026-08-21
20120910,3,2026-08-21
20120911,3,2026-08-21
20120912,3,2026-08-21
20120913,3,2026-08-21
20120914,3,2026-08-21
20120915,3,2026-08-21
20120916,3,2026-08-21
20120917,3,2026-08-21
20120918,3,2026-08-21
20120919,3,2026-08-21
20120920,3,2026-08-21
20120921,3,2026-08-21
20120922,3,2026-08-21
20120923,3,2026-08-21
20120924,3,2026-08-21
20120925,3,2026-08-21
20120926,3,2026-08-21
20120927,3,2026-08-21
20120928,3,2026-08-21
20120929,3,2026-08-21
20120930,3,2026-08-21
20121001,3,2026-08-21
20121002,3,2026-08-21
20121003,3,2026-08-21
20121004,3,2026-08-21
20121005,3,2026-08-21
20121006,3,2026-08-21
20121007,3,2026-08-21
20121008,3,2026-08-21
20121009,3,2026-08-21
20121010,3,2026-08-21
20121011,2.75,2026-08-21
20121012,2.75,2026-08-21
20121013,2.75,2026-08-21
20121014,2.75,2026-08-21
20121015,2.75,2026-08-21
20121016,2.75,2026-08-21
20121017,2.75,2026-08-21
20121018,2.75,2026-08-21
20121019,2.75,2026-08-21
20121020,2.75,2026-08-21
20121021,2.75,2026-08-21
20121022,2.75,2026-08-21
20121023,2.75,2026-08-21
20121024,2.75,2026-08-21
20121025,2.75,2026-08-21
20121026,2.75,2026-08-21
20121027,2.75,2026-08-21
20121028,2.75,2026-08-21
20121029,2.75,2026-08-21
20121030,2.75,2026-08-21
20121031,2.75,2026-08-21
20121101,2.75,2026-08-21
20121102,2.75,2026-08-21
20121103,2.75,2026-08-21
20121104,2.75,2026-08-21
20121105,2.75,2026-08-21
20121106,2.75,2026-08-21
20121107,2.75,2026-08-21
20121108,2.75,2026-08-21
20121109,2.75,2026-08-21
20121110,2.75,2026-08-21
20121111,2.75,2026-08-21
20121112,2.75,2026-08-21
20121113,2.75,2026-08-21
20121114,2.75,2026-08-21
20121115,2.75,2026-08-21
20121116,2.75,2026-08-21
20121117,2.75,2026-08-21
20121118,2.75,2026-08-21
20121119,2.75,2026-08-21
20121120,2.75,2026-08-21
20121121,2.75,2026-08-21
20121122,2.75,2026-08-21
20121123,2.75,2026-08-21
20121124,2.75,2026-08-21
20121125,2.75,2026-08-21
20121126,2.75,2026-08-21
20121127,2.75,2026-08-21
20121128,2.75,2026-08-21
20121129,2.75,2026-08-21
20121130,2.75,2026-08-21
20121201,2.75,2026-08-21
20121202,2.75,2026-08-21
20121203,2.75,2026-08-21
20121204,2.75,2026-08-21
20121205,2.75,2026-08-21
20121206,2.75,2026-08-21
20121207,2.75,2026-08-21
20121208,2.75,2026-08-21
20121209,2.75,2026-08-21
20121210,2.75,2026-08-21
20121211,2.75,2026-08-21
20121212,2.75,2026-08-21
20121213,2.75,2026-08-21
20121214,2.75,2026-08-21
20121215,2.75,2026-08-21
20121216,2.75,2026-08-21
20121217,2.75,2026-08-21
20121218,2.75,2026-08-21
20121219,2.75,2026-08-21
20121220,2.75,2026-08-21
20121221,2.75,2026-08-21
20121222,2.75,2026-08-21
20121223,2.75,2026-08-21
20121224,2.75,2026-08-21
20121225,2.75,2026-08-21
20121226,2.75,2026-08-21
20121227,2.75,2026-08-21
20121228,2.75,2026-08-21
20121229,2.75,2026-08-21
20121230,2.75,2026-08-21
20121231,2.75,2026-08-21
20130101,2.75,2026-08-21
20130102,2.75,2026-08-21
20130103,2.75,2026-08-21
20130104,2.75,2026-08-21
20130105,2.75,2026-08-21
20130106,2.75,2026-08-21
20130107,2.75,2026-08-21
20130108,2.75,2026-08-21
20130109,2.75,2026-08-21
20130110,2.75,2026-08-21
20130111,2.75,2026-08-21
20130112,2.75,2026-08-21
20130113,2.75,2026-08-21
20130114,2.75,2026-08-21
20130115,2.75,2026-08-21
20130116,2.75,2026-08-21
20130117,2.75,2026-08-21
20130118,2.75,2026-08-21
20130119,2.75,2026-08-21
20130120,2.75,2026-08-21
20130121,2.75,2026-08-21
20130122,2.75,2026-08-21
20130123,2.75,2026-08-21
20130124,2.75,2026-08-21
20130125,2.75,2026-08-21
20130126,2.75,2026-08-21
20130127,2.75,2026-08-21
20130128,2.75,2026-08-21
20130129,2.75,2026-08-21
20130130,2.75,2026-08-21
20130131,2.75,2026-08-21
20130201,2.75,2026-08-21
20130202,2.75,2026-08-21
20130203,2.75,2026-08-21
20130204,2.75,2026-08-21
20130205,2.75,2026-08-21
20130206,2.75,2026-08-21
20130207,2.75,2026-08-21
20130208,2.75,2026-08-21
20130209,2.75,2026-08-21
20130210,2.75,2026-08-21
20130211,2.75,2026-08-21
20130212,2.75,2026-08-21
20130213,2.75,2026-08-21
20130214,2.75,2026-08-21
20130215,2.75,2026-08-21
20130216,2.75,2026-08-21
20130217,2.75,2026-08-21
20130218,2.75,2026-08-21
20130219,2.75,2026-08-21
20130220,2.75,2026-08-21
20130221,2.75,2026-08-21
20130222,2.75,2026-08-21
20130223,2.75,2026-08-21
20130224,2.75,2026-08-21
20130225,2.75,2026-08-21
20130226,2.75,2026-08-21
20130227,2.75,2026-08-21
20130228,2.75,2026-08-21
20130301,2.75,2026-08-21
20130302,2.75,2026-08-21
20130303,2.75,2026-08-21
20130304,2.75,2026-08-21
20130305,2.75,2026-08-21
20130306,2.75,2026-08-21
20130307,2.75,2026-08-21
20130308,2.75,2026-08-21
20130309,2.75,2026-08-21
20130310,2.75,2026-08-21
20130311,2.75,2026-08-21
20130312,2.75,2026-08-21
20130313,2.75,2026-08-21
20130314,2.75,2026-08-21
20130315,2.75,2026-08-21
20130316,2.75,2026-08-21
20130317,2.75,2026-08-21
20130318,2.75,2026-08-21
20130319,2.75,2026-08-21
20130320,2.75,2026-08-21
20130321,2.75,2026-08-21
20130322,2.75,2026-08-21
20130323,2.75,2026-08-21
20130324,2.75,2026-08-21
20130325,2.75,2026-08-21
20130326,2.75,2026-08-21
20130327,2.75,2026-08-21
20130328,2.75,2026-08-21
20130329,2.75,2026-08-21
20130330,2.75,2026-08-21
20130331,2.75,2026-08-21
20130401,2.75,2026-08-21
20130402,2.75,2026-08-21
20130403,2.75,2026-08-21
20130404,2.75,2026-08-21
20130405,2.75,2026-08-21
20130406,2.75,2026-08-21
20130407,2.75,2026-08-21
20130408,2.75,2026-08-21
20130409,2.75,2026-08-21
20130410,2.75,2026-08-21
20130411,2.75,2026-08-21
20130412,2.75,2026-08-21
20130413,2.75,2026-08-21
20130414,2.75,2026-08-21
20130415,2.75,2026-08-21
20130416,2.75,2026-08-21
20130417,2.75,2026-08-21
20130418,2.75,2026-08-21
20130419,2.75,2026-08-21
20130420,2.75,2026-08-21
20130421,2.75,2026-08-21
20130422,2.75,2026-08-21
20130423,2.75,2026-08-21
20130424,2.75,2026-08-21
20130425,2.75,2026-08-21
20130426,2.75,2026-08-21
20130427,2.75,2026-08-21
20130428,2.75,2026-08-21
20130429,2.75,2026-08-21
20130430,2.75,2026-08-21
20130501,2.75,2026-08-21
20130502,2.75,2026-08-21
20130503,2.75,2026-08-21
20130504,2.75,2026-08-21
20130505,2.75,2026-08-21
20130506,2.75,2026-08-21
20130507,2.75,2026-08-21
20130508,2.75,2026-08-21
20130509,2.5,2026-08-21
20130510,2.5,2026-08-21
20130511,2.5,2026-08-21
20130512,2.5,2026-08-21
20130513,2.5,2026-08-21
20130514,2.5,2026-08-21
20130515,2.5,2026-08-21
20130516,2.5,2026-08-21
20130517,2.5,2026-08-21
20130518,2.5,2026-08-21
20130519,2.5,2026-08-21
20130520,2.5,2026-08-21
20130521,2.5,2026-08-21
20130522,2.5,2026-08-21
20130523,2.5,2026-08-21
20130524,2.5,2026-08-21
20130525,2.5,2026-08-21
20130526,2.5,2026-08-21
20130527,2.5,2026-08-21
20130528,2.5,2026-08-21
20130529,2.5,2026-08-21
20130530,2.5,2026-08-21
20130531,2.5,2026-08-21
20130601,2.5,2026-08-21
20130602,2.5,2026-08-21
20130603,2.5,2026-08-21
20130604,2.5,2026-08-21
20130605,2.5,2026-08-21
20130606,2.5,2026-08-21
20130607,2.5,2026-08-21
20130608,2.5,2026-08-21
20130609,2.5,2026-08-21
20130610,2.5,2026-08-21
20130611,2.5,2026-08-21
20130612,2.5,2026-08-21
20130613,2.5,2026-08-21
20130614,2.5,2026-08-21
20130615,2.5,2026-08-21
20130616,2.5,2026-08-21
20130617,2.5,2026-08-21
20130618,2.5,2026-08-21
20130619,2.5,2026-08-21
20130620,2.5,2026-08-21
20130621,2.5,2026-08-21
20130622,2.5,2026-08-21
20130623,2.5,2026-08-21
20130624,2.5,2026-08-21
20130625,2.5,2026-08-21
20130626,2.5,2026-08-21
20130627,2.5,2026-08-21
20130628,2.5,2026-08-21
20130629,2.5,2026-08-21
20130630,2.5,2026-08-21
20130701,2.5,2026-08-21
20130702,2.5,2026-08-21
20130703,2.5,2026-08-21
20130704,2.5,2026-08-21
20130705,2.5,2026-08-21
20130706,2.5,2026-08-21
20130707,2.5,2026-08-21
20130708,2.5,2026-08-21
20130709,2.5,2026-08-21
20130710,2.5,2026-08-21
20130711,2.5,2026-08-21
20130712,2.5,2026-08-21
20130713,2.5,2026-08-21
20130714,2.5,2026-08-21
20130715,2.5,2026-08-21
20130716,2.5,2026-08-21
20130717,2.5,2026-08-21
20130718,2.5,2026-08-21
20130719,2.5,2026-08-21
20130720,2.5,2026-08-21
20130721,2.5,2026-08-21
20130722,2.5,2026-08-21
20130723,2.5,2026-08-21
20130724,2.5,2026-08-21
20130725,2.5,2026-08-21
20130726,2.5,2026-08-21
20130727,2.5,2026-08-21
20130728,2.5,2026-08-21
20130729,2.5,2026-08-21
20130730,2.5,2026-08-21
20130731,2.5,2026-08-21
20130801,2.5,2026-08-21
20130802,2.5,2026-08-21
20130803,2.5,2026-08-21
20130804,2.5,2026-08-21
20130805,2.5,2026-08-21
20130806,2.5,2026-08-21
20130807,2.5,2026-08-21
20130808,2.5,2026-08-21
20130809,2.5,2026-08-21
20130810,2.5,2026-08-21
20130811,2.5,2026-08-21
20130812,2.5,2026-08-21
20130813,2.5,2026-08-21
20130814,2.5,2026-08-21
20130815,2.5,2026-08-21
20130816,2.5,2026-08-21
20130817,2.5,2026-08-21
20130818,2.5,2026-08-21
20130819,2.5,2026-08-21
20130820,2.5,2026-08-21
20130821,2.5,2026-08-21
20130822,2.5,2026-08-21
20130823,2.5,2026-08-21
20130824,2.5,2026-08-21
20130825,2.5,2026-08-21
20130826,2.5,2026-08-21
20130827,2.5,2026-08-21
20130828,2.5,2026-08-21
20130829,2.5,2026-08-21
20130830,2.5,2026-08-21
20130831,2.5,2026-08-21
20130901,2.5,2026-08-21
20130902,2.5,2026-08-21
20130903,2.5,2026-08-21
20130904,2.5,2026-08-21
20130905,2.5,2026-08-21
20130906,2.5,2026-08-21
20130907,2.5,2026-08-21
20130908,2.5,2026-08-21
20130909,2.5,2026-08-21
20130910,2.5,2026-08-21
20130911,2.5,2026-08-21
20130912,2.5,2026-08-21
20130913,2.5,2026-08-21
20130914,2.5,2026-08-21
20130915,2.5,2026-08-21
20130916,2.5,2026-08-21
20130917,2.5,2026-08-21
20130918,2.5,2026-08-21
20130919,2.5,2026-08-21
20130920,2.5,2026-08-21
20130921,2.5,2026-08-21
20130922,2.5,2026-08-21
20130923,2.5,2026-08-21
20130924,2.5,2026-08-21
20130925,2.5,2026-08-21
20130926,2.5,2026-08-21
20130927,2.5,2026-08-21
20130928,2.5,2026-08-21
20130929,2.5,2026-08-21
20130930,2.5,2026-08-21
20131001,2.5,2026-08-21
20131002,2.5,2026-08-21
20131003,2.5,2026-08-21
20131004,2.5,2026-08-21
20131005,2.5,2026-08-21
20131006,2.5,2026-08-21
20131007,2.5,2026-08-21
20131008,2.5,2026-08-21
20131009,2.5,2026-08-21
20131010,2.5,2026-08-21
20131011,2.5,2026-08-21
20131012,2.5,2026-08-21
20131013,2.5,2026-08-21
20131014,2.5,2026-08-21
20131015,2.5,2026-08-21
20131016,2.5,2026-08-21
20131017,2.5,2026-08-21
20131018,2.5,2026-08-21
20131019,2.5,2026-08-21
20131020,2.5,2026-08-21
20131021,2.5,2026-08-21
20131022,2.5,2026-08-21
20131023,2.5,2026-08-21
20131024,2.5,2026-08-21
20131025,2.5,2026-08-21
20131026,2.5,2026-08-21
20131027,2.5,2026-08-21
20131028,2.5,2026-08-21
20131029,2.5,2026-08-21
20131030,2.5,2026-08-21
20131031,2.5,2026-08-21
20131101,2.5,2026-08-21
20131102,2.5,2026-08-21
20131103,2.5,2026-08-21
20131104,2.5,2026-08-21
20131105,2.5,2026-08-21
20131106,2.5,2026-08-21
20131107,2.5,2026-08-21
20131108,2.5,2026-08-21
20131109,2.5,2026-08-21
20131110,2.5,2026-08-21
20131111,2.5,2026-08-21
20131112,2.5,2026-08-21
20131113,2.5,2026-08-21
20131114,2.5,2026-08-21
20131115,2.5,2026-08-21
20131116,2.5,2026-08-21
20131117,2.5,2026-08-21
20131118,2.5,2026-08-21
20131119,2.5,2026-08-21
20131120,2.5,2026-08-21
20131121,2.5,2026-08-21
20131122,2.5,2026-08-21
20131123,2.5,2026-08-21
20131124,2.5,2026-08-21
20131125,2.5,2026-08-21
20131126,2.5,2026-08-21
20131127,2.5,2026-08-21
20131128,2.5,2026-08-21
20131129,2.5,2026-08-21
20131130,2.5,2026-08-21
20131201,2.5,2026-08-21
20131202,2.5,2026-08-21
20131203,2.5,2026-08-21
20131204,2.5,2026-08-21
20131205,2.5,2026-08-21
20131206,2.5,2026-08-21
20131207,2.5,2026-08-21
20131208,2.5,2026-08-21
20131209,2.5,2026-08-21
20131210,2.5,2026-08-21
20131211,2.5,2026-08-21
20131212,2.5,2026-08-21
20131213,2.5,2026-08-21
20131214,2.5,2026-08-21
20131215,2.5,2026-08-21
20131216,2.5,2026-08-21
20131217,2.5,2026-08-21
20131218,2.5,2026-08-21
20131219,2.5,2026-08-21
20131220,2.5,2026-08-21
20131221,2.5,2026-08-21
20131222,2.5,2026-08-21
20131223,2.5,2026-08-21
20131224,2.5,2026-08-21
20131225,2.5,2026-08-21
20131226,2.5,2026-08-21
20131227,2.5,2026-08-21
20131228,2.5,2026-08-21
20131229,2.5,2026-08-21
20131230,2.5,2026-08-21
20131231,2.5,2026-08-21
20140101,2.5,2026-08-21
20140102,2.5,2026-08-21
20140103,2.5,2026-08-21
20140104,2.5,2026-08-21
20140105,2.5,2026-08-21
20140106,2.5,2026-08-21
20140107,2.5,2026-08-21
20140108,2.5,2026-08-21
20140109,2.5,2026-08-21
20140110,2.5,2026-08-21
20140111,2.5,2026-08-21
20140112,2.5,2026-08-21
20140113,2.5,2026-08-21
20140114,2.5,2026-08-21
20140115,2.5,2026-08-21
20140116,2.5,2026-08-21
20140117,2.5,2026-08-21
20140118,2.5,2026-08-21
20140119,2.5,2026-08-21
20140120,2.5,2026-08-21
20140121,2.5,2026-08-21
20140122,2.5,2026-08-21
20140123,2.5,2026-08-21
20140124,2.5,2026-08-21
20140125,2.5,2026-08-21
20140126,2.5,2026-08-21
20140127,2.5,2026-08-21
20140128,2.5,2026-08-21
20140129,2.5,2026-08-21
20140130,2.5,2026-08-21
20140131,2.5,2026-08-21
20140201,2.5,2026-08-21
20140202,2.5,2026-08-21
20140203,2.5,2026-08-21
20140204,2.5,2026-08-21
20140205,2.5,2026-08-21
20140206,2.5,2026-08-21
20140207,2.5,2026-08-21
20140208,2.5,2026-08-21
20140209,2.5,2026-08-21
20140210,2.5,2026-08-21
20140211,2.5,2026-08-21
20140212,2.5,2026-08-21
20140213,2.5,2026-08-21
20140214,2.5,2026-08-21
20140215,2.5,2026-08-21
20140216,2.5,2026-08-21
20140217,2.5,2026-08-21
20140218,2.5,2026-08-21
20140219,2.5,2026-08-21
20140220,2.5,2026-08-21
20140221,2.5,2026-08-21
20140222,2.5,2026-08-21
20140223,2.5,2026-08-21
20140224,2.5,2026-08-21
20140225,2.5,2026-08-21
20140226,2.5,2026-08-21
20140227,2.5,2026-08-21
20140228,2.5,2026-08-21
20140301,2.5,2026-08-21
20140302,2.5,2026-08-21
20140303,2.5,2026-08-21
20140304,2.5,2026-08-21
20140305,2.5,2026-08-21
20140306,2.5,2026-08-21
20140307,2.5,2026-08-21
20140308,2.5,2026-08-21
20140309,2.5,2026-08-21
20140310,2.5,2026-08-21
20140311,2.5,2026-08-21
20140312,2.5,2026-08-21
20140313,2.5,2026-08-21
20140314,2.5,2026-08-21
20140315,2.5,2026-08-21
20140316,2.5,2026-08-21
20140317,2.5,2026-08-21
20140318,2.5,2026-08-21
20140319,2.5,2026-08-21
20140320,2.5,2026-08-21
20140321,2.5,2026-08-21
20140322,2.5,2026-08-21
20140323,2.5,2026-08-21
20140324,2.5,2026-08-21
20140325,2.5,2026-08-21
20140326,2.5,2026-08-21
20140327,2.5,2026-08-21
20140328,2.5,2026-08-21
20140329,2.5,2026-08-21
20140330,2.5,2026-08-21
20140331,2.5,2026-08-21
20140401,2.5,2026-08-21
20140402,2.5,2026-08-21
20140403,2.5,2026-08-21
20140404,2.5,2026-08-21
20140405,2.5,2026-08-21
20140406,2.5,2026-08-21
20140407,2.5,2026-08-21
20140408,2.5,2026-08-21
20140409,2.5,2026-08-21
20140410,2.5,2026-08-21
20140411,2.5,2026-08-21
20140412,2.5,2026-08-21
20140413,2.5,2026-08-21
20140414,2.5,2026-08-21
20140415,2.5,2026-08-21
20140416,2.5,2026-08-21
20140417,2.5,2026-08-21
20140418,2.5,2026-08-21
20140419,2.5,2026-08-21
20140420,2.5,2026-08-21
20140421,2.5,2026-08-21
20140422,2.5,2026-08-21
20140423,2.5,2026-08-21
20140424,2.5,2026-08-21
20140425,2.5,2026-08-21
20140426,2.5,2026-08-21
20140427,2.5,2026-08-21
20140428,2.5,2026-08-21
20140429,2.5,2026-08-21
20140430,2.5,2026-08-21
20140501,2.5,2026-08-21
20140502,2.5,2026-08-21
20140503,2.5,2026-08-21
20140504,2.5,2026-08-21
20140505,2.5,2026-08-21
20140506,2.5,2026-08-21
20140507,2.5,2026-08-21
20140508,2.5,2026-08-21
20140509,2.5,2026-08-21
20140510,2.5,2026-08-21
20140511,2.5,2026-08-21
20140512,2.5,2026-08-21
20140513,2.5,2026-08-21
20140514,2.5,2026-08-21
20140515,2.5,2026-08-21
20140516,2.5,2026-08-21
20140517,2.5,2026-08-21
20140518,2.5,2026-08-21
20140519,2.5,2026-08-21
20140520,2.5,2026-08-21
20140521,2.5,2026-08-21
20140522,2.5,2026-08-21
20140523,2.5,2026-08-21
20140524,2.5,2026-08-21
20140525,2.5,2026-08-21
20140526,2.5,2026-08-21
20140527,2.5,2026-08-21
20140528,2.5,2026-08-21
20140529,2.5,2026-08-21
20140530,2.5,2026-08-21
20140531,2.5,2026-08-21
20140601,2.5,2026-08-21
20140602,2.5,2026-08-21
20140603,2.5,2026-08-21
20140604,2.5,2026-08-21
20140605,2.5,2026-08-21
20140606,2.5,2026-08-21
20140607,2.5,2026-08-21
20140608,2.5,2026-08-21
20140609,2.5,2026-08-21
20140610,2.5,2026-08-21
20140611,2.5,2026-08-21
20140612,2.5,2026-08-21
20140613,2.5,2026-08-21
20140614,2.5,2026-08-21
20140615,2.5,2026-08-21
20140616,2.5,2026-08-21
20140617,2.5,2026-08-21
20140618,2.5,2026-08-21
20140619,2.5,2026-08-21
20140620,2.5,2026-08-21
20140621,2.5,2026-08-21
20140622,2.5,2026-08-21
20140623,2.5,2026-08-21
20140624,2.5,2026-08-21
20140625,2.5,2026-08-21
20140626,2.5,2026-08-21
20140627,2.5,2026-08-21
20140628,2.5,2026-08-21
20140629,2.5,2026-08-21
20140630,2.5,2026-08-21
20140701,2.5,2026-08-21
20140702,2.5,2026-08-21
20140703,2.5,2026-08-21
20140704,2.5,2026-08-21
20140705,2.5,2026-08-21
20140706,2.5,2026-08-21
20140707,2.5,2026-08-21
20140708,2.5,2026-08-21
20140709,2.5,2026-08-21
20140710,2.5,2026-08-21
20140711,2.5,2026-08-21
20140712,2.5,2026-08-21
20140713,2.5,2026-08-21
20140714,2.5,2026-08-21
20140715,2.5,2026-08-21
20140716,2.5,2026-08-21
20140717,2.5,2026-08-21
20140718,2.5,2026-08-21
20140719,2.5,2026-08-21
20140720,2.5,2026-08-21
20140721,2.5,2026-08-21
20140722,2.5,2026-08-21
20140723,2.5,2026-08-21
20140724,2.5,2026-08-21
20140725,2.5,2026-08-21
20140726,2.5,2026-08-21
20140727,2.5,2026-08-21
20140728,2.5,2026-08-21
20140729,2.5,2026-08-21
20140730,2.5,2026-08-21
20140731,2.5,2026-08-21
20140801,2.5,2026-08-21
20140802,2.5,2026-08-21
20140803,2.5,2026-08-21
20140804,2.5,2026-08-21
20140805,2.5,2026-08-21
20140806,2.5,2026-08-21
20140807,2.5,2026-08-21
20140808,2.5,2026-08-21
20140809,2.5,2026-08-21
20140810,2.5,2026-08-21
20140811,2.5,2026-08-21
20140812,2.5,2026-08-21
20140813,2.5,2026-08-21
20140814,2.25,2026-08-21
20140815,2.25,2026-08-21
20140816,2.25,2026-08-21
20140817,2.25,2026-08-21
20140818,2.25,2026-08-21
20140819,2.25,2026-08-21
20140820,2.25,2026-08-21
20140821,2.25,2026-08-21
20140822,2.25,2026-08-21
20140823,2.25,2026-08-21
20140824,2.25,2026-08-21
20140825,2.25,2026-08-21
20140826,2.25,2026-08-21
20140827,2.25,2026-08-21
20140828,2.25,2026-08-21
20140829,2.25,2026-08-21
20140830,2.25,2026-08-21
20140831,2.25,2026-08-21
20140901,2.25,2026-08-21
20140902,2.25,2026-08-21
20140903,2.25,2026-08-21
20140904,2.25,2026-08-21
20140905,2.25,2026-08-21
20140906,2.25,2026-08-21
20140907,2.25,2026-08-21
20140908,2.25,2026-08-21
20140909,2.25,2026-08-21
20140910,2.25,2026-08-21
20140911,2.25,2026-08-21
20140912,2.25,2026-08-21
20140913,2.25,2026-08-21
20140914,2.25,2026-08-21
20140915,2.25,2026-08-21
20140916,2.25,2026-08-21
20140917,2.25,2026-08-21
20140918,2.25,2026-08-21
20140919,2.25,2026-08-21
20140920,2.25,2026-08-21
20140921,2.25,2026-08-21
20140922,2.25,2026-08-21
20140923,2.25,2026-08-21
20140924,2.25,2026-08-21
20140925,2.25,2026-08-21
20140926,2.25,2026-08-21
20140927,2.25,2026-08-21
20140928,2.25,2026-08-21
20140929,2.25,2026-08-21
20140930,2.25,2026-08-21
20141001,2.25,2026-08-21
20141002,2.25,2026-08-21
20141003,2.25,2026-08-21
20141004,2.25,2026-08-21
20141005,2.25,2026-08-21
20141006,2.25,2026-08-21
20141007,2.25,2026-08-21
20141008,2.25,2026-08-21
20141009,2.25,2026-08-21
20141010,2.25,2026-08-21
20141011,2.25,2026-08-21
20141012,2.25,2026-08-21
20141013,2.25,2026-08-21
20141014,2.25,2026-08-21
20141015,2,2026-08-21
20141016,2,2026-08-21
20141017,2,2026-08-21
20141018,2,2026-08-21
20141019,2,2026-08-21
20141020,2,2026-08-21
20141021,2,2026-08-21
20141022,2,2026-08-21
20141023,2,2026-08-21
20141024,2,2026-08-21
20141025,2,2026-08-21
20141026,2,2026-08-21
20141027,2,2026-08-21
20141028,2,2026-08-21
20141029,2,2026-08-21
20141030,2,2026-08-21
20141031,2,2026-08-21
20141101,2,2026-08-21
20141102,2,2026-08-21
20141103,2,2026-08-21
20141104,2,2026-08-21
20141105,2,2026-08-21
20141106,2,2026-08-21
20141107,2,2026-08-21
20141108,2,2026-08-21
20141109,2,2026-08-21
20141110,2,2026-08-21
20141111,2,2026-08-21
20141112,2,2026-08-21
20141113,2,2026-08-21
20141114,2,2026-08-21
20141115,2,2026-08-21
20141116,2,2026-08-21
20141117,2,2026-08-21
20141118,2,2026-08-21
20141119,2,2026-08-21
20141120,2,2026-08-21
20141121,2,2026-08-21
20141122,2,2026-08-21
20141123,2,2026-08-21
20141124,2,2026-08-21
20141125,2,2026-08-21
20141126,2,2026-08-21
20141127,2,2026-08-21
20141128,2,2026-08-21
20141129,2,2026-08-21
20141130,2,2026-08-21
20141201,2,2026-08-21
20141202,2,2026-08-21
20141203,2,2026-08-21
20141204,2,2026-08-21
20141205,2,2026-08-21
20141206,2,2026-08-21
20141207,2,2026-08-21
20141208,2,2026-08-21
20141209,2,2026-08-21
20141210,2,2026-08-21
20141211,2,2026-08-21
20141212,2,2026-08-21
20141213,2,2026-08-21
20141214,2,2026-08-21
20141215,2,2026-08-21
20141216,2,2026-08-21
20141217,2,2026-08-21
20141218,2,2026-08-21
20141219,2,2026-08-21
20141220,2,2026-08-21
20141221,2,2026-08-21
20141222,2,2026-08-21
20141223,2,2026-08-21
20141224,2,2026-08-21
20141225,2,2026-08-21
20141226,2,2026-08-21
20141227,2,2026-08-21
20141228,2,2026-08-21
20141229,2,2026-08-21
20141230,2,2026-08-21
20141231,2,2026-08-21
20150101,2,2026-08-21
20150102,2,2026-08-21
20150103,2,2026-08-21
20150104,2,2026-08-21
20150105,2,2026-08-21
20150106,2,2026-08-21
20150107,2,2026-08-21
20150108,2,2026-08-21
20150109,2,2026-08-21
20150110,2,2026-08-21
20150111,2,2026-08-21
20150112,2,2026-08-21
20150113,2,2026-08-21
20150114,2,2026-08-21
20150115,2,2026-08-21
20150116,2,2026-08-21
20150117,2,2026-08-21
20150118,2,2026-08-21
20150119,2,2026-08-21
20150120,2,2026-08-21
20150121,2,2026-08-21
20150122,2,2026-08-21
20150123,2,2026-08-21
20150124,2,2026-08-21
20150125,2,2026-08-21
20150126,2,2026-08-21
20150127,2,2026-08-21
20150128,2,2026-08-21
20150129,2,2026-08-21
20150130,2,2026-08-21
20150131,2,2026-08-21
20150201,2,2026-08-21
20150202,2,2026-08-21
20150203,2,2026-08-21
20150204,2,2026-08-21
20150205,2,2026-08-21
20150206,2,2026-08-21
20150207,2,2026-08-21
20150208,2,2026-08-21
20150209,2,2026-08-21
20150210,2,2026-08-21
20150211,2,2026-08-21
20150212,2,2026-08-21
20150213,2,2026-08-21
20150214,2,2026-08-21
20150215,2,2026-08-21
20150216,2,2026-08-21
20150217,2,2026-08-21
20150218,2,2026-08-21
20150219,2,2026-08-21
20150220,2,2026-08-21
20150221,2,2026-08-21
20150222,2,2026-08-21
20150223,2,2026-08-21
20150224,2,2026-08-21
20150225,2,2026-08-21
20150226,2,2026-08-21
20150227,2,2026-08-21
20150228,2,2026-08-21
20150301,2,2026-08-21
20150302,2,2026-08-21
20150303,2,2026-08-21
20150304,2,2026-08-21
20150305,2,2026-08-21
20150306,2,2026-08-21
20150307,2,2026-08-21
20150308,2,2026-08-21
20150309,2,2026-08-21
20150310,2,2026-08-21
20150311,2,2026-08-21
20150312,1.75,2026-08-21
20150313,1.75,2026-08-21
20150314,1.75,2026-08-21
20150315,1.75,2026-08-21
20150316,1.75,2026-08-21
20150317,1.75,2026-08-21
20150318,1.75,2026-08-21
20150319,1.75,2026-08-21
20150320,1.75,2026-08-21
20150321,1.75,2026-08-21
20150322,1.75,2026-08-21
20150323,1.75,2026-08-21
20150324,1.75,2026-08-21
20150325,1.75,2026-08-21
20150326,1.75,2026-08-21
20150327,1.75,2026-08-21
20150328,1.75,2026-08-21
20150329,1.75,2026-08-21
20150330,1.75,2026-08-21
20150331,1.75,2026-08-21
20150401,1.75,2026-08-21
20150402,1.75,2026-08-21
20150403,1.75,2026-08-21
20150404,1.75,2026-08-21
20150405,1.75,2026-08-21
20150406,1.75,2026-08-21
20150407,1.75,2026-08-21
20150408,1.75,2026-08-21
20150409,1.75,2026-08-21
20150410,1.75,2026-08-21
20150411,1.75,2026-08-21
20150412,1.75,2026-08-21
20150413,1.75,2026-08-21
20150414,1.75,2026-08-21
20150415,1.75,2026-08-21
20150416,1.75,2026-08-21
20150417,1.75,2026-08-21
20150418,1.75,2026-08-21
20150419,1.75,2026-08-21
20150420,1.75,2026-08-21
20150421,1.75,2026-08-21
20150422,1.75,2026-08-21
20150423,1.75,2026-08-21
20150424,1.75,2026-08-21
20150425,1.75,2026-08-21
20150426,1.75,2026-08-21
20150427,1.75,2026-08-21
20150428,1.75,2026-08-21
20150429,1.75,2026-08-21
20150430,1.75,2026-08-21
20150501,1.75,2026-08-21
20150502,1.75,2026-08-21
20150503,1.75,2026-08-21
20150504,1.75,2026-08-21
20150505,1.75,2026-08-21
20150506,1.75,2026-08-21
20150507,1.75,2026-08-21
20150508,1.75,2026-08-21
20150509,1.75,2026-08-21
20150510,1.75,2026-08-21
20150511,1.75,2026-08-21
20150512,1.75,2026-08-21
20150513,1.75,2026-08-21
20150514,1.75,2026-08-21
20150515,1.75,2026-08-21
20150516,1.75,2026-08-21
20150517,1.75,2026-08-21
20150518,1.75,2026-08-21
20150519,1.75,2026-08-21
20150520,1.75,2026-08-21
20150521,1.75,2026-08-21
20150522,1.75,2026-08-21
20150523,1.75,2026-08-21
20150524,1.75,2026-08-21
20150525,1.75,2026-08-21
20150526,1.75,2026-08-21
20150527,1.75,2026-08-21
20150528,1.75,2026-08-21
20150529,1.75,2026-08-21
20150530,1.75,2026-08-21
20150531,1.75,2026-08-21
20150601,1.75,2026-08-21
20150602,1.75,2026-08-21
20150603,1.75,2026-08-21
20150604,1.75,2026-08-21
20150605,1.75,2026-08-21
20150606,1.75,2026-08-21
20150607,1.75,2026-08-21
20150608,1.75,2026-08-21
20150609,1.75,2026-08-21
20150610,1.75,2026-08-21
20150611,1.5,2026-08-21
20150612,1.5,2026-08-21
20150613,1.5,2026-08-21
20150614,1.5,2026-08-21
20150615,1.5,2026-08-21
20150616,1.5,2026-08-21
20150617,1.5,2026-08-21
20150618,1.5,2026-08-21
20150619,1.5,2026-08-21
20150620,1.5,2026-08-21
20150621,1.5,2026-08-21
20150622,1.5,2026-08-21
20150623,1.5,2026-08-21
20150624,1.5,2026-08-21
20150625,1.5,2026-08-21
20150626,1.5,2026-08-21
20150627,1.5,2026-08-21
20150628,1.5,2026-08-21
20150629,1.5,2026-08-21
20150630,1.5,2026-08-21
20150701,1.5,2026-08-21
20150702,1.5,2026-08-21
20150703,1.5,2026-08-21
20150704,1.5,2026-08-21
20150705,1.5,2026-08-21
20150706,1.5,2026-08-21
20150707,1.5,2026-08-21
20150708,1.5,2026-08-21
20150709,1.5,2026-08-21
20150710,1.5,2026-08-21
20150711,1.5,2026-08-21
20150712,1.5,2026-08-21
20150713,1.5,2026-08-21
20150714,1.5,2026-08-21
20150715,1.5,2026-08-21
20150716,1.5,2026-08-21
20150717,1.5,2026-08-21
20150718,1.5,2026-08-21
20150719,1.5,2026-08-21
20150720,1.5,2026-08-21
20150721,1.5,2026-08-21
20150722,1.5,2026-08-21
20150723,1.5,2026-08-21
20150724,1.5,2026-08-21
20150725,1.5,2026-08-21
20150726,1.5,2026-08-21
20150727,1.5,2026-08-21
20150728,1.5,2026-08-21
20150729,1.5,2026-08-21
20150730,1.5,2026-08-21
20150731,1.5,2026-08-21
20150801,1.5,2026-08-21
20150802,1.5,2026-08-21
20150803,1.5,2026-08-21
20150804,1.5,2026-08-21
20150805,1.5,2026-08-21
20150806,1.5,2026-08-21
20150807,1.5,2026-08-21
20150808,1.5,2026-08-21
20150809,1.5,2026-08-21
20150810,1.5,2026-08-21
20150811,1.5,2026-08-21
20150812,1.5,2026-08-21
20150813,1.5,2026-08-21
20150814,1.5,2026-08-21
20150815,1.5,2026-08-21
20150816,1.5,2026-08-21
20150817,1.5,2026-08-21
20150818,1.5,2026-08-21
20150819,1.5,2026-08-21
20150820,1.5,2026-08-21
20150821,1.5,2026-08-21
20150822,1.5,2026-08-21
20150823,1.5,2026-08-21
20150824,1.5,2026-08-21
20150825,1.5,2026-08-21
20150826,1.5,2026-08-21
20150827,1.5,2026-08-21
20150828,1.5,2026-08-21
20150829,1.5,2026-08-21
20150830,1.5,2026-08-21
20150831,1.5,2026-08-21
20150901,1.5,2026-08-21
20150902,1.5,2026-08-21
20150903,1.5,2026-08-21
20150904,1.5,2026-08-21
20150905,1.5,2026-08-21
20150906,1.5,2026-08-21
20150907,1.5,2026-08-21
20150908,1.5,2026-08-21
20150909,1.5,2026-08-21
20150910,1.5,2026-08-21
20150911,1.5,2026-08-21
20150912,1.5,2026-08-21
20150913,1.5,2026-08-21
20150914,1.5,2026-08-21
20150915,1.5,2026-08-21
20150916,1.5,2026-08-21
20150917,1.5,2026-08-21
20150918,1.5,2026-08-21
20150919,1.5,2026-08-21
20150920,1.5,2026-08-21
20150921,1.5,2026-08-21
20150922,1.5,2026-08-21
20150923,1.5,2026-08-21
20150924,1.5,2026-08-21
20150925,1.5,2026-08-21
20150926,1.5,2026-08-21
20150927,1.5,2026-08-21
20150928,1.5,2026-08-21
20150929,1.5,2026-08-21
20150930,1.5,2026-08-21
20151001,1.5,2026-08-21
20151002,1.5,2026-08-21
20151003,1.5,2026-08-21
20151004,1.5,2026-08-21
20151005,1.5,2026-08-21
20151006,1.5,2026-08-21
20151007,1.5,2026-08-21
20151008,1.5,2026-08-21
20151009,1.5,2026-08-21
20151010,1.5,2026-08-21
20151011,1.5,2026-08-21
20151012,1.5,2026-08-21
20151013,1.5,2026-08-21
20151014,1.5,2026-08-21
20151015,1.5,2026-08-21
20151016,1.5,2026-08-21
20151017,1.5,2026-08-21
20151018,1.5,2026-08-21
20151019,1.5,2026-08-21
20151020,1.5,2026-08-21
20151021,1.5,2026-08-21
20151022,1.5,2026-08-21
20151023,1.5,2026-08-21
20151024,1.5,2026-08-21
20151025,1.5,2026-08-21
20151026,1.5,2026-08-21
20151027,1.5,2026-08-21
20151028,1.5,2026-08-21
20151029,1.5,2026-08-21
20151030,1.5,2026-08-21
20151101,1.5,2026-08-21
20151102,1.5,2026-08-21
20151103,1.5,2026-08-21
20151104,1.5,2026-08-21
20151105,1.5,2026-08-21
20151106,1.5,2026-08-21
20151107,1.5,2026-08-21
20151108,1.5,2026-08-21
20151109,1.5,2026-08-21
20151110,1.5,2026-08-21
20151111,1.5,2026-08-21
20151112,1.5,2026-08-21
20151113,1.5,2026-08-21
20151114,1.5,2026-08-21
20151115,1.5,2026-08-21
20151116,1.5,2026-08-21
20151117,1.5,2026-08-21
20151118,1.5,2026-08-21
20151119,1.5,2026-08-21
20151120,1.5,2026-08-21
20151121,1.5,2026-08-21
20151122,1.5,2026-08-21
20151123,1.5,2026-08-21
20151124,1.5,2026-08-21
20151125,1.5,2026-08-21
20151126,1.5,2026-08-21
20151127,1.5,2026-08-21
20151128,1.5,2026-08-21
20151129,1.5,2026-08-21
20151130,1.5,2026-08-21
20151201,1.5,2026-08-21
20151202,1.5,2026-08-21
20151203,1.5,2026-08-21
20151204,1.5,2026-08-21
20151205,1.5,2026-08-21
20151206,1.5,2026-08-21
20151207,1.5,2026-08-21
20151208,1.5,2026-08-21
20151209,1.5,2026-08-21
20151210,1.5,2026-08-21
20151211,1.5,2026-08-21
20151212,1.5,2026-08-21
20151213,1.5,2026-08-21
20151214,1.5,2026-08-21
20151215,1.5,2026-08-21
20151216,1.5,2026-08-21
20151217,1.5,2026-08-21
20151218,1.5,2026-08-21
20151219,1.5,2026-08-21
20151220,1.5,2026-08-21
20151221,1.5,2026-08-21
20151222,1.5,2026-08-21
20151223,1.5,2026-08-21
20151224,1.5,2026-08-21
20151225,1.5,2026-08-21
20151226,1.5,2026-08-21
20151227,1.5,2026-08-21
20151228,1.5,2026-08-21
20151229,1.5,2026-08-21
20151230,1.5,2026-08-21
20151231,1.5,2026-08-21
20160101,1.5,2026-08-21
20160102,1.5,2026-08-21
20160103,1.5,2026-08-21
20160104,1.5,2026-08-21
20160105,1.5,2026-08-21
20160106,1.5,2026-08-21
20160107,1.5,2026-08-21
20160108,1.5,2026-08-21
20160109,1.5,2026-08-21
20160110,1.5,2026-08-21
20160111,1.5,2026-08-21
20160112,1.5,2026-08-21
20160113,1.5,2026-08-21
20160114,1.5,2026-08-21
20160115,1.5,2026-08-21
20160116,1.5,2026-08-21
20160117,1.5,2026-08-21
20160118,1.5,2026-08-21
20160119,1.5,2026-08-21
20160120,1.5,2026-08-21
20160121,1.5,2026-08-21
20160122,1.5,2026-08-21
20160123,1.5,2026-08-21
20160124,1.5,2026-08-21
20160125,1.5,2026-08-21
20160126,1.5,2026-08-21
20160127,1.5,2026-08-21
20160128,1.5,2026-08-21
20160129,1.5,2026-08-21
20160130,1.5,2026-08-21
20160131,1.5,2026-08-21
20160201,1.5,2026-08-21
20160202,1.5,2026-08-21
20160203,1.5,2026-08-21
20160204,1.5,2026-08-21
20160205,1.5,2026-08-21
20160206,1.5,2026-08-21
20160207,1.5,2026-08-21
20160208,1.5,2026-08-21
20160209,1.5,2026-08-21
20160210,1.5,2026-08-21
20160211,1.5,2026-08-21
20160212,1.5,2026-08-21
20160213,1.5,2026-08-21
20160214,1.5,2026-08-21
20160215,1.5,2026-08-21
20160216,1.5,2026-08-21
20160217,1.5,2026-08-21
20160218,1.5,2026-08-21
20160219,1.5,2026-08-21
20160220,1.5,2026-08-21
20160221,1.5,2026-08-21
20160222,1.5,2026-08-21
20160223,1.5,2026-08-21
20160224,1.5,2026-08-21
20160225,1.5,2026-08-21
20160226,1.5,2026-08-21
20160227,1.5,2026-08-21
20160228,1.5,2026-08-21
20160229,1.5,2026-08-21
20160301,1.5,2026-08-21
20160302,1.5,2026-08-21
20160303,1.5,2026-08-21
20160304,1.5,2026-08-21
20160305,1.5,2026-08-21
20160306,1.5,2026-08-21
20160307,1.5,2026-08-21
20160308,1.5,2026-08-21
20160309,1.5,2026-08-21
20160310,1.5,2026-08-21
20160311,1.5,2026-08-21
20160312,1.5,2026-08-21
20160313,1.5,2026-08-21
20160314,1.5,2026-08-21
20160315,1.5,2026-08-21
20160316,1.5,2026-08-21
20160317,1.5,2026-08-21
20160318,1.5,2026-08-21
20160319,1.5,2026-08-21
20160320,1.5,2026-08-21
20160321,1.5,2026-08-21
20160322,1.5,2026-08-21
20160323,1.5,2026-08-21
20160324,1.5,2026-08-21
20160325,1.5,2026-08-21
20160326,1.5,2026-08-21
20160327,1.5,2026-08-21
20160328,1.5,2026-08-21
20160329,1.5,2026-08-21
20160330,1.5,2026-08-21
20160331,1.5,2026-08-21
20160401,1.5,2026-08-21
20160402,1.5,2026-08-21
20160403,1.5,2026-08-21
20160404,1.5,2026-08-21
20160405,1.5,2026-08-21
20160406,1.5,2026-08-21
20160407,1.5,2026-08-21
20160408,1.5,2026-08-21
20160409,1.5,2026-08-21
20160410,1.5,2026-08-21
20160411,1.5,2026-08-21
20160412,1.5,2026-08-21
20160413,1.5,2026-08-21
20160414,1.5,2026-08-21
20160415,1.5,2026-08-21
20160416,1.5,2026-08-21
20160417,1.5,2026-08-21
20160418,1.5,2026-08-21
20160419,1.5,2026-08-21
20160420,1.5,2026-08-21
20160421,1.5,2026-08-21
20160422,1.5,2026-08-21
20160423,1.5,2026-08-21
20160424,1.5,2026-08-21
20160425,1.5,2026-08-21
20160426,1.5,2026-08-21
20160427,1.5,2026-08-21
20160428,1.5,2026-08-21
20160429,1.5,2026-08-21
20160430,1.5,2026-08-21
20160501,1.5,2026-08-21
20160502,1.5,2026-08-21
20160503,1.5,2026-08-21
20160504,1.5,2026-08-21
20160505,1.5,2026-08-21
20160506,1.5,2026-08-21
20160507,1.5,2026-08-21
20160508,1.5,2026-08-21
20160509,1.5,2026-08-21
20160510,1.5,2026-08-21
20160511,1.5,2026-08-21
20160512,1.5,2026-08-21
20160513,1.5,2026-08-21
20160514,1.5,2026-08-21
20160515,1.5,2026-08-21
20160516,1.5,2026-08-21
20160517,1.5,2026-08-21
20160518,1.5,2026-08-21
20160519,1.5,2026-08-21
20160520,1.5,2026-08-21
20160521,1.5,2026-08-21
20160522,1.5,2026-08-21
20160523,1.5,2026-08-21
20160524,1.5,2026-08-21
20160525,1.5,2026-08-21
20160526,1.5,2026-08-21
20160527,1.5,2026-08-21
20160528,1.5,2026-08-21
20160529,1.5,2026-08-21
20160530,1.5,2026-08-21
20160531,1.5,2026-08-21
20160601,1.5,2026-08-21
20160602,1.5,2026-08-21
20160603,1.5,2026-08-21
20160604,1.5,2026-08-21
20160605,1.5,2026-08-21
20160606,1.5,2026-08-21
20160607,1.5,2026-08-21
20160608,1.5,2026-08-21
20160609,1.25,2026-08-21
20160610,1.25,2026-08-21
20160611,1.25,2026-08-21
20160612,1.25,2026-08-21
20160613,1.25,2026-08-21
20160614,1.25,2026-08-21
20160615,1.25,2026-08-21
20160616,1.25,2026-08-21
20160617,1.25,2026-08-21
20160618,1.25,2026-08-21
20160619,1.25,2026-08-21
20160620,1.25,2026-08-21
20160621,1.25,2026-08-21
20160622,1.25,2026-08-21
20160623,1.25,2026-08-21
20160624,1.25,2026-08-21
20160625,1.25,2026-08-21
20160626,1.25,2026-08-21
20160627,1.25,2026-08-21
20160628,1.25,2026-08-21
20160629,1.25,2026-08-21
20160630,1.25,2026-08-21
20160701,1.25,2026-08-21
20160702,1.25,2026-08-21
20160703,1.25,2026-08-21
20160704,1.25,2026-08-21
20160705,1.25,2026-08-21
20160706,1.25,2026-08-21
20160707,1.25,2026-08-21
20160708,1.25,2026-08-21
20160709,1.25,2026-08-21
20160710,1.25,2026-08-21
20160711,1.25,2026-08-21
20160712,1.25,2026-08-21
20160713,1.25,2026-08-21
20160714,1.25,2026-08-21
20160715,1.25,2026-08-21
20160716,1.25,2026-08-21
20160717,1.25,2026-08-21
20160718,1.25,2026-08-21
20160719,1.25,2026-08-21
20160720,1.25,2026-08-21
20160721,1.25,2026-08-21
20160722,1.25,2026-08-21
20160723,1.25,2026-08-21
20160724,1.25,2026-08-21
20160725,1.25,2026-08-21
20160726,1.25,2026-08-21
20160727,1.25,2026-08-21
20160728,1.25,2026-08-21
20160729,1.25,2026-08-21
20160730,1.25,2026-08-21
20160731,1.25,2026-08-21
20160801,1.25,2026-08-21
20160802,1.25,2026-08-21
20160803,1.25,2026-08-21
20160804,1.25,2026-08-21
20160805,1.25,2026-08-21
20160806,1.25,2026-08-21
20160807,1.25,2026-08-21
20160808,1.25,2026-08-21
20160809,1.25,2026-08-21
20160810,1.25,2026-08-21
20160811,1.25,2026-08-21
20160812,1.25,2026-08-21
20160813,1.25,2026-08-21
20160814,1.25,2026-08-21
20160815,1.25,2026-08-21
20160816,1.25,2026-08-21
20160817,1.25,2026-08-21
20160818,1.25,2026-08-21
20160819,1.25,2026-08-21
20160820,1.25,2026-08-21
20160821,1.25,2026-08-21
20160822,1.25,2026-08-21
20160823,1.25,2026-08-21
20160824,1.25,2026-08-21
20160825,1.25,2026-08-21
20160826,1.25,2026-08-21
20160827,1.25,2026-08-21
20160828,1.25,2026-08-21
20160829,1.25,2026-08-21
20160830,1.25,2026-08-21
20160831,1.25,2026-08-21
20160901,1.25,2026-08-21
20160902,1.25,2026-08-21
20160903,1.25,2026-08-21
20160904,1.25,2026-08-21
20160905,1.25,2026-08-21
20160906,1.25,2026-08-21
20160907,1.25,2026-08-21
20160908,1.25,2026-08-21
20160909,1.25,2026-08-21
20160910,1.25,2026-08-21
20160911,1.25,2026-08-21
20160912,1.25,2026-08-21
20160913,1.25,2026-08-21
20160914,1.25,2026-08-21
20160915,1.25,2026-08-21
20160916,1.25,2026-08-21
20160917,1.25,2026-08-21
20160918,1.25,2026-08-21
20160919,1.25,2026-08-21
20160920,1.25,2026-08-21
20160921,1.25,2026-08-21
20160922,1.25,2026-08-21
20160923,1.25,2026-08-21
20160924,1.25,2026-08-21
20160925,1.25,2026-08-21
20160926,1.25,2026-08-21
20160927,1.25,2026-08-21
20160928,1.25,2026-08-21
20160929,1.25,2026-08-21
20160930,1.25,2026-08-21
20161001,1.25,2026-08-21
20161002,1.25,2026-08-21
20161003,1.25,2026-08-21
20161004,1.25,2026-08-21
20161005,1.25,2026-08-21
20161006,1.25,2026-08-21
20161007,1.25,2026-08-21
20161008,1.25,2026-08-21
20161009,1.25,2026-08-21
20161010,1.25,2026-08-21
20161011,1.25,2026-08-21
20161012,1.25,2026-08-21
20161013,1.25,2026-08-21
20161014,1.25,2026-08-21
20161015,1.25,2026-08-21
20161016,1.25,2026-08-21
20161017,1.25,2026-08-21
20161018,1.25,2026-08-21
20161019,1.25,2026-08-21
20161020,1.25,2026-08-21
20161021,1.25,2026-08-21
20161022,1.25,2026-08-21
20161023,1.25,2026-08-21
20161024,1.25,2026-08-21
20161025,1.25,2026-08-21
20161026,1.25,2026-08-21
20161027,1.25,2026-08-21
20161028,1.25,2026-08-21
20161029,1.25,2026-08-21
20161030,1.25,2026-08-21
20161031,1.25,2026-08-21
20161101,1.25,2026-08-21
20161102,1.25,2026-08-21
20161103,1.25,2026-08-21
20161104,1.25,2026-08-21
20161105,1.25,2026-08-21
20161106,1.25,2026-08-21
20161107,1.25,2026-08-21
20161108,1.25,2026-08-21
20161109,1.25,2026-08-21
20161110,1.25,2026-08-21
20161111,1.25,2026-08-21
20161112,1.25,2026-08-21
20161113,1.25,2026-08-21
20161114,1.25,2026-08-21
20161115,1.25,2026-08-21
20161116,1.25,2026-08-21
20161117,1.25,2026-08-21
20161118,1.25,2026-08-21
20161119,1.25,2026-08-21
20161120,1.25,2026-08-21
20161121,1.25,2026-08-21
20161122,1.25,2026-08-21
20161123,1.25,2026-08-21
20161124,1.25,2026-08-21
20161125,1.25,2026-08-21
20161126,1.25,2026-08-21
20161127,1.25,2026-08-21
20161128,1.25,2026-08-21
20161129,1.25,2026-08-21
20161130,1.25,2026-08-21
20161201,1.25,2026-08-21
20161202,1.25,2026-08-21
20161203,1.25,2026-08-21
20161204,1.25,2026-08-21
20161205,1.25,2026-08-21
20161206,1.25,2026-08-21
20161207,1.25,2026-08-21
20161208,1.25,2026-08-21
20161209,1.25,2026-08-21
20161210,1.25,2026-08-21
20161211,1.25,2026-08-21
20161212,1.25,2026-08-21
20161213,1.25,2026-08-21
20161214,1.25,2026-08-21
20161215,1.25,2026-08-21
20161216,1.25,2026-08-21
20161217,1.25,2026-08-21
20161218,1.25,2026-08-21
20161219,1.25,2026-08-21
20161220,1.25,2026-08-21
20161221,1.25,2026-08-21
20161222,1.25,2026-08-21
20161223,1.25,2026-08-21
20161224,1.25,2026-08-21
20161225,1.25,2026-08-21
20161226,1.25,2026-08-21
20161227,1.25,2026-08-21
20161228,1.25,2026-08-21
20161229,1.25,2026-08-21
20161230,1.25,2026-08-21
20161231,1.25,2026-08-21
20170101,1.25,2026-08-21
20170102,1.25,2026-08-21
20170103,1.25,2026-08-21
20170104,1.25,2026-08-21
20170105,1.25,2026-08-21
20170106,1.25,2026-08-21
20170107,1.25,2026-08-21
20170108,1.25,2026-08-21
20170109,1.25,2026-08-21
20170110,1.25,2026-08-21
20170111,1.25,2026-08-21
20170112,1.25,2026-08-21
20170113,1.25,2026-08-21
20170114,1.25,2026-08-21
20170115,1.25,2026-08-21
20170116,1.25,2026-08-21
20170117,1.25,2026-08-21
20170118,1.25,2026-08-21
20170119,1.25,2026-08-21
20170120,1.25,2026-08-21
20170121,1.25,2026-08-21
20170122,1.25,2026-08-21
20170123,1.25,2026-08-21
20170124,1.25,2026-08-21
20170125,1.25,2026-08-21
20170126,1.25,2026-08-21
20170127,1.25,2026-08-21
20170128,1.25,2026-08-21
20170129,1.25,2026-08-21
20170130,1.25,2026-08-21
20170131,1.25,2026-08-21
20170201,1.25,2026-08-21
20170202,1.25,2026-08-21
20170203,1.25,2026-08-21
20170204,1.25,2026-08-21
20170205,1.25,2026-08-21
20170206,1.25,2026-08-21
20170207,1.25,2026-08-21
20170208,1.25,2026-08-21
20170209,1.25,2026-08-21
20170210,1.25,2026-08-21
20170211,1.25,2026-08-21
20170212,1.25,2026-08-21
20170213,1.25,2026-08-21
20170214,1.25,2026-08-21
20170215,1.25,2026-08-21
20170216,1.25,2026-08-21
20170217,1.25,2026-08-21
20170218,1.25,2026-08-21
20170219,1.25,2026-08-21
20170220,1.25,2026-08-21
20170221,1.25,2026-08-21
20170222,1.25,2026-08-21
20170223,1.25,2026-08-21
20170224,1.25,2026-08-21
20170225,1.25,2026-08-21
20170226,1.25,2026-08-21
20170227,1.25,2026-08-21
20170228,1.25,2026-08-21
20170301,1.25,2026-08-21
20170302,1.25,2026-08-21
20170303,1.25,2026-08-21
20170304,1.25,2026-08-21
20170305,1.25,2026-08-21
20170306,1.25,2026-08-21
20170307,1.25,2026-08-21
20170308,1.25,2026-08-21
20170309,1.25,2026-08-21
20170310,1.25,2026-08-21
20170311,1.25,2026-08-21
20170312,1.25,2026-08-21
20170313,1.25,2026-08-21
20170314,1.25,2026-08-21
20170315,1.25,2026-08-21
20170316,1.25,2026-08-21
20170317,1.25,2026-08-21
20170318,1.25,2026-08-21
20170319,1.25,2026-08-21
20170320,1.25,2026-08-21
20170321,1.25,2026-08-21
20170322,1.25,2026-08-21
20170323,1.25,2026-08-21
20170324,1.25,2026-08-21
20170325,1.25,2026-08-21
20170326,1.25,2026-08-21
20170327,1.25,2026-08-21
20170328,1.25,2026-08-21
20170329,1.25,2026-08-21
20170330,1.25,2026-08-21
20170331,1.25,2026-08-21
20170401,1.25,2026-08-21
20170402,1.25,2026-08-21
20170403,1.25,2026-08-21
20170404,1.25,2026-08-21
20170405,1.25,2026-08-21
20170406,1.25,2026-08-21
20170407,1.25,2026-08-21
20170408,1.25,2026-08-21
20170409,1.25,2026-08-21
20170410,1.25,2026-08-21
20170411,1.25,2026-08-21
20170412,1.25,2026-08-21
20170413,1.25,2026-08-21
20170414,1.25,2026-08-21
20170415,1.25,2026-08-21
20170416,1.25,2026-08-21
20170417,1.25,2026-08-21
20170418,1.25,2026-08-21
20170419,1.25,2026-08-21
20170420,1.25,2026-08-21
20170421,1.25,2026-08-21
20170422,1.25,2026-08-21
20170423,1.25,2026-08-21
20170424,1.25,2026-08-21
20170425,1.25,2026-08-21
20170426,1.25,2026-08-21
20170427,1.25,2026-08-21
20170428,1.25,2026-08-21
20170429,1.25,2026-08-21
20170430,1.25,2026-08-21
20170501,1.25,2026-08-21
20170502,1.25,2026-08-21
20170503,1.25,2026-08-21
20170504,1.25,2026-08-21
20170505,1.25,2026-08-21
20170506,1.25,2026-08-21
20170507,1.25,2026-08-21
20170508,1.25,2026-08-21
20170509,1.25,2026-08-21
20170510,1.25,2026-08-21
20170511,1.25,2026-08-21
20170512,1.25,2026-08-21
20170513,1.25,2026-08-21
20170514,1.25,2026-08-21
20170515,1.25,2026-08-21
20170516,1.25,2026-08-21
20170517,1.25,2026-08-21
20170518,1.25,2026-08-21
20170519,1.25,2026-08-21
20170520,1.25,2026-08-21
20170521,1.25,2026-08-21
20170522,1.25,2026-08-21
20170523,1.25,2026-08-21
20170524,1.25,2026-08-21
20170525,1.25,2026-08-21
20170526,1.25,2026-08-21
20170527,1.25,2026-08-21
20170528,1.25,2026-08-21
20170529,1.25,2026-08-21
20170530,1.25,2026-08-21
20170531,1.25,2026-08-21
20170601,1.25,2026-08-21
20170602,1.25,2026-08-21
20170603,1.25,2026-08-21
20170604,1.25,2026-08-21
20170605,1.25,2026-08-21
20170606,1.25,2026-08-21
20170607,1.25,2026-08-21
20170608,1.25,2026-08-21
20170609,1.25,2026-08-21
20170610,1.25,2026-08-21
20170611,1.25,2026-08-21
20170612,1.25,2026-08-21
20170613,1.25,2026-08-21
20170614,1.25,2026-08-21
20170615,1.25,2026-08-21
20170616,1.25,2026-08-21
20170617,1.25,2026-08-21
20170618,1.25,2026-08-21
20170619,1.25,2026-08-21
20170620,1.25,2026-08-21
20170621,1.25,2026-08-21
20170622,1.25,2026-08-21
20170623,1.25,2026-08-21
20170624,1.25,2026-08-21
20170625,1.25,2026-08-21
20170626,1.25,2026-08-21
20170627,1.25,2026-08-21
20170628,1.25,2026-08-21
20170629,1.25,2026-08-21
20170630,1.25,2026-08-21
20170701,1.25,2026-08-21
20170702,1.25,2026-08-21
20170703,1.25,2026-08-21
20170704,1.25,2026-08-21
20170705,1.25,2026-08-21
20170706,1.25,2026-08-21
20170707,1.25,2026-08-21
20170708,1.25,2026-08-21
20170709,1.25,2026-08-21
20170710,1.25,2026-08-21
20170711,1.25,2026-08-21
20170712,1.25,2026-08-21
20170713,1.25,2026-08-21
20170714,1.25,2026-08-21
20170715,1.25,2026-08-21
20170716,1.25,2026-08-21
20170717,1.25,2026-08-21
20170718,1.25,2026-08-21
20170719,1.25,2026-08-21
20170720,1.25,2026-08-21
20170721,1.25,2026-08-21
20170722,1.25,2026-08-21
20170723,1.25,2026-08-21
20170724,1.25,2026-08-21
20170725,1.25,2026-08-21
20170726,1.25,2026-08-21
20170727,1.25,2026-08-21
20170728,1.25,2026-08-21
20170729,1.25,2026-08-21
20170730,1.25,2026-08-21
20170731,1.25,2026-08-21
20170801,1.25,2026-08-21
20170802,1.25,2026-08-21
20170803,1.25,2026-08-21
20170804,1.25,2026-08-21
20170805,1.25,2026-08-21
20170806,1.25,2026-08-21
20170807,1.25,2026-08-21
20170808,1.25,2026-08-21
20170809,1.25,2026-08-21
20170810,1.25,2026-08-21
20170811,1.25,2026-08-21
20170812,1.25,2026-08-21
20170813,1.25,2026-08-21
20170814,1.25,2026-08-21
20170815,1.25,2026-08-21
20170816,1.25,2026-08-21
20170817,1.25,2026-08-21
20170818,1.25,2026-08-21
20170819,1.25,2026-08-21
20170820,1.25,2026-08-21
20170821,1.25,2026-08-21
20170822,1.25,2026-08-21
20170823,1.25,2026-08-21
20170824,1.25,2026-08-21
20170825,1.25,2026-08-21
20170826,1.25,2026-08-21
20170827,1.25,2026-08-21
20170828,1.25,2026-08-21
20170829,1.25,2026-08-21
20170830,1.25,2026-08-21
20170831,1.25,2026-08-21
20170901,1.25,2026-08-21
20170902,1.25,2026-08-21
20170903,1.25,2026-08-21
20170904,1.25,2026-08-21
20170905,1.25,2026-08-21
20170906,1.25,2026-08-21
20170907,1.25,2026-08-21
20170908,1.25,2026-08-21
20170909,1.25,2026-08-21
20170910,1.25,2026-08-21
20170911,1.25,2026-08-21
20170912,1.25,2026-08-21
20170913,1.25,2026-08-21
20170914,1.25,2026-08-21
20170915,1.25,2026-08-21
20170916,1.25,2026-08-21
20170917,1.25,2026-08-21
20170918,1.25,2026-08-21
20170919,1.25,2026-08-21
20170920,1.25,2026-08-21
20170921,1.25,2026-08-21
20170922,1.25,2026-08-21
20170923,1.25,2026-08-21
20170924,1.25,2026-08-21
20170925,1.25,2026-08-21
20170926,1.25,2026-08-21
20170927,1.25,2026-08-21
20170928,1.25,2026-08-21
20170929,1.25,2026-08-21
20170930,1.25,2026-08-21
20171001,1.25,2026-08-21
20171002,1.25,2026-08-21
20171003,1.25,2026-08-21
20171004,1.25,2026-08-21
20171005,1.25,2026-08-21
20171006,1.25,2026-08-21
20171007,1.25,2026-08-21
20171008,1.25,2026-08-21
20171009,1.25,2026-08-21
20171010,1.25,2026-08-21
20171011,1.25,2026-08-21
20171012,1.25,2026-08-21
20171013,1.25,2026-08-21
20171014,1.25,2026-08-21
20171015,1.25,2026-08-21
20171016,1.25,2026-08-21
20171017,1.25,2026-08-21
20171018,1.25,2026-08-21
20171019,1.25,2026-08-21
20171020,1.25,2026-08-21
20171021,1.25,2026-08-21
20171022,1.25,2026-08-21
20171023,1.25,2026-08-21
20171024,1.25,2026-08-21
20171025,1.25,2026-08-21
20171026,1.25,2026-08-21
20171027,1.25,2026-08-21
20171028,1.25,2026-08-21
20171029,1.25,2026-08-21
20171030,1.25,2026-08-21
20171031,1.25,2026-08-21
20171101,1.25,2026-08-21
20171102,1.25,2026-08-21
20171103,1.25,2026-08-21
20171104,1.25,2026-08-21
20171105,1.25,2026-08-21
20171106,1.25,2026-08-21
20171107,1.25,2026-08-21
20171108,1.25,2026-08-21
20171109,1.25,2026-08-21
20171110,1.25,2026-08-21
20171111,1.25,2026-08-21
20171112,1.25,2026-08-21
20171113,1.25,2026-08-21
20171114,1.25,2026-08-21
20171115,1.25,2026-08-21
20171116,1.25,2026-08-21
20171117,1.25,2026-08-21
20171118,1.25,2026-08-21
20171119,1.25,2026-08-21
20171120,1.25,2026-08-21
20171121,1.25,2026-08-21
20171122,1.25,2026-08-21
20171123,1.25,2026-08-21
20171124,1.25,2026-08-21
20171125,1.25,2026-08-21
20171126,1.25,2026-08-21
20171127,1.25,2026-08-21
20171128,1.25,2026-08-21
20171129,1.25,2026-08-21
20171130,1.5,2026-08-21
20171201,1.5,2026-08-21
20171202,1.5,2026-08-21
20171203,1.5,2026-08-21
20171204,1.5,2026-08-21
20171205,1.5,2026-08-21
20171206,1.5,2026-08-21
20171207,1.5,2026-08-21
20171208,1.5,2026-08-21
20171209,1.5,2026-08-21
20171210,1.5,2026-08-21
20171211,1.5,2026-08-21
20171212,1.5,2026-08-21
20171213,1.5,2026-08-21
20171214,1.5,2026-08-21
20171215,1.5,2026-08-21
20171216,1.5,2026-08-21
20171217,1.5,2026-08-21
20171218,1.5,2026-08-21
20171219,1.5,2026-08-21
20171220,1.5,2026-08-21
20171221,1.5,2026-08-21
20171222,1.5,2026-08-21
20171223,1.5,2026-08-21
20171224,1.5,2026-08-21
20171225,1.5,2026-08-21
20171226,1.5,2026-08-21
20171227,1.5,2026-08-21
20171228,1.5,2026-08-21
20171229,1.5,2026-08-21
20171230,1.5,2026-08-21
20171231,1.5,2026-08-21
20180101,1.5,2026-08-21
20180102,1.5,2026-08-21
20180103,1.5,2026-08-21
20180104,1.5,2026-08-21
20180105,1.5,2026-08-21
20180106,1.5,2026-08-21
20180107,1.5,2026-08-21
20180108,1.5,2026-08-21
20180109,1.5,2026-08-21
20180110,1.5,2026-08-21
20180111,1.5,2026-08-21
20180112,1.5,2026-08-21
20180113,1.5,2026-08-21
20180114,1.5,2026-08-21
20180115,1.5,2026-08-21
20180116,1.5,2026-08-21
20180117,1.5,2026-08-21
20180118,1.5,2026-08-21
20180119,1.5,2026-08-21
20180120,1.5,2026-08-21
20180121,1.5,2026-08-21
20180122,1.5,2026-08-21
20180123,1.5,2026-08-21
20180124,1.5,2026-08-21
20180125,1.5,2026-08-21
20180126,1.5,2026-08-21
20180127,1.5,2026-08-21
20180128,1.5,2026-08-21
20180129,1.5,2026-08-21
20180130,1.5,2026-08-21
20180131,1.5,2026-08-21
20180201,1.5,2026-08-21
20180202,1.5,2026-08-21
20180203,1.5,2026-08-21
20180204,1.5,2026-08-21
20180205,1.5,2026-08-21
20180206,1.5,2026-08-21
20180207,1.5,2026-08-21
20180208,1.5,2026-08-21
20180209,1.5,2026-08-21
20180210,1.5,2026-08-21
20180211,1.5,2026-08-21
20180212,1.5,2026-08-21
20180213,1.5,2026-08-21
20180214,1.5,2026-08-21
20180215,1.5,2026-08-21
20180216,1.5,2026-08-21
20180217,1.5,2026-08-21
20180218,1.5,2026-08-21
20180219,1.5,2026-08-21
20180220,1.5,2026-08-21
20180221,1.5,2026-08-21
20180222,1.5,2026-08-21
20180223,1.5,2026-08-21
20180224,1.5,2026-08-21
20180225,1.5,2026-08-21
20180226,1.5,2026-08-21
20180227,1.5,2026-08-21
20180228,1.5,2026-08-21
20180301,1.5,2026-08-21
20180302,1.5,2026-08-21
20180303,1.5,2026-08-21
20180304,1.5,2026-08-21
20180305,1.5,2026-08-21
20180306,1.5,2026-08-21
20180307,1.5,2026-08-21
20180308,1.5,2026-08-21
20180309,1.5,2026-08-21
20180310,1.5,2026-08-21
20180311,1.5,2026-08-21
20180312,1.5,2026-08-21
20180313,1.5,2026-08-21
20180314,1.5,2026-08-21
20180315,1.5,2026-08-21
20180316,1.5,2026-08-21
20180317,1.5,2026-08-21
20180318,1.5,2026-08-21
20180319,1.5,2026-08-21
20180320,1.5,2026-08-21
20180321,1.5,2026-08-21
20180322,1.5,2026-08-21
20180323,1.5,2026-08-21
20180324,1.5,2026-08-21
20180325,1.5,2026-08-21
20180326,1.5,2026-08-21
20180327,1.5,2026-08-21
20180328,1.5,2026-08-21
20180329,1.5,2026-08-21
20180330,1.5,2026-08-21
20180331,1.5,2026-08-21
20180401,1.5,2026-08-21
20180402,1.5,2026-08-21
20180403,1.5,2026-08-21
20180404,1.5,2026-08-21
20180405,1.5,2026-08-21
20180406,1.5,2026-08-21
20180407,1.5,2026-08-21
20180408,1.5,2026-08-21
20180409,1.5,2026-08-21
20180410,1.5,2026-08-21
20180411,1.5,2026-08-21
20180412,1.5,2026-08-21
20180413,1.5,2026-08-21
20180414,1.5,2026-08-21
20180415,1.5,2026-08-21
20180416,1.5,2026-08-21
20180417,1.5,2026-08-21
20180418,1.5,2026-08-21
20180419,1.5,2026-08-21
20180420,1.5,2026-08-21
20180421,1.5,2026-08-21
20180422,1.5,2026-08-21
20180423,1.5,2026-08-21
20180424,1.5,2026-08-21
20180425,1.5,2026-08-21
20180426,1.5,2026-08-21
20180427,1.5,2026-08-21
20180428,1.5,2026-08-21
20180429,1.5,2026-08-21
20180430,1.5,2026-08-21
20180501,1.5,2026-08-21
20180502,1.5,2026-08-21
20180503,1.5,2026-08-21
20180504,1.5,2026-08-21
20180505,1.5,2026-08-21
20180506,1.5,2026-08-21
20180507,1.5,2026-08-21
20180508,1.5,2026-08-21
20180509,1.5,2026-08-21
20180510,1.5,2026-08-21
20180511,1.5,2026-08-21
20180512,1.5,2026-08-21
20180513,1.5,2026-08-21
20180514,1.5,2026-08-21
20180515,1.5,2026-08-21
20180516,1.5,2026-08-21
20180517,1.5,2026-08-21
20180518,1.5,2026-08-21
20180519,1.5,2026-08-21
20180520,1.5,2026-08-21
20180521,1.5,2026-08-21
20180522,1.5,2026-08-21
20180523,1.5,2026-08-21
20180524,1.5,2026-08-21
20180525,1.5,2026-08-21
20180526,1.5,2026-08-21
20180527,1.5,2026-08-21
20180528,1.5,2026-08-21
20180529,1.5,2026-08-21
20180530,1.5,2026-08-21
20180531,1.5,2026-08-21
20180601,1.5,2026-08-21
20180602,1.5,2026-08-21
20180603,1.5,2026-08-21
20180604,1.5,2026-08-21
20180605,1.5,2026-08-21
20180606,1.5,2026-08-21
20180607,1.5,2026-08-21
20180608,1.5,2026-08-21
20180609,1.5,2026-08-21
20180610,1.5,2026-08-21
20180611,1.5,2026-08-21
20180612,1.5,2026-08-21
20180613,1.5,2026-08-21
20180614,1.5,2026-08-21
20180615,1.5,2026-08-21
20180616,1.5,2026-08-21
20180617,1.5,2026-08-21
20180618,1.5,2026-08-21
20180619,1.5,2026-08-21
20180620,1.5,2026-08-21
20180621,1.5,2026-08-21
20180622,1.5,2026-08-21
20180623,1.5,2026-08-21
20180624,1.5,2026-08-21
20180625,1.5,2026-08-21
20180626,1.5,2026-08-21
20180627,1.5,2026-08-21
20180628,1.5,2026-08-21
20180629,1.5,2026-08-21
20180630,1.5,2026-08-21
20180701,1.5,2026-08-21
20180702,1.5,2026-08-21
20180703,1.5,2026-08-21
20180704,1.5,2026-08-21
20180705,1.5,2026-08-21
20180706,1.5,2026-08-21
20180707,1.5,2026-08-21
20180708,1.5,2026-08-21
20180709,1.5,2026-08-21
20180710,1.5,2026-08-21
20180711,1.5,2026-08-21
20180712,1.5,2026-08-21
20180713,1.5,2026-08-21
20180714,1.5,2026-08-21
20180715,1.5,2026-08-21
20180716,1.5,2026-08-21
20180717,1.5,2026-08-21
20180718,1.5,2026-08-21
20180719,1.5,2026-08-21
20180720,1.5,2026-08-21
20180721,1.5,2026-08-21
20180722,1.5,2026-08-21
20180723,1.5,2026-08-21
20180724,1.5,2026-08-21
20180725,1.5,2026-08-21
20180726,1.5,2026-08-21
20180727,1.5,2026-08-21
20180728,1.5,2026-08-21
20180729,1.5,2026-08-21
20180730,1.5,2026-08-21
20180731,1.5,2026-08-21
20180801,1.5,2026-08-21
20180802,1.5,2026-08-21
20180803,1.5,2026-08-21
20180804,1.5,2026-08-21
20180805,1.5,2026-08-21
20180806,1.5,2026-08-21
20180807,1.5,2026-08-21
20180808,1.5,2026-08-21
20180809,1.5,2026-08-21
20180810,1.5,2026-08-21
20180811,1.5,2026-08-21
20180812,1.5,2026-08-21
20180813,1.5,2026-08-21
20180814,1.5,2026-08-21
20180815,1.5,2026-08-21
20180816,1.5,2026-08-21
20180817,1.5,2026-08-21
20180818,1.5,2026-08-21
20180819,1.5,2026-08-21
20180820,1.5,2026-08-21
20180821,1.5,2026-08-21
20180822,1.5,2026-08-21
20180823,1.5,2026-08-21
20180824,1.5,2026-08-21
20180825,1.5,2026-08-21
20180826,1.5,2026-08-21
20180827,1.5,2026-08-21
20180828,1.5,2026-08-21
20180829,1.5,2026-08-21
20180830,1.5,2026-08-21
20180831,1.5,2026-08-21
20180901,1.5,2026-08-21
20180902,1.5,2026-08-21
20180903,1.5,2026-08-21
20180904,1.5,2026-08-21
20180905,1.5,2026-08-21
20180906,1.5,2026-08-21
20180907,1.5,2026-08-21
20180908,1.5,2026-08-21
20180909,1.5,2026-08-21
20180910,1.5,2026-08-21
20180911,1.5,2026-08-21
20180912,1.5,2026-08-21
20180913,1.5,2026-08-21
20180914,1.5,2026-08-21
20180915,1.5,2026-08-21
20180916,1.5,2026-08-21
20180917,1.5,2026-08-21
20180918,1.5,2026-08-21
20180919,1.5,2026-08-21
20180920,1.5,2026-08-21
20180921,1.5,2026-08-21
20180922,1.5,2026-08-21
20180923,1.5,2026-08-21
20180924,1.5,2026-08-21
20180925,1.5,2026-08-21
20180926,1.5,2026-08-21
20180927,1.5,2026-08-21
20180928,1.5,2026-08-21
20180929,1.5,2026-08-21
20180930,1.5,2026-08-21
20181001,1.5,2026-08-21
20181002,1.5,2026-08-21
20181003,1.5,2026-08-21
20181004,1.5,2026-08-21
20181005,1.5,2026-08-21
20181006,1.5,2026-08-21
20181007,1.5,2026-08-21
20181008,1.5,2026-08-21
20181009,1.5,2026-08-21
20181010,1.5,2026-08-21
20181011,1.5,2026-08-21
20181012,1.5,2026-08-21
20181013,1.5,2026-08-21
20181014,1.5,2026-08-21
20181015,1.5,2026-08-21
20181016,1.5,2026-08-21
20181017,1.5,2026-08-21
20181018,1.5,2026-08-21
20181019,1.5,2026-08-21
20181020,1.5,2026-08-21
20181021,1.5,2026-08-21
20181022,1.5,2026-08-21
20181023,1.5,2026-08-21
20181024,1.5,2026-08-21
20181025,1.5,2026-08-21
20181026,1.5,2026-08-21
20181027,1.5,2026-08-21
20181028,1.5,2026-08-21
20181029,1.5,2026-08-21
20181030,1.5,2026-08-21
20181031,1.5,2026-08-21
20181101,1.5,2026-08-21
20181102,1.5,2026-08-21
20181103,1.5,2026-08-21
20181104,1.5,2026-08-21
20181105,1.5,2026-08-21
20181106,1.5,2026-08-21
20181107,1.5,2026-08-21
20181108,1.5,2026-08-21
20181109,1.5,2026-08-21
20181110,1.5,2026-08-21
20181111,1.5,2026-08-21
20181112,1.5,2026-08-21
20181113,1.5,2026-08-21
20181114,1.5,2026-08-21
20181115,1.5,2026-08-21
20181116,1.5,2026-08-21
20181117,1.5,2026-08-21
20181118,1.5,2026-08-21
20181119,1.5,2026-08-21
20181120,1.5,2026-08-21
20181121,1.5,2026-08-21
20181122,1.5,2026-08-21
20181123,1.5,2026-08-21
20181124,1.5,2026-08-21
20181125,1.5,2026-08-21
20181126,1.5,2026-08-21
20181127,1.5,2026-08-21
20181128,1.5,2026-08-21
20181129,1.5,2026-08-21
20181130,1.75,2026-08-21
20181201,1.75,2026-08-21
20181202,1.75,2026-08-21
20181203,1.75,2026-08-21
20181204,1.75,2026-08-21
20181205,1.75,2026-08-21
20181206,1.75,2026-08-21
20181207,1.75,2026-08-21
20181208,1.75,2026-08-21
20181209,1.75,2026-08-21
20181210,1.75,2026-08-21
20181211,1.75,2026-08-21
20181212,1.75,2026-08-21
20181213,1.75,2026-08-21
20181214,1.75,2026-08-21
20181215,1.75,2026-08-21
20181216,1.75,2026-08-21
20181217,1.75,2026-08-21
20181218,1.75,2026-08-21
20181219,1.75,2026-08-21
20181220,1.75,2026-08-21
20181221,1.75,2026-08-21
20181222,1.75,2026-08-21
20181223,1.75,2026-08-21
20181224,1.75,2026-08-21
20181225,1.75,2026-08-21
20181226,1.75,2026-08-21
20181227,1.75,2026-08-21
20181228,1.75,2026-08-21
20181229,1.75,2026-08-21
20181230,1.75,2026-08-21
20181231,1.75,2026-08-21
20190101,1.75,2026-08-21
20190102,1.75,2026-08-21
20190103,1.75,2026-08-21
20190104,1.75,2026-08-21
20190105,1.75,2026-08-21
20190106,1.75,2026-08-21
20190107,1.75,2026-08-21
20190108,1.75,2026-08-21
20190109,1.75,2026-08-21
20190110,1.75,2026-08-21
20190111,1.75,2026-08-21
20190112,1.75,2026-08-21
20190113,1.75,2026-08-21
20190114,1.75,2026-08-21
20190115,1.75,2026-08-21
20190116,1.75,2026-08-21
20190117,1.75,2026-08-21
20190118,1.75,2026-08-21
20190119,1.75,2026-08-21
20190120,1.75,2026-08-21
20190121,1.75,2026-08-21
20190122,1.75,2026-08-21
20190123,1.75,2026-08-21
20190124,1.75,2026-08-21
20190125,1.75,2026-08-21
20190126,1.75,2026-08-21
20190127,1.75,2026-08-21
20190128,1.75,2026-08-21
20190129,1.75,2026-08-21
20190130,1.75,2026-08-21
20190131,1.75,2026-08-21
20190201,1.75,2026-08-21
20190202,1.75,2026-08-21
20190203,1.75,2026-08-21
20190204,1.75,2026-08-21
20190205,1.75,2026-08-21
20190206,1.75,2026-08-21
20190207,1.75,2026-08-21
20190208,1.75,2026-08-21
20190209,1.75,2026-08-21
20190210,1.75,2026-08-21
20190211,1.75,2026-08-21
20190212,1.75,2026-08-21
20190213,1.75,2026-08-21
20190214,1.75,2026-08-21
20190215,1.75,2026-08-21
20190216,1.75,2026-08-21
20190217,1.75,2026-08-21
20190218,1.75,2026-08-21
20190219,1.75,2026-08-21
20190220,1.75,2026-08-21
20190221,1.75,2026-08-21
20190222,1.75,2026-08-21
20190223,1.75,2026-08-21
20190224,1.75,2026-08-21
20190225,1.75,2026-08-21
20190226,1.75,2026-08-21
20190227,1.75,2026-08-21
20190228,1.75,2026-08-21
20190301,1.75,2026-08-21
20190302,1.75,2026-08-21
20190303,1.75,2026-08-21
20190304,1.75,2026-08-21
20190305,1.75,2026-08-21
20190306,1.75,2026-08-21
20190307,1.75,2026-08-21
20190308,1.75,2026-08-21
20190309,1.75,2026-08-21
20190310,1.75,2026-08-21
20190311,1.75,2026-08-21
20190312,1.75,2026-08-21
20190313,1.75,2026-08-21
20190314,1.75,2026-08-21
20190315,1.75,2026-08-21
20190316,1.75,2026-08-21
20190317,1.75,2026-08-21
20190318,1.75,2026-08-21
20190319,1.75,2026-08-21
20190320,1.75,2026-08-21
20190321,1.75,2026-08-21
20190322,1.75,2026-08-21
20190323,1.75,2026-08-21
20190324,1.75,2026-08-21
20190325,1.75,2026-08-21
20190326,1.75,2026-08-21
20190327,1.75,2026-08-21
20190328,1.75,2026-08-21
20190329,1.75,2026-08-21
20190330,1.75,2026-08-21
20190331,1.75,2026-08-21
20190401,1.75,2026-08-21
20190402,1.75,2026-08-21
20190403,1.75,2026-08-21
20190404,1.75,2026-08-21
20190405,1.75,2026-08-21
20190406,1.75,2026-08-21
20190407,1.75,2026-08-21
20190408,1.75,2026-08-21
20190409,1.75,2026-08-21
20190410,1.75,2026-08-21
20190411,1.75,2026-08-21
20190412,1.75,2026-08-21
20190413,1.75,2026-08-21
20190414,1.75,2026-08-21
20190415,1.75,2026-08-21
20190416,1.75,2026-08-21
20190417,1.75,2026-08-21
20190418,1.75,2026-08-21
20190419,1.75,2026-08-21
20190420,1.75,2026-08-21
20190421,1.75,2026-08-21
20190422,1.75,2026-08-21
20190423,1.75,2026-08-21
20190424,1.75,2026-08-21
20190425,1.75,2026-08-21
20190426,1.75,2026-08-21
20190427,1.75,2026-08-21
20190428,1.75,2026-08-21
20190429,1.75,2026-08-21
20190430,1.75,2026-08-21
20190501,1.75,2026-08-21
20190502,1.75,2026-08-21
20190503,1.75,2026-08-21
20190504,1.75,2026-08-21
20190505,1.75,2026-08-21
20190506,1.75,2026-08-21
20190507,1.75,2026-08-21
20190508,1.75,2026-08-21
20190509,1.75,2026-08-21
20190510,1.75,2026-08-21
20190511,1.75,2026-08-21
20190512,1.75,2026-08-21
20190513,1.75,2026-08-21
20190514,1.75,2026-08-21
20190515,1.75,2026-08-21
20190516,1.75,2026-08-21
20190517,1.75,2026-08-21
20190518,1.75,2026-08-21
20190519,1.75,2026-08-21
20190520,1.75,2026-08-21
20190521,1.75,2026-08-21
20190522,1.75,2026-08-21
20190523,1.75,2026-08-21
20190524,1.75,2026-08-21
20190525,1.75,2026-08-21
20190526,1.75,2026-08-21
20190527,1.75,2026-08-21
20190528,1.75,2026-08-21
20190529,1.75,2026-08-21
20190530,1.75,2026-08-21
20190531,1.75,2026-08-21
20190601,1.75,2026-08-21
20190602,1.75,2026-08-21
20190603,1.75,2026-08-21
20190604,1.75,2026-08-21
20190605,1.75,2026-08-21
20190606,1.75,2026-08-21
20190607,1.75,2026-08-21
20190608,1.75,2026-08-21
20190609,1.75,2026-08-21
20190610,1.75,2026-08-21
20190611,1.75,2026-08-21
20190612,1.75,2026-08-21
20190613,1.75,2026-08-21
20190614,1.75,2026-08-21
20190615,1.75,2026-08-21
20190616,1.75,2026-08-21
20190617,1.75,2026-08-21
20190618,1.75,2026-08-21
20190619,1.75,2026-08-21
20190620,1.75,2026-08-21
20190621,1.75,2026-08-21
20190622,1.75,2026-08-21
20190623,1.75,2026-08-21
20190624,1.75,2026-08-21
20190625,1.75,2026-08-21
20190626,1.75,2026-08-21
20190627,1.75,2026-08-21
20190628,1.75,2026-08-21
20190629,1.75,2026-08-21
20190630,1.75,2026-08-21
20190701,1.75,2026-08-21
20190702,1.75,2026-08-21
20190703,1.75,2026-08-21
20190704,1.75,2026-08-21
20190705,1.75,2026-08-21
20190706,1.75,2026-08-21
20190707,1.75,2026-08-21
20190708,1.75,2026-08-21
20190709,1.75,2026-08-21
20190710,1.75,2026-08-21
20190711,1.75,2026-08-21
20190712,1.75,2026-08-21
20190713,1.75,2026-08-21
20190714,1.75,2026-08-21
20190715,1.75,2026-08-21
20190716,1.75,2026-08-21
20190717,1.75,2026-08-21
20190718,1.5,2026-08-21
20190719,1.5,2026-08-21
20190720,1.5,2026-08-21
20190721,1.5,2026-08-21
20190722,1.5,2026-08-21
20190723,1.5,2026-08-21
20190724,1.5,2026-08-21
20190725,1.5,2026-08-21
20190726,1.5,2026-08-21
20190727,1.5,2026-08-21
20190728,1.5,2026-08-21
20190729,1.5,2026-08-21
20190730,1.5,2026-08-21
20190731,1.5,2026-08-21
20190801,1.5,2026-08-21
20190802,1.5,2026-08-21
20190803,1.5,2026-08-21
20190804,1.5,2026-08-21
20190805,1.5,2026-08-21
20190806,1.5,2026-08-21
20190807,1.5,2026-08-21
20190808,1.5,2026-08-21
20190809,1.5,2026-08-21
20190810,1.5,2026-08-21
20190811,1.5,2026-08-21
20190812,1.5,2026-08-21
20190813,1.5,2026-08-21
20190814,1.5,2026-08-21
20190815,1.5,2026-08-21
20190816,1.5,2026-08-21
20190817,1.5,2026-08-21
20190818,1.5,2026-08-21
20190819,1.5,2026-08-21
20190820,1.5,2026-08-21
20190821,1.5,2026-08-21
20190822,1.5,2026-08-21
20190823,1.5,2026-08-21
20190824,1.5,2026-08-21
20190825,1.5,2026-08-21
20190826,1.5,2026-08-21
20190827,1.5,2026-08-21
20190828,1.5,2026-08-21
20190829,1.5,2026-08-21
20190830,1.5,2026-08-21
20190831,1.5,2026-08-21
20190901,1.5,2026-08-21
20190902,1.5,2026-08-21
20190903,1.5,2026-08-21
20190904,1.5,2026-08-21
20190905,1.5,2026-08-21
20190906,1.5,2026-08-21
20190907,1.5,2026-08-21
20190908,1.5,2026-08-21
20190909,1.5,2026-08-21
20190910,1.5,2026-08-21
20190911,1.5,2026-08-21
20190912,1.5,2026-08-21
20190913,1.5,2026-08-21
20190914,1.5,2026-08-21
20190915,1.5,2026-08-21
20190916,1.5,2026-08-21
20190917,1.5,2026-08-21
20190918,1.5,2026-08-21
20190919,1.5,2026-08-21
20190920,1.5,2026-08-21
20190921,1.5,2026-08-21
20190922,1.5,2026-08-21
20190923,1.5,2026-08-21
20190924,1.5,2026-08-21
20190925,1.5,2026-08-21
20190926,1.5,2026-08-21
20190927,1.5,2026-08-21
20190928,1.5,2026-08-21
20190929,1.5,2026-08-21
20190930,1.5,2026-08-21
20191001,1.5,2026-08-21
20191002,1.5,2026-08-21
20191003,1.5,2026-08-21
20191004,1.5,2026-08-21
20191005,1.5,2026-08-21
20191006,1.5,2026-08-21
20191007,1.5,2026-08-21
20191008,1.5,2026-08-21
20191009,1.5,2026-08-21
20191010,1.5,2026-08-21
20191011,1.5,2026-08-21
20191012,1.5,2026-08-21
20191013,1.5,2026-08-21
20191014,1.5,2026-08-21
20191015,1.5,2026-08-21
20191016,1.25,2026-08-21
20191017,1.25,2026-08-21
20191018,1.25,2026-08-21
20191019,1.25,2026-08-21
20191020,1.25,2026-08-21
20191021,1.25,2026-08-21
20191022,1.25,2026-08-21
20191023,1.25,2026-08-21
20191024,1.25,2026-08-21
20191025,1.25,2026-08-21
20191026,1.25,2026-08-21
20191027,1.25,2026-08-21
20191028,1.25,2026-08-21
20191029,1.25,2026-08-21
20191030,1.25,2026-08-21
20191031,1.25,2026-08-21
20191101,1.25,2026-08-21
20191102,1.25,2026-08-21
20191103,1.25,2026-08-21
20191104,1.25,2026-08-21
20191105,1.25,2026-08-21
20191106,1.25,2026-08-21
20191107,1.25,2026-08-21
20191108,1.25,2026-08-21
20191109,1.25,2026-08-21
20191110,1.25,2026-08-21
20191111,1.25,2026-08-21
20191112,1.25,2026-08-21
20191113,1.25,2026-08-21
20191114,1.25,2026-08-21
20191115,1.25,2026-08-21
20191116,1.25,2026-08-21
20191117,1.25,2026-08-21
20191118,1.25,2026-08-21
20191119,1.25,2026-08-21
20191120,1.25,2026-08-21
20191121,1.25,2026-08-21
20191122,1.25,2026-08-21
20191123,1.25,2026-08-21
20191124,1.25,2026-08-21
20191125,1.25,2026-08-21
20191126,1.25,2026-08-21
20191127,1.25,2026-08-21
20191128,1.25,2026-08-21
20191129,1.25,2026-08-21
20191130,1.25,2026-08-21
20191201,1.25,2026-08-21
20191202,1.25,2026-08-21
20191203,1.25,2026-08-21
20191204,1.25,2026-08-21
20191205,1.25,2026-08-21
20191206,1.25,2026-08-21
20191207,1.25,2026-08-21
20191208,1.25,2026-08-21
20191209,1.25,2026-08-21
20191210,1.25,2026-08-21
20191211,1.25,2026-08-21
20191212,1.25,2026-08-21
20191213,1.25,2026-08-21
20191214,1.25,2026-08-21
20191215,1.25,2026-08-21
20191216,1.25,2026-08-21
20191217,1.25,2026-08-21
20191218,1.25,2026-08-21
20191219,1.25,2026-08-21
20191220,1.25,2026-08-21
20191221,1.25,2026-08-21
20191222,1.25,2026-08-21
20191223,1.25,2026-08-21
20191224,1.25,2026-08-21
20191225,1.25,2026-08-21
20191226,1.25,2026-08-21
20191227,1.25,2026-08-21
20191228,1.25,2026-08-21
20191229,1.25,2026-08-21
20191230,1.25,2026-08-21
20191231,1.25,2026-08-21
20200101,1.25,2026-08-21
20200102,1.25,2026-08-21
20200103,1.25,2026-08-21
20200104,1.25,2026-08-21
20200105,1.25,2026-08-21
20200106,1.25,2026-08-21
20200107,1.25,2026-08-21
20200108,1.25,2026-08-21
20200109,1.25,2026-08-21
20200110,1.25,2026-08-21
20200111,1.25,2026-08-21
20200112,1.25,2026-08-21
20200113,1.25,2026-08-21
20200114,1.25,2026-08-21
20200115,1.25,2026-08-21
20200116,1.25,2026-08-21
20200117,1.25,2026-08-21
20200118,1.25,2026-08-21
20200119,1.25,2026-08-21
20200120,1.25,2026-08-21
20200121,1.25,2026-08-21
20200122,1.25,2026-08-21
20200123,1.25,2026-08-21
20200124,1.25,2026-08-21
20200125,1.25,2026-08-21
20200126,1.25,2026-08-21
20200127,1.25,2026-08-21
20200128,1.25,2026-08-21
20200129,1.25,2026-08-21
20200130,1.25,2026-08-21
20200131,1.25,2026-08-21
20200201,1.25,2026-08-21
20200202,1.25,2026-08-21
20200203,1.25,2026-08-21
20200204,1.25,2026-08-21
20200205,1.25,2026-08-21
20200206,1.25,2026-08-21
20200207,1.25,2026-08-21
20200208,1.25,2026-08-21
20200209,1.25,2026-08-21
20200210,1.25,2026-08-21
20200211,1.25,2026-08-21
20200212,1.25,2026-08-21
20200213,1.25,2026-08-21
20200214,1.25,2026-08-21
20200215,1.25,2026-08-21
20200216,1.25,2026-08-21
20200217,1.25,2026-08-21
20200218,1.25,2026-08-21
20200219,1.25,2026-08-21
20200220,1.25,2026-08-21
20200221,1.25,2026-08-21
20200222,1.25,2026-08-21
20200223,1.25,2026-08-21
20200224,1.25,2026-08-21
20200225,1.25,2026-08-21
20200226,1.25,2026-08-21
20200227,1.25,2026-08-21
20200228,1.25,2026-08-21
20200229,1.25,2026-08-21
20200301,1.25,2026-08-21
20200302,1.25,2026-08-21
20200303,1.25,2026-08-21
20200304,1.25,2026-08-21
20200305,1.25,2026-08-21
20200306,1.25,2026-08-21
20200307,1.25,2026-08-21
20200308,1.25,2026-08-21
20200309,1.25,2026-08-21
20200310,1.25,2026-08-21
20200311,1.25,2026-08-21
20200312,1.25,2026-08-21
20200313,1.25,2026-08-21
20200314,1.25,2026-08-21
20200315,1.25,2026-08-21
20200316,1.25,2026-08-21
20200317,0.75,2026-08-21
20200318,0.75,2026-08-21
20200319,0.75,2026-08-21
20200320,0.75,2026-08-21
20200321,0.75,2026-08-21
20200322,0.75,2026-08-21
20200323,0.75,2026-08-21
20200324,0.75,2026-08-21
20200325,0.75,2026-08-21
20200326,0.75,2026-08-21
20200327,0.75,2026-08-21
20200328,0.75,2026-08-21
20200329,0.75,2026-08-21
20200330,0.75,2026-08-21
20200331,0.75,2026-08-21
20200401,0.75,2026-08-21
20200402,0.75,2026-08-21
20200403,0.75,2026-08-21
20200404,0.75,2026-08-21
20200405,0.75,2026-08-21
20200406,0.75,2026-08-21
20200407,0.75,2026-08-21
20200408,0.75,2026-08-21
20200409,0.75,2026-08-21
20200410,0.75,2026-08-21
20200411,0.75,2026-08-21
20200412,0.75,2026-08-21
20200413,0.75,2026-08-21
20200414,0.75,2026-08-21
20200415,0.75,2026-08-21
20200416,0.75,2026-08-21
20200417,0.75,2026-08-21
20200418,0.75,2026-08-21
20200419,0.75,2026-08-21
20200420,0.75,2026-08-21
20200421,0.75,2026-08-21
20200422,0.75,2026-08-21
20200423,0.75,2026-08-21
20200424,0.75,2026-08-21
20200425,0.75,2026-08-21
20200426,0.75,2026-08-21
20200427,0.75,2026-08-21
20200428,0.75,2026-08-21
20200429,0.75,2026-08-21
20200430,0.75,2026-08-21
20200501,0.75,2026-08-21
20200502,0.75,2026-08-21
20200503,0.75,2026-08-21
20200504,0.75,2026-08-21
20200505,0.75,2026-08-21
20200506,0.75,2026-08-21
20200507,0.75,2026-08-21
20200508,0.75,2026-08-21
20200509,0.75,2026-08-21
20200510,0.75,2026-08-21
20200511,0.75,2026-08-21
20200512,0.75,2026-08-21
20200513,0.75,2026-08-21
20200514,0.75,2026-08-21
20200515,0.75,2026-08-21
20200516,0.75,2026-08-21
20200517,0.75,2026-08-21
20200518,0.75,2026-08-21
20200519,0.75,2026-08-21
20200520,0.75,2026-08-21
20200521,0.75,2026-08-21
20200522,0.75,2026-08-21
20200523,0.75,2026-08-21
20200524,0.75,2026-08-21
20200525,0.75,2026-08-21
20200526,0.75,2026-08-21
20200527,0.75,2026-08-21
20200528,0.5,2026-08-21
20200529,0.5,2026-08-21
20200530,0.5,2026-08-21
20200531,0.5,2026-08-21
20200601,0.5,2026-08-21
20200602,0.5,2026-08-21
20200603,0.5,2026-08-21
20200604,0.5,2026-08-21
20200605,0.5,2026-08-21
20200606,0.5,2026-08-21
20200607,0.5,2026-08-21
20200608,0.5,2026-08-21
20200609,0.5,2026-08-21
20200610,0.5,2026-08-21
20200611,0.5,2026-08-21
20200612,0.5,2026-08-21
20200613,0.5,2026-08-21
20200614,0.5,2026-08-21
20200615,0.5,2026-08-21
20200616,0.5,2026-08-21
20200617,0.5,2026-08-21
20200618,0.5,2026-08-21
20200619,0.5,2026-08-21
20200620,0.5,2026-08-21
20200621,0.5,2026-08-21
20200622,0.5,2026-08-21
20200623,0.5,2026-08-21
20200624,0.5,2026-08-21
20200625,0.5,2026-08-21
20200626,0.5,2026-08-21
20200627,0.5,2026-08-21
20200628,0.5,2026-08-21
20200629,0.5,2026-08-21
20200630,0.5,2026-08-21
20200701,0.5,2026-08-21
20200702,0.5,2026-08-21
20200703,0.5,2026-08-21
20200704,0.5,2026-08-21
20200705,0.5,2026-08-21
20200706,0.5,2026-08-21
20200707,0.5,2026-08-21
20200708,0.5,2026-08-21
20200709,0.5,2026-08-21
20200710,0.5,2026-08-21
20200711,0.5,2026-08-21
20200712,0.5,2026-08-21
20200713,0.5,2026-08-21
20200714,0.5,2026-08-21
20200715,0.5,2026-08-21
20200716,0.5,2026-08-21
20200717,0.5,2026-08-21
20200718,0.5,2026-08-21
20200719,0.5,2026-08-21
20200720,0.5,2026-08-21
20200721,0.5,2026-08-21
20200722,0.5,2026-08-21
20200723,0.5,2026-08-21
20200724,0.5,2026-08-21
20200725,0.5,2026-08-21
20200726,0.5,2026-08-21
20200727,0.5,2026-08-21
20200728,0.5,2026-08-21
20200729,0.5,2026-08-21
20200730,0.5,2026-08-21
20200731,0.5,2026-08-21
20200801,0.5,2026-08-21
20200802,0.5,2026-08-21
20200803,0.5,2026-08-21
20200804,0.5,2026-08-21
20200805,0.5,2026-08-21
20200806,0.5,2026-08-21
20200807,0.5,2026-08-21
20200808,0.5,2026-08-21
20200809,0.5,2026-08-21
20200810,0.5,2026-08-21
20200811,0.5,2026-08-21
20200812,0.5,2026-08-21
20200813,0.5,2026-08-21
20200814,0.5,2026-08-21
20200815,0.5,2026-08-21
20200816,0.5,2026-08-21
20200817,0.5,2026-08-21
20200818,0.5,2026-08-21
20200819,0.5,2026-08-21
20200820,0.5,2026-08-21
20200821,0.5,2026-08-21
20200822,0.5,2026-08-21
20200823,0.5,2026-08-21
20200824,0.5,2026-08-21
20200825,0.5,2026-08-21
20200826,0.5,2026-08-21
20200827,0.5,2026-08-21
20200828,0.5,2026-08-21
20200829,0.5,2026-08-21
20200830,0.5,2026-08-21
20200831,0.5,2026-08-21
20200901,0.5,2026-08-21
20200902,0.5,2026-08-21
20200903,0.5,2026-08-21
20200904,0.5,2026-08-21
20200905,0.5,2026-08-21
20200906,0.5,2026-08-21
20200907,0.5,2026-08-21
20200908,0.5,2026-08-21
20200909,0.5,2026-08-21
20200910,0.5,2026-08-21
20200911,0.5,2026-08-21
20200912,0.5,2026-08-21
20200913,0.5,2026-08-21
20200914,0.5,2026-08-21
20200915,0.5,2026-08-21
20200916,0.5,2026-08-21
20200917,0.5,2026-08-21
20200918,0.5,2026-08-21
20200919,0.5,2026-08-21
20200920,0.5,2026-08-21
20200921,0.5,2026-08-21
20200922,0.5,2026-08-21
20200923,0.5,2026-08-21
20200924,0.5,2026-08-21
20200925,0.5,2026-08-21
20200926,0.5,2026-08-21
20200927,0.5,2026-08-21
20200928,0.5,2026-08-21
20200929,0.5,2026-08-21
20200930,0.5,2026-08-21
20201001,0.5,2026-08-21
20201002,0.5,2026-08-21
20201003,0.5,2026-08-21
20201004,0.5,2026-08-21
20201005,0.5,2026-08-21
20201006,0.5,2026-08-21
20201007,0.5,2026-08-21
20201008,0.5,2026-08-21
20201009,0.5,2026-08-21
20201010,0.5,2026-08-21
20201011,0.5,2026-08-21
20201012,0.5,2026-08-21
20201013,0.5,2026-08-21
20201014,0.5,2026-08-21
20201015,0.5,2026-08-21
20201016,0.5,2026-08-21
20201017,0.5,2026-08-21
20201018,0.5,2026-08-21
20201019,0.5,2026-08-21
20201020,0.5,2026-08-21
20201021,0.5,2026-08-21
20201022,0.5,2026-08-21
20201023,0.5,2026-08-21
20201024,0.5,2026-08-21
20201025,0.5,2026-08-21
20201026,0.5,2026-08-21
20201027,0.5,2026-08-21
20201028,0.5,2026-08-21
20201029,0.5,2026-08-21
20201030,0.5,2026-08-21
20201031,0.5,2026-08-21
20201101,0.5,2026-08-21
20201102,0.5,2026-08-21
20201103,0.5,2026-08-21
20201104,0.5,2026-08-21
20201105,0.5,2026-08-21
20201106,0.5,2026-08-21
20201107,0.5,2026-08-21
20201108,0.5,2026-08-21
20201109,0.5,2026-08-21
20201110,0.5,2026-08-21
20201111,0.5,2026-08-21
20201112,0.5,2026-08-21
20201113,0.5,2026-08-21
20201114,0.5,2026-08-21
20201115,0.5,2026-08-21
20201116,0.5,2026-08-21
20201117,0.5,2026-08-21
20201118,0.5,2026-08-21
20201119,0.5,2026-08-21
20201120,0.5,2026-08-21
20201121,0.5,2026-08-21
20201122,0.5,2026-08-21
20201123,0.5,2026-08-21
20201124,0.5,2026-08-21
20201125,0.5,2026-08-21
20201126,0.5,2026-08-21
20201127,0.5,2026-08-21
20201128,0.5,2026-08-21
20201129,0.5,2026-08-21
20201130,0.5,2026-08-21
20201201,0.5,2026-08-21
20201202,0.5,2026-08-21
20201203,0.5,2026-08-21
20201204,0.5,2026-08-21
20201205,0.5,2026-08-21
20201206,0.5,2026-08-21
20201207,0.5,2026-08-21
20201208,0.5,2026-08-21
20201209,0.5,2026-08-21
20201210,0.5,2026-08-21
20201211,0.5,2026-08-21
20201212,0.5,2026-08-21
20201213,0.5,2026-08-21
20201214,0.5,2026-08-21
20201215,0.5,2026-08-21
20201216,0.5,2026-08-21
20201217,0.5,2026-08-21
20201218,0.5,2026-08-21
20201219,0.5,2026-08-21
20201220,0.5,2026-08-21
20201221,0.5,2026-08-21
20201222,0.5,2026-08-21
20201223,0.5,2026-08-21
20201224,0.5,2026-08-21
20201225,0.5,2026-08-21
20201226,0.5,2026-08-21
20201227,0.5,2026-08-21
20201228,0.5,2026-08-21
20201229,0.5,2026-08-21
20201230,0.5,2026-08-21
20201231,0.5,2026-08-21
20210101,0.5,2026-08-21
20210102,0.5,2026-08-21
20210103,0.5,2026-08-21
20210104,0.5,2026-08-21
20210105,0.5,2026-08-21
20210106,0.5,2026-08-21
20210107,0.5,2026-08-21
20210108,0.5,2026-08-21
20210109,0.5,2026-08-21
20210110,0.5,2026-08-21
20210111,0.5,2026-08-21
20210112,0.5,2026-08-21
20210113,0.5,2026-08-21
20210114,0.5,2026-08-21
20210115,0.5,2026-08-21
20210116,0.5,2026-08-21
20210117,0.5,2026-08-21
20210118,0.5,2026-08-21
20210119,0.5,2026-08-21
20210120,0.5,2026-08-21
20210121,0.5,2026-08-21
20210122,0.5,2026-08-21
20210123,0.5,2026-08-21
20210124,0.5,2026-08-21
20210125,0.5,2026-08-21
20210126,0.5,2026-08-21
20210127,0.5,2026-08-21
20210128,0.5,2026-08-21
20210129,0.5,2026-08-21
20210130,0.5,2026-08-21
20210131,0.5,2026-08-21
20210201,0.5,2026-08-21
20210202,0.5,2026-08-21
20210203,0.5,2026-08-21
20210204,0.5,2026-08-21
20210205,0.5,2026-08-21
20210206,0.5,2026-08-21
20210207,0.5,2026-08-21
20210208,0.5,2026-08-21
20210209,0.5,2026-08-21
20210210,0.5,2026-08-21
20210211,0.5,2026-08-21
20210212,0.5,2026-08-21
20210213,0.5,2026-08-21
20210214,0.5,2026-08-21
20210215,0.5,2026-08-21
20210216,0.5,2026-08-21
20210217,0.5,2026-08-21
20210218,0.5,2026-08-21
20210219,0.5,2026-08-21
20210220,0.5,2026-08-21
20210221,0.5,2026-08-21
20210222,0.5,2026-08-21
20210223,0.5,2026-08-21
20210224,0.5,2026-08-21
20210225,0.5,2026-08-21
20210226,0.5,2026-08-21
20210227,0.5,2026-08-21
20210228,0.5,2026-08-21
20210301,0.5,2026-08-21
20210302,0.5,2026-08-21
20210303,0.5,2026-08-21
20210304,0.5,2026-08-21
20210305,0.5,2026-08-21
20210306,0.5,2026-08-21
20210307,0.5,2026-08-21
20210308,0.5,2026-08-21
20210309,0.5,2026-08-21
20210310,0.5,2026-08-21
20210311,0.5,2026-08-21
20210312,0.5,2026-08-21
20210313,0.5,2026-08-21
20210314,0.5,2026-08-21
20210315,0.5,2026-08-21
20210316,0.5,2026-08-21
20210317,0.5,2026-08-21
20210318,0.5,2026-08-21
20210319,0.5,2026-08-21
20210320,0.5,2026-08-21
20210321,0.5,2026-08-21
20210322,0.5,2026-08-21
20210323,0.5,2026-08-21
20210324,0.5,2026-08-21
20210325,0.5,2026-08-21
20210326,0.5,2026-08-21
20210327,0.5,2026-08-21
20210328,0.5,2026-08-21
20210329,0.5,2026-08-21
20210330,0.5,2026-08-21
20210331,0.5,2026-08-21
20210401,0.5,2026-08-21
20210402,0.5,2026-08-21
20210403,0.5,2026-08-21
20210404,0.5,2026-08-21
20210405,0.5,2026-08-21
20210406,0.5,2026-08-21
20210407,0.5,2026-08-21
20210408,0.5,2026-08-21
20210409,0.5,2026-08-21
20210410,0.5,2026-08-21
20210411,0.5,2026-08-21
20210412,0.5,2026-08-21
20210413,0.5,2026-08-21
20210414,0.5,2026-08-21
20210415,0.5,2026-08-21
20210416,0.5,2026-08-21
20210417,0.5,2026-08-21
20210418,0.5,2026-08-21
20210419,0.5,2026-08-21
20210420,0.5,2026-08-21
20210421,0.5,2026-08-21
20210422,0.5,2026-08-21
20210423,0.5,2026-08-21
20210424,0.5,2026-08-21
20210425,0.5,2026-08-21
20210426,0.5,2026-08-21
20210427,0.5,2026-08-21
20210428,0.5,2026-08-21
20210429,0.5,2026-08-21
20210430,0.5,2026-08-21
20210501,0.5,2026-08-21
20210502,0.5,2026-08-21
20210503,0.5,2026-08-21
20210504,0.5,2026-08-21
20210505,0.5,2026-08-21
20210506,0.5,2026-08-21
20210507,0.5,2026-08-21
20210508,0.5,2026-08-21
20210509,0.5,2026-08-21
20210510,0.5,2026-08-21
20210511,0.5,2026-08-21
20210512,0.5,2026-08-21
20210513,0.5,2026-08-21
20210514,0.5,2026-08-21
20210515,0.5,2026-08-21
20210516,0.5,2026-08-21
20210517,0.5,2026-08-21
20210518,0.5,2026-08-21
20210519,0.5,2026-08-21
20210520,0.5,2026-08-21
20210521,0.5,2026-08-21
20210522,0.5,2026-08-21
20210523,0.5,2026-08-21
20210524,0.5,2026-08-21
20210525,0.5,2026-08-21
20210526,0.5,2026-08-21
20210527,0.5,2026-08-21
20210528,0.5,2026-08-21
20210529,0.5,2026-08-21
20210530,0.5,2026-08-21
20210531,0.5,2026-08-21
20210601,0.5,2026-08-21
20210602,0.5,2026-08-21
20210603,0.5,2026-08-21
20210604,0.5,2026-08-21
20210605,0.5,2026-08-21
20210606,0.5,2026-08-21
20210607,0.5,2026-08-21
20210608,0.5,2026-08-21
20210609,0.5,2026-08-21
20210610,0.5,2026-08-21
20210611,0.5,2026-08-21
20210612,0.5,2026-08-21
20210613,0.5,2026-08-21
20210614,0.5,2026-08-21
20210615,0.5,2026-08-21
20210616,0.5,2026-08-21
20210617,0.5,2026-08-21
20210618,0.5,2026-08-21
20210619,0.5,2026-08-21
20210620,0.5,2026-08-21
20210621,0.5,2026-08-21
20210622,0.5,2026-08-21
20210623,0.5,2026-08-21
20210624,0.5,2026-08-21
20210625,0.5,2026-08-21
20210626,0.5,2026-08-21
20210627,0.5,2026-08-21
20210628,0.5,2026-08-21
20210629,0.5,2026-08-21
20210630,0.5,2026-08-21
20210701,0.5,2026-08-21
20210702,0.5,2026-08-21
20210703,0.5,2026-08-21
20210704,0.5,2026-08-21
20210705,0.5,2026-08-21
20210706,0.5,2026-08-21
20210707,0.5,2026-08-21
20210708,0.5,2026-08-21
20210709,0.5,2026-08-21
20210710,0.5,2026-08-21
20210711,0.5,2026-08-21
20210712,0.5,2026-08-21
20210713,0.5,2026-08-21
20210714,0.5,2026-08-21
20210715,0.5,2026-08-21
20210716,0.5,2026-08-21
20210717,0.5,2026-08-21
20210718,0.5,2026-08-21
20210719,0.5,2026-08-21
20210720,0.5,2026-08-21
20210721,0.5,2026-08-21
20210722,0.5,2026-08-21
20210723,0.5,2026-08-21
20210724,0.5,2026-08-21
20210725,0.5,2026-08-21
20210726,0.5,2026-08-21
20210727,0.5,2026-08-21
20210728,0.5,2026-08-21
20210729,0.5,2026-08-21
20210730,0.5,2026-08-21
20210731,0.5,2026-08-21
20210801,0.5,2026-08-21
20210802,0.5,2026-08-21
20210803,0.5,2026-08-21
20210804,0.5,2026-08-21
20210805,0.5,2026-08-21
20210806,0.5,2026-08-21
20210807,0.5,2026-08-21
20210808,0.5,2026-08-21
20210809,0.5,2026-08-21
20210810,0.5,2026-08-21
20210811,0.5,2026-08-21
20210812,0.5,2026-08-21
20210813,0.5,2026-08-21
20210814,0.5,2026-08-21
20210815,0.5,2026-08-21
20210816,0.5,2026-08-21
20210817,0.5,2026-08-21
20210818,0.5,2026-08-21
20210819,0.5,2026-08-21
20210820,0.5,2026-08-21
20210821,0.5,2026-08-21
20210822,0.5,2026-08-21
20210823,0.5,2026-08-21
20210824,0.5,2026-08-21
20210825,0.5,2026-08-21
20210826,0.75,2026-08-21
20210827,0.75,2026-08-21
20210828,0.75,2026-08-21
20210829,0.75,2026-08-21
20210830,0.75,2026-08-21
20210831,0.75,2026-08-21
20210901,0.75,2026-08-21
20210902,0.75,2026-08-21
20210903,0.75,2026-08-21
20210904,0.75,2026-08-21
20210905,0.75,2026-08-21
20210906,0.75,2026-08-21
20210907,0.75,2026-08-21
20210908,0.75,2026-08-21
20210909,0.75,2026-08-21
20210910,0.75,2026-08-21
20210911,0.75,2026-08-21
20210912,0.75,2026-08-21
20210913,0.75,2026-08-21
20210914,0.75,2026-08-21
20210915,0.75,2026-08-21
20210916,0.75,2026-08-21
20210917,0.75,2026-08-21
20210918,0.75,2026-08-21
20210919,0.75,2026-08-21
20210920,0.75,2026-08-21
20210921,0.75,2026-08-21
20210922,0.75,2026-08-21
20210923,0.75,2026-08-21
20210924,0.75,2026-08-21
20210925,0.75,2026-08-21
20210926,0.75,2026-08-21
20210927,0.75,2026-08-21
20210928,0.75,2026-08-21
20210929,0.75,2026-08-21
20210930,0.75,2026-08-21
20211001,0.75,2026-08-21
20211002,0.75,2026-08-21
20211003,0.75,2026-08-21
20211004,0.75,2026-08-21
20211005,0.75,2026-08-21
20211006,0.75,2026-08-21
20211007,0.75,2026-08-21
20211008,0.75,2026-08-21
20211009,0.75,2026-08-21
20211010,0.75,2026-08-21
20211011,0.75,2026-08-21
20211012,0.75,2026-08-21
20211013,0.75,2026-08-21
20211014,0.75,2026-08-21
20211015,0.75,2026-08-21
20211016,0.75,2026-08-21
20211017,0.75,2026-08-21
20211018,0.75,2026-08-21
20211019,0.75,2026-08-21
20211020,0.75,2026-08-21
20211021,0.75,2026-08-21
20211022,0.75,2026-08-21
20211023,0.75,2026-08-21
20211024,0.75,2026-08-21
20211025,0.75,2026-08-21
20211026,0.75,2026-08-21
20211027,0.75,2026-08-21
20211028,0.75,2026-08-21
20211029,0.75,2026-08-21
20211030,0.75,2026-08-21
20211031,0.75,2026-08-21
20211101,0.75,2026-08-21
20211102,0.75,2026-08-21
20211103,0.75,2026-08-21
20211104,0.75,2026-08-21
20211105,0.75,2026-08-21
20211106,0.75,2026-08-21
20211107,0.75,2026-08-21
20211108,0.75,2026-08-21
20211109,0.75,2026-08-21
20211110,0.75,2026-08-21
20211111,0.75,2026-08-21
20211112,0.75,2026-08-21
20211113,0.75,2026-08-21
20211114,0.75,2026-08-21
20211115,0.75,2026-08-21
20211116,0.75,2026-08-21
20211117,0.75,2026-08-21
20211118,0.75,2026-08-21
20211119,0.75,2026-08-21
20211120,0.75,2026-08-21
20211121,0.75,2026-08-21
20211122,0.75,2026-08-21
20211123,0.75,2026-08-21
20211124,0.75,2026-08-21
20211125,1,2026-08-21
20211126,1,2026-08-21
20211127,1,2026-08-21
20211128,1,2026-08-21
20211129,1,2026-08-21
20211130,1,2026-08-21
20211201,1,2026-08-21
20211202,1,2026-08-21
20211203,1,2026-08-21
20211204,1,2026-08-21
20211205,1,2026-08-21
20211206,1,2026-08-21
20211207,1,2026-08-21
20211208,1,2026-08-21
20211209,1,2026-08-21
20211210,1,2026-08-21
20211211,1,2026-08-21
20211212,1,2026-08-21
20211213,1,2026-08-21
20211214,1,2026-08-21
20211215,1,2026-08-21
20211216,1,2026-08-21
20211217,1,2026-08-21
20211218,1,2026-08-21
20211219,1,2026-08-21
20211220,1,2026-08-21
20211221,1,2026-08-21
20211222,1,2026-08-21
20211223,1,2026-08-21
20211224,1,2026-08-21
20211225,1,2026-08-21
20211226,1,2026-08-21
20211227,1,2026-08-21
20211228,1,2026-08-21
20211229,1,2026-08-21
20211230,1,2026-08-21
20211231,1,2026-08-21
20220101,1,2026-08-21
20220102,1,2026-08-21
20220103,1,2026-08-21
20220104,1,2026-08-21
20220105,1,2026-08-21
20220106,1,2026-08-21
20220107,1,2026-08-21
20220108,1,2026-08-21
20220109,1,2026-08-21
20220110,1,2026-08-21
20220111,1,2026-08-21
20220112,1,2026-08-21
20220113,1,2026-08-21
20220114,1.25,2026-08-21
20220115,1.25,2026-08-21
20220116,1.25,2026-08-21
20220117,1.25,2026-08-21
20220118,1.25,2026-08-21
20220119,1.25,2026-08-21
20220120,1.25,2026-08-21
20220121,1.25,2026-08-21
20220122,1.25,2026-08-21
20220123,1.25,2026-08-21
20220124,1.25,2026-08-21
20220125,1.25,2026-08-21
20220126,1.25,2026-08-21
20220127,1.25,2026-08-21
20220128,1.25,2026-08-21
20220129,1.25,2026-08-21
20220130,1.25,2026-08-21
20220131,1.25,2026-08-21
20220201,1.25,2026-08-21
20220202,1.25,2026-08-21
20220203,1.25,2026-08-21
20220204,1.25,2026-08-21
20220205,1.25,2026-08-21
20220206,1.25,2026-08-21
20220207,1.25,2026-08-21
20220208,1.25,2026-08-21
20220209,1.25,2026-08-21
20220210,1.25,2026-08-21
20220211,1.25,2026-08-21
20220212,1.25,2026-08-21
20220213,1.25,2026-08-21
20220214,1.25,2026-08-21
20220215,1.25,2026-08-21
20220216,1.25,2026-08-21
20220217,1.25,2026-08-21
20220218,1.25,2026-08-21
20220219,1.25,2026-08-21
20220220,1.25,2026-08-21
20220221,1.25,2026-08-21
20220222,1.25,2026-08-21
20220223,1.25,2026-08-21
20220224,1.25,2026-08-21
20220225,1.25,2026-08-21
20220226,1.25,2026-08-21
20220227,1.25,2026-08-21
20220228,1.25,2026-08-21
20220301,1.25,2026-08-21
20220302,1.25,2026-08-21
20220303,1.25,2026-08-21
20220304,1.25,2026-08-21
20220305,1.25,2026-08-21
20220306,1.25,2026-08-21
20220307,1.25,2026-08-21
20220308,1.25,2026-08-21
20220309,1.25,2026-08-21
20220310,1.25,2026-08-21
20220311,1.25,2026-08-21
20220312,1.25,2026-08-21
20220313,1.25,2026-08-21
20220314,1.25,2026-08-21
20220315,1.25,2026-08-21
20220316,1.25,2026-08-21
20220317,1.25,2026-08-21
20220318,1.25,2026-08-21
20220319,1.25,2026-08-21
20220320,1.25,2026-08-21
20220321,1.25,2026-08-21
20220322,1.25,2026-08-21
20220323,1.25,2026-08-21
20220324,1.25,2026-08-21
20220325,1.25,2026-08-21
20220326,1.25,2026-08-21
20220327,1.25,2026-08-21
20220328,1.25,2026-08-21
20220329,1.25,2026-08-21
20220330,1.25,2026-08-21
20220331,1.25,2026-08-21
20220401,1.25,2026-08-21
20220402,1.25,2026-08-21
20220403,1.25,2026-08-21
20220404,1.25,2026-08-21
20220405,1.25,2026-08-21
20220406,1.25,2026-08-21
20220407,1.25,2026-08-21
20220408,1.25,2026-08-21
20220409,1.25,2026-08-21
20220410,1.25,2026-08-21
20220411,1.25,2026-08-21
20220412,1.25,2026-08-21
20220413,1.25,2026-08-21
20220414,1.5,2026-08-21
20220415,1.5,2026-08-21
20220416,1.5,2026-08-21
20220417,1.5,2026-08-21
20220418,1.5,2026-08-21
20220419,1.5,2026-08-21
20220420,1.5,2026-08-21
20220421,1.5,2026-08-21
20220422,1.5,2026-08-21
20220423,1.5,2026-08-21
20220424,1.5,2026-08-21
20220425,1.5,2026-08-21
20220426,1.5,2026-08-21
20220427,1.5,2026-08-21
20220428,1.5,2026-08-21
20220429,1.5,2026-08-21
20220430,1.5,2026-08-21
20220501,1.5,2026-08-21
20220502,1.5,2026-08-21
20220503,1.5,2026-08-21
20220504,1.5,2026-08-21
20220505,1.5,2026-08-21
20220506,1.5,2026-08-21
20220507,1.5,2026-08-21
20220508,1.5,2026-08-21
20220509,1.5,2026-08-21
20220510,1.5,2026-08-21
20220511,1.5,2026-08-21
20220512,1.5,2026-08-21
20220513,1.5,2026-08-21
20220514,1.5,2026-08-21
20220515,1.5,2026-08-21
20220516,1.5,2026-08-21
20220517,1.5,2026-08-21
20220518,1.5,2026-08-21
20220519,1.5,2026-08-21
20220520,1.5,2026-08-21
20220521,1.5,2026-08-21
20220522,1.5,2026-08-21
20220523,1.5,2026-08-21
20220524,1.5,2026-08-21
20220525,1.5,2026-08-21
20220526,1.75,2026-08-21
20220527,1.75,2026-08-21
20220528,1.75,2026-08-21
20220529,1.75,2026-08-21
20220530,1.75,2026-08-21
20220531,1.75,2026-08-21
20220601,1.75,2026-08-21
20220602,1.75,2026-08-21
20220603,1.75,2026-08-21
20220604,1.75,2026-08-21
20220605,1.75,2026-08-21
20220606,1.75,2026-08-21
20220607,1.75,2026-08-21
20220608,1.75,2026-08-21
20220609,1.75,2026-08-21
20220610,1.75,2026-08-21
20220611,1.75,2026-08-21
20220612,1.75,2026-08-21
20220613,1.75,2026-08-21
20220614,1.75,2026-08-21
20220615,1.75,2026-08-21
20220616,1.75,2026-08-21
20220617,1.75,2026-08-21
20220618,1.75,2026-08-21
20220619,1.75,2026-08-21
20220620,1.75,2026-08-21
20220621,1.75,2026-08-21
20220622,1.75,2026-08-21
20220623,1.75,2026-08-21
20220624,1.75,2026-08-21
20220625,1.75,2026-08-21
20220626,1.75,2026-08-21
20220627,1.75,2026-08-21
20220628,1.75,2026-08-21
20220629,1.75,2026-08-21
20220630,1.75,2026-08-21
20220701,1.75,2026-08-21
20220702,1.75,2026-08-21
20220703,1.75,2026-08-21
20220704,1.75,2026-08-21
20220705,1.75,2026-08-21
20220706,1.75,2026-08-21
20220707,1.75,2026-08-21
20220708,1.75,2026-08-21
20220709,1.75,2026-08-21
20220710,1.75,2026-08-21
20220711,1.75,2026-08-21
20220712,1.75,2026-08-21
20220713,2.25,2026-08-21
20220714,2.25,2026-08-21
20220715,2.25,2026-08-21
20220716,2.25,2026-08-21
20220717,2.25,2026-08-21
20220718,2.25,2026-08-21
20220719,2.25,2026-08-21
20220720,2.25,2026-08-21
20220721,2.25,2026-08-21
20220722,2.25,2026-08-21
20220723,2.25,2026-08-21
20220724,2.25,2026-08-21
20220725,2.25,2026-08-21
20220726,2.25,2026-08-21
20220727,2.25,2026-08-21
20220728,2.25,2026-08-21
20220729,2.25,2026-08-21
20220730,2.25,2026-08-21
20220731,2.25,2026-08-21
20220801,2.25,2026-08-21
20220802,2.25,2026-08-21
20220803,2.25,2026-08-21
20220804,2.25,2026-08-21
20220805,2.25,2026-08-21
20220806,2.25,2026-08-21
20220807,2.25,2026-08-21
20220808,2.25,2026-08-21
20220809,2.25,2026-08-21
20220810,2.25,2026-08-21
20220811,2.25,2026-08-21
20220812,2.25,2026-08-21
20220813,2.25,2026-08-21
20220814,2.25,2026-08-21
20220815,2.25,2026-08-21
20220816,2.25,2026-08-21
20220817,2.25,2026-08-21
20220818,2.25,2026-08-21
20220819,2.25,2026-08-21
20220820,2.25,2026-08-21
20220821,2.25,2026-08-21
20220822,2.25,2026-08-21
20220823,2.25,2026-08-21
20220824,2.25,2026-08-21
20220825,2.5,2026-08-21
20220826,2.5,2026-08-21
20220827,2.5,2026-08-21
20220828,2.5,2026-08-21
20220829,2.5,2026-08-21
20220830,2.5,2026-08-21
20220831,2.5,2026-08-21
20220901,2.5,2026-08-21
20220902,2.5,2026-08-21
20220903,2.5,2026-08-21
20220904,2.5,2026-08-21
20220905,2.5,2026-08-21
20220906,2.5,2026-08-21
20220907,2.5,2026-08-21
20220908,2.5,2026-08-21
20220909,2.5,2026-08-21
20220910,2.5,2026-08-21
20220911,2.5,2026-08-21
20220912,2.5,2026-08-21
20220913,2.5,2026-08-21
20220914,2.5,2026-08-21
20220915,2.5,2026-08-21
20220916,2.5,2026-08-21
20220917,2.5,2026-08-21
20220918,2.5,2026-08-21
20220919,2.5,2026-08-21
20220920,2.5,2026-08-21
20220921,2.5,2026-08-21
20220922,2.5,2026-08-21
20220923,2.5,2026-08-21
20220924,2.5,2026-08-21
20220925,2.5,2026-08-21
20220926,2.5,2026-08-21
20220927,2.5,2026-08-21
20220928,2.5,2026-08-21
20220929,2.5,2026-08-21
20220930,2.5,2026-08-21
20221001,2.5,2026-08-21
20221002,2.5,2026-08-21
20221003,2.5,2026-08-21
20221004,2.5,2026-08-21
20221005,2.5,2026-08-21
20221006,2.5,2026-08-21
20221007,2.5,2026-08-21
20221008,2.5,2026-08-21
20221009,2.5,2026-08-21
20221010,2.5,2026-08-21
20221011,2.5,2026-08-21
20221012,3,2026-08-21
20221013,3,2026-08-21
20221014,3,2026-08-21
20221015,3,2026-08-21
20221016,3,2026-08-21
20221017,3,2026-08-21
20221018,3,2026-08-21
20221019,3,2026-08-21
20221020,3,2026-08-21
20221021,3,2026-08-21
20221022,3,2026-08-21
20221023,3,2026-08-21
20221024,3,2026-08-21
20221025,3,2026-08-21
20221026,3,2026-08-21
20221027,3,2026-08-21
20221028,3,2026-08-21
20221029,3,2026-08-21
20221030,3,2026-08-21
20221031,3,2026-08-21
20221101,3,2026-08-21
20221102,3,2026-08-21
20221103,3,2026-08-21
20221104,3,2026-08-21
20221105,3,2026-08-21
20221106,3,2026-08-21
20221107,3,2026-08-21
20221108,3,2026-08-21
20221109,3,2026-08-21
20221110,3,2026-08-21
20221111,3,2026-08-21
20221112,3,2026-08-21
20221113,3,2026-08-21
20221114,3,2026-08-21
20221115,3,2026-08-21
20221116,3,2026-08-21
20221117,3,2026-08-21
20221118,3,2026-08-21
20221119,3,2026-08-21
20221120,3,2026-08-21
20221121,3,2026-08-21
20221122,3,2026-08-21
20221123,3,2026-08-21
20221124,3.25,2026-08-21
20221125,3.25,2026-08-21
20221126,3.25,2026-08-21
20221127,3.25,2026-08-21
20221128,3.25,2026-08-21
20221129,3.25,2026-08-21
20221130,3.25,2026-08-21
20221201,3.25,2026-08-21
20221202,3.25,2026-08-21
20221203,3.25,2026-08-21
20221204,3.25,2026-08-21
20221205,3.25,2026-08-21
20221206,3.25,2026-08-21
20221207,3.25,2026-08-21
20221208,3.25,2026-08-21
20221209,3.25,2026-08-21
20221210,3.25,2026-08-21
20221211,3.25,2026-08-21
20221212,3.25,2026-08-21
20221213,3.25,2026-08-21
20221214,3.25,2026-08-21
20221215,3.25,2026-08-21
20221216,3.25,2026-08-21
20221217,3.25,2026-08-21
20221218,3.25,2026-08-21
20221219,3.25,2026-08-21
20221220,3.25,2026-08-21
20221221,3.25,2026-08-21
20221222,3.25,2026-08-21
20221223,3.25,2026-08-21
20221224,3.25,2026-08-21
20221225,3.25,2026-08-21
20221226,3.25,2026-08-21
20221227,3.25,2026-08-21
20221228,3.25,2026-08-21
20221229,3.25,2026-08-21
20221230,3.25,2026-08-21
20221231,3.25,2026-08-21
20230101,3.25,2026-08-21
20230102,3.25,2026-08-21
20230103,3.25,2026-08-21
20230104,3.25,2026-08-21
20230105,3.25,2026-08-21
20230106,3.25,2026-08-21
20230107,3.25,2026-08-21
20230108,3.25,2026-08-21
20230109,3.25,2026-08-21
20230110,3.25,2026-08-21
20230111,3.25,2026-08-21
20230112,3.25,2026-08-21
20230113,3.5,2026-08-21
20230114,3.5,2026-08-21
20230115,3.5,2026-08-21
20230116,3.5,2026-08-21
20230117,3.5,2026-08-21
20230118,3.5,2026-08-21
20230119,3.5,2026-08-21
20230120,3.5,2026-08-21
20230121,3.5,2026-08-21
20230122,3.5,2026-08-21
20230123,3.5,2026-08-21
20230124,3.5,2026-08-21
20230125,3.5,2026-08-21
20230126,3.5,2026-08-21
20230127,3.5,2026-08-21
20230128,3.5,2026-08-21
20230129,3.5,2026-08-21
20230130,3.5,2026-08-21
20230131,3.5,2026-08-21
20230201,3.5,2026-08-21
20230202,3.5,2026-08-21
20230203,3.5,2026-08-21
20230204,3.5,2026-08-21
20230205,3.5,2026-08-21
20230206,3.5,2026-08-21
20230207,3.5,2026-08-21
20230208,3.5,2026-08-21
20230209,3.5,2026-08-21
20230210,3.5,2026-08-21
20230211,3.5,2026-08-21
20230212,3.5,2026-08-21
20230213,3.5,2026-08-21
20230214,3.5,2026-08-21
20230215,3.5,2026-08-21
20230216,3.5,2026-08-21
20230217,3.5,2026-08-21
20230218,3.5,2026-08-21
20230219,3.5,2026-08-21
20230220,3.5,2026-08-21
20230221,3.5,2026-08-21
20230222,3.5,2026-08-21
20230223,3.5,2026-08-21
20230224,3.5,2026-08-21
20230225,3.5,2026-08-21
20230226,3.5,2026-08-21
20230227,3.5,2026-08-21
20230228,3.5,2026-08-21
20230301,3.5,2026-08-21
20230302,3.5,2026-08-21
20230303,3.5,2026-08-21
20230304,3.5,2026-08-21
20230305,3.5,2026-08-21
20230306,3.5,2026-08-21
20230307,3.5,2026-08-21
20230308,3.5,2026-08-21
20230309,3.5,2026-08-21
20230310,3.5,2026-08-21
20230311,3.5,2026-08-21
20230312,3.5,2026-08-21
20230313,3.5,2026-08-21
20230314,3.5,2026-08-21
20230315,3.5,2026-08-21
20230316,3.5,2026-08-21
20230317,3.5,2026-08-21
20230318,3.5,2026-08-21
20230319,3.5,2026-08-21
20230320,3.5,2026-08-21
20230321,3.5,2026-08-21
20230322,3.5,2026-08-21
20230323,3.5,2026-08-21
20230324,3.5,2026-08-21
20230325,3.5,2026-08-21
20230326,3.5,2026-08-21
20230327,3.5,2026-08-21
20230328,3.5,2026-08-21
20230329,3.5,2026-08-21
20230330,3.5,2026-08-21
20230331,3.5,2026-08-21
20230401,3.5,2026-08-21
20230402,3.5,2026-08-21
20230403,3.5,2026-08-21
20230404,3.5,2026-08-21
20230405,3.5,2026-08-21
20230406,3.5,2026-08-21
20230407,3.5,2026-08-21
20230408,3.5,2026-08-21
20230409,3.5,2026-08-21
20230410,3.5,2026-08-21
20230411,3.5,2026-08-21
20230412,3.5,2026-08-21
20230413,3.5,2026-08-21
20230414,3.5,2026-08-21
20230415,3.5,2026-08-21
20230416,3.5,2026-08-21
20230417,3.5,2026-08-21
20230418,3.5,2026-08-21
20230419,3.5,2026-08-21
20230420,3.5,2026-08-21
20230421,3.5,2026-08-21
20230422,3.5,2026-08-21
20230423,3.5,2026-08-21
20230424,3.5,2026-08-21
20230425,3.5,2026-08-21
20230426,3.5,2026-08-21
20230427,3.5,2026-08-21
20230428,3.5,2026-08-21
20230429,3.5,2026-08-21
20230430,3.5,2026-08-21
20230501,3.5,2026-08-21
20230502,3.5,2026-08-21
20230503,3.5,2026-08-21
20230504,3.5,2026-08-21
20230505,3.5,2026-08-21
20230506,3.5,2026-08-21
20230507,3.5,2026-08-21
20230508,3.5,2026-08-21
20230509,3.5,2026-08-21
20230510,3.5,2026-08-21
20230511,3.5,2026-08-21
20230512,3.5,2026-08-21
20230513,3.5,2026-08-21
20230514,3.5,2026-08-21
20230515,3.5,2026-08-21
20230516,3.5,2026-08-21
20230517,3.5,2026-08-21
20230518,3.5,2026-08-21
20230519,3.5,2026-08-21
20230520,3.5,2026-08-21
20230521,3.5,2026-08-21
20230522,3.5,2026-08-21
20230523,3.5,2026-08-21
20230524,3.5,2026-08-21
20230525,3.5,2026-08-21
20230526,3.5,2026-08-21
20230527,3.5,2026-08-21
20230528,3.5,2026-08-21
20230529,3.5,2026-08-21
20230530,3.5,2026-08-21
20230531,3.5,2026-08-21
20230601,3.5,2026-08-21
20230602,3.5,2026-08-21
20230603,3.5,2026-08-21
20230604,3.5,2026-08-21
20230605,3.5,2026-08-21
20230606,3.5,2026-08-21
20230607,3.5,2026-08-21
20230608,3.5,2026-08-21
20230609,3.5,2026-08-21
20230610,3.5,2026-08-21
20230611,3.5,2026-08-21
20230612,3.5,2026-08-21
20230613,3.5,2026-08-21
20230614,3.5,2026-08-21
20230615,3.5,2026-08-21
20230616,3.5,2026-08-21
20230617,3.5,2026-08-21
20230618,3.5,2026-08-21
20230619,3.5,2026-08-21
20230620,3.5,2026-08-21
20230621,3.5,2026-08-21
20230622,3.5,2026-08-21
20230623,3.5,2026-08-21
20230624,3.5,2026-08-21
20230625,3.5,2026-08-21
20230626,3.5,2026-08-21
20230627,3.5,2026-08-21
20230628,3.5,2026-08-21
20230629,3.5,2026-08-21
20230630,3.5,2026-08-21
20230701,3.5,2026-08-21
20230702,3.5,2026-08-21
20230703,3.5,2026-08-21
20230704,3.5,2026-08-21
20230705,3.5,2026-08-21
20230706,3.5,2026-08-21
20230707,3.5,2026-08-21
20230708,3.5,2026-08-21
20230709,3.5,2026-08-21
20230710,3.5,2026-08-21
20230711,3.5,2026-08-21
20230712,3.5,2026-08-21
20230713,3.5,2026-08-21
20230714,3.5,2026-08-21
20230715,3.5,2026-08-21
20230716,3.5,2026-08-21
20230717,3.5,2026-08-21
20230718,3.5,2026-08-21
20230719,3.5,2026-08-21
20230720,3.5,2026-08-21
20230721,3.5,2026-08-21
20230722,3.5,2026-08-21
20230723,3.5,2026-08-21
20230724,3.5,2026-08-21
20230725,3.5,2026-08-21
20230726,3.5,2026-08-21
20230727,3.5,2026-08-21
20230728,3.5,2026-08-21
20230729,3.5,2026-08-21
20230730,3.5,2026-08-21
20230731,3.5,2026-08-21
20230801,3.5,2026-08-21
20230802,3.5,2026-08-21
20230803,3.5,2026-08-21
20230804,3.5,2026-08-21
20230805,3.5,2026-08-21
20230806,3.5,2026-08-21
20230807,3.5,2026-08-21
20230808,3.5,2026-08-21
20230809,3.5,2026-08-21
20230810,3.5,2026-08-21
20230811,3.5,2026-08-21
20230812,3.5,2026-08-21
20230813,3.5,2026-08-21
20230814,3.5,2026-08-21
20230815,3.5,2026-08-21
20230816,3.5,2026-08-21
20230817,3.5,2026-08-21
20230818,3.5,2026-08-21
20230819,3.5,2026-08-21
20230820,3.5,2026-08-21
20230821,3.5,2026-08-21
20230822,3.5,2026-08-21
20230823,3.5,2026-08-21
20230824,3.5,2026-08-21
20230825,3.5,2026-08-21
20230826,3.5,2026-08-21
20230827,3.5,2026-08-21
20230828,3.5,2026-08-21
20230829,3.5,2026-08-21
20230830,3.5,2026-08-21
20230831,3.5,2026-08-21
20230901,3.5,2026-08-21
20230902,3.5,2026-08-21
20230903,3.5,2026-08-21
20230904,3.5,2026-08-21
20230905,3.5,2026-08-21
20230906,3.5,2026-08-21
20230907,3.5,2026-08-21
20230908,3.5,2026-08-21
20230909,3.5,2026-08-21
20230910,3.5,2026-08-21
20230911,3.5,2026-08-21
20230912,3.5,2026-08-21
20230913,3.5,2026-08-21
20230914,3.5,2026-08-21
20230915,3.5,2026-08-21
20230916,3.5,2026-08-21
20230917,3.5,2026-08-21
20230918,3.5,2026-08-21
20230919,3.5,2026-08-21
20230920,3.5,2026-08-21
20230921,3.5,2026-08-21
20230922,3.5,2026-08-21
20230923,3.5,2026-08-21
20230924,3.5,2026-08-21
20230925,3.5,2026-08-21
20230926,3.5,2026-08-21
20230927,3.5,2026-08-21
20230928,3.5,2026-08-21
20230929,3.5,2026-08-21
20230930,3.5,2026-08-21
20231001,3.5,2026-08-21
20231002,3.5,2026-08-21
20231003,3.5,2026-08-21
20231004,3.5,2026-08-21
20231005,3.5,2026-08-21
20231006,3.5,2026-08-21
20231007,3.5,2026-08-21
20231008,3.5,2026-08-21
20231009,3.5,2026-08-21
20231010,3.5,2026-08-21
20231011,3.5,2026-08-21
20231012,3.5,2026-08-21
20231013,3.5,2026-08-21
20231014,3.5,2026-08-21
20231015,3.5,2026-08-21
20231016,3.5,2026-08-21
20231017,3.5,2026-08-21
20231018,3.5,2026-08-21
20231019,3.5,2026-08-21
20231020,3.5,2026-08-21
20231021,3.5,2026-08-21
20231022,3.5,2026-08-21
20231023,3.5,2026-08-21
20231024,3.5,2026-08-21
20231025,3.5,2026-08-21
20231026,3.5,2026-08-21
20231027,3.5,2026-08-21
20231028,3.5,2026-08-21
20231029,3.5,2026-08-21
20231030,3.5,2026-08-21
20231031,3.5,2026-08-21
20231101,3.5,2026-08-21
20231102,3.5,2026-08-21
20231103,3.5,2026-08-21
20231104,3.5,2026-08-21
20231105,3.5,2026-08-21
20231106,3.5,2026-08-21
20231107,3.5,2026-08-21
20231108,3.5,2026-08-21
20231109,3.5,2026-08-21
20231110,3.5,2026-08-21
20231111,3.5,2026-08-21
20231112,3.5,2026-08-21
20231113,3.5,2026-08-21
20231114,3.5,2026-08-21
20231115,3.5,2026-08-21
20231116,3.5,2026-08-21
20231117,3.5,2026-08-21
20231118,3.5,2026-08-21
20231119,3.5,2026-08-21
20231120,3.5,2026-08-21
20231121,3.5,2026-08-21
20231122,3.5,2026-08-21
20231123,3.5,2026-08-21
20231124,3.5,2026-08-21
20231125,3.5,2026-08-21
20231126,3.5,2026-08-21
20231127,3.5,2026-08-21
20231128,3.5,2026-08-21
20231129,3.5,2026-08-21
20231130,3.5,2026-08-21
20231201,3.5,2026-08-21
20231202,3.5,2026-08-21
20231203,3.5,2026-08-21
20231204,3.5,2026-08-21
20231205,3.5,2026-08-21
20231206,3.5,2026-08-21
20231207,3.5,2026-08-21
20231208,3.5,2026-08-21
20231209,3.5,2026-08-21
20231210,3.5,2026-08-21
20231211,3.5,2026-08-21
20231212,3.5,2026-08-21
20231213,3.5,2026-08-21
20231214,3.5,2026-08-21
20231215,3.5,2026-08-21
20231216,3.5,2026-08-21
20231217,3.5,2026-08-21
20231218,3.5,2026-08-21
20231219,3.5,2026-08-21
20231220,3.5,2026-08-21
20231221,3.5,2026-08-21
20231222,3.5,2026-08-21
20231223,3.5,2026-08-21
20231224,3.5,2026-08-21
20231225,3.5,2026-08-21
20231226,3.5,2026-08-21
20231227,3.5,2026-08-21
20231228,3.5,2026-08-21
20231229,3.5,2026-08-21
20231230,3.5,2026-08-21
20231231,3.5,2026-08-21
20240101,3.5,2026-08-21
20240102,3.5,2026-08-21
20240103,3.5,2026-08-21
20240104,3.5,2026-08-21
20240105,3.5,2026-08-21
20240106,3.5,2026-08-21
20240107,3.5,2026-08-21
20240108,3.5,2026-08-21
20240109,3.5,2026-08-21
20240110,3.5,2026-08-21
20240111,3.5,2026-08-21
20240112,3.5,2026-08-21
20240113,3.5,2026-08-21
20240114,3.5,2026-08-21
20240115,3.5,2026-08-21
20240116,3.5,2026-08-21
20240117,3.5,2026-08-21
20240118,3.5,2026-08-21
20240119,3.5,2026-08-21
20240120,3.5,2026-08-21
20240121,3.5,2026-08-21
20240122,3.5,2026-08-21
20240123,3.5,2026-08-21
20240124,3.5,2026-08-21
20240125,3.5,2026-08-21
20240126,3.5,2026-08-21
20240127,3.5,2026-08-21
20240128,3.5,2026-08-21
20240129,3.5,2026-08-21
20240130,3.5,2026-08-21
20240131,3.5,2026-08-21
20240201,3.5,2026-08-21
20240202,3.5,2026-08-21
20240203,3.5,2026-08-21
20240204,3.5,2026-08-21
20240205,3.5,2026-08-21
20240206,3.5,2026-08-21
20240207,3.5,2026-08-21
20240208,3.5,2026-08-21
20240209,3.5,2026-08-21
20240210,3.5,2026-08-21
20240211,3.5,2026-08-21
20240212,3.5,2026-08-21
20240213,3.5,2026-08-21
20240214,3.5,2026-08-21
20240215,3.5,2026-08-21
20240216,3.5,2026-08-21
20240217,3.5,2026-08-21
20240218,3.5,2026-08-21
20240219,3.5,2026-08-21
20240220,3.5,2026-08-21
20240221,3.5,2026-08-21
20240222,3.5,2026-08-21
20240223,3.5,2026-08-21
20240224,3.5,2026-08-21
20240225,3.5,2026-08-21
20240226,3.5,2026-08-21
20240227,3.5,2026-08-21
20240228,3.5,2026-08-21
20240229,3.5,2026-08-21
20240301,3.5,2026-08-21
20240302,3.5,2026-08-21
20240303,3.5,2026-08-21
20240304,3.5,2026-08-21
20240305,3.5,2026-08-21
20240306,3.5,2026-08-21
20240307,3.5,2026-08-21
20240308,3.5,2026-08-21
20240309,3.5,2026-08-21
20240310,3.5,2026-08-21
20240311,3.5,2026-08-21
20240312,3.5,2026-08-21
20240313,3.5,2026-08-21
20240314,3.5,2026-08-21
20240315,3.5,2026-08-21
20240316,3.5,2026-08-21
20240317,3.5,2026-08-21
20240318,3.5,2026-08-21
20240319,3.5,2026-08-21
20240320,3.5,2026-08-21
20240321,3.5,2026-08-21
20240322,3.5,2026-08-21
20240323,3.5,2026-08-21
20240324,3.5,2026-08-21
20240325,3.5,2026-08-21
20240326,3.5,2026-08-21
20240327,3.5,2026-08-21
20240328,3.5,2026-08-21
20240329,3.5,2026-08-21
20240330,3.5,2026-08-21
20240331,3.5,2026-08-21
20240401,3.5,2026-08-21
20240402,3.5,2026-08-21
20240403,3.5,2026-08-21
20240404,3.5,2026-08-21
20240405,3.5,2026-08-21
20240406,3.5,2026-08-21
20240407,3.5,2026-08-21
20240408,3.5,2026-08-21
20240409,3.5,2026-08-21
20240410,3.5,2026-08-21
20240411,3.5,2026-08-21
20240412,3.5,2026-08-21
20240413,3.5,2026-08-21
20240414,3.5,2026-08-21
20240415,3.5,2026-08-21
20240416,3.5,2026-08-21
20240417,3.5,2026-08-21
20240418,3.5,2026-08-21
20240419,3.5,2026-08-21
20240420,3.5,2026-08-21
20240421,3.5,2026-08-21
20240422,3.5,2026-08-21
20240423,3.5,2026-08-21
20240424,3.5,2026-08-21
20240425,3.5,2026-08-21
20240426,3.5,2026-08-21
20240427,3.5,2026-08-21
20240428,3.5,2026-08-21
20240429,3.5,2026-08-21
20240430,3.5,2026-08-21
20240501,3.5,2026-08-21
20240502,3.5,2026-08-21
20240503,3.5,2026-08-21
20240504,3.5,2026-08-21
20240505,3.5,2026-08-21
20240506,3.5,2026-08-21
20240507,3.5,2026-08-21
20240508,3.5,2026-08-21
20240509,3.5,2026-08-21
20240510,3.5,2026-08-21
20240511,3.5,2026-08-21
20240512,3.5,2026-08-21
20240513,3.5,2026-08-21
20240514,3.5,2026-08-21
20240515,3.5,2026-08-21
20240516,3.5,2026-08-21
20240517,3.5,2026-08-21
20240518,3.5,2026-08-21
20240519,3.5,2026-08-21
20240520,3.5,2026-08-21
20240521,3.5,2026-08-21
20240522,3.5,2026-08-21
20240523,3.5,2026-08-21
20240524,3.5,2026-08-21
20240525,3.5,2026-08-21
20240526,3.5,2026-08-21
20240527,3.5,2026-08-21
20240528,3.5,2026-08-21
20240529,3.5,2026-08-21
20240530,3.5,2026-08-21
20240531,3.5,2026-08-21
20240601,3.5,2026-08-21
20240602,3.5,2026-08-21
20240603,3.5,2026-08-21
20240604,3.5,2026-08-21
20240605,3.5,2026-08-21
20240606,3.5,2026-08-21
20240607,3.5,2026-08-21
20240608,3.5,2026-08-21
20240609,3.5,2026-08-21
20240610,3.5,2026-08-21
20240611,3.5,2026-08-21
20240612,3.5,2026-08-21
20240613,3.5,2026-08-21
20240614,3.5,2026-08-21
20240615,3.5,2026-08-21
20240616,3.5,2026-08-21
20240617,3.5,2026-08-21
20240618,3.5,2026-08-21
20240619,3.5,2026-08-21
20240620,3.5,2026-08-21
20240621,3.5,2026-08-21
20240622,3.5,2026-08-21
20240623,3.5,2026-08-21
20240624,3.5,2026-08-21
20240625,3.5,2026-08-21
20240626,3.5,2026-08-21
20240627,3.5,2026-08-21
20240628,3.5,2026-08-21
20240629,3.5,2026-08-21
20240630,3.5,2026-08-21
20240701,3.5,2026-08-21
20240702,3.5,2026-08-21
20240703,3.5,2026-08-21
20240704,3.5,2026-08-21
20240705,3.5,2026-08-21
20240706,3.5,2026-08-21
20240707,3.5,2026-08-21
20240708,3.5,2026-08-21
20240709,3.5,2026-08-21
20240710,3.5,2026-08-21
20240711,3.5,2026-08-21
20240712,3.5,2026-08-21
20240713,3.5,2026-08-21
20240714,3.5,2026-08-21
20240715,3.5,2026-08-21
20240716,3.5,2026-08-21
20240717,3.5,2026-08-21
20240718,3.5,2026-08-21
20240719,3.5,2026-08-21
20240720,3.5,2026-08-21
20240721,3.5,2026-08-21
20240722,3.5,2026-08-21
20240723,3.5,2026-08-21
20240724,3.5,2026-08-21
20240725,3.5,2026-08-21
20240726,3.5,2026-08-21
20240727,3.5,2026-08-21
20240728,3.5,2026-08-21
20240729,3.5,2026-08-21
20240730,3.5,2026-08-21
20240731,3.5,2026-08-21
20240801,3.5,2026-08-21
20240802,3.5,2026-08-21
20240803,3.5,2026-08-21
20240804,3.5,2026-08-21
20240805,3.5,2026-08-21
20240806,3.5,2026-08-21
20240807,3.5,2026-08-21
20240808,3.5,2026-08-21
20240809,3.5,2026-08-21
20240810,3.5,2026-08-21
20240811,3.5,2026-08-21
20240812,3.5,2026-08-21
20240813,3.5,2026-08-21
20240814,3.5,2026-08-21
20240815,3.5,2026-08-21
20240816,3.5,2026-08-21
20240817,3.5,2026-08-21
20240818,3.5,2026-08-21
20240819,3.5,2026-08-21
20240820,3.5,2026-08-21
20240821,3.5,2026-08-21
20240822,3.5,2026-08-21
20240823,3.5,2026-08-21
20240824,3.5,2026-08-21
20240825,3.5,2026-08-21
20240826,3.5,2026-08-21
20240827,3.5,2026-08-21
20240828,3.5,2026-08-21
20240829,3.5,2026-08-21
20240830,3.5,2026-08-21
20240831,3.5,2026-08-21
20240901,3.5,2026-08-21
20240902,3.5,2026-08-21
20240903,3.5,2026-08-21
20240904,3.5,2026-08-21
20240905,3.5,2026-08-21
20240906,3.5,2026-08-21
20240907,3.5,2026-08-21
20240908,3.5,2026-08-21
20240909,3.5,2026-08-21
20240910,3.5,2026-08-21
20240911,3.5,2026-08-21
20240912,3.5,2026-08-21
20240913,3.5,2026-08-21
20240914,3.5,2026-08-21
20240915,3.5,2026-08-21
20240916,3.5,2026-08-21
20240917,3.5,2026-08-21
20240918,3.5,2026-08-21
20240919,3.5,2026-08-21
20240920,3.5,2026-08-21
20240921,3.5,2026-08-21
20240922,3.5,2026-08-21
20240923,3.5,2026-08-21
20240924,3.5,2026-08-21
20240925,3.5,2026-08-21
20240926,3.5,2026-08-21
20240927,3.5,2026-08-21
20240928,3.5,2026-08-21
20240929,3.5,2026-08-21
20240930,3.5,2026-08-21
20241001,3.5,2026-08-21
20241002,3.5,2026-08-21
20241003,3.5,2026-08-21
20241004,3.5,2026-08-21
20241005,3.5,2026-08-21
20241006,3.5,2026-08-21
20241007,3.5,2026-08-21
20241008,3.5,2026-08-21
20241009,3.5,2026-08-21
20241010,3.5,2026-08-21
20241011,3.25,2026-08-21
20241012,3.25,2026-08-21
20241013,3.25,2026-08-21
20241014,3.25,2026-08-21
20241015,3.25,2026-08-21
20241016,3.25,2026-08-21
20241017,3.25,2026-08-21
20241018,3.25,2026-08-21
20241019,3.25,2026-08-21
20241020,3.25,2026-08-21
20241021,3.25,2026-08-21
20241022,3.25,2026-08-21
20241023,3.25,2026-08-21
20241024,3.25,2026-08-21
20241025,3.25,2026-08-21
20241026,3.25,2026-08-21
20241027,3.25,2026-08-21
20241028,3.25,2026-08-21
20241029,3.25,2026-08-21
20241030,3.25,2026-08-21
20241031,3.25,2026-08-21
20241101,3.25,2026-08-21
20241102,3.25,2026-08-21
20241103,3.25,2026-08-21
20241104,3.25,2026-08-21
20241105,3.25,2026-08-21
20241106,3.25,2026-08-21
20241107,3.25,2026-08-21
20241108,3.25,2026-08-21
20241109,3.25,2026-08-21
20241110,3.25,2026-08-21
20241111,3.25,2026-08-21
20241112,3.25,2026-08-21
20241113,3.25,2026-08-21
20241114,3.25,2026-08-21
20241115,3.25,2026-08-21
20241116,3.25,2026-08-21
20241117,3.25,2026-08-21
20241118,3.25,2026-08-21
20241119,3.25,2026-08-21
20241120,3.25,2026-08-21
20241121,3.25,2026-08-21
20241122,3.25,2026-08-21
20241123,3.25,2026-08-21
20241124,3.25,2026-08-21
20241125,3.25,2026-08-21
20241126,3.25,2026-08-21
20241127,3.25,2026-08-21
20241128,3,2026-08-21
20241129,3,2026-08-21
20241130,3,2026-08-21
20241201,3,2026-08-21
20241202,3,2026-08-21
20241203,3,2026-08-21
20241204,3,2026-08-21
20241205,3,2026-08-21
20241206,3,2026-08-21
20241207,3,2026-08-21
20241208,3,2026-08-21
20241209,3,2026-08-21
20241210,3,2026-08-21
20241211,3,2026-08-21
20241212,3,2026-08-21
20241213,3,2026-08-21
20241214,3,2026-08-21
20241215,3,2026-08-21
20241216,3,2026-08-21
20241217,3,2026-08-21
20241218,3,2026-08-21
20241219,3,2026-08-21
20241220,3,2026-08-21
20241221,3,2026-08-21
20241222,3,2026-08-21
20241223,3,2026-08-21
20241224,3,2026-08-21
20241225,3,2026-08-21
20241226,3,2026-08-21
20241227,3,2026-08-21
20241228,3,2026-08-21
20241229,3,2026-08-21
20241230,3,2026-08-21
20241231,3,2026-08-21
20250101,3,2026-08-21
20250102,3,2026-08-21
20250103,3,2026-08-21
20250104,3,2026-08-21
20250105,3,2026-08-21
20250106,3,2026-08-21
20250107,3,2026-08-21
20250108,3,2026-08-21
20250109,3,2026-08-21
20250110,3,2026-08-21
20250111,3,2026-08-21
20250112,3,2026-08-21
20250113,3,2026-08-21
20250114,3,2026-08-21
20250115,3,2026-08-21
20250116,3,2026-08-21
20250117,3,2026-08-21
20250118,3,2026-08-21
20250119,3,2026-08-21
20250120,3,2026-08-21
20250121,3,2026-08-21
20250122,3,2026-08-21
20250123,3,2026-08-21
20250124,3,2026-08-21
20250125,3,2026-08-21
20250126,3,2026-08-21
20250127,3,2026-08-21
20250128,3,2026-08-21
20250129,3,2026-08-21
20250130,3,2026-08-21
20250131,3,2026-08-21
20250201,3,2026-08-21
20250202,3,2026-08-21
20250203,3,2026-08-21
20250204,3,2026-08-21
20250205,3,2026-08-21
20250206,3,2026-08-21
20250207,3,2026-08-21
20250208,3,2026-08-21
20250209,3,2026-08-21
20250210,3,2026-08-21
20250211,3,2026-08-21
20250212,3,2026-08-21
20250213,3,2026-08-21
20250214,3,2026-08-21
20250215,3,2026-08-21
20250216,3,2026-08-21
20250217,3,2026-08-21
20250218,3,2026-08-21
20250219,3,2026-08-21
20250220,3,2026-08-21
20250221,3,2026-08-21
20250222,3,2026-08-21
20250223,3,2026-08-21
20250224,3,2026-08-21
20250225,2.75,2026-08-21
20250226,2.75,2026-08-21
20250227,2.75,2026-08-21
20250228,2.75,2026-08-21
20250301,2.75,2026-08-21
20250302,2.75,2026-08-21
20250303,2.75,2026-08-21
20250304,2.75,2026-08-21
20250305,2.75,2026-08-21
20250306,2.75,2026-08-21
20250307,2.75,2026-08-21
20250308,2.75,2026-08-21
20250309,2.75,2026-08-21
20250310,2.75,2026-08-21
20250311,2.75,2026-08-21
20250312,2.75,2026-08-21
20250313,2.75,2026-08-21
20250314,2.75,2026-08-21
20250315,2.75,2026-08-21
20250316,2.75,2026-08-21
20250317,2.75,2026-08-21
20250318,2.75,2026-08-21
20250319,2.75,2026-08-21
20250320,2.75,2026-08-21
20250321,2.75,2026-08-21
20250322,2.75,2026-08-21
20250323,2.75,2026-08-21
20250324,2.75,2026-08-21
20250325,2.75,2026-08-21
20250326,2.75,2026-08-21
20250327,2.75,2026-08-21
20250328,2.75,2026-08-21
20250329,2.75,2026-08-21
20250330,2.75,2026-08-21
20250331,2.75,2026-08-21
20250401,2.75,2026-08-21
20250402,2.75,2026-08-21
20250403,2.75,2026-08-21
20250404,2.75,2026-08-21
20250405,2.75,2026-08-21
20250406,2.75,2026-08-21
20250407,2.75,2026-08-21
20250408,2.75,2026-08-21
20250409,2.75,2026-08-21
20250410,2.75,2026-08-21
20250411,2.75,2026-08-21
20250412,2.75,2026-08-21
20250413,2.75,2026-08-21
20250414,2.75,2026-08-21
20250415,2.75,2026-08-21
20250416,2.75,2026-08-21
20250417,2.75,2026-08-21
20250418,2.75,2026-08-21
20250419,2.75,2026-08-21
20250420,2.75,2026-08-21
20250421,2.75,2026-08-21
20250422,2.75,2026-08-21
20250423,2.75,2026-08-21
20250424,2.75,2026-08-21
20250425,2.75,2026-08-21
20250426,2.75,2026-08-21
20250427,2.75,2026-08-21
20250428,2.75,2026-08-21
20250429,2.75,2026-08-21
20250430,2.75,2026-08-21
20250501,2.75,2026-08-21
20250502,2.75,2026-08-21
20250503,2.75,2026-08-21
20250504,2.75,2026-08-21
20250505,2.75,2026-08-21
20250506,2.75,2026-08-21
20250507,2.75,2026-08-21
20250508,2.75,2026-08-21
20250509,2.75,2026-08-21
20250510,2.75,2026-08-21
20250511,2.75,2026-08-21
20250512,2.75,2026-08-21
20250513,2.75,2026-08-21
20250514,2.75,2026-08-21
20250515,2.75,2026-08-21
20250516,2.75,2026-08-21
20250517,2.75,2026-08-21
20250518,2.75,2026-08-21
20250519,2.75,2026-08-21
20250520,2.75,2026-08-21
20250521,2.75,2026-08-21
20250522,2.75,2026-08-21
20250523,2.75,2026-08-21
20250524,2.75,2026-08-21
20250525,2.75,2026-08-21
20250526,2.75,2026-08-21
20250527,2.75,2026-08-21
20250528,2.75,2026-08-21
20250529,2.5,2026-08-21
20250530,2.5,2026-08-21
20250531,2.5,2026-08-21
20250601,2.5,2026-08-21
20250602,2.5,2026-08-21
20250603,2.5,2026-08-21
20250604,2.5,2026-08-21
20250605,2.5,2026-08-21
20250606,2.5,2026-08-21
20250607,2.5,2026-08-21
20250608,2.5,2026-08-21
20250609,2.5,2026-08-21
20250610,2.5,2026-08-21
20250611,2.5,2026-08-21
20250612,2.5,2026-08-21
20250613,2.5,2026-08-21
20250614,2.5,2026-08-21
20250615,2.5,2026-08-21
20250616,2.5,2026-08-21
20250617,2.5,2026-08-21
20250618,2.5,2026-08-21
20250619,2.5,2026-08-21
20250620,2.5,2026-08-21
20250621,2.5,2026-08-21
20250622,2.5,2026-08-21
20250623,2.5,2026-08-21
20250624,2.5,2026-08-21
20250625,2.5,2026-08-21
20250626,2.5,2026-08-21
20250627,2.5,2026-08-21
20250628,2.5,2026-08-21
20250629,2.5,2026-08-21
20250630,2.5,2026-08-21
20250701,2.5,2026-08-21
20250702,2.5,2026-08-21
20250703,2.5,2026-08-21
20250704,2.5,2026-08-21
20250705,2.5,2026-08-21
20250706,2.5,2026-08-21
20250707,2.5,2026-08-21
20250708,2.5,2026-08-21
20250709,2.5,2026-08-21
20250710,2.5,2026-08-21
20250711,2.5,2026-08-21
20250712,2.5,2026-08-21
20250713,2.5,2026-08-21
20250714,2.5,2026-08-21
20250715,2.5,2026-08-21
20250716,2.5,2026-08-21
20250717,2.5,2026-08-21
20250718,2.5,2026-08-21
20250719,2.5,2026-08-21
20250720,2.5,2026-08-21
20250721,2.5,2026-08-21
20250722,2.5,2026-08-21
20250723,2.5,2026-08-21
20250724,2.5,2026-08-21
20250725,2.5,2026-08-21
20250726,2.5,2026-08-21
20250727,2.5,2026-08-21
20250728,2.5,2026-08-21
20250729,2.5,2026-08-21
20250730,2.5,2026-08-21
20250731,2.5,2026-08-21
20250801,2.5,2026-08-21
20250802,2.5,2026-08-21
20250803,2.5,2026-08-21
20250804,2.5,2026-08-21
20250805,2.5,2026-08-21
20250806,2.5,2026-08-21
20250807,2.5,2026-08-21
20250808,2.5,2026-08-21
20250809,2.5,2026-08-21
20250810,2.5,2026-08-21
20250811,2.5,2026-08-21
20250812,2.5,2026-08-21
20250813,2.5,2026-08-21
20250814,2.5,2026-08-21
20250815,2.5,2026-08-21
20250816,2.5,2026-08-21
20250817,2.5,2026-08-21
20250818,2.5,2026-08-21
20250819,2.5,2026-08-21
20250820,2.5,2026-08-21
20250821,2.5,2026-08-21
20250822,2.5,2026-08-21
20250823,2.5,2026-08-21
20250824,2.5,2026-08-21
20250825,2.5,2026-08-21
20250826,2.5,2026-08-21
20250827,2.5,2026-08-21
20250828,2.5,2026-08-21
20250829,2.5,2026-08-21
20250830,2.5,2026-08-21
20250831,2.5,2026-08-21
20250901,2.5,2026-08-21
20250902,2.5,2026-08-21
20250903,2.5,2026-08-21
20250904,2.5,2026-08-21
20250905,2.5,2026-08-21
20250906,2.5,2026-08-21
20250907,2.5,2026-08-21
20250908,2.5,2026-08-21
20250909,2.5,2026-08-21
20250910,2.5,2026-08-21
20250911,2.5,2026-08-21
20250912,2.5,2026-08-21
20250913,2.5,2026-08-21
20250914,2.5,2026-08-21
20250915,2.5,2026-08-21
20250916,2.5,2026-08-21
20250917,2.5,2026-08-21
20250918,2.5,2026-08-21
20250919,2.5,2026-08-21
20250920,2.5,2026-08-21
20250921,2.5,2026-08-21
20250922,2.5,2026-08-21
20250923,2.5,2026-08-21
20250924,2.5,2026-08-21
20250925,2.5,2026-08-21
20250926,2.5,2026-08-21
20250927,2.5,2026-08-21
20250928,2.5,2026-08-21
20250929,2.5,2026-08-21
20250930,2.5,2026-08-21
20251001,2.5,2026-08-21
20251002,2.5,2026-08-21
20251003,2.5,2026-08-21
20251004,2.5,2026-08-21
20251005,2.5,2026-08-21
20251006,2.5,2026-08-21
20251007,2.5,2026-08-21
20251008,2.5,2026-08-21
20251009,2.5,2026-08-21
20251010,2.5,2026-08-21
20251011,2.5,2026-08-21
20251012,2.5,2026-08-21
20251013,2.5,2026-08-21
20251014,2.5,2026-08-21
20251015,2.5,2026-08-21
20251016,2.5,2026-08-21
20251017,2.5,2026-08-21
20251018,2.5,2026-08-21
20251019,2.5,2026-08-21
20251020,2.5,2026-08-21
20251021,2.5,2026-08-21
20251022,2.5,2026-08-21
20251023,2.5,2026-08-21
20251024,2.5,2026-08-21
20251025,2.5,2026-08-21
20251026,2.5,2026-08-21
20251027,2.5,2026-08-21
20251028,2.5,2026-08-21
20251029,2.5,2026-08-21
20251030,2.5,2026-08-21
20251031,2.5,2026-08-21
20251101,2.5,2026-08-21
20251102,2.5,2026-08-21
20251103,2.5,2026-08-21
20251104,2.5,2026-08-21
20251105,2.5,2026-08-21
20251106,2.5,2026-08-21
20251107,2.5,2026-08-21
20251108,2.5,2026-08-21
20251109,2.5,2026-08-21
20251110,2.5,2026-08-21
20251111,2.5,2026-08-21
20251112,2.5,2026-08-21
20251113,2.5,2026-08-21
20251114,2.5,2026-08-21
20251115,2.5,2026-08-21
20251116,2.5,2026-08-21
20251117,2.5,2026-08-21
20251118,2.5,2026-08-21
20251119,2.5,2026-08-21
20251120,2.5,2026-08-21
20251121,2.5,2026-08-21
20251122,2.5,2026-08-21
20251123,2.5,2026-08-21
20251124,2.5,2026-08-21
20251125,2.5,2026-08-21
20251126,2.5,2026-08-21
20251127,2.5,2026-08-21
20251128,2.5,2026-08-21
20251129,2.5,2026-08-21
20251130,2.5,2026-08-21
20251201,2.5,2026-08-21
20251202,2.5,2026-08-21
20251203,2.5,2026-08-21
20251204,2.5,2026-08-21
20251205,2.5,2026-08-21
20251206,2.5,2026-08-21
20251207,2.5,2026-08-21
20251208,2.5,2026-08-21
20251209,2.5,2026-08-21
20251210,2.5,2026-08-21
20251211,2.5,2026-08-21
20251212,2.5,2026-08-21
20251213,2.5,2026-08-21
20251214,2.5,2026-08-21
20251215,2.5,2026-08-21
20251216,2.5,2026-08-21
20251217,2.5,2026-08-21
20251218,2.5,2026-08-21
20251219,2.5,2026-08-21
20251220,2.5,2026-08-21
20251221,2.5,2026-08-21
20251222,2.5,2026-08-21
20251223,2.5,2026-08-21
20251224,2.5,2026-08-21
20251225,2.5,2026-08-21
20251226,2.5,2026-08-21
20251227,2.5,2026-08-21
20251228,2.5,2026-08-21
20251229,2.5,2026-08-21
20251230,2.5,2026-08-21
20251231,2.5,2026-08-21
20260101,2.5,2026-08-21
20260102,2.5,2026-08-21
20260103,2.5,2026-08-21
20260104,2.5,2026-08-21
20260105,2.5,2026-08-21
20260106,2.5,2026-08-21
20260107,2.5,2026-08-21
20260108,2.5,2026-08-21
20260109,2.5,2026-08-21
20260110,2.5,2026-08-21
20260111,2.5,2026-08-21
20260112,2.5,2026-08-21
20260113,2.5,2026-08-21
20260114,2.5,2026-08-21
20260115,2.5,2026-08-21
20260116,2.5,2026-08-21
20260117,2.5,2026-08-21
20260118,2.5,2026-08-21
20260119,2.5,2026-08-21
20260120,2.5,2026-08-21
20260121,2.5,2026-08-21
20260122,2.5,2026-08-21
20260123,2.5,2026-08-21
20260124,2.5,2026-08-21
20260125,2.5,2026-08-21
20260126,2.5,2026-08-21
20260127,2.5,2026-08-21
20260128,2.5,2026-08-21
20260129,2.5,2026-08-21
20260130,2.5,2026-08-21
20260131,2.5,2026-08-21
20260201,2.5,2026-08-21
20260202,2.5,2026-08-21
20260203,2.5,2026-08-21
20260204,2.5,2026-08-21
20260205,2.5,2026-08-21
20260206,2.5,2026-08-21
20260207,2.5,2026-08-21
20260208,2.5,2026-08-21
20260209,2.5,2026-08-21
20260210,2.5,2026-08-21
20260211,2.5,2026-08-21
20260212,2.5,2026-08-21
20260213,2.5,2026-08-21
20260214,2.5,2026-08-21
20260215,2.5,2026-08-21
20260216,2.5,2026-08-21
20260217,2.5,2026-08-21
20260218,2.5,2026-08-21
20260219,2.5,2026-08-21
20260220,2.5,2026-08-21
20260221,2.5,2026-08-21
20260222,2.5,2026-08-21
20260223,2.5,2026-08-21
20260224,2.5,2026-08-21
20260225,2.5,2026-08-21
20260226,2.5,2026-08-21
20260227,2.5,2026-08-21
20260228,2.5,2026-08-21
20260301,2.5,2026-08-21
20260302,2.5,2026-08-21
20260303,2.5,2026-08-21
20260304,2.5,2026-08-21
20260305,2.5,2026-08-21
20260306,2.5,2026-08-21
20260307,2.5,2026-08-21
20260308,2.5,2026-08-21
20260309,2.5,2026-08-21
20260310,2.5,2026-08-21
20260311,2.5,2026-08-21
20260312,2.5,2026-08-21
20260313,2.5,2026-08-21
20260314,2.5,2026-08-21
20260315,2.5,2026-08-21
20260316,2.5,2026-08-21
20260317,2.5,2026-08-21
20260318,2.5,2026-08-21
20260319,2.5,2026-08-21
20260320,2.5,2026-08-21
20260321,2.5,2026-08-21
20260322,2.5,2026-08-21
20260323,2.5,2026-08-21
20260324,2.5,2026-08-21
20260325,2.5,2026-08-21
20260326,2.5,2026-08-21
20260327,2.5,2026-08-21
20260328,2.5,2026-08-21
20260329,2.5,2026-08-21
20260330,2.5,2026-08-21
20260331,2.5,2026-08-21
20260401,2.5,2026-08-21
20260402,2.5,2026-08-21
20260403,2.5,2026-08-21
20260404,2.5,2026-08-21
20260405,2.5,2026-08-21
20260406,2.5,2026-08-21
20260407,2.5,2026-08-21
20260408,2.5,2026-08-21
20260409,2.5,2026-08-21
20260410,2.5,2026-08-21
20260411,2.5,2026-08-21
20260412,2.5,2026-08-21
20260413,2.5,2026-08-21
20260414,2.5,2026-08-21
20260415,2.5,2026-08-21
20260416,2.5,2026-08-21
20260417,2.5,2026-08-21
20260418,2.5,2026-08-21
20260419,2.5,2026-08-21
20260420,2.5,2026-08-21
20260421,2.5,2026-08-21
20260422,2.5,2026-08-21
20260423,2.5,2026-08-21
20260424,2.5,2026-08-21
20260425,2.5,2026-08-21
20260426,2.5,2026-08-21
20260427,2.5,2026-08-21
20260428,2.5,2026-08-21
20260429,2.5,2026-08-21
20260430,2.5,2026-08-21
20260501,2.5,2026-08-21
20260502,2.5,2026-08-21
20260503,2.5,2026-08-21
20260504,2.5,2026-08-21
20260505,2.5,2026-08-21
20260506,2.5,2026-08-21
20260507,2.5,2026-08-21
20260508,2.5,2026-08-21
20260509,2.5,2026-08-21
20260510,2.5,2026-08-21
20260511,2.5,2026-08-21
20260512,2.5,2026-08-21
20260513,2.5,2026-08-21
20260514,2.5,2026-08-21
20260515,2.5,2026-08-21
20260516,2.5,2026-08-21
20260517,2.5,2026-08-21
20260518,2.5,2026-08-21
20260519,2.5,2026-08-21
20260520,2.5,2026-08-21
20260521,2.5,2026-08-21
20260522,2.5,2026-08-21
20260523,2.5,2026-08-21
20260524,2.5,2026-08-21
20260525,2.5,2026-08-21
20260526,2.5,2026-08-21
20260527,2.5,2026-08-21
20260528,2.5,2026-08-21
20260529,2.5,2026-08-21
20260530,2.5,2026-08-21
20260531,2.5,2026-08-21
20260601,2.5,2026-08-21
20260602,2.5,2026-08-21
20260603,2.5,2026-08-21
20260604,2.5,2026-08-21
20260605,2.5,2026-08-21
20260606,2.5,2026-08-21
20260607,2.5,2026-08-21
20260608,2.5,2026-08-21
20260609,2.5,2026-08-21
20260610,2.5,2026-08-21
20260611,2.5,2026-08-21
20260612,2.5,2026-08-21
20260613,2.5,2026-08-21
20260614,2.5,2026-08-21
20260615,2.5,2026-08-21
20260616,2.5,2026-08-21
20260617,2.5,2026-08-21
20260618,2.5,2026-08-21
20260619,2.5,2026-08-21
20260620,2.5,2026-08-21
20260621,2.5,2026-08-21
20260622,2.5,2026-08-21
20260623,2.5,2026-08-21
20260624,2.5,2026-08-21
20260625,2.5,2026-08-21
20260626,2.5,2026-08-21
20260627,2.5,2026-08-21
20260628,2.5,2026-08-21
20260629,2.5,2026-08-21
20260630,2.5,2026-08-21
20260701,2.5,2026-08-21
20260702,2.5,2026-08-21
20260703,2.5,2026-08-21
20260704,2.5,2026-08-21
20260705,2.5,2026-08-21
20260706,2.5,2026-08-21
20260707,2.5,2026-08-21
20260708,2.5,2026-08-21
20260709,2.5,2026-08-21
20260710,2.5,2026-08-21
20260711,2.5,2026-08-21
20260712,2.5,2026-08-21
20260713,2.5,2026-08-21
20260714,2.5,2026-08-21
20260715,2.5,2026-08-21
20260716,2.75,2026-08-21
20260717,2.75,2026-08-21
20260718,2.75,2026-08-21
20260719,2.75,2026-08-21
20260720,2.75,2026-08-21
20260721,2.75,2026-08-21
20260722,2.75,2026-08-21
20260723,2.75,2026-08-21
20260724,2.75,2026-08-21
20260725,2.75,2026-08-21
20260726,2.75,2026-08-21
20260727,2.75,2026-08-21
20260728,2.75,2026-08-21
20260729,2.75,2026-08-21
20260730,2.75,2026-08-21
20260731,2.75,2026-08-21
20260801,2.75,2026-08-21
20260802,2.75,2026-08-21
20260803,2.75,2026-08-21
20260804,2.75,2026-08-21
20260805,2.75,2026-08-21
20260806,2.75,2026-08-21
20260807,2.75,2026-08-21
20260808,2.75,2026-08-21
20260809,2.75,2026-08-21
20260810,2.75,2026-08-21
20260811,2.75,2026-08-21
20260812,2.75,2026-08-21
20260813,2.75,2026-08-21
20260814,2.75,2026-08-21
20260815,2.75,2026-08-21
20260816,2.75,2026-08-21
20260817,2.75,2026-08-21
20260818,2.75,2026-08-21
20260819,2.75,2026-08-21
20260820,2.75,2026-08-21
20260821,2.75,2026-08-21
