date,value,retrieved_at
1990-01-02,1.8064,2026-08-21
1990-01-03,1.8279,2026-08-21
1990-01-04,1.8294,2026-08-21
1990-01-05,1.8392,2026-08-21
1990-01-08,1.8517,2026-08-21
1990-01-09,1.8577,2026-08-21
1990-01-10,1.8666,2026-08-21
1990-01-11,1.8677,2026-08-21
1990-01-12,1.8932,2026-08-21
1990-01-15,.,2026-08-21
1990-01-16,1.9327,2026-08-21
1990-01-17,1.9274,2026-08-21
1990-01-18,1.9679,2026-08-21
1990-01-19,1.9484,2026-08-21
1990-01-22,1.9469,2026-08-21
1990-01-23,1.9415,2026-08-21
1990-01-24,1.9870,2026-08-21
1990-01-25,2.0154,2026-08-21
1990-01-26,2.0526,2026-08-21
1990-01-29,2.0550,2026-08-21
1990-01-30,2.0608,2026-08-21
1990-01-31,2.0312,2026-08-21
1990-02-01,2.0127,2026-08-21
1990-02-02,2.0304,2026-08-21
1990-02-05,2.0407,2026-08-21
1990-02-06,2.0604,2026-08-21
1990-02-07,2.0657,2026-08-21
1990-02-08,2.0479,2026-08-21
1990-02-09,1.9918,2026-08-21
1990-02-12,2.0117,2026-08-21
1990-02-13,2.0079,2026-08-21
1990-02-14,2.0191,2026-08-21
1990-02-15,2.0402,2026-08-21
1990-02-16,2.0426,2026-08-21
1990-02-19,.,2026-08-21
1990-02-20,2.1110,2026-08-21
1990-02-21,2.1273,2026-08-21
1990-02-22,2.1041,2026-08-21
1990-02-23,2.0986,2026-08-21
1990-02-26,2.0713,2026-08-21
1990-02-27,2.0416,2026-08-21
1990-02-28,2.0701,2026-08-21
1990-03-01,2.1016,2026-08-21
1990-03-02,2.0932,2026-08-21
1990-03-05,2.1246,2026-08-21
1990-03-06,2.1107,2026-08-21
1990-03-07,2.0979,2026-08-21
1990-03-08,2.0886,2026-08-21
1990-03-09,2.1128,2026-08-21
1990-03-12,2.1135,2026-08-21
1990-03-13,2.1395,2026-08-21
1990-03-14,2.1174,2026-08-21
1990-03-15,2.1150,2026-08-21
1990-03-16,2.0909,2026-08-21
1990-03-19,2.0879,2026-08-21
1990-03-20,2.0639,2026-08-21
1990-03-21,2.0535,2026-08-21
1990-03-22,2.0505,2026-08-21
1990-03-23,2.0487,2026-08-21
1990-03-26,2.0445,2026-08-21
1990-03-27,2.0442,2026-08-21
1990-03-28,2.0491,2026-08-21
1990-03-29,2.0724,2026-08-21
1990-03-30,2.1089,2026-08-21
1990-04-02,2.1198,2026-08-21
1990-04-03,2.1197,2026-08-21
1990-04-04,2.0954,2026-08-21
1990-04-05,2.0947,2026-08-21
1990-04-06,2.0874,2026-08-21
1990-04-09,2.0969,2026-08-21
1990-04-10,2.1015,2026-08-21
1990-04-11,2.1119,2026-08-21
1990-04-12,2.1184,2026-08-21
1990-04-13,.,2026-08-21
1990-04-16,2.1387,2026-08-21
1990-04-17,2.1782,2026-08-21
1990-04-18,2.2207,2026-08-21
1990-04-19,2.2365,2026-08-21
1990-04-20,2.2654,2026-08-21
1990-04-23,2.2868,2026-08-21
1990-04-24,2.2996,2026-08-21
1990-04-25,2.3035,2026-08-21
1990-04-26,2.3235,2026-08-21
1990-04-27,2.3280,2026-08-21
1990-04-30,2.3162,2026-08-21
1990-05-01,2.3158,2026-08-21
1990-05-02,2.3189,2026-08-21
1990-05-03,2.2977,2026-08-21
1990-05-04,2.2224,2026-08-21
1990-05-07,2.2225,2026-08-21
1990-05-08,2.2131,2026-08-21
1990-05-09,2.2522,2026-08-21
1990-05-10,2.2434,2026-08-21
1990-05-11,2.1851,2026-08-21
1990-05-14,2.1568,2026-08-21
1990-05-15,2.1648,2026-08-21
1990-05-16,2.1668,2026-08-21
1990-05-17,2.1733,2026-08-21
1990-05-18,2.1918,2026-08-21
1990-05-21,2.1913,2026-08-21
1990-05-22,2.1578,2026-08-21
1990-05-23,2.1392,2026-08-21
1990-05-24,2.1364,2026-08-21
1990-05-25,2.1474,2026-08-21
1990-05-28,.,2026-08-21
1990-05-29,2.1416,2026-08-21
1990-05-30,2.1309,2026-08-21
1990-05-31,2.1240,2026-08-21
1990-06-01,2.0602,2026-08-21
1990-06-04,2.0509,2026-08-21
1990-06-05,2.0633,2026-08-21
1990-06-06,2.0676,2026-08-21
1990-06-07,2.0635,2026-08-21
1990-06-08,2.0660,2026-08-21
1990-06-11,2.0694,2026-08-21
1990-06-12,2.0690,2026-08-21
1990-06-13,2.0421,2026-08-21
1990-06-14,2.0284,2026-08-21
1990-06-15,2.0540,2026-08-21
1990-06-18,2.0772,2026-08-21
1990-06-19,2.0837,2026-08-21
1990-06-20,2.0996,2026-08-21
1990-06-21,2.0918,2026-08-21
1990-06-22,2.0842,2026-08-21
1990-06-25,2.1059,2026-08-21
1990-06-26,2.1016,2026-08-21
1990-06-27,2.0873,2026-08-21
1990-06-28,2.0675,2026-08-21
1990-06-29,2.0452,2026-08-21
1990-07-02,2.0416,2026-08-21
1990-07-03,2.0367,2026-08-21
1990-07-04,.,2026-08-21
1990-07-05,2.0420,2026-08-21
1990-07-06,2.0757,2026-08-21
1990-07-09,2.0970,2026-08-21
1990-07-10,2.0998,2026-08-21
1990-07-11,2.0966,2026-08-21
1990-07-12,2.0723,2026-08-21
1990-07-13,2.0633,2026-08-21
1990-07-16,2.0647,2026-08-21
1990-07-17,2.0652,2026-08-21
1990-07-18,2.0893,2026-08-21
1990-07-19,2.1035,2026-08-21
1990-07-20,2.0924,2026-08-21
1990-07-23,2.0977,2026-08-21
1990-07-24,2.1183,2026-08-21
1990-07-25,2.1053,2026-08-21
1990-07-26,2.0950,2026-08-21
1990-07-27,2.0719,2026-08-21
1990-07-30,2.0334,2026-08-21
1990-07-31,2.0285,2026-08-21
1990-08-01,2.0042,2026-08-21
1990-08-02,2.0363,2026-08-21
1990-08-03,2.0645,2026-08-21
1990-08-06,2.1791,2026-08-21
1990-08-07,2.2402,2026-08-21
1990-08-08,2.2596,2026-08-21
1990-08-09,2.2215,2026-08-21
1990-08-10,2.2226,2026-08-21
1990-08-13,2.2341,2026-08-21
1990-08-14,2.2181,2026-08-21
1990-08-15,2.1986,2026-08-21
1990-08-16,2.2325,2026-08-21
1990-08-17,2.2544,2026-08-21
1990-08-20,2.2601,2026-08-21
1990-08-21,2.2674,2026-08-21
1990-08-22,2.2909,2026-08-21
1990-08-23,2.3338,2026-08-21
1990-08-24,2.3714,2026-08-21
1990-08-27,2.3256,2026-08-21
1990-08-28,2.3327,2026-08-21
1990-08-29,2.2990,2026-08-21
1990-08-30,2.3001,2026-08-21
1990-08-31,2.3062,2026-08-21
1990-09-03,.,2026-08-21
1990-09-04,2.3278,2026-08-21
1990-09-05,2.3178,2026-08-21
1990-09-06,2.3171,2026-08-21
1990-09-07,2.3047,2026-08-21
1990-09-10,2.3132,2026-08-21
1990-09-11,2.3055,2026-08-21
1990-09-12,2.3014,2026-08-21
1990-09-13,2.3038,2026-08-21
1990-09-14,2.3241,2026-08-21
1990-09-17,2.3422,2026-08-21
1990-09-18,2.3446,2026-08-21
1990-09-19,2.3434,2026-08-21
1990-09-20,2.3516,2026-08-21
1990-09-21,2.3794,2026-08-21
1990-09-24,2.4049,2026-08-21
1990-09-25,2.4073,2026-08-21
1990-09-26,2.4014,2026-08-21
1990-09-27,2.3743,2026-08-21
1990-09-28,2.3464,2026-08-21
1990-10-01,2.3072,2026-08-21
1990-10-02,2.2857,2026-08-21
1990-10-03,2.2840,2026-08-21
1990-10-04,2.2679,2026-08-21
1990-10-05,2.2597,2026-08-21
1990-10-08,.,2026-08-21
1990-10-09,2.3191,2026-08-21
1990-10-10,2.3523,2026-08-21
1990-10-11,2.3856,2026-08-21
1990-10-12,2.3646,2026-08-21
1990-10-15,2.3421,2026-08-21
1990-10-16,2.3274,2026-08-21
1990-10-17,2.3063,2026-08-21
1990-10-18,2.2728,2026-08-21
1990-10-19,2.2283,2026-08-21
1990-10-22,2.2154,2026-08-21
1990-10-23,2.2161,2026-08-21
1990-10-24,2.2196,2026-08-21
1990-10-25,2.2032,2026-08-21
1990-10-26,2.2161,2026-08-21
1990-10-29,2.2458,2026-08-21
1990-10-30,2.2578,2026-08-21
1990-10-31,2.2453,2026-08-21
1990-11-01,2.2147,2026-08-21
1990-11-02,2.2110,2026-08-21
1990-11-05,2.1855,2026-08-21
1990-11-06,2.1820,2026-08-21
1990-11-07,2.2061,2026-08-21
1990-11-08,2.2135,2026-08-21
1990-11-09,2.1830,2026-08-21
1990-11-12,.,2026-08-21
1990-11-13,2.1367,2026-08-21
1990-11-14,2.1146,2026-08-21
1990-11-15,2.1124,2026-08-21
1990-11-16,2.0883,2026-08-21
1990-11-19,2.0983,2026-08-21
1990-11-20,2.0883,2026-08-21
1990-11-21,2.0628,2026-08-21
1990-11-22,.,2026-08-21
1990-11-23,2.0647,2026-08-21
1990-11-26,2.0648,2026-08-21
1990-11-27,2.0714,2026-08-21
1990-11-28,2.0851,2026-08-21
1990-11-29,2.0929,2026-08-21
1990-11-30,2.0769,2026-08-21
1990-12-03,2.0510,2026-08-21
1990-12-04,2.0377,2026-08-21
1990-12-05,2.0265,2026-08-21
1990-12-06,2.0312,2026-08-21
1990-12-07,1.9779,2026-08-21
1990-12-10,1.9560,2026-08-21
1990-12-11,1.9383,2026-08-21
1990-12-12,1.9252,2026-08-21
1990-12-13,1.9619,2026-08-21
1990-12-14,2.0001,2026-08-21
1990-12-17,2.0025,2026-08-21
1990-12-18,1.9942,2026-08-21
1990-12-19,2.0035,2026-08-21
1990-12-20,2.0447,2026-08-21
1990-12-21,2.0926,2026-08-21
1990-12-24,2.1513,2026-08-21
1990-12-25,.,2026-08-21
1990-12-26,2.1460,2026-08-21
1990-12-27,2.1309,2026-08-21
1990-12-28,2.1500,2026-08-21
1990-12-31,2.1350,2026-08-21
1991-01-01,.,2026-08-21
1991-01-02,2.0915,2026-08-21
1991-01-03,2.0676,2026-08-21
1991-01-04,2.0892,2026-08-21
1991-01-07,2.1347,2026-08-21
1991-01-08,2.1572,2026-08-21
1991-01-09,2.2206,2026-08-21
1991-01-10,2.2168,2026-08-21
1991-01-11,2.2349,2026-08-21
1991-01-14,2.2644,2026-08-21
1991-01-15,2.2695,2026-08-21
1991-01-16,2.2860,2026-08-21
1991-01-17,2.2109,2026-08-21
1991-01-18,2.1853,2026-08-21
1991-01-21,.,2026-08-21
1991-01-22,2.1893,2026-08-21
1991-01-23,2.1775,2026-08-21
1991-01-24,2.1602,2026-08-21
1991-01-25,2.1733,2026-08-21
1991-01-28,2.1665,2026-08-21
1991-01-29,2.1535,2026-08-21
1991-01-30,2.1535,2026-08-21
1991-01-31,2.1499,2026-08-21
1991-02-01,2.1163,2026-08-21
1991-02-04,2.1084,2026-08-21
1991-02-05,2.1008,2026-08-21
1991-02-06,2.1081,2026-08-21
1991-02-07,2.1196,2026-08-21
1991-02-08,2.1280,2026-08-21
1991-02-11,2.1193,2026-08-21
1991-02-12,2.1142,2026-08-21
1991-02-13,2.1116,2026-08-21
1991-02-14,2.1158,2026-08-21
1991-02-15,2.1139,2026-08-21
1991-02-18,.,2026-08-21
1991-02-19,2.1197,2026-08-21
1991-02-20,2.1271,2026-08-21
1991-02-21,2.1445,2026-08-21
1991-02-22,2.1646,2026-08-21
1991-02-25,2.1596,2026-08-21
1991-02-26,2.1756,2026-08-21
1991-02-27,2.1844,2026-08-21
1991-02-28,2.1936,2026-08-21
1991-03-01,2.2368,2026-08-21
1991-03-04,2.2443,2026-08-21
1991-03-05,2.2358,2026-08-21
1991-03-06,2.2446,2026-08-21
1991-03-07,2.2333,2026-08-21
1991-03-08,2.2555,2026-08-21
1991-03-11,2.2524,2026-08-21
1991-03-12,2.2690,2026-08-21
1991-03-13,2.2532,2026-08-21
1991-03-14,2.2577,2026-08-21
1991-03-15,2.2928,2026-08-21
1991-03-18,2.3232,2026-08-21
1991-03-19,2.3634,2026-08-21
1991-03-20,2.3513,2026-08-21
1991-03-21,2.3288,2026-08-21
1991-03-22,2.3181,2026-08-21
1991-03-25,2.3136,2026-08-21
1991-03-26,2.3151,2026-08-21
1991-03-27,2.3001,2026-08-21
1991-03-28,2.2930,2026-08-21
1991-03-29,.,2026-08-21
1991-04-01,2.2949,2026-08-21
1991-04-02,2.2780,2026-08-21
1991-04-03,2.2817,2026-08-21
1991-04-04,2.2711,2026-08-21
1991-04-05,2.2651,2026-08-21
1991-04-08,2.2656,2026-08-21
1991-04-09,2.2876,2026-08-21
1991-04-10,2.3287,2026-08-21
1991-04-11,2.3394,2026-08-21
1991-04-12,2.3129,2026-08-21
1991-04-15,2.2914,2026-08-21
1991-04-16,2.2835,2026-08-21
1991-04-17,2.2778,2026-08-21
1991-04-18,2.3026,2026-08-21
1991-04-19,2.3247,2026-08-21
1991-04-22,2.3478,2026-08-21
1991-04-23,2.3374,2026-08-21
1991-04-24,2.3118,2026-08-21
1991-04-25,2.3151,2026-08-21
1991-04-26,2.3168,2026-08-21
1991-04-29,2.3222,2026-08-21
1991-04-30,2.3140,2026-08-21
1991-05-01,2.3094,2026-08-21
1991-05-02,2.2994,2026-08-21
1991-05-03,2.3264,2026-08-21
1991-05-06,2.3415,2026-08-21
1991-05-07,2.3464,2026-08-21
1991-05-08,2.3462,2026-08-21
1991-05-09,2.3455,2026-08-21
1991-05-10,2.3777,2026-08-21
1991-05-13,2.3776,2026-08-21
1991-05-14,2.3971,2026-08-21
1991-05-15,2.4031,2026-08-21
1991-05-16,2.4058,2026-08-21
1991-05-17,2.3991,2026-08-21
1991-05-20,2.3991,2026-08-21
1991-05-21,2.3787,2026-08-21
1991-05-22,2.3736,2026-08-21
1991-05-23,2.3837,2026-08-21
1991-05-24,2.3903,2026-08-21
1991-05-27,.,2026-08-21
1991-05-28,2.3781,2026-08-21
1991-05-29,2.3729,2026-08-21
1991-05-30,2.3526,2026-08-21
1991-05-31,2.3536,2026-08-21
1991-06-03,2.3777,2026-08-21
1991-06-04,2.3790,2026-08-21
1991-06-05,2.3947,2026-08-21
1991-06-06,2.4158,2026-08-21
1991-06-07,2.4499,2026-08-21
1991-06-10,2.4553,2026-08-21
1991-06-11,2.4553,2026-08-21
1991-06-12,2.4780,2026-08-21
1991-06-13,2.4754,2026-08-21
1991-06-14,2.4511,2026-08-21
1991-06-17,2.4486,2026-08-21
1991-06-18,2.4522,2026-08-21
1991-06-19,2.4631,2026-08-21
1991-06-20,2.4543,2026-08-21
1991-06-21,2.4624,2026-08-21
1991-06-24,2.4694,2026-08-21
1991-06-25,2.4714,2026-08-21
1991-06-26,2.4756,2026-08-21
1991-06-27,2.4714,2026-08-21
1991-06-28,2.4551,2026-08-21
1991-07-01,2.4490,2026-08-21
1991-07-02,2.4521,2026-08-21
1991-07-03,2.4475,2026-08-21
1991-07-04,.,2026-08-21
1991-07-05,2.4728,2026-08-21
1991-07-08,2.4830,2026-08-21
1991-07-09,2.4899,2026-08-21
1991-07-10,2.4880,2026-08-21
1991-07-11,2.4646,2026-08-21
1991-07-12,2.4377,2026-08-21
1991-07-15,2.4323,2026-08-21
1991-07-16,2.4266,2026-08-21
1991-07-17,2.4405,2026-08-21
1991-07-18,2.4463,2026-08-21
1991-07-19,2.4392,2026-08-21
1991-07-22,2.4380,2026-08-21
1991-07-23,2.4458,2026-08-21
1991-07-24,2.4210,2026-08-21
1991-07-25,2.3984,2026-08-21
1991-07-26,2.3920,2026-08-21
1991-07-29,2.3893,2026-08-21
1991-07-30,2.3907,2026-08-21
1991-07-31,2.3828,2026-08-21
1991-08-01,2.3881,2026-08-21
1991-08-02,2.3409,2026-08-21
1991-08-05,2.3244,2026-08-21
1991-08-06,2.3023,2026-08-21
1991-08-07,2.2978,2026-08-21
1991-08-08,2.3224,2026-08-21
1991-08-09,2.3328,2026-08-21
1991-08-12,2.3330,2026-08-21
1991-08-13,2.3206,2026-08-21
1991-08-14,2.2852,2026-08-21
1991-08-15,2.2836,2026-08-21
1991-08-16,2.2824,2026-08-21
1991-08-19,2.2943,2026-08-21
1991-08-20,2.2943,2026-08-21
1991-08-21,2.2896,2026-08-21
1991-08-22,2.2693,2026-08-21
1991-08-23,2.2841,2026-08-21
1991-08-26,2.2995,2026-08-21
1991-08-27,2.2954,2026-08-21
1991-08-28,2.2726,2026-08-21
1991-08-29,2.2476,2026-08-21
1991-08-30,2.2691,2026-08-21
1991-09-02,.,2026-08-21
1991-09-03,2.2659,2026-08-21
1991-09-04,2.2664,2026-08-21
1991-09-05,2.2739,2026-08-21
1991-09-06,2.2520,2026-08-21
1991-09-09,2.2337,2026-08-21
1991-09-10,2.2338,2026-08-21
1991-09-11,2.2370,2026-08-21
1991-09-12,2.2171,2026-08-21
1991-09-13,2.2069,2026-08-21
1991-09-16,2.1965,2026-08-21
1991-09-17,2.1850,2026-08-21
1991-09-18,2.1815,2026-08-21
1991-09-19,2.1783,2026-08-21
1991-09-20,2.1650,2026-08-21
1991-09-23,2.1564,2026-08-21
1991-09-24,2.1580,2026-08-21
1991-09-25,2.1668,2026-08-21
1991-09-26,2.1696,2026-08-21
1991-09-27,2.1438,2026-08-21
1991-09-30,2.1287,2026-08-21
1991-10-01,2.1171,2026-08-21
1991-10-02,2.1144,2026-08-21
1991-10-03,2.1133,2026-08-21
1991-10-04,2.0897,2026-08-21
1991-10-07,2.0808,2026-08-21
1991-10-08,2.0884,2026-08-21
1991-10-09,2.1241,2026-08-21
1991-10-10,2.1577,2026-08-21
1991-10-11,2.1352,2026-08-21
1991-10-14,.,2026-08-21
1991-10-15,2.1181,2026-08-21
1991-10-16,2.1099,2026-08-21
1991-10-17,2.1421,2026-08-21
1991-10-18,2.1431,2026-08-21
1991-10-21,2.1722,2026-08-21
1991-10-22,2.1970,2026-08-21
1991-10-23,.,2026-08-21
1991-10-24,2.2014,2026-08-21
1991-10-25,2.2220,2026-08-21
1991-10-28,2.2227,2026-08-21
1991-10-29,2.1838,2026-08-21
1991-10-30,2.1737,2026-08-21
1991-10-31,2.1692,2026-08-21
1991-11-01,2.1797,2026-08-21
1991-11-04,2.2023,2026-08-21
1991-11-05,2.2278,2026-08-21
1991-11-06,2.2272,2026-08-21
1991-11-07,2.2044,2026-08-21
1991-11-08,2.2003,2026-08-21
1991-11-11,.,2026-08-21
1991-11-12,2.1783,2026-08-21
1991-11-13,2.1849,2026-08-21
1991-11-14,2.1638,2026-08-21
1991-11-15,2.1571,2026-08-21
1991-11-18,2.1566,2026-08-21
1991-11-19,2.1687,2026-08-21
1991-11-20,2.1865,2026-08-21
1991-11-21,2.1995,2026-08-21
1991-11-22,2.2231,2026-08-21
1991-11-25,2.2458,2026-08-21
1991-11-26,2.2434,2026-08-21
1991-11-27,2.2457,2026-08-21
1991-11-28,.,2026-08-21
1991-11-29,2.2385,2026-08-21
1991-12-02,2.2106,2026-08-21
1991-12-03,2.1896,2026-08-21
1991-12-04,2.1427,2026-08-21
1991-12-05,2.1424,2026-08-21
1991-12-06,2.1573,2026-08-21
1991-12-09,2.1512,2026-08-21
1991-12-10,2.1572,2026-08-21
1991-12-11,2.1688,2026-08-21
1991-12-12,2.1648,2026-08-21
1991-12-13,2.1843,2026-08-21
1991-12-16,2.1855,2026-08-21
1991-12-17,2.1751,2026-08-21
1991-12-18,2.1888,2026-08-21
1991-12-19,2.1682,2026-08-21
1991-12-20,2.1403,2026-08-21
1991-12-23,2.1206,2026-08-21
1991-12-24,2.1181,2026-08-21
1991-12-25,.,2026-08-21
1991-12-26,2.1113,2026-08-21
1991-12-27,2.0981,2026-08-21
1991-12-30,2.0724,2026-08-21
1991-12-31,2.0433,2026-08-21
1992-01-01,.,2026-08-21
1992-01-02,2.0654,2026-08-21
1992-01-03,2.1013,2026-08-21
1992-01-06,2.1054,2026-08-21
1992-01-07,2.0872,2026-08-21
1992-01-08,2.1000,2026-08-21
1992-01-09,2.1203,2026-08-21
1992-01-10,2.1521,2026-08-21
1992-01-13,2.1874,2026-08-21
1992-01-14,2.2371,2026-08-21
1992-01-15,2.2590,2026-08-21
1992-01-16,2.2896,2026-08-21
1992-01-17,2.2868,2026-08-21
1992-01-20,.,2026-08-21
1992-01-21,2.2564,2026-08-21
1992-01-22,2.2612,2026-08-21
1992-01-23,2.2962,2026-08-21
1992-01-24,2.3153,2026-08-21
1992-01-27,2.3123,2026-08-21
1992-01-28,2.2739,2026-08-21
1992-01-29,2.2994,2026-08-21
1992-01-30,2.3246,2026-08-21
1992-01-31,2.3294,2026-08-21
1992-02-03,2.3580,2026-08-21
1992-02-04,2.3407,2026-08-21
1992-02-05,2.3145,2026-08-21
1992-02-06,2.3044,2026-08-21
1992-02-07,2.3128,2026-08-21
1992-02-10,2.3288,2026-08-21
1992-02-11,2.3391,2026-08-21
1992-02-12,2.3598,2026-08-21
1992-02-13,2.4072,2026-08-21
1992-02-14,2.4186,2026-08-21
1992-02-17,.,2026-08-21
1992-02-18,2.4404,2026-08-21
1992-02-19,2.4272,2026-08-21
1992-02-20,2.4098,2026-08-21
1992-02-21,2.4170,2026-08-21
1992-02-24,2.4258,2026-08-21
1992-02-25,2.4101,2026-08-21
1992-02-26,2.3684,2026-08-21
1992-02-27,2.3623,2026-08-21
1992-02-28,2.3343,2026-08-21
1992-03-02,2.3660,2026-08-21
1992-03-03,2.3763,2026-08-21
1992-03-04,2.3746,2026-08-21
1992-03-05,2.4069,2026-08-21
1992-03-06,2.3972,2026-08-21
1992-03-09,2.3693,2026-08-21
1992-03-10,2.3620,2026-08-21
1992-03-11,2.3969,2026-08-21
1992-03-12,2.4476,2026-08-21
1992-03-13,2.4877,2026-08-21
1992-03-16,2.4927,2026-08-21
1992-03-17,2.4660,2026-08-21
1992-03-18,2.4560,2026-08-21
1992-03-19,2.4359,2026-08-21
1992-03-20,2.4553,2026-08-21
1992-03-23,2.4563,2026-08-21
1992-03-24,2.4155,2026-08-21
1992-03-25,2.4053,2026-08-21
1992-03-26,2.4238,2026-08-21
1992-03-27,2.4223,2026-08-21
1992-03-30,2.4179,2026-08-21
1992-03-31,2.4182,2026-08-21
1992-04-01,2.3853,2026-08-21
1992-04-02,2.3867,2026-08-21
1992-04-03,2.3758,2026-08-21
1992-04-06,2.3755,2026-08-21
1992-04-07,2.3882,2026-08-21
1992-04-08,2.4112,2026-08-21
1992-04-09,2.3962,2026-08-21
1992-04-10,2.4090,2026-08-21
1992-04-13,2.4020,2026-08-21
1992-04-14,2.4065,2026-08-21
1992-04-15,2.4226,2026-08-21
1992-04-16,2.4503,2026-08-21
1992-04-17,.,2026-08-21
1992-04-20,2.5042,2026-08-21
1992-04-21,2.5103,2026-08-21
1992-04-22,2.5079,2026-08-21
1992-04-23,2.5157,2026-08-21
1992-04-24,2.5023,2026-08-21
1992-04-27,2.5110,2026-08-21
1992-04-28,2.5023,2026-08-21
1992-04-29,2.5065,2026-08-21
1992-04-30,2.5127,2026-08-21
1992-05-01,2.5000,2026-08-21
1992-05-04,2.5046,2026-08-21
1992-05-05,2.4973,2026-08-21
1992-05-06,2.4817,2026-08-21
1992-05-07,2.4823,2026-08-21
1992-05-08,2.4519,2026-08-21
1992-05-11,2.4385,2026-08-21
1992-05-12,2.4233,2026-08-21
1992-05-13,2.4188,2026-08-21
1992-05-14,2.4166,2026-08-21
1992-05-15,2.3970,2026-08-21
1992-05-18,2.3858,2026-08-21
1992-05-19,2.3528,2026-08-21
1992-05-20,2.3625,2026-08-21
1992-05-21,2.4161,2026-08-21
1992-05-22,2.4003,2026-08-21
1992-05-25,.,2026-08-21
1992-05-26,2.4283,2026-08-21
1992-05-27,2.4255,2026-08-21
1992-05-28,2.3988,2026-08-21
1992-05-29,2.3726,2026-08-21
1992-06-01,2.3805,2026-08-21
1992-06-02,2.3638,2026-08-21
1992-06-03,2.3569,2026-08-21
1992-06-04,2.3564,2026-08-21
1992-06-05,2.3429,2026-08-21
1992-06-08,2.3448,2026-08-21
1992-06-09,2.3631,2026-08-21
1992-06-10,2.3716,2026-08-21
1992-06-11,2.3662,2026-08-21
1992-06-12,2.3478,2026-08-21
1992-06-15,2.3423,2026-08-21
1992-06-16,2.3282,2026-08-21
1992-06-17,2.3178,2026-08-21
1992-06-18,2.3052,2026-08-21
1992-06-19,2.3160,2026-08-21
1992-06-22,2.3151,2026-08-21
1992-06-23,2.3209,2026-08-21
1992-06-24,2.3131,2026-08-21
1992-06-25,2.2851,2026-08-21
1992-06-26,2.2884,2026-08-21
1992-06-29,2.2873,2026-08-21
1992-06-30,2.2968,2026-08-21
1992-07-01,2.2919,2026-08-21
1992-07-02,2.2421,2026-08-21
1992-07-03,.,2026-08-21
1992-07-06,2.2348,2026-08-21
1992-07-07,2.2305,2026-08-21
1992-07-08,2.2446,2026-08-21
1992-07-09,2.2514,2026-08-21
1992-07-10,2.2538,2026-08-21
1992-07-13,2.2702,2026-08-21
1992-07-14,2.2689,2026-08-21
1992-07-15,2.2409,2026-08-21
1992-07-16,2.2305,2026-08-21
1992-07-17,2.2437,2026-08-21
1992-07-20,2.2438,2026-08-21
1992-07-21,2.2373,2026-08-21
1992-07-22,2.2149,2026-08-21
1992-07-23,2.1524,2026-08-21
1992-07-24,2.1444,2026-08-21
1992-07-27,2.1244,2026-08-21
1992-07-28,2.0961,2026-08-21
1992-07-29,2.0817,2026-08-21
1992-07-30,2.1234,2026-08-21
1992-07-31,2.1499,2026-08-21
1992-08-03,2.1609,2026-08-21
1992-08-04,2.1348,2026-08-21
1992-08-05,2.1191,2026-08-21
1992-08-06,2.1178,2026-08-21
1992-08-07,2.0845,2026-08-21
1992-08-10,2.0572,2026-08-21
1992-08-11,2.0404,2026-08-21
1992-08-12,2.0451,2026-08-21
1992-08-13,2.0828,2026-08-21
1992-08-14,2.0826,2026-08-21
1992-08-17,2.0967,2026-08-21
1992-08-18,2.0658,2026-08-21
1992-08-19,2.0549,2026-08-21
1992-08-20,2.0462,2026-08-21
1992-08-21,2.0796,2026-08-21
1992-08-24,2.1471,2026-08-21
1992-08-25,2.1730,2026-08-21
1992-08-26,2.1633,2026-08-21
1992-08-27,2.1423,2026-08-21
1992-08-28,2.1306,2026-08-21
1992-08-31,2.1254,2026-08-21
1992-09-01,2.0989,2026-08-21
1992-09-02,2.0780,2026-08-21
1992-09-03,2.0716,2026-08-21
1992-09-04,2.0220,2026-08-21
1992-09-07,.,2026-08-21
1992-09-08,1.9856,2026-08-21
1992-09-09,1.9889,2026-08-21
1992-09-10,1.9952,2026-08-21
1992-09-11,2.0227,2026-08-21
1992-09-14,2.0165,2026-08-21
1992-09-15,2.0464,2026-08-21
1992-09-16,2.0637,2026-08-21
1992-09-17,2.0713,2026-08-21
1992-09-18,2.0795,2026-08-21
1992-09-21,2.0909,2026-08-21
1992-09-22,2.1162,2026-08-21
1992-09-23,2.1416,2026-08-21
1992-09-24,2.1280,2026-08-21
1992-09-25,2.0920,2026-08-21
1992-09-28,2.0697,2026-08-21
1992-09-29,2.0784,2026-08-21
1992-09-30,2.0865,2026-08-21
1992-10-01,2.0442,2026-08-21
1992-10-02,2.0480,2026-08-21
1992-10-05,2.0393,2026-08-21
1992-10-06,2.0580,2026-08-21
1992-10-07,2.1198,2026-08-21
1992-10-08,2.1124,2026-08-21
1992-10-09,2.1452,2026-08-21
1992-10-12,.,2026-08-21
1992-10-13,2.1465,2026-08-21
1992-10-14,2.1398,2026-08-21
1992-10-15,2.1378,2026-08-21
1992-10-16,2.1578,2026-08-21
1992-10-19,2.1899,2026-08-21
1992-10-20,2.2559,2026-08-21
1992-10-21,2.2460,2026-08-21
1992-10-22,2.2232,2026-08-21
1992-10-23,2.2509,2026-08-21
1992-10-26,2.2572,2026-08-21
1992-10-27,2.2284,2026-08-21
1992-10-28,2.2220,2026-08-21
1992-10-29,2.2037,2026-08-21
1992-10-30,2.2360,2026-08-21
1992-11-02,2.2667,2026-08-21
1992-11-03,2.2631,2026-08-21
1992-11-04,2.2693,2026-08-21
1992-11-05,2.2722,2026-08-21
1992-11-06,2.3035,2026-08-21
1992-11-09,2.3240,2026-08-21
1992-11-10,2.2956,2026-08-21
1992-11-11,.,2026-08-21
1992-11-12,2.2413,2026-08-21
1992-11-13,2.2483,2026-08-21
1992-11-16,2.2733,2026-08-21
1992-11-17,2.2583,2026-08-21
1992-11-18,2.2204,2026-08-21
1992-11-19,2.2212,2026-08-21
1992-11-20,2.2354,2026-08-21
1992-11-23,2.2426,2026-08-21
1992-11-24,2.2251,2026-08-21
1992-11-25,2.2378,2026-08-21
1992-11-26,.,2026-08-21
1992-11-27,2.2773,2026-08-21
1992-11-30,2.2830,2026-08-21
1992-12-01,2.2790,2026-08-21
1992-12-02,2.2723,2026-08-21
1992-12-03,2.2651,2026-08-21
1992-12-04,2.2332,2026-08-21
1992-12-07,2.2055,2026-08-21
1992-12-08,2.1810,2026-08-21
1992-12-09,2.1823,2026-08-21
1992-12-10,2.1889,2026-08-21
1992-12-11,2.1965,2026-08-21
1992-12-14,2.2135,2026-08-21
1992-12-15,2.2105,2026-08-21
1992-12-16,2.1960,2026-08-21
1992-12-17,.,2026-08-21
1992-12-18,.,2026-08-21
1992-12-21,2.1839,2026-08-21
1992-12-22,2.1606,2026-08-21
1992-12-23,2.1661,2026-08-21
1992-12-24,2.1723,2026-08-21
1992-12-25,.,2026-08-21
1992-12-28,2.1894,2026-08-21
1992-12-29,2.1844,2026-08-21
1992-12-30,2.1793,2026-08-21
1992-12-31,.,2026-08-21
1993-01-01,.,2026-08-21
1993-01-04,2.1592,2026-08-21
1993-01-05,2.1547,2026-08-21
1993-01-06,2.1636,2026-08-21
1993-01-07,2.2089,2026-08-21
1993-01-08,2.2088,2026-08-21
1993-01-11,2.2010,2026-08-21
1993-01-12,2.2118,2026-08-21
1993-01-13,2.2015,2026-08-21
1993-01-14,2.1886,2026-08-21
1993-01-15,2.1623,2026-08-21
1993-01-18,.,2026-08-21
1993-01-19,2.1502,2026-08-21
1993-01-20,.,2026-08-21
1993-01-21,2.1453,2026-08-21
1993-01-22,2.1303,2026-08-21
1993-01-25,2.0997,2026-08-21
1993-01-26,2.1016,2026-08-21
1993-01-27,2.0903,2026-08-21
1993-01-28,2.0674,2026-08-21
1993-01-29,2.0471,2026-08-21
1993-02-01,2.0300,2026-08-21
1993-02-02,2.0466,2026-08-21
1993-02-03,2.0468,2026-08-21
1993-02-04,2.0185,2026-08-21
1993-02-05,1.9773,2026-08-21
1993-02-08,1.9859,2026-08-21
1993-02-09,2.0060,2026-08-21
1993-02-10,2.0373,2026-08-21
1993-02-11,2.0278,2026-08-21
1993-02-12,2.0221,2026-08-21
1993-02-15,.,2026-08-21
1993-02-16,2.0100,2026-08-21
1993-02-17,1.9804,2026-08-21
1993-02-18,1.9236,2026-08-21
1993-02-19,1.9099,2026-08-21
1993-02-22,1.8826,2026-08-21
1993-02-23,1.8101,2026-08-21
1993-02-24,1.8252,2026-08-21
1993-02-25,1.8381,2026-08-21
1993-02-26,1.8398,2026-08-21
1993-03-01,1.8076,2026-08-21
1993-03-02,1.7969,2026-08-21
1993-03-03,1.7650,2026-08-21
1993-03-04,1.7376,2026-08-21
1993-03-05,1.7629,2026-08-21
1993-03-08,1.7558,2026-08-21
1993-03-09,1.7756,2026-08-21
1993-03-10,1.7943,2026-08-21
1993-03-11,1.8006,2026-08-21
1993-03-12,1.8561,2026-08-21
1993-03-15,1.8968,2026-08-21
1993-03-16,1.8715,2026-08-21
1993-03-17,1.8513,2026-08-21
1993-03-18,1.8117,2026-08-21
1993-03-19,1.8166,2026-08-21
1993-03-22,1.8216,2026-08-21
1993-03-23,1.8053,2026-08-21
1993-03-24,1.8198,2026-08-21
1993-03-25,1.8312,2026-08-21
1993-03-26,1.8830,2026-08-21
1993-03-29,1.8754,2026-08-21
1993-03-30,1.8626,2026-08-21
1993-03-31,1.8688,2026-08-21
1993-04-01,1.8742,2026-08-21
1993-04-02,1.9125,2026-08-21
1993-04-05,1.9066,2026-08-21
1993-04-06,1.8854,2026-08-21
1993-04-07,1.8716,2026-08-21
1993-04-08,1.8287,2026-08-21
1993-04-09,.,2026-08-21
1993-04-12,1.7962,2026-08-21
1993-04-13,1.7973,2026-08-21
1993-04-14,1.7852,2026-08-21
1993-04-15,1.7736,2026-08-21
1993-04-16,1.7773,2026-08-21
1993-04-19,.,2026-08-21
1993-04-20,1.7763,2026-08-21
1993-04-21,1.7714,2026-08-21
1993-04-22,1.7637,2026-08-21
1993-04-23,1.7703,2026-08-21
1993-04-26,1.7857,2026-08-21
1993-04-27,1.8203,2026-08-21
1993-04-28,1.8296,2026-08-21
1993-04-29,1.8144,2026-08-21
1993-04-30,.,2026-08-21
1993-05-03,1.7978,2026-08-21
1993-05-04,1.7793,2026-08-21
1993-05-05,1.7763,2026-08-21
1993-05-06,1.7676,2026-08-21
1993-05-07,1.7722,2026-08-21
1993-05-10,1.7633,2026-08-21
1993-05-11,1.7555,2026-08-21
1993-05-12,1.7684,2026-08-21
1993-05-13,1.7992,2026-08-21
1993-05-14,1.8107,2026-08-21
1993-05-17,1.8296,2026-08-21
1993-05-18,1.8472,2026-08-21
1993-05-19,1.8367,2026-08-21
1993-05-20,1.8303,2026-08-21
1993-05-21,1.8508,2026-08-21
1993-05-24,1.8513,2026-08-21
1993-05-25,1.8454,2026-08-21
1993-05-26,1.8216,2026-08-21
1993-05-27,1.8104,2026-08-21
1993-05-28,1.8189,2026-08-21
1993-05-31,.,2026-08-21
1993-06-01,1.7854,2026-08-21
1993-06-02,1.7671,2026-08-21
1993-06-03,1.7470,2026-08-21
1993-06-04,1.7763,2026-08-21
1993-06-07,1.7642,2026-08-21
1993-06-08,1.7631,2026-08-21
1993-06-09,1.7573,2026-08-21
1993-06-10,1.7551,2026-08-21
1993-06-11,1.7187,2026-08-21
1993-06-14,1.7122,2026-08-21
1993-06-15,1.7078,2026-08-21
1993-06-16,1.7081,2026-08-21
1993-06-17,1.7038,2026-08-21
1993-06-18,1.7115,2026-08-21
1993-06-21,1.6972,2026-08-21
1993-06-22,1.6872,2026-08-21
1993-06-23,1.6810,2026-08-21
1993-06-24,1.6629,2026-08-21
1993-06-25,1.6443,2026-08-21
1993-06-28,1.6252,2026-08-21
1993-06-29,1.6191,2026-08-21
1993-06-30,1.6232,2026-08-21
1993-07-01,1.6295,2026-08-21
1993-07-02,1.6208,2026-08-21
1993-07-05,.,2026-08-21
1993-07-06,1.6339,2026-08-21
1993-07-07,1.6367,2026-08-21
1993-07-08,1.6222,2026-08-21
1993-07-09,1.6117,2026-08-21
1993-07-12,1.6035,2026-08-21
1993-07-13,1.6051,2026-08-21
1993-07-14,1.5822,2026-08-21
1993-07-15,1.5757,2026-08-21
1993-07-16,1.5703,2026-08-21
1993-07-19,1.5689,2026-08-21
1993-07-20,1.5846,2026-08-21
1993-07-21,1.6198,2026-08-21
1993-07-22,1.6556,2026-08-21
1993-07-23,1.6812,2026-08-21
1993-07-26,1.6798,2026-08-21
1993-07-27,1.6805,2026-08-21
1993-07-28,1.6700,2026-08-21
1993-07-29,1.6345,2026-08-21
1993-07-30,1.6369,2026-08-21
1993-08-02,1.6481,2026-08-21
1993-08-03,1.6406,2026-08-21
1993-08-04,1.6480,2026-08-21
1993-08-05,1.6517,2026-08-21
1993-08-06,1.6534,2026-08-21
1993-08-09,1.6413,2026-08-21
1993-08-10,1.6417,2026-08-21
1993-08-11,1.6371,2026-08-21
1993-08-12,1.6368,2026-08-21
1993-08-13,1.6238,2026-08-21
1993-08-16,1.6044,2026-08-21
1993-08-17,1.6079,2026-08-21
1993-08-18,1.5987,2026-08-21
1993-08-19,1.5756,2026-08-21
1993-08-20,1.5633,2026-08-21
1993-08-23,1.5991,2026-08-21
1993-08-24,1.5368,2026-08-21
1993-08-25,1.5094,2026-08-21
1993-08-26,1.4703,2026-08-21
1993-08-27,.,2026-08-21
1993-08-30,1.4622,2026-08-21
1993-08-31,1.4554,2026-08-21
1993-09-01,1.4553,2026-08-21
1993-09-02,1.4379,2026-08-21
1993-09-03,1.3994,2026-08-21
1993-09-06,.,2026-08-21
1993-09-07,1.3706,2026-08-21
1993-09-08,1.3618,2026-08-21
1993-09-09,1.4002,2026-08-21
1993-09-10,1.3832,2026-08-21
1993-09-13,1.3730,2026-08-21
1993-09-14,1.4142,2026-08-21
1993-09-15,1.4310,2026-08-21
1993-09-16,1.4319,2026-08-21
1993-09-17,1.4380,2026-08-21
1993-09-20,1.4503,2026-08-21
1993-09-21,1.4725,2026-08-21
1993-09-22,1.4727,2026-08-21
1993-09-23,1.4693,2026-08-21
1993-09-24,1.4667,2026-08-21
1993-09-27,1.4241,2026-08-21
1993-09-28,1.4049,2026-08-21
1993-09-29,1.4189,2026-08-21
1993-09-30,1.4421,2026-08-21
1993-10-01,1.4234,2026-08-21
1993-10-04,1.4149,2026-08-21
1993-10-05,1.4112,2026-08-21
1993-10-06,1.4059,2026-08-21
1993-10-07,1.4024,2026-08-21
1993-10-08,1.3695,2026-08-21
1993-10-11,.,2026-08-21
1993-10-12,1.3634,2026-08-21
1993-10-13,1.3601,2026-08-21
1993-10-14,1.3395,2026-08-21
1993-10-15,1.3180,2026-08-21
1993-10-18,1.3449,2026-08-21
1993-10-19,1.3457,2026-08-21
1993-10-20,1.3372,2026-08-21
1993-10-21,1.3730,2026-08-21
1993-10-22,1.4059,2026-08-21
1993-10-25,1.4409,2026-08-21
1993-10-26,1.4332,2026-08-21
1993-10-27,1.4358,2026-08-21
1993-10-28,.,2026-08-21
1993-10-29,1.4414,2026-08-21
1993-11-01,1.4885,2026-08-21
1993-11-02,1.5247,2026-08-21
1993-11-03,1.5333,2026-08-21
1993-11-04,1.5507,2026-08-21
1993-11-05,1.5894,2026-08-21
1993-11-08,1.5766,2026-08-21
1993-11-09,1.5565,2026-08-21
1993-11-10,1.5737,2026-08-21
1993-11-11,.,2026-08-21
1993-11-12,1.5524,2026-08-21
1993-11-15,1.5523,2026-08-21
1993-11-16,1.5379,2026-08-21
1993-11-17,1.5364,2026-08-21
1993-11-18,1.5602,2026-08-21
1993-11-19,1.6087,2026-08-21
1993-11-22,1.6400,2026-08-21
1993-11-23,1.6216,2026-08-21
1993-11-24,1.6228,2026-08-21
1993-11-25,.,2026-08-21
1993-11-26,1.6043,2026-08-21
1993-11-29,1.5926,2026-08-21
1993-11-30,1.6109,2026-08-21
1993-12-01,1.6112,2026-08-21
1993-12-02,1.6104,2026-08-21
1993-12-03,1.6114,2026-08-21
1993-12-06,1.5807,2026-08-21
1993-12-07,1.5708,2026-08-21
1993-12-08,1.5653,2026-08-21
1993-12-09,1.5543,2026-08-21
1993-12-10,1.5746,2026-08-21
1993-12-13,1.5987,2026-08-21
1993-12-14,1.6213,2026-08-21
1993-12-15,1.6314,2026-08-21
1993-12-16,1.6386,2026-08-21
1993-12-17,1.6299,2026-08-21
1993-12-20,1.6370,2026-08-21
1993-12-21,1.6433,2026-08-21
1993-12-22,1.6080,2026-08-21
1993-12-23,1.5901,2026-08-21
1993-12-24,.,2026-08-21
1993-12-27,1.5820,2026-08-21
1993-12-28,1.5796,2026-08-21
1993-12-29,1.5878,2026-08-21
1993-12-30,1.5924,2026-08-21
1993-12-31,1.6307,2026-08-21
1994-01-03,1.6781,2026-08-21
1994-01-04,1.6688,2026-08-21
1994-01-05,1.6735,2026-08-21
1994-01-06,1.6511,2026-08-21
1994-01-07,1.5867,2026-08-21
1994-01-10,1.5686,2026-08-21
1994-01-11,1.5610,2026-08-21
1994-01-12,1.5368,2026-08-21
1994-01-13,1.5779,2026-08-21
1994-01-14,1.6068,2026-08-21
1994-01-17,.,2026-08-21
1994-01-18,1.6036,2026-08-21
1994-01-19,.,2026-08-21
1994-01-20,1.5837,2026-08-21
1994-01-21,1.5872,2026-08-21
1994-01-24,1.5908,2026-08-21
1994-01-25,1.6037,2026-08-21
1994-01-26,1.6026,2026-08-21
1994-01-27,1.5817,2026-08-21
1994-01-28,1.5518,2026-08-21
1994-01-31,1.5535,2026-08-21
1994-02-01,1.5755,2026-08-21
1994-02-02,1.5767,2026-08-21
1994-02-03,1.5894,2026-08-21
1994-02-04,1.6367,2026-08-21
1994-02-07,1.6527,2026-08-21
1994-02-08,1.6710,2026-08-21
1994-02-09,1.6625,2026-08-21
1994-02-10,1.6620,2026-08-21
1994-02-11,1.6504,2026-08-21
1994-02-14,1.6564,2026-08-21
1994-02-15,1.6506,2026-08-21
1994-02-16,1.6510,2026-08-21
1994-02-17,1.6906,2026-08-21
1994-02-18,1.7297,2026-08-21
1994-02-21,.,2026-08-21
1994-02-22,1.7297,2026-08-21
1994-02-23,1.7503,2026-08-21
1994-02-24,1.7859,2026-08-21
1994-02-25,1.7908,2026-08-21
1994-02-28,1.7761,2026-08-21
1994-03-01,1.8124,2026-08-21
1994-03-02,1.8219,2026-08-21
1994-03-03,1.8419,2026-08-21
1994-03-04,1.8518,2026-08-21
1994-03-07,1.8330,2026-08-21
1994-03-08,1.8438,2026-08-21
1994-03-09,1.8470,2026-08-21
1994-03-10,1.8869,2026-08-21
1994-03-11,1.8874,2026-08-21
1994-03-14,1.9010,2026-08-21
1994-03-15,1.8912,2026-08-21
1994-03-16,1.8593,2026-08-21
1994-03-17,1.8586,2026-08-21
1994-03-18,1.8971,2026-08-21
1994-03-21,1.9242,2026-08-21
1994-03-22,1.8857,2026-08-21
1994-03-23,1.8776,2026-08-21
1994-03-24,1.9402,2026-08-21
1994-03-25,1.9642,2026-08-21
1994-03-28,1.9763,2026-08-21
1994-03-29,2.0127,2026-08-21
1994-03-30,2.0494,2026-08-21
1994-03-31,2.0618,2026-08-21
1994-04-01,.,2026-08-21
1994-04-04,2.2088,2026-08-21
1994-04-05,2.1599,2026-08-21
1994-04-06,2.1329,2026-08-21
1994-04-07,2.1146,2026-08-21
1994-04-08,2.1381,2026-08-21
1994-04-11,2.1403,2026-08-21
1994-04-12,2.1158,2026-08-21
1994-04-13,2.1396,2026-08-21
1994-04-14,2.1589,2026-08-21
1994-04-15,2.1529,2026-08-21
1994-04-18,2.2104,2026-08-21
1994-04-19,2.1920,2026-08-21
1994-04-20,2.1650,2026-08-21
1994-04-21,2.0943,2026-08-21
1994-04-22,2.0842,2026-08-21
1994-04-25,2.0485,2026-08-21
1994-04-26,2.0238,2026-08-21
1994-04-27,.,2026-08-21
1994-04-28,2.0786,2026-08-21
1994-04-29,2.1036,2026-08-21
1994-05-02,2.1205,2026-08-21
1994-05-03,2.1236,2026-08-21
1994-05-04,2.1195,2026-08-21
1994-05-05,2.1052,2026-08-21
1994-05-06,2.1818,2026-08-21
1994-05-09,2.2365,2026-08-21
1994-05-10,2.1762,2026-08-21
1994-05-11,2.2018,2026-08-21
1994-05-12,2.1996,2026-08-21
1994-05-13,2.1828,2026-08-21
1994-05-16,2.1602,2026-08-21
1994-05-17,2.0725,2026-08-21
1994-05-18,2.0342,2026-08-21
1994-05-19,1.9970,2026-08-21
1994-05-20,2.0121,2026-08-21
1994-05-23,2.0788,2026-08-21
1994-05-24,2.0799,2026-08-21
1994-05-25,2.0696,2026-08-21
1994-05-26,2.0585,2026-08-21
1994-05-27,2.0667,2026-08-21
1994-05-30,.,2026-08-21
1994-05-31,2.0885,2026-08-21
1994-06-01,2.0752,2026-08-21
1994-06-02,2.0543,2026-08-21
1994-06-03,2.0124,2026-08-21
1994-06-06,1.9681,2026-08-21
1994-06-07,1.9737,2026-08-21
1994-06-08,1.9770,2026-08-21
1994-06-09,1.9849,2026-08-21
1994-06-10,2.0115,2026-08-21
1994-06-13,2.0325,2026-08-21
1994-06-14,2.0098,2026-08-21
1994-06-15,2.0460,2026-08-21
1994-06-16,2.0451,2026-08-21
1994-06-17,2.0770,2026-08-21
1994-06-20,2.0933,2026-08-21
1994-06-21,2.1169,2026-08-21
1994-06-22,2.0841,2026-08-21
1994-06-23,2.0688,2026-08-21
1994-06-24,2.1129,2026-08-21
1994-06-27,2.1089,2026-08-21
1994-06-28,2.1432,2026-08-21
1994-06-29,2.1520,2026-08-21
1994-06-30,2.1965,2026-08-21
1994-07-01,2.1993,2026-08-21
1994-07-04,.,2026-08-21
1994-07-05,2.1837,2026-08-21
1994-07-06,2.1734,2026-08-21
1994-07-07,2.1583,2026-08-21
1994-07-08,.,2026-08-21
1994-07-11,2.2122,2026-08-21
1994-07-12,2.1931,2026-08-21
1994-07-13,2.1835,2026-08-21
1994-07-14,2.1191,2026-08-21
1994-07-15,2.1139,2026-08-21
1994-07-18,2.0959,2026-08-21
1994-07-19,2.0721,2026-08-21
1994-07-20,2.1017,2026-08-21
1994-07-21,2.1193,2026-08-21
1994-07-22,2.1245,2026-08-21
1994-07-25,2.1119,2026-08-21
1994-07-26,2.1075,2026-08-21
1994-07-27,2.1232,2026-08-21
1994-07-28,2.1277,2026-08-21
1994-07-29,2.0523,2026-08-21
1994-08-01,2.0433,2026-08-21
1994-08-02,2.0244,2026-08-21
1994-08-03,2.0175,2026-08-21
1994-08-04,2.0265,2026-08-21
1994-08-05,2.0813,2026-08-21
1994-08-08,2.0881,2026-08-21
1994-08-09,2.1036,2026-08-21
1994-08-10,2.1066,2026-08-21
1994-08-11,2.1316,2026-08-21
1994-08-12,2.1439,2026-08-21
1994-08-15,2.1152,2026-08-21
1994-08-16,2.0495,2026-08-21
1994-08-17,2.0156,2026-08-21
1994-08-18,2.0549,2026-08-21
1994-08-19,2.0605,2026-08-21
1994-08-22,2.0823,2026-08-21
1994-08-23,2.0784,2026-08-21
1994-08-24,2.0483,2026-08-21
1994-08-25,2.0714,2026-08-21
1994-08-26,2.0565,2026-08-21
1994-08-29,2.0510,2026-08-21
1994-08-30,2.0332,2026-08-21
1994-08-31,2.0220,2026-08-21
1994-09-01,2.0222,2026-08-21
1994-09-02,2.0299,2026-08-21
1994-09-05,.,2026-08-21
1994-09-06,2.0587,2026-08-21
1994-09-07,2.0764,2026-08-21
1994-09-08,2.0815,2026-08-21
1994-09-09,2.1401,2026-08-21
1994-09-12,2.1560,2026-08-21
1994-09-13,2.1517,2026-08-21
1994-09-14,2.1397,2026-08-21
1994-09-15,2.1198,2026-08-21
1994-09-16,2.1737,2026-08-21
1994-09-19,2.1760,2026-08-21
1994-09-20,2.1896,2026-08-21
1994-09-21,2.1899,2026-08-21
1994-09-22,2.1811,2026-08-21
1994-09-23,2.1810,2026-08-21
1994-09-26,2.1790,2026-08-21
1994-09-27,2.1920,2026-08-21
1994-09-28,2.1991,2026-08-21
1994-09-29,2.2265,2026-08-21
1994-09-30,2.2211,2026-08-21
1994-10-03,2.2256,2026-08-21
1994-10-04,2.2198,2026-08-21
1994-10-05,2.2352,2026-08-21
1994-10-06,2.2356,2026-08-21
1994-10-07,.,2026-08-21
1994-10-10,.,2026-08-21
1994-10-11,2.1891,2026-08-21
1994-10-12,2.1893,2026-08-21
1994-10-13,2.1753,2026-08-21
1994-10-14,2.1656,2026-08-21
1994-10-17,2.1726,2026-08-21
1994-10-18,2.1740,2026-08-21
1994-10-19,2.1924,2026-08-21
1994-10-20,2.2365,2026-08-21
1994-10-21,2.2399,2026-08-21
1994-10-24,2.2567,2026-08-21
1994-10-25,2.2620,2026-08-21
1994-10-26,2.2716,2026-08-21
1994-10-27,2.2759,2026-08-21
1994-10-28,2.2520,2026-08-21
1994-10-31,2.2413,2026-08-21
1994-11-01,2.2733,2026-08-21
1994-11-02,2.2927,2026-08-21
1994-11-03,2.2989,2026-08-21
1994-11-04,2.3219,2026-08-21
1994-11-07,2.3237,2026-08-21
1994-11-08,2.3055,2026-08-21
1994-11-09,2.2796,2026-08-21
1994-11-10,2.2885,2026-08-21
1994-11-11,.,2026-08-21
1994-11-14,2.2753,2026-08-21
1994-11-15,2.2498,2026-08-21
1994-11-16,2.2608,2026-08-21
1994-11-17,2.2808,2026-08-21
1994-11-18,2.2826,2026-08-21
1994-11-21,2.2897,2026-08-21
1994-11-22,2.2790,2026-08-21
1994-11-23,2.2101,2026-08-21
1994-11-24,.,2026-08-21
1994-11-25,2.1955,2026-08-21
1994-11-28,2.2080,2026-08-21
1994-11-29,2.2283,2026-08-21
1994-11-30,2.2004,2026-08-21
1994-12-01,2.1963,2026-08-21
1994-12-02,2.1443,2026-08-21
1994-12-05,2.1291,2026-08-21
1994-12-06,2.0692,2026-08-21
1994-12-07,2.0880,2026-08-21
1994-12-08,2.1003,2026-08-21
1994-12-09,2.0937,2026-08-21
1994-12-12,2.1143,2026-08-21
1994-12-13,2.1027,2026-08-21
1994-12-14,2.0783,2026-08-21
1994-12-15,2.0855,2026-08-21
1994-12-16,2.1001,2026-08-21
1994-12-19,2.1037,2026-08-21
1994-12-20,2.1077,2026-08-21
1994-12-21,2.1118,2026-08-21
1994-12-22,2.1245,2026-08-21
1994-12-23,2.1205,2026-08-21
1994-12-26,.,2026-08-21
1994-12-27,2.0843,2026-08-21
1994-12-28,2.0971,2026-08-21
1994-12-29,2.1153,2026-08-21
1994-12-30,2.1267,2026-08-21
1995-01-02,.,2026-08-21
1995-01-03,2.1506,2026-08-21
1995-01-04,2.1177,2026-08-21
1995-01-05,2.1286,2026-08-21
1995-01-06,2.1228,2026-08-21
1995-01-09,2.1315,2026-08-21
1995-01-10,2.1151,2026-08-21
1995-01-11,2.1083,2026-08-21
1995-01-12,2.1217,2026-08-21
1995-01-13,2.0662,2026-08-21
1995-01-16,.,2026-08-21
1995-01-17,2.0762,2026-08-21
1995-01-18,2.0771,2026-08-21
1995-01-19,2.0862,2026-08-21
1995-01-20,2.0962,2026-08-21
1995-01-23,2.1147,2026-08-21
1995-01-24,2.1239,2026-08-21
1995-01-25,2.0914,2026-08-21
1995-01-26,2.0655,2026-08-21
1995-01-27,2.0231,2026-08-21
1995-01-30,2.0061,2026-08-21
1995-01-31,1.9862,2026-08-21
1995-02-01,1.9910,2026-08-21
1995-02-02,2.0030,2026-08-21
1995-02-03,1.9289,2026-08-21
1995-02-06,1.9284,2026-08-21
1995-02-07,1.9283,2026-08-21
1995-02-08,1.9320,2026-08-21
1995-02-09,1.9528,2026-08-21
1995-02-10,1.9806,2026-08-21
1995-02-13,1.9813,2026-08-21
1995-02-14,1.9481,2026-08-21
1995-02-15,.,2026-08-21
1995-02-16,1.9021,2026-08-21
1995-02-17,1.9040,2026-08-21
1995-02-20,.,2026-08-21
1995-02-21,1.9093,2026-08-21
1995-02-22,1.8728,2026-08-21
1995-02-23,1.8663,2026-08-21
1995-02-24,1.8637,2026-08-21
1995-02-27,1.8279,2026-08-21
1995-02-28,1.8119,2026-08-21
1995-03-01,1.8032,2026-08-21
1995-03-02,1.8264,2026-08-21
1995-03-03,1.8596,2026-08-21
1995-03-06,1.8832,2026-08-21
1995-03-07,1.8943,2026-08-21
1995-03-08,1.8649,2026-08-21
1995-03-09,1.8336,2026-08-21
1995-03-10,1.7983,2026-08-21
1995-03-13,1.7711,2026-08-21
1995-03-14,1.7274,2026-08-21
1995-03-15,1.7221,2026-08-21
1995-03-16,1.7090,2026-08-21
1995-03-17,1.7334,2026-08-21
1995-03-20,.,2026-08-21
1995-03-21,1.7611,2026-08-21
1995-03-22,1.7887,2026-08-21
1995-03-23,1.7978,2026-08-21
1995-03-24,1.7631,2026-08-21
1995-03-27,1.7390,2026-08-21
1995-03-28,1.7689,2026-08-21
1995-03-29,1.7823,2026-08-21
1995-03-30,1.7971,2026-08-21
1995-03-31,1.8116,2026-08-21
1995-04-03,1.7851,2026-08-21
1995-04-04,1.7551,2026-08-21
1995-04-05,1.7514,2026-08-21
1995-04-06,1.7414,2026-08-21
1995-04-07,1.7463,2026-08-21
1995-04-10,1.7545,2026-08-21
1995-04-11,1.7461,2026-08-21
1995-04-12,1.7366,2026-08-21
1995-04-13,1.7170,2026-08-21
1995-04-14,.,2026-08-21
1995-04-17,1.7121,2026-08-21
1995-04-18,1.7144,2026-08-21
1995-04-19,1.7222,2026-08-21
1995-04-20,1.7080,2026-08-21
1995-04-21,1.7034,2026-08-21
1995-04-24,1.6970,2026-08-21
1995-04-25,1.6953,2026-08-21
1995-04-26,1.6941,2026-08-21
1995-04-27,1.7014,2026-08-21
1995-04-28,1.7133,2026-08-21
1995-05-01,1.7183,2026-08-21
1995-05-02,1.7005,2026-08-21
1995-05-03,1.6642,2026-08-21
1995-05-04,1.6206,2026-08-21
1995-05-05,1.5455,2026-08-21
1995-05-08,1.5347,2026-08-21
1995-05-09,1.4889,2026-08-21
1995-05-10,1.4998,2026-08-21
1995-05-11,1.5134,2026-08-21
1995-05-12,1.5163,2026-08-21
1995-05-15,1.4938,2026-08-21
1995-05-16,1.4630,2026-08-21
1995-05-17,1.4505,2026-08-21
1995-05-18,1.4766,2026-08-21
1995-05-19,1.4803,2026-08-21
1995-05-22,1.4865,2026-08-21
1995-05-23,1.4598,2026-08-21
1995-05-24,1.3993,2026-08-21
1995-05-25,1.3777,2026-08-21
1995-05-26,1.3765,2026-08-21
1995-05-29,.,2026-08-21
1995-05-30,1.3399,2026-08-21
1995-05-31,1.3336,2026-08-21
1995-06-01,1.2956,2026-08-21
1995-06-02,1.2569,2026-08-21
1995-06-05,1.2462,2026-08-21
1995-06-06,1.2521,2026-08-21
1995-06-07,1.2873,2026-08-21
1995-06-08,1.3111,2026-08-21
1995-06-09,1.3754,2026-08-21
1995-06-12,1.3828,2026-08-21
1995-06-13,1.2987,2026-08-21
1995-06-14,1.2895,2026-08-21
1995-06-15,1.3016,2026-08-21
1995-06-16,1.3160,2026-08-21
1995-06-19,1.2867,2026-08-21
1995-06-20,1.2941,2026-08-21
1995-06-21,1.2868,2026-08-21
1995-06-22,1.2546,2026-08-21
1995-06-23,1.2606,2026-08-21
1995-06-26,1.2815,2026-08-21
1995-06-27,1.2990,2026-08-21
1995-06-28,1.2893,2026-08-21
1995-06-29,1.3468,2026-08-21
1995-06-30,1.3357,2026-08-21
1995-07-03,1.3313,2026-08-21
1995-07-04,.,2026-08-21
1995-07-05,1.3150,2026-08-21
1995-07-06,1.2613,2026-08-21
1995-07-07,1.2463,2026-08-21
1995-07-10,1.2452,2026-08-21
1995-07-11,1.2628,2026-08-21
1995-07-12,1.2685,2026-08-21
1995-07-13,1.2714,2026-08-21
1995-07-14,1.2966,2026-08-21
1995-07-17,1.3295,2026-08-21
1995-07-18,1.3540,2026-08-21
1995-07-19,1.4246,2026-08-21
1995-07-20,1.4410,2026-08-21
1995-07-21,1.4833,2026-08-21
1995-07-24,1.4696,2026-08-21
1995-07-25,1.4562,2026-08-21
1995-07-26,1.4758,2026-08-21
1995-07-27,1.4628,2026-08-21
1995-07-28,1.4820,2026-08-21
1995-07-31,1.4682,2026-08-21
1995-08-01,1.4839,2026-08-21
1995-08-02,1.4609,2026-08-21
1995-08-03,1.4903,2026-08-21
1995-08-04,1.4850,2026-08-21
1995-08-07,1.4780,2026-08-21
1995-08-08,1.4749,2026-08-21
1995-08-09,1.4840,2026-08-21
1995-08-10,1.5020,2026-08-21
1995-08-11,1.5444,2026-08-21
1995-08-14,1.5494,2026-08-21
1995-08-15,1.5420,2026-08-21
1995-08-16,1.5240,2026-08-21
1995-08-17,1.5317,2026-08-21
1995-08-18,1.5318,2026-08-21
1995-08-21,1.5132,2026-08-21
1995-08-22,1.5249,2026-08-21
1995-08-23,1.5358,2026-08-21
1995-08-24,1.5066,2026-08-21
1995-08-25,1.4507,2026-08-21
1995-08-28,1.4336,2026-08-21
1995-08-29,1.4400,2026-08-21
1995-08-30,1.4279,2026-08-21
1995-08-31,1.4100,2026-08-21
1995-09-01,1.3790,2026-08-21
1995-09-04,.,2026-08-21
1995-09-05,1.3578,2026-08-21
1995-09-06,1.3458,2026-08-21
1995-09-07,1.3568,2026-08-21
1995-09-08,1.3668,2026-08-21
1995-09-11,1.3726,2026-08-21
1995-09-12,1.3460,2026-08-21
1995-09-13,1.3549,2026-08-21
1995-09-14,1.3186,2026-08-21
1995-09-15,1.3243,2026-08-21
1995-09-18,1.3565,2026-08-21
1995-09-19,1.3545,2026-08-21
1995-09-20,1.3464,2026-08-21
1995-09-21,1.3791,2026-08-21
1995-09-22,1.4007,2026-08-21
1995-09-25,1.4078,2026-08-21
1995-09-26,1.4095,2026-08-21
1995-09-27,1.4252,2026-08-21
1995-09-28,1.4118,2026-08-21
1995-09-29,1.3642,2026-08-21
1995-10-02,1.3487,2026-08-21
1995-10-03,1.3252,2026-08-21
1995-10-04,1.3070,2026-08-21
1995-10-05,1.2935,2026-08-21
1995-10-06,1.2847,2026-08-21
1995-10-09,.,2026-08-21
1995-10-10,1.2856,2026-08-21
1995-10-11,1.2897,2026-08-21
1995-10-12,1.2784,2026-08-21
1995-10-13,1.2348,2026-08-21
1995-10-16,1.2257,2026-08-21
1995-10-17,1.2190,2026-08-21
1995-10-18,1.2310,2026-08-21
1995-10-19,1.2309,2026-08-21
1995-10-20,1.2583,2026-08-21
1995-10-23,1.2730,2026-08-21
1995-10-24,1.2530,2026-08-21
1995-10-25,1.2401,2026-08-21
1995-10-26,1.2541,2026-08-21
1995-10-27,1.2557,2026-08-21
1995-10-30,1.2528,2026-08-21
1995-10-31,1.2475,2026-08-21
1995-11-01,1.2208,2026-08-21
1995-11-02,1.1950,2026-08-21
1995-11-03,1.1945,2026-08-21
1995-11-06,1.2025,2026-08-21
1995-11-07,1.2143,2026-08-21
1995-11-08,1.1891,2026-08-21
1995-11-09,1.1986,2026-08-21
1995-11-10,1.2154,2026-08-21
1995-11-13,1.2036,2026-08-21
1995-11-14,1.1989,2026-08-21
1995-11-15,1.2118,2026-08-21
1995-11-16,1.1899,2026-08-21
1995-11-17,1.1843,2026-08-21
1995-11-20,1.1837,2026-08-21
1995-11-21,1.1978,2026-08-21
1995-11-22,1.2052,2026-08-21
1995-11-23,.,2026-08-21
1995-11-24,1.2050,2026-08-21
1995-11-27,1.1902,2026-08-21
1995-11-28,1.1830,2026-08-21
1995-11-29,1.1689,2026-08-21
1995-11-30,1.1312,2026-08-21
1995-12-01,1.1092,2026-08-21
1995-12-04,1.0694,2026-08-21
1995-12-05,1.0681,2026-08-21
1995-12-06,1.0760,2026-08-21
1995-12-07,1.0930,2026-08-21
1995-12-08,1.1075,2026-08-21
1995-12-11,1.0976,2026-08-21
1995-12-12,1.1069,2026-08-21
1995-12-13,1.1131,2026-08-21
1995-12-14,1.1154,2026-08-21
1995-12-15,1.1229,2026-08-21
1995-12-18,1.1709,2026-08-21
1995-12-19,1.1657,2026-08-21
1995-12-20,1.1601,2026-08-21
1995-12-21,1.1725,2026-08-21
1995-12-22,1.1601,2026-08-21
1995-12-25,.,2026-08-21
1995-12-26,1.1559,2026-08-21
1995-12-27,1.1424,2026-08-21
1995-12-28,1.1345,2026-08-21
1995-12-29,1.1100,2026-08-21
1996-01-01,.,2026-08-21
1996-01-02,1.1040,2026-08-21
1996-01-03,1.0854,2026-08-21
1996-01-04,1.0992,2026-08-21
1996-01-05,1.1169,2026-08-21
1996-01-08,1.1173,2026-08-21
1996-01-09,1.1250,2026-08-21
1996-01-10,1.1669,2026-08-21
1996-01-11,1.1712,2026-08-21
1996-01-12,1.1628,2026-08-21
1996-01-15,.,2026-08-21
1996-01-16,1.1384,2026-08-21
1996-01-17,1.1039,2026-08-21
1996-01-18,1.0849,2026-08-21
1996-01-19,1.0842,2026-08-21
1996-01-22,1.1064,2026-08-21
1996-01-23,1.1282,2026-08-21
1996-01-24,1.1145,2026-08-21
1996-01-25,1.1457,2026-08-21
1996-01-26,1.1358,2026-08-21
1996-01-29,1.1365,2026-08-21
1996-01-30,1.1207,2026-08-21
1996-01-31,1.1084,2026-08-21
1996-02-01,1.1104,2026-08-21
1996-02-02,1.1296,2026-08-21
1996-02-05,1.1554,2026-08-21
1996-02-06,1.1523,2026-08-21
1996-02-07,1.1589,2026-08-21
1996-02-08,1.1640,2026-08-21
1996-02-09,1.1605,2026-08-21
1996-02-12,1.1360,2026-08-21
1996-02-13,1.1189,2026-08-21
1996-02-14,1.1284,2026-08-21
1996-02-15,1.1622,2026-08-21
1996-02-16,1.1934,2026-08-21
1996-02-19,.,2026-08-21
1996-02-20,1.2968,2026-08-21
1996-02-21,1.3183,2026-08-21
1996-02-22,1.2976,2026-08-21
1996-02-23,1.3155,2026-08-21
1996-02-26,1.3357,2026-08-21
1996-02-27,1.3587,2026-08-21
1996-02-28,1.3855,2026-08-21
1996-02-29,1.3983,2026-08-21
1996-03-01,1.3518,2026-08-21
1996-03-04,1.3121,2026-08-21
1996-03-05,1.3248,2026-08-21
1996-03-06,1.3564,2026-08-21
1996-03-07,1.3767,2026-08-21
1996-03-08,1.5071,2026-08-21
1996-03-11,1.5152,2026-08-21
1996-03-12,1.5289,2026-08-21
1996-03-13,1.5326,2026-08-21
1996-03-14,1.5372,2026-08-21
1996-03-15,1.5710,2026-08-21
1996-03-18,1.5644,2026-08-21
1996-03-19,1.5507,2026-08-21
1996-03-20,1.5193,2026-08-21
1996-03-21,1.5019,2026-08-21
1996-03-22,1.5096,2026-08-21
1996-03-25,1.4875,2026-08-21
1996-03-26,1.4774,2026-08-21
1996-03-27,1.5121,2026-08-21
1996-03-28,1.5479,2026-08-21
1996-03-29,1.5295,2026-08-21
1996-04-01,1.5148,2026-08-21
1996-04-02,1.4865,2026-08-21
1996-04-03,1.4888,2026-08-21
1996-04-04,1.5169,2026-08-21
1996-04-05,1.6189,2026-08-21
1996-04-08,1.6575,2026-08-21
1996-04-09,1.6527,2026-08-21
1996-04-10,1.6783,2026-08-21
1996-04-11,1.7074,2026-08-21
1996-04-12,1.6577,2026-08-21
1996-04-15,1.6301,2026-08-21
1996-04-16,1.6287,2026-08-21
1996-04-17,1.6451,2026-08-21
1996-04-18,1.6671,2026-08-21
1996-04-19,1.6555,2026-08-21
1996-04-22,1.6271,2026-08-21
1996-04-23,1.6247,2026-08-21
1996-04-24,1.6362,2026-08-21
1996-04-25,1.6356,2026-08-21
1996-04-26,1.6222,2026-08-21
1996-04-29,1.6372,2026-08-21
1996-04-30,1.6633,2026-08-21
1996-05-01,1.6754,2026-08-21
1996-05-02,1.7421,2026-08-21
1996-05-03,1.7808,2026-08-21
1996-05-06,1.7781,2026-08-21
1996-05-07,1.7862,2026-08-21
1996-05-08,1.7693,2026-08-21
1996-05-09,1.7700,2026-08-21
1996-05-10,1.7339,2026-08-21
1996-05-13,1.7097,2026-08-21
1996-05-14,1.6783,2026-08-21
1996-05-15,1.6639,2026-08-21
1996-05-16,1.6839,2026-08-21
1996-05-17,1.6709,2026-08-21
1996-05-20,1.6515,2026-08-21
1996-05-21,1.6564,2026-08-21
1996-05-22,1.6462,2026-08-21
1996-05-23,1.6630,2026-08-21
1996-05-24,1.6566,2026-08-21
1996-05-27,.,2026-08-21
1996-05-28,1.6583,2026-08-21
1996-05-29,1.6956,2026-08-21
1996-05-30,1.7091,2026-08-21
1996-05-31,1.7456,2026-08-21
1996-06-03,1.7618,2026-08-21
1996-06-04,1.7535,2026-08-21
1996-06-05,1.7375,2026-08-21
1996-06-06,1.7047,2026-08-21
1996-06-07,1.7658,2026-08-21
1996-06-10,1.7851,2026-08-21
1996-06-11,1.8015,2026-08-21
1996-06-12,1.8222,2026-08-21
1996-06-13,1.8239,2026-08-21
1996-06-14,1.8009,2026-08-21
1996-06-17,1.7792,2026-08-21
1996-06-18,1.7835,2026-08-21
1996-06-19,1.8003,2026-08-21
1996-06-20,1.8047,2026-08-21
1996-06-21,1.7929,2026-08-21
1996-06-24,1.7838,2026-08-21
1996-06-25,1.7657,2026-08-21
1996-06-26,1.7590,2026-08-21
1996-06-27,1.7287,2026-08-21
1996-06-28,1.6812,2026-08-21
1996-07-01,1.6681,2026-08-21
1996-07-02,1.6762,2026-08-21
1996-07-03,1.6747,2026-08-21
1996-07-04,.,2026-08-21
1996-07-05,1.7791,2026-08-21
1996-07-08,1.8044,2026-08-21
1996-07-09,1.7889,2026-08-21
1996-07-10,1.7619,2026-08-21
1996-07-11,1.7417,2026-08-21
1996-07-12,1.7256,2026-08-21
1996-07-15,1.7305,2026-08-21
1996-07-16,1.7133,2026-08-21
1996-07-17,1.7049,2026-08-21
1996-07-18,1.6582,2026-08-21
1996-07-19,1.6707,2026-08-21
1996-07-22,1.6927,2026-08-21
1996-07-23,1.6865,2026-08-21
1996-07-24,1.7023,2026-08-21
1996-07-25,1.7054,2026-08-21
1996-07-26,1.7020,2026-08-21
1996-07-29,1.7233,2026-08-21
1996-07-30,1.7160,2026-08-21
1996-07-31,1.6836,2026-08-21
1996-08-01,1.6232,2026-08-21
1996-08-02,1.5571,2026-08-21
1996-08-05,1.5516,2026-08-21
1996-08-06,1.5606,2026-08-21
1996-08-07,1.5645,2026-08-21
1996-08-08,1.5698,2026-08-21
1996-08-09,1.5501,2026-08-21
1996-08-12,1.5430,2026-08-21
1996-08-13,1.5718,2026-08-21
1996-08-14,1.5832,2026-08-21
1996-08-15,1.5999,2026-08-21
1996-08-16,1.5815,2026-08-21
1996-08-19,1.5899,2026-08-21
1996-08-20,1.5918,2026-08-21
1996-08-21,1.6037,2026-08-21
1996-08-22,1.6153,2026-08-21
1996-08-23,1.6579,2026-08-21
1996-08-26,.,2026-08-21
1996-08-27,1.6948,2026-08-21
1996-08-28,1.7061,2026-08-21
1996-08-29,1.7278,2026-08-21
1996-08-30,1.7725,2026-08-21
1996-09-02,.,2026-08-21
1996-09-03,1.7645,2026-08-21
1996-09-04,1.7647,2026-08-21
1996-09-05,1.7751,2026-08-21
1996-09-06,1.7652,2026-08-21
1996-09-09,1.7495,2026-08-21
1996-09-10,1.7617,2026-08-21
1996-09-11,1.7675,2026-08-21
1996-09-12,1.7462,2026-08-21
1996-09-13,1.6933,2026-08-21
1996-09-16,1.6841,2026-08-21
1996-09-17,1.7055,2026-08-21
1996-09-18,1.7169,2026-08-21
1996-09-19,1.7192,2026-08-21
1996-09-20,1.7238,2026-08-21
1996-09-23,1.7132,2026-08-21
1996-09-24,1.6934,2026-08-21
1996-09-25,1.6748,2026-08-21
1996-09-26,1.6613,2026-08-21
1996-09-27,1.6725,2026-08-21
1996-09-30,1.6923,2026-08-21
1996-10-01,1.6626,2026-08-21
1996-10-02,1.6399,2026-08-21
1996-10-03,1.6351,2026-08-21
1996-10-04,1.5823,2026-08-21
1996-10-07,1.5849,2026-08-21
1996-10-08,1.5861,2026-08-21
1996-10-09,1.6023,2026-08-21
1996-10-10,1.6270,2026-08-21
1996-10-11,1.6005,2026-08-21
1996-10-14,.,2026-08-21
1996-10-15,1.5946,2026-08-21
1996-10-16,1.5981,2026-08-21
1996-10-17,1.5746,2026-08-21
1996-10-18,1.5663,2026-08-21
1996-10-21,1.5704,2026-08-21
1996-10-22,1.5838,2026-08-21
1996-10-23,1.5836,2026-08-21
1996-10-24,1.5887,2026-08-21
1996-10-25,1.5788,2026-08-21
1996-10-28,1.5779,2026-08-21
1996-10-29,1.5174,2026-08-21
1996-10-30,1.5047,2026-08-21
1996-10-31,1.4889,2026-08-21
1996-11-01,1.4880,2026-08-21
1996-11-04,1.4797,2026-08-21
1996-11-05,1.4481,2026-08-21
1996-11-06,1.4444,2026-08-21
1996-11-07,1.4213,2026-08-21
1996-11-08,1.4286,2026-08-21
1996-11-11,.,2026-08-21
1996-11-12,1.4025,2026-08-21
1996-11-13,1.4000,2026-08-21
1996-11-14,1.4656,2026-08-21
1996-11-15,1.4123,2026-08-21
1996-11-18,1.4032,2026-08-21
1996-11-19,1.3873,2026-08-21
1996-11-20,1.3702,2026-08-21
1996-11-21,1.3681,2026-08-21
1996-11-22,1.3691,2026-08-21
1996-11-25,1.3619,2026-08-21
1996-11-26,1.3596,2026-08-21
1996-11-27,1.3631,2026-08-21
1996-11-28,.,2026-08-21
1996-11-29,1.3315,2026-08-21
1996-12-02,1.3333,2026-08-21
1996-12-03,1.3302,2026-08-21
1996-12-04,1.3550,2026-08-21
1996-12-05,1.4050,2026-08-21
1996-12-06,1.4333,2026-08-21
1996-12-09,1.4258,2026-08-21
1996-12-10,1.4312,2026-08-21
1996-12-11,1.4953,2026-08-21
1996-12-12,1.5199,2026-08-21
1996-12-13,1.5011,2026-08-21
1996-12-16,1.5157,2026-08-21
1996-12-17,1.5280,2026-08-21
1996-12-18,1.5424,2026-08-21
1996-12-19,1.5048,2026-08-21
1996-12-20,1.4935,2026-08-21
1996-12-23,1.4822,2026-08-21
1996-12-24,1.4799,2026-08-21
1996-12-25,.,2026-08-21
1996-12-26,1.4783,2026-08-21
1996-12-27,1.4584,2026-08-21
1996-12-30,1.4518,2026-08-21
1996-12-31,1.4933,2026-08-21
1997-01-01,.,2026-08-21
1997-01-02,1.5455,2026-08-21
1997-01-03,1.5502,2026-08-21
1997-01-06,1.5613,2026-08-21
1997-01-07,1.5768,2026-08-21
1997-01-08,1.5923,2026-08-21
1997-01-09,1.5674,2026-08-21
1997-01-10,1.6059,2026-08-21
1997-01-13,1.6129,2026-08-21
1997-01-14,1.5756,2026-08-21
1997-01-15,1.5685,2026-08-21
1997-01-16,1.5836,2026-08-21
1997-01-17,1.5820,2026-08-21
1997-01-20,.,2026-08-21
1997-01-21,1.5665,2026-08-21
1997-01-22,1.5750,2026-08-21
1997-01-23,1.5910,2026-08-21
1997-01-24,1.6102,2026-08-21
1997-01-27,1.6304,2026-08-21
1997-01-28,1.6212,2026-08-21
1997-01-29,1.6171,2026-08-21
1997-01-30,1.6072,2026-08-21
1997-01-31,1.5719,2026-08-21
1997-02-03,1.5446,2026-08-21
1997-02-04,1.5314,2026-08-21
1997-02-05,1.5379,2026-08-21
1997-02-06,1.5420,2026-08-21
1997-02-07,1.5221,2026-08-21
1997-02-10,1.5138,2026-08-21
1997-02-11,1.5120,2026-08-21
1997-02-12,.,2026-08-21
1997-02-13,1.4860,2026-08-21
1997-02-14,1.4622,2026-08-21
1997-02-17,.,2026-08-21
1997-02-18,1.4616,2026-08-21
1997-02-19,1.4673,2026-08-21
1997-02-20,1.5001,2026-08-21
1997-02-21,1.5023,2026-08-21
1997-02-24,1.5130,2026-08-21
1997-02-25,1.5179,2026-08-21
1997-02-26,1.5794,2026-08-21
1997-02-27,1.5971,2026-08-21
1997-02-28,1.5954,2026-08-21
1997-03-03,1.6017,2026-08-21
1997-03-04,1.6116,2026-08-21
1997-03-05,1.6143,2026-08-21
1997-03-06,1.6252,2026-08-21
1997-03-07,1.6069,2026-08-21
1997-03-10,1.6051,2026-08-21
1997-03-11,1.6084,2026-08-21
1997-03-12,1.6211,2026-08-21
1997-03-13,1.6668,2026-08-21
1997-03-14,1.6685,2026-08-21
1997-03-17,1.6730,2026-08-21
1997-03-18,1.6743,2026-08-21
1997-03-19,1.6792,2026-08-21
1997-03-20,1.6776,2026-08-21
1997-03-21,1.6699,2026-08-21
1997-03-24,1.6559,2026-08-21
1997-03-25,1.6569,2026-08-21
1997-03-26,1.6796,2026-08-21
1997-03-27,1.7285,2026-08-21
1997-03-28,.,2026-08-21
1997-03-31,1.7496,2026-08-21
1997-04-01,1.7492,2026-08-21
1997-04-02,1.7460,2026-08-21
1997-04-03,1.7447,2026-08-21
1997-04-04,1.7668,2026-08-21
1997-04-07,1.7500,2026-08-21
1997-04-08,1.7606,2026-08-21
1997-04-09,1.7638,2026-08-21
1997-04-10,1.7628,2026-08-21
1997-04-11,1.7876,2026-08-21
1997-04-14,1.7916,2026-08-21
1997-04-15,1.7534,2026-08-21
1997-04-16,1.7525,2026-08-21
1997-04-17,1.7345,2026-08-21
1997-04-18,1.7227,2026-08-21
1997-04-21,1.7348,2026-08-21
1997-04-22,1.7235,2026-08-21
1997-04-23,1.7370,2026-08-21
1997-04-24,1.7603,2026-08-21
1997-04-25,1.7714,2026-08-21
1997-04-28,1.7619,2026-08-21
1997-04-29,1.7015,2026-08-21
1997-04-30,1.6686,2026-08-21
1997-05-01,1.6546,2026-08-21
1997-05-02,1.6452,2026-08-21
1997-05-05,1.6431,2026-08-21
1997-05-06,1.6397,2026-08-21
1997-05-07,1.6720,2026-08-21
1997-05-08,1.6634,2026-08-21
1997-05-09,1.6425,2026-08-21
1997-05-12,1.6348,2026-08-21
1997-05-13,1.6562,2026-08-21
1997-05-14,1.6480,2026-08-21
1997-05-15,1.6438,2026-08-21
1997-05-16,1.6515,2026-08-21
1997-05-19,1.6466,2026-08-21
1997-05-20,1.6336,2026-08-21
1997-05-21,1.6592,2026-08-21
1997-05-22,1.6805,2026-08-21
1997-05-23,1.6670,2026-08-21
1997-05-26,.,2026-08-21
1997-05-27,1.6993,2026-08-21
1997-05-28,1.7101,2026-08-21
1997-05-29,1.7042,2026-08-21
1997-05-30,1.6779,2026-08-21
1997-06-02,1.6733,2026-08-21
1997-06-03,1.6581,2026-08-21
1997-06-04,1.6461,2026-08-21
1997-06-05,1.6397,2026-08-21
1997-06-06,1.5962,2026-08-21
1997-06-09,1.6062,2026-08-21
1997-06-10,1.6167,2026-08-21
1997-06-11,1.6210,2026-08-21
1997-06-12,1.5915,2026-08-21
1997-06-13,1.5670,2026-08-21
1997-06-16,1.5523,2026-08-21
1997-06-17,1.5567,2026-08-21
1997-06-18,1.5481,2026-08-21
1997-06-19,1.5435,2026-08-21
1997-06-20,1.5301,2026-08-21
1997-06-23,1.5332,2026-08-21
1997-06-24,1.5401,2026-08-21
1997-06-25,1.5580,2026-08-21
1997-06-26,1.5787,2026-08-21
1997-06-27,1.5842,2026-08-21
1997-06-30,1.5918,2026-08-21
1997-07-01,1.5653,2026-08-21
1997-07-02,1.5457,2026-08-21
1997-07-03,1.4995,2026-08-21
1997-07-04,.,2026-08-21
1997-07-07,1.4776,2026-08-21
1997-07-08,1.4728,2026-08-21
1997-07-09,1.4597,2026-08-21
1997-07-10,1.4562,2026-08-21
1997-07-11,1.4460,2026-08-21
1997-07-14,1.4510,2026-08-21
1997-07-15,1.4476,2026-08-21
1997-07-16,1.4235,2026-08-21
1997-07-17,1.4173,2026-08-21
1997-07-18,1.4295,2026-08-21
1997-07-21,1.4373,2026-08-21
1997-07-22,1.3980,2026-08-21
1997-07-23,1.3845,2026-08-21
1997-07-24,1.3824,2026-08-21
1997-07-25,1.3899,2026-08-21
1997-07-28,1.3847,2026-08-21
1997-07-29,1.3558,2026-08-21
1997-07-30,1.3335,2026-08-21
1997-07-31,1.3114,2026-08-21
1997-08-01,1.3753,2026-08-21
1997-08-04,1.3993,2026-08-21
1997-08-05,1.4070,2026-08-21
1997-08-06,1.4018,2026-08-21
1997-08-07,1.4005,2026-08-21
1997-08-08,1.4660,2026-08-21
1997-08-11,1.4765,2026-08-21
1997-08-12,1.4930,2026-08-21
1997-08-13,1.4853,2026-08-21
1997-08-14,1.4532,2026-08-21
1997-08-15,1.4465,2026-08-21
1997-08-18,1.4264,2026-08-21
1997-08-19,1.4273,2026-08-21
1997-08-20,1.4376,2026-08-21
1997-08-21,1.4615,2026-08-21
1997-08-22,1.4955,2026-08-21
1997-08-25,1.5098,2026-08-21
1997-08-26,1.5099,2026-08-21
1997-08-27,1.5108,2026-08-21
1997-08-28,1.4786,2026-08-21
1997-08-29,1.4878,2026-08-21
1997-09-01,.,2026-08-21
1997-09-02,1.4789,2026-08-21
1997-09-03,1.4901,2026-08-21
1997-09-04,1.4982,2026-08-21
1997-09-05,1.5120,2026-08-21
1997-09-08,1.5047,2026-08-21
1997-09-09,1.5067,2026-08-21
1997-09-10,1.5211,2026-08-21
1997-09-11,1.5327,2026-08-21
1997-09-12,1.5000,2026-08-21
1997-09-15,1.4873,2026-08-21
1997-09-16,1.4158,2026-08-21
1997-09-17,1.3939,2026-08-21
1997-09-18,1.3948,2026-08-21
1997-09-19,1.3902,2026-08-21
1997-09-22,1.3795,2026-08-21
1997-09-23,1.3941,2026-08-21
1997-09-24,1.3855,2026-08-21
1997-09-25,1.4225,2026-08-21
1997-09-26,1.4123,2026-08-21
1997-09-29,1.4127,2026-08-21
1997-09-30,1.4120,2026-08-21
1997-10-01,1.3749,2026-08-21
1997-10-02,1.3566,2026-08-21
1997-10-03,1.3520,2026-08-21
1997-10-06,1.3353,2026-08-21
1997-10-07,1.3203,2026-08-21
1997-10-08,1.3683,2026-08-21
1997-10-09,1.3806,2026-08-21
1997-10-10,1.4063,2026-08-21
1997-10-13,.,2026-08-21
1997-10-14,1.3841,2026-08-21
1997-10-15,1.3934,2026-08-21
1997-10-16,1.3947,2026-08-21
1997-10-17,1.4260,2026-08-21
1997-10-20,1.4263,2026-08-21
1997-10-21,1.4217,2026-08-21
1997-10-22,1.4067,2026-08-21
1997-10-23,1.3648,2026-08-21
1997-10-24,1.3433,2026-08-21
1997-10-27,1.2993,2026-08-21
1997-10-28,1.3108,2026-08-21
1997-10-29,1.2871,2026-08-21
1997-10-30,1.2590,2026-08-21
1997-10-31,1.2460,2026-08-21
1997-11-03,1.2630,2026-08-21
1997-11-04,1.2807,2026-08-21
1997-11-05,1.2820,2026-08-21
1997-11-06,1.2622,2026-08-21
1997-11-07,1.2559,2026-08-21
1997-11-10,1.2533,2026-08-21
1997-11-11,.,2026-08-21
1997-11-12,1.2456,2026-08-21
1997-11-13,1.2372,2026-08-21
1997-11-14,1.2345,2026-08-21
1997-11-17,1.2283,2026-08-21
1997-11-18,1.2214,2026-08-21
1997-11-19,1.2045,2026-08-21
1997-11-20,1.2100,2026-08-21
1997-11-21,1.2029,2026-08-21
1997-11-24,1.2148,2026-08-21
1997-11-25,1.2112,2026-08-21
1997-11-26,1.2151,2026-08-21
1997-11-27,.,2026-08-21
1997-11-28,1.2179,2026-08-21
1997-12-01,1.2183,2026-08-21
1997-12-02,1.2167,2026-08-21
1997-12-03,1.2052,2026-08-21
1997-12-04,1.2022,2026-08-21
1997-12-05,1.2274,2026-08-21
1997-12-08,1.2456,2026-08-21
1997-12-09,1.2477,2026-08-21
1997-12-10,1.2352,2026-08-21
1997-12-11,1.2092,2026-08-21
1997-12-12,1.1765,2026-08-21
1997-12-15,1.1812,2026-08-21
1997-12-16,1.1760,2026-08-21
1997-12-17,1.1833,2026-08-21
1997-12-18,1.1644,2026-08-21
1997-12-19,1.1419,2026-08-21
1997-12-22,1.1204,2026-08-21
1997-12-23,1.1123,2026-08-21
1997-12-24,1.1193,2026-08-21
1997-12-25,.,2026-08-21
1997-12-26,1.1247,2026-08-21
1997-12-29,1.1287,2026-08-21
1997-12-30,1.1427,2026-08-21
1997-12-31,1.1325,2026-08-21
1998-01-01,.,2026-08-21
1998-01-02,1.1019,2026-08-21
1998-01-05,1.0469,2026-08-21
1998-01-06,1.0281,2026-08-21
1998-01-07,1.0473,2026-08-21
1998-01-08,1.0304,2026-08-21
1998-01-09,1.0063,2026-08-21
1998-01-12,1.0078,2026-08-21
1998-01-13,1.0148,2026-08-21
1998-01-14,1.0294,2026-08-21
1998-01-15,1.0403,2026-08-21
1998-01-16,1.0664,2026-08-21
1998-01-19,.,2026-08-21
1998-01-20,1.0802,2026-08-21
1998-01-21,1.0711,2026-08-21
1998-01-22,1.0731,2026-08-21
1998-01-23,1.1267,2026-08-21
1998-01-26,1.1185,2026-08-21
1998-01-27,1.1352,2026-08-21
1998-01-28,1.1344,2026-08-21
1998-01-29,1.0866,2026-08-21
1998-01-30,1.0636,2026-08-21
1998-02-02,1.0723,2026-08-21
1998-02-03,1.0675,2026-08-21
1998-02-04,1.0740,2026-08-21
1998-02-05,1.1039,2026-08-21
1998-02-06,1.1095,2026-08-21
1998-02-09,1.1246,2026-08-21
1998-02-10,1.1184,2026-08-21
1998-02-11,1.0918,2026-08-21
1998-02-12,1.0856,2026-08-21
1998-02-13,1.0692,2026-08-21
1998-02-16,.,2026-08-21
1998-02-17,1.0514,2026-08-21
1998-02-18,1.0598,2026-08-21
1998-02-19,1.0675,2026-08-21
1998-02-20,1.0771,2026-08-21
1998-02-23,1.0926,2026-08-21
1998-02-24,1.1449,2026-08-21
1998-02-25,1.1262,2026-08-21
1998-02-26,1.1279,2026-08-21
1998-02-27,1.1171,2026-08-21
1998-03-02,1.1492,2026-08-21
1998-03-03,1.1843,2026-08-21
1998-03-04,1.1932,2026-08-21
1998-03-05,1.2095,2026-08-21
1998-03-06,1.1970,2026-08-21
1998-03-09,1.1756,2026-08-21
1998-03-10,1.1737,2026-08-21
1998-03-11,1.1596,2026-08-21
1998-03-12,1.1322,2026-08-21
1998-03-13,1.1303,2026-08-21
1998-03-16,1.1169,2026-08-21
1998-03-17,1.1162,2026-08-21
1998-03-18,1.1195,2026-08-21
1998-03-19,1.1195,2026-08-21
1998-03-20,1.1139,2026-08-21
1998-03-23,1.1122,2026-08-21
1998-03-24,1.1140,2026-08-21
1998-03-25,1.1390,2026-08-21
1998-03-26,1.1590,2026-08-21
1998-03-27,1.1671,2026-08-21
1998-03-30,1.1806,2026-08-21
1998-03-31,1.1632,2026-08-21
1998-04-01,1.1432,2026-08-21
1998-04-02,1.1222,2026-08-21
1998-04-03,1.0831,2026-08-21
1998-04-06,1.0885,2026-08-21
1998-04-07,1.0983,2026-08-21
1998-04-08,1.1202,2026-08-21
1998-04-09,1.1268,2026-08-21
1998-04-10,.,2026-08-21
1998-04-13,1.1484,2026-08-21
1998-04-14,1.1364,2026-08-21
1998-04-15,1.1307,2026-08-21
1998-04-16,1.1273,2026-08-21
1998-04-17,1.1300,2026-08-21
1998-04-20,1.1514,2026-08-21
1998-04-21,1.1717,2026-08-21
1998-04-22,1.1766,2026-08-21
1998-04-23,1.1809,2026-08-21
1998-04-24,1.1732,2026-08-21
1998-04-27,1.2237,2026-08-21
1998-04-28,1.2369,2026-08-21
1998-04-29,1.2450,2026-08-21
1998-04-30,1.2027,2026-08-21
1998-05-01,1.1873,2026-08-21
1998-05-04,1.1817,2026-08-21
1998-05-05,1.1863,2026-08-21
1998-05-06,1.1676,2026-08-21
1998-05-07,1.1657,2026-08-21
1998-05-08,1.1767,2026-08-21
1998-05-11,1.2063,2026-08-21
1998-05-12,1.1811,2026-08-21
1998-05-13,1.1649,2026-08-21
1998-05-14,1.1694,2026-08-21
1998-05-15,1.1682,2026-08-21
1998-05-18,1.1476,2026-08-21
1998-05-19,1.1483,2026-08-21
1998-05-20,1.1310,2026-08-21
1998-05-21,1.1403,2026-08-21
1998-05-22,1.1354,2026-08-21
1998-05-25,.,2026-08-21
1998-05-26,1.1213,2026-08-21
1998-05-27,1.1132,2026-08-21
1998-05-28,1.1199,2026-08-21
1998-05-29,1.1235,2026-08-21
1998-06-01,1.1195,2026-08-21
1998-06-02,1.1240,2026-08-21
1998-06-03,1.1245,2026-08-21
1998-06-04,1.1328,2026-08-21
1998-06-05,1.1293,2026-08-21
1998-06-08,1.1252,2026-08-21
1998-06-09,1.1205,2026-08-21
1998-06-10,1.0914,2026-08-21
1998-06-11,1.0540,2026-08-21
1998-06-12,1.0410,2026-08-21
1998-06-15,1.0257,2026-08-21
1998-06-16,1.0444,2026-08-21
1998-06-17,1.0794,2026-08-21
1998-06-18,1.0744,2026-08-21
1998-06-19,1.0635,2026-08-21
1998-06-22,1.0626,2026-08-21
1998-06-23,1.0560,2026-08-21
1998-06-24,1.0647,2026-08-21
1998-06-25,1.0742,2026-08-21
1998-06-26,1.0729,2026-08-21
1998-06-29,1.0797,2026-08-21
1998-06-30,1.0657,2026-08-21
1998-07-01,1.0575,2026-08-21
1998-07-02,1.0477,2026-08-21
1998-07-03,.,2026-08-21
1998-07-06,1.0384,2026-08-21
1998-07-07,1.0419,2026-08-21
1998-07-08,1.0459,2026-08-21
1998-07-09,1.0364,2026-08-21
1998-07-10,1.0381,2026-08-21
1998-07-13,1.0557,2026-08-21
1998-07-14,1.0650,2026-08-21
1998-07-15,1.0658,2026-08-21
1998-07-16,1.0732,2026-08-21
1998-07-17,1.0815,2026-08-21
1998-07-20,1.0709,2026-08-21
1998-07-21,1.0598,2026-08-21
1998-07-22,1.0629,2026-08-21
1998-07-23,1.0570,2026-08-21
1998-07-24,1.0596,2026-08-21
1998-07-27,1.0660,2026-08-21
1998-07-28,1.0795,2026-08-21
1998-07-29,1.0932,2026-08-21
1998-07-30,1.0898,2026-08-21
1998-07-31,1.0868,2026-08-21
1998-08-03,1.0644,2026-08-21
1998-08-04,1.0481,2026-08-21
1998-08-05,1.0427,2026-08-21
1998-08-06,1.0480,2026-08-21
1998-08-07,1.0349,2026-08-21
1998-08-10,1.0381,2026-08-21
1998-08-11,1.0235,2026-08-21
1998-08-12,1.0264,2026-08-21
1998-08-13,1.0397,2026-08-21
1998-08-14,1.0283,2026-08-21
1998-08-17,1.0207,2026-08-21
1998-08-18,1.0211,2026-08-21
1998-08-19,1.0210,2026-08-21
1998-08-20,1.0084,2026-08-21
1998-08-21,0.9825,2026-08-21
1998-08-24,0.9627,2026-08-21
1998-08-25,0.9378,2026-08-21
1998-08-26,0.9361,2026-08-21
1998-08-27,0.8965,2026-08-21
1998-08-28,0.8897,2026-08-21
1998-08-31,0.8773,2026-08-21
1998-09-01,0.8798,2026-08-21
1998-09-02,0.8965,2026-08-21
1998-09-03,0.8836,2026-08-21
1998-09-04,0.8730,2026-08-21
1998-09-07,.,2026-08-21
1998-09-08,0.8774,2026-08-21
1998-09-09,0.8371,2026-08-21
1998-09-10,0.7658,2026-08-21
1998-09-11,0.7810,2026-08-21
1998-09-14,0.7861,2026-08-21
1998-09-15,0.8004,2026-08-21
1998-09-16,0.7993,2026-08-21
1998-09-17,0.7755,2026-08-21
1998-09-18,0.7481,2026-08-21
1998-09-21,0.7391,2026-08-21
1998-09-22,0.7440,2026-08-21
1998-09-23,0.7318,2026-08-21
1998-09-24,0.7269,2026-08-21
1998-09-25,0.7263,2026-08-21
1998-09-28,0.7355,2026-08-21
1998-09-29,0.7263,2026-08-21
1998-09-30,0.6761,2026-08-21
1998-10-01,0.6340,2026-08-21
1998-10-02,0.6287,2026-08-21
1998-10-05,0.5835,2026-08-21
1998-10-06,0.6077,2026-08-21
1998-10-07,0.6586,2026-08-21
1998-10-08,0.7761,2026-08-21
1998-10-09,0.9022,2026-08-21
1998-10-12,.,2026-08-21
1998-10-13,0.9277,2026-08-21
1998-10-14,0.8745,2026-08-21
1998-10-15,0.8549,2026-08-21
1998-10-16,0.8166,2026-08-21
1998-10-19,0.8173,2026-08-21
1998-10-20,0.8455,2026-08-21
1998-10-21,0.8568,2026-08-21
1998-10-22,0.8688,2026-08-21
1998-10-23,0.9000,2026-08-21
1998-10-26,0.8890,2026-08-21
1998-10-27,0.8459,2026-08-21
1998-10-28,0.8027,2026-08-21
1998-10-29,0.7616,2026-08-21
1998-10-30,0.7828,2026-08-21
1998-11-02,0.8288,2026-08-21
1998-11-03,0.8234,2026-08-21
1998-11-04,0.8660,2026-08-21
1998-11-05,0.8669,2026-08-21
1998-11-06,0.9071,2026-08-21
1998-11-09,0.8849,2026-08-21
1998-11-10,0.8646,2026-08-21
1998-11-11,.,2026-08-21
1998-11-12,0.8517,2026-08-21
1998-11-13,0.8620,2026-08-21
1998-11-16,0.8744,2026-08-21
1998-11-17,0.8930,2026-08-21
1998-11-18,0.8895,2026-08-21
1998-11-19,0.9015,2026-08-21
1998-11-20,0.8881,2026-08-21
1998-11-23,0.8836,2026-08-21
1998-11-24,0.8819,2026-08-21
1998-11-25,0.8768,2026-08-21
1998-11-26,.,2026-08-21
1998-11-27,0.8651,2026-08-21
1998-11-30,0.8203,2026-08-21
1998-12-01,0.7879,2026-08-21
1998-12-02,0.7471,2026-08-21
1998-12-03,0.7410,2026-08-21
1998-12-04,0.7683,2026-08-21
1998-12-07,0.8035,2026-08-21
1998-12-08,0.7810,2026-08-21
1998-12-09,0.7608,2026-08-21
1998-12-10,0.7349,2026-08-21
1998-12-11,0.7594,2026-08-21
1998-12-14,0.7491,2026-08-21
1998-12-15,0.7700,2026-08-21
1998-12-16,0.7576,2026-08-21
1998-12-17,0.7625,2026-08-21
1998-12-18,0.7676,2026-08-21
1998-12-21,0.7951,2026-08-21
1998-12-22,0.8221,2026-08-21
1998-12-23,0.8708,2026-08-21
1998-12-24,0.9088,2026-08-21
1998-12-25,.,2026-08-21
1998-12-28,0.8841,2026-08-21
1998-12-29,0.8491,2026-08-21
1998-12-30,0.8299,2026-08-21
1998-12-31,0.8337,2026-08-21
1999-01-01,.,2026-08-21
1999-01-04,0.8437,2026-08-21
1999-01-05,0.8662,2026-08-21
1999-01-06,0.8577,2026-08-21
1999-01-07,0.8803,2026-08-21
1999-01-08,0.9231,2026-08-21
1999-01-11,0.9476,2026-08-21
1999-01-12,0.9293,2026-08-21
1999-01-13,0.9048,2026-08-21
1999-01-14,0.8626,2026-08-21
1999-01-15,0.8724,2026-08-21
1999-01-18,.,2026-08-21
1999-01-19,0.8956,2026-08-21
1999-01-20,0.9161,2026-08-21
1999-01-21,0.9002,2026-08-21
1999-01-22,0.8706,2026-08-21
1999-01-25,0.8638,2026-08-21
1999-01-26,0.8646,2026-08-21
1999-01-27,0.8559,2026-08-21
1999-01-28,0.8427,2026-08-21
1999-01-29,0.8330,2026-08-21
1999-02-01,0.8671,2026-08-21
1999-02-02,0.8942,2026-08-21
1999-02-03,0.9182,2026-08-21
1999-02-04,0.9567,2026-08-21
1999-02-05,0.9827,2026-08-21
1999-02-08,0.9820,2026-08-21
1999-02-09,0.9688,2026-08-21
1999-02-10,0.9712,2026-08-21
1999-02-11,0.9807,2026-08-21
1999-02-12,1.0441,2026-08-21
1999-02-15,.,2026-08-21
1999-02-16,1.0457,2026-08-21
1999-02-17,1.0243,2026-08-21
1999-02-18,1.0426,2026-08-21
1999-02-19,1.0526,2026-08-21
1999-02-22,1.0356,2026-08-21
1999-02-23,1.0566,2026-08-21
1999-02-24,1.0902,2026-08-21
1999-02-25,1.1450,2026-08-21
1999-02-26,1.1395,2026-08-21
1999-03-01,1.1730,2026-08-21
1999-03-02,1.1609,2026-08-21
1999-03-03,1.1772,2026-08-21
1999-03-04,1.1950,2026-08-21
1999-03-05,1.1747,2026-08-21
1999-03-08,1.1589,2026-08-21
1999-03-09,1.1246,2026-08-21
1999-03-10,1.1275,2026-08-21
1999-03-11,1.1303,2026-08-21
1999-03-12,1.1152,2026-08-21
1999-03-15,1.1037,2026-08-21
1999-03-16,1.0848,2026-08-21
1999-03-17,1.0948,2026-08-21
1999-03-18,1.0906,2026-08-21
1999-03-19,1.1157,2026-08-21
1999-03-22,1.1379,2026-08-21
1999-03-23,1.1435,2026-08-21
1999-03-24,1.1332,2026-08-21
1999-03-25,1.1520,2026-08-21
1999-03-26,1.1556,2026-08-21
1999-03-29,1.1775,2026-08-21
1999-03-30,1.1608,2026-08-21
1999-03-31,1.1684,2026-08-21
1999-04-01,1.1872,2026-08-21
1999-04-02,.,2026-08-21
1999-04-05,1.1579,2026-08-21
1999-04-06,1.1226,2026-08-21
1999-04-07,1.1167,2026-08-21
1999-04-08,1.0724,2026-08-21
1999-04-09,1.0661,2026-08-21
1999-04-12,1.0683,2026-08-21
1999-04-13,1.0909,2026-08-21
1999-04-14,1.1041,2026-08-21
1999-04-15,1.1211,2026-08-21
1999-04-16,1.1435,2026-08-21
1999-04-19,1.1282,2026-08-21
1999-04-20,1.1118,2026-08-21
1999-04-21,1.1129,2026-08-21
1999-04-22,1.1465,2026-08-21
1999-04-23,1.1459,2026-08-21
1999-04-26,1.1312,2026-08-21
1999-04-27,1.1295,2026-08-21
1999-04-28,1.1324,2026-08-21
1999-04-29,1.1022,2026-08-21
1999-04-30,1.1542,2026-08-21
1999-05-03,1.1675,2026-08-21
1999-05-04,1.1858,2026-08-21
1999-05-05,1.1799,2026-08-21
1999-05-06,1.2247,2026-08-21
1999-05-07,1.2488,2026-08-21
1999-05-10,1.2466,2026-08-21
1999-05-11,1.2669,2026-08-21
1999-05-12,1.2656,2026-08-21
1999-05-13,1.2234,2026-08-21
1999-05-14,1.2853,2026-08-21
1999-05-17,1.3112,2026-08-21
1999-05-18,1.3274,2026-08-21
1999-05-19,1.3103,2026-08-21
1999-05-20,1.3156,2026-08-21
1999-05-21,1.2925,2026-08-21
1999-05-24,1.2781,2026-08-21
1999-05-25,1.2749,2026-08-21
1999-05-26,1.2943,2026-08-21
1999-05-27,1.3286,2026-08-21
1999-05-28,.,2026-08-21
1999-05-31,.,2026-08-21
1999-06-01,1.3907,2026-08-21
1999-06-02,1.3982,2026-08-21
1999-06-03,1.3990,2026-08-21
1999-06-04,1.4098,2026-08-21
1999-06-07,1.4130,2026-08-21
1999-06-08,1.4170,2026-08-21
1999-06-09,1.4311,2026-08-21
1999-06-10,1.4498,2026-08-21
1999-06-11,1.4848,2026-08-21
1999-06-14,1.4752,2026-08-21
1999-06-15,1.4672,2026-08-21
1999-06-16,1.4561,2026-08-21
1999-06-17,1.3993,2026-08-21
1999-06-18,1.4051,2026-08-21
1999-06-21,1.4262,2026-08-21
1999-06-22,1.4452,2026-08-21
1999-06-23,1.4740,2026-08-21
1999-06-24,1.4977,2026-08-21
1999-06-25,1.4898,2026-08-21
1999-06-28,1.4585,2026-08-21
1999-06-29,1.4353,2026-08-21
1999-06-30,1.3809,2026-08-21
1999-07-01,1.3921,2026-08-21
1999-07-02,1.3911,2026-08-21
1999-07-05,.,2026-08-21
1999-07-06,1.4165,2026-08-21
1999-07-07,1.4430,2026-08-21
1999-07-08,1.4256,2026-08-21
1999-07-09,1.4224,2026-08-21
1999-07-12,.,2026-08-21
1999-07-13,1.3707,2026-08-21
1999-07-14,1.3720,2026-08-21
1999-07-15,1.3689,2026-08-21
1999-07-16,1.3534,2026-08-21
1999-07-19,1.3454,2026-08-21
1999-07-20,1.3392,2026-08-21
1999-07-21,.,2026-08-21
1999-07-22,1.3930,2026-08-21
1999-07-23,1.4277,2026-08-21
1999-07-26,1.4378,2026-08-21
1999-07-27,1.4220,2026-08-21
1999-07-28,1.4161,2026-08-21
1999-07-29,1.4452,2026-08-21
1999-07-30,1.4629,2026-08-21
1999-08-02,1.4664,2026-08-21
1999-08-03,1.4666,2026-08-21
1999-08-04,1.4646,2026-08-21
1999-08-05,1.4422,2026-08-21
1999-08-06,1.4971,2026-08-21
1999-08-09,1.5382,2026-08-21
1999-08-10,1.5502,2026-08-21
1999-08-11,1.5370,2026-08-21
1999-08-12,1.5495,2026-08-21
1999-08-13,1.5116,2026-08-21
1999-08-16,1.5016,2026-08-21
1999-08-17,1.4566,2026-08-21
1999-08-18,1.4431,2026-08-21
1999-08-19,1.4505,2026-08-21
1999-08-20,1.4431,2026-08-21
1999-08-23,1.4318,2026-08-21
1999-08-24,1.4031,2026-08-21
1999-08-25,1.3525,2026-08-21
1999-08-26,1.3504,2026-08-21
1999-08-27,1.3825,2026-08-21
1999-08-30,1.4295,2026-08-21
1999-08-31,1.4470,2026-08-21
1999-09-01,1.4531,2026-08-21
1999-09-02,1.4747,2026-08-21
1999-09-03,1.4339,2026-08-21
1999-09-06,.,2026-08-21
1999-09-07,1.4564,2026-08-21
1999-09-08,1.4552,2026-08-21
1999-09-09,1.4744,2026-08-21
1999-09-10,1.4541,2026-08-21
1999-09-13,1.4593,2026-08-21
1999-09-14,1.4807,2026-08-21
1999-09-15,1.4782,2026-08-21
1999-09-16,1.4642,2026-08-21
1999-09-17,1.4515,2026-08-21
1999-09-20,1.4657,2026-08-21
1999-09-21,1.4724,2026-08-21
1999-09-22,1.4647,2026-08-21
1999-09-23,1.4347,2026-08-21
1999-09-24,1.3880,2026-08-21
1999-09-27,1.4054,2026-08-21
1999-09-28,1.4347,2026-08-21
1999-09-29,1.4792,2026-08-21
1999-09-30,1.4546,2026-08-21
1999-10-01,1.4947,2026-08-21
1999-10-04,1.4839,2026-08-21
1999-10-05,1.5117,2026-08-21
1999-10-06,1.5271,2026-08-21
1999-10-07,1.5310,2026-08-21
1999-10-08,1.5301,2026-08-21
1999-10-11,.,2026-08-21
1999-10-12,1.5379,2026-08-21
1999-10-13,1.5553,2026-08-21
1999-10-14,1.5774,2026-08-21
1999-10-15,1.5455,2026-08-21
1999-10-18,1.5456,2026-08-21
1999-10-19,1.5609,2026-08-21
1999-10-20,1.5642,2026-08-21
1999-10-21,1.5701,2026-08-21
1999-10-22,1.5763,2026-08-21
1999-10-25,1.5830,2026-08-21
1999-10-26,1.5831,2026-08-21
1999-10-27,1.5559,2026-08-21
1999-10-28,1.5167,2026-08-21
1999-10-29,1.4613,2026-08-21
1999-11-01,1.4599,2026-08-21
1999-11-02,1.4427,2026-08-21
1999-11-03,1.4304,2026-08-21
1999-11-04,1.4048,2026-08-21
1999-11-05,1.3787,2026-08-21
1999-11-08,1.3725,2026-08-21
1999-11-09,1.3742,2026-08-21
1999-11-10,1.3831,2026-08-21
1999-11-11,.,2026-08-21
1999-11-12,1.3556,2026-08-21
1999-11-15,1.3435,2026-08-21
1999-11-16,1.3467,2026-08-21
1999-11-17,1.3799,2026-08-21
1999-11-18,1.4007,2026-08-21
1999-11-19,1.4098,2026-08-21
1999-11-22,1.4242,2026-08-21
1999-11-23,1.4238,2026-08-21
1999-11-24,1.4208,2026-08-21
1999-11-25,.,2026-08-21
1999-11-26,1.4312,2026-08-21
1999-11-29,1.4606,2026-08-21
1999-11-30,1.4522,2026-08-21
1999-12-01,1.4667,2026-08-21
1999-12-02,1.4813,2026-08-21
1999-12-03,1.4583,2026-08-21
1999-12-06,1.4450,2026-08-21
1999-12-07,1.4239,2026-08-21
1999-12-08,1.4326,2026-08-21
1999-12-09,1.4253,2026-08-21
1999-12-10,1.3907,2026-08-21
1999-12-13,1.3836,2026-08-21
1999-12-14,1.4232,2026-08-21
1999-12-15,1.4475,2026-08-21
1999-12-16,1.4780,2026-08-21
1999-12-17,1.4830,2026-08-21
1999-12-20,1.5017,2026-08-21
1999-12-21,1.5080,2026-08-21
1999-12-22,1.5135,2026-08-21
1999-12-23,1.5306,2026-08-21
1999-12-24,.,2026-08-21
1999-12-27,1.5313,2026-08-21
1999-12-28,1.5487,2026-08-21
1999-12-29,1.5546,2026-08-21
1999-12-30,1.5567,2026-08-21
1999-12-31,1.5763,2026-08-21
2000-01-03,1.6145,2026-08-21
2000-01-04,1.5835,2026-08-21
2000-01-05,1.6203,2026-08-21
2000-01-06,1.6068,2026-08-21
2000-01-07,1.5914,2026-08-21
2000-01-10,1.6065,2026-08-21
2000-01-11,1.6424,2026-08-21
2000-01-12,1.6662,2026-08-21
2000-01-13,1.6337,2026-08-21
2000-01-14,1.6421,2026-08-21
2000-01-17,.,2026-08-21
2000-01-18,1.6664,2026-08-21
2000-01-19,1.6629,2026-08-21
2000-01-20,1.6674,2026-08-21
2000-01-21,1.6618,2026-08-21
2000-01-24,1.6282,2026-08-21
2000-01-25,1.6158,2026-08-21
2000-01-26,1.6055,2026-08-21
2000-01-27,1.6014,2026-08-21
2000-01-28,1.5854,2026-08-21
2000-01-31,1.5888,2026-08-21
2000-02-01,1.5709,2026-08-21
2000-02-02,1.5641,2026-08-21
2000-02-03,1.5270,2026-08-21
2000-02-04,1.5335,2026-08-21
2000-02-07,1.5752,2026-08-21
2000-02-08,1.5559,2026-08-21
2000-02-09,1.5724,2026-08-21
2000-02-10,1.6013,2026-08-21
2000-02-11,1.5952,2026-08-21
2000-02-14,1.5650,2026-08-21
2000-02-15,1.5639,2026-08-21
2000-02-16,1.5646,2026-08-21
2000-02-17,1.5714,2026-08-21
2000-02-18,1.5360,2026-08-21
2000-02-21,.,2026-08-21
2000-02-22,1.4792,2026-08-21
2000-02-23,1.4938,2026-08-21
2000-02-24,1.4656,2026-08-21
2000-02-25,1.4580,2026-08-21
2000-02-28,1.4623,2026-08-21
2000-02-29,1.4812,2026-08-21
2000-03-01,1.4776,2026-08-21
2000-03-02,1.4760,2026-08-21
2000-03-03,1.4676,2026-08-21
2000-03-06,1.4774,2026-08-21
2000-03-07,1.4672,2026-08-21
2000-03-08,1.4652,2026-08-21
2000-03-09,1.4551,2026-08-21
2000-03-10,1.4682,2026-08-21
2000-03-13,1.4565,2026-08-21
2000-03-14,1.4298,2026-08-21
2000-03-15,1.4125,2026-08-21
2000-03-16,1.3935,2026-08-21
2000-03-17,1.3685,2026-08-21
2000-03-20,1.3564,2026-08-21
2000-03-21,1.3356,2026-08-21
2000-03-22,1.3290,2026-08-21
2000-03-23,1.3143,2026-08-21
2000-03-24,1.3526,2026-08-21
2000-03-27,1.3628,2026-08-21
2000-03-28,1.3494,2026-08-21
2000-03-29,1.3456,2026-08-21
2000-03-30,1.3010,2026-08-21
2000-03-31,1.2759,2026-08-21
2000-04-03,1.2593,2026-08-21
2000-04-04,1.2127,2026-08-21
2000-04-05,1.2051,2026-08-21
2000-04-06,1.2119,2026-08-21
2000-04-07,1.1918,2026-08-21
2000-04-10,1.1692,2026-08-21
2000-04-11,1.2018,2026-08-21
2000-04-12,1.2448,2026-08-21
2000-04-13,1.2433,2026-08-21
2000-04-14,1.2105,2026-08-21
2000-04-17,1.2652,2026-08-21
2000-04-18,1.2881,2026-08-21
2000-04-19,1.2689,2026-08-21
2000-04-20,1.2632,2026-08-21
2000-04-21,.,2026-08-21
2000-04-24,1.2654,2026-08-21
2000-04-25,1.3164,2026-08-21
2000-04-26,1.3335,2026-08-21
2000-04-27,1.3744,2026-08-21
2000-04-28,1.3783,2026-08-21
2000-05-01,1.3867,2026-08-21
2000-05-02,1.3936,2026-08-21
2000-05-03,1.4231,2026-08-21
2000-05-04,1.4534,2026-08-21
2000-05-05,1.4764,2026-08-21
2000-05-08,1.4962,2026-08-21
2000-05-09,1.4754,2026-08-21
2000-05-10,1.4382,2026-08-21
2000-05-11,1.4163,2026-08-21
2000-05-12,1.4432,2026-08-21
2000-05-15,1.4293,2026-08-21
2000-05-16,1.4088,2026-08-21
2000-05-17,1.4292,2026-08-21
2000-05-18,1.4800,2026-08-21
2000-05-19,1.4778,2026-08-21
2000-05-22,1.4541,2026-08-21
2000-05-23,1.4433,2026-08-21
2000-05-24,1.4567,2026-08-21
2000-05-25,1.4292,2026-08-21
2000-05-26,1.3990,2026-08-21
2000-05-29,.,2026-08-21
2000-05-30,1.4165,2026-08-21
2000-05-31,1.3933,2026-08-21
2000-06-01,1.3517,2026-08-21
2000-06-02,1.3142,2026-08-21
2000-06-05,1.2897,2026-08-21
2000-06-06,1.2802,2026-08-21
2000-06-07,1.2717,2026-08-21
2000-06-08,1.2713,2026-08-21
2000-06-09,1.2720,2026-08-21
2000-06-12,1.2616,2026-08-21
2000-06-13,1.2552,2026-08-21
2000-06-14,1.2484,2026-08-21
2000-06-15,1.2504,2026-08-21
2000-06-16,1.2290,2026-08-21
2000-06-19,1.2334,2026-08-21
2000-06-20,1.2460,2026-08-21
2000-06-21,1.2823,2026-08-21
2000-06-22,1.2924,2026-08-21
2000-06-23,1.3174,2026-08-21
2000-06-26,1.2944,2026-08-21
2000-06-27,1.2832,2026-08-21
2000-06-28,1.2858,2026-08-21
2000-06-29,1.2523,2026-08-21
2000-06-30,1.2379,2026-08-21
2000-07-03,1.2129,2026-08-21
2000-07-04,.,2026-08-21
2000-07-05,1.1956,2026-08-21
2000-07-06,1.2157,2026-08-21
2000-07-07,1.1920,2026-08-21
2000-07-10,1.1933,2026-08-21
2000-07-11,1.1974,2026-08-21
2000-07-12,1.2021,2026-08-21
2000-07-13,1.1690,2026-08-21
2000-07-14,1.2007,2026-08-21
2000-07-17,1.2343,2026-08-21
2000-07-18,1.2379,2026-08-21
2000-07-19,1.2409,2026-08-21
2000-07-20,1.1793,2026-08-21
2000-07-21,1.1623,2026-08-21
2000-07-24,1.1679,2026-08-21
2000-07-25,1.1636,2026-08-21
2000-07-26,1.1609,2026-08-21
2000-07-27,1.1435,2026-08-21
2000-07-28,1.1516,2026-08-21
2000-07-31,1.1502,2026-08-21
2000-08-01,1.1246,2026-08-21
2000-08-02,1.1084,2026-08-21
2000-08-03,1.0960,2026-08-21
2000-08-04,1.0758,2026-08-21
2000-08-07,1.0907,2026-08-21
2000-08-08,1.0766,2026-08-21
2000-08-09,1.0704,2026-08-21
2000-08-10,1.0536,2026-08-21
2000-08-11,1.0693,2026-08-21
2000-08-14,1.0650,2026-08-21
2000-08-15,1.0722,2026-08-21
2000-08-16,1.0849,2026-08-21
2000-08-17,1.0829,2026-08-21
2000-08-18,1.0677,2026-08-21
2000-08-21,1.0681,2026-08-21
2000-08-22,1.0623,2026-08-21
2000-08-23,1.0376,2026-08-21
2000-08-24,1.0253,2026-08-21
2000-08-25,1.0209,2026-08-21
2000-08-28,1.0348,2026-08-21
2000-08-29,1.0563,2026-08-21
2000-08-30,1.0586,2026-08-21
2000-08-31,1.0274,2026-08-21
2000-09-01,1.0005,2026-08-21
2000-09-04,.,2026-08-21
2000-09-05,1.0007,2026-08-21
2000-09-06,1.0209,2026-08-21
2000-09-07,1.0417,2026-08-21
2000-09-08,1.0412,2026-08-21
2000-09-11,1.0597,2026-08-21
2000-09-12,1.0716,2026-08-21
2000-09-13,1.0612,2026-08-21
2000-09-14,1.0752,2026-08-21
2000-09-15,1.0853,2026-08-21
2000-09-18,1.0947,2026-08-21
2000-09-19,1.0944,2026-08-21
2000-09-20,1.1110,2026-08-21
2000-09-21,1.1041,2026-08-21
2000-09-22,1.0903,2026-08-21
2000-09-25,1.0854,2026-08-21
2000-09-26,1.0682,2026-08-21
2000-09-27,1.0641,2026-08-21
2000-09-28,1.0558,2026-08-21
2000-09-29,1.0438,2026-08-21
2000-10-02,1.0506,2026-08-21
2000-10-03,1.0608,2026-08-21
2000-10-04,1.0718,2026-08-21
2000-10-05,1.0607,2026-08-21
2000-10-06,1.0409,2026-08-21
2000-10-09,.,2026-08-21
2000-10-10,1.0264,2026-08-21
2000-10-11,1.0093,2026-08-21
2000-10-12,0.9903,2026-08-21
2000-10-13,0.9906,2026-08-21
2000-10-16,0.9961,2026-08-21
2000-10-17,0.9643,2026-08-21
2000-10-18,0.9512,2026-08-21
2000-10-19,0.9453,2026-08-21
2000-10-20,0.9309,2026-08-21
2000-10-23,0.9027,2026-08-21
2000-10-24,0.9082,2026-08-21
2000-10-25,0.9232,2026-08-21
2000-10-26,0.9278,2026-08-21
2000-10-27,0.9376,2026-08-21
2000-10-30,0.9481,2026-08-21
2000-10-31,0.9610,2026-08-21
2000-11-01,0.9549,2026-08-21
2000-11-02,0.9517,2026-08-21
2000-11-03,0.9876,2026-08-21
2000-11-06,1.0073,2026-08-21
2000-11-07,1.0128,2026-08-21
2000-11-08,1.0101,2026-08-21
2000-11-09,0.9898,2026-08-21
2000-11-10,0.9862,2026-08-21
2000-11-13,0.9713,2026-08-21
2000-11-14,0.9617,2026-08-21
2000-11-15,0.9441,2026-08-21
2000-11-16,0.9286,2026-08-21
2000-11-17,0.9352,2026-08-21
2000-11-20,0.9278,2026-08-21
2000-11-21,0.9192,2026-08-21
2000-11-22,0.8959,2026-08-21
2000-11-23,.,2026-08-21
2000-11-24,0.8908,2026-08-21
2000-11-27,0.8976,2026-08-21
2000-11-28,0.8800,2026-08-21
2000-11-29,0.8657,2026-08-21
2000-11-30,0.8355,2026-08-21
2000-12-01,0.8479,2026-08-21
2000-12-04,0.8585,2026-08-21
2000-12-05,0.8362,2026-08-21
2000-12-06,0.7975,2026-08-21
2000-12-07,0.7893,2026-08-21
2000-12-08,0.8069,2026-08-21
2000-12-11,0.8132,2026-08-21
2000-12-12,0.8123,2026-08-21
2000-12-13,0.7817,2026-08-21
2000-12-14,0.7551,2026-08-21
2000-12-15,0.7381,2026-08-21
2000-12-18,0.7274,2026-08-21
2000-12-19,0.7369,2026-08-21
2000-12-20,0.7154,2026-08-21
2000-12-21,0.7278,2026-08-21
2000-12-22,0.7497,2026-08-21
2000-12-25,.,2026-08-21
2000-12-26,0.7424,2026-08-21
2000-12-27,0.7626,2026-08-21
2000-12-28,0.7679,2026-08-21
2000-12-29,0.7575,2026-08-21
2001-01-01,.,2026-08-21
2001-01-02,0.6794,2026-08-21
2001-01-03,0.7622,2026-08-21
2001-01-04,0.7754,2026-08-21
2001-01-05,0.7717,2026-08-21
2001-01-08,0.7866,2026-08-21
2001-01-09,0.8133,2026-08-21
2001-01-10,0.8538,2026-08-21
2001-01-11,0.8748,2026-08-21
2001-01-12,0.9175,2026-08-21
2001-01-15,.,2026-08-21
2001-01-16,0.9142,2026-08-21
2001-01-17,0.8825,2026-08-21
2001-01-18,0.8472,2026-08-21
2001-01-19,0.8811,2026-08-21
2001-01-22,0.9080,2026-08-21
2001-01-23,0.9406,2026-08-21
2001-01-24,0.9591,2026-08-21
2001-01-25,0.9478,2026-08-21
2001-01-26,0.9548,2026-08-21
2001-01-29,0.9729,2026-08-21
2001-01-30,0.9529,2026-08-21
2001-01-31,0.9386,2026-08-21
2001-02-01,0.9054,2026-08-21
2001-02-02,0.9220,2026-08-21
2001-02-05,0.9196,2026-08-21
2001-02-06,0.9326,2026-08-21
2001-02-07,0.9304,2026-08-21
2001-02-08,0.9330,2026-08-21
2001-02-09,0.9030,2026-08-21
2001-02-12,0.9091,2026-08-21
2001-02-13,0.9198,2026-08-21
2001-02-14,0.9378,2026-08-21
2001-02-15,0.9707,2026-08-21
2001-02-16,0.9489,2026-08-21
2001-02-19,.,2026-08-21
2001-02-20,0.9419,2026-08-21
2001-02-21,0.9546,2026-08-21
2001-02-22,0.9610,2026-08-21
2001-02-23,0.9534,2026-08-21
2001-02-26,0.9456,2026-08-21
2001-02-27,0.9156,2026-08-21
2001-02-28,0.8932,2026-08-21
2001-03-01,0.8689,2026-08-21
2001-03-02,0.9003,2026-08-21
2001-03-05,0.9154,2026-08-21
2001-03-06,0.9250,2026-08-21
2001-03-07,0.9087,2026-08-21
2001-03-08,0.9010,2026-08-21
2001-03-09,0.9168,2026-08-21
2001-03-12,0.9159,2026-08-21
2001-03-13,0.9272,2026-08-21
2001-03-14,0.8991,2026-08-21
2001-03-15,0.8862,2026-08-21
2001-03-16,0.8788,2026-08-21
2001-03-19,0.8969,2026-08-21
2001-03-20,0.8861,2026-08-21
2001-03-21,0.8907,2026-08-21
2001-03-22,0.8809,2026-08-21
2001-03-23,0.9086,2026-08-21
2001-03-26,0.9389,2026-08-21
2001-03-27,1.0036,2026-08-21
2001-03-28,1.0134,2026-08-21
2001-03-29,1.0206,2026-08-21
2001-03-30,1.0054,2026-08-21
2001-04-02,1.0214,2026-08-21
2001-04-03,1.0156,2026-08-21
2001-04-04,1.0185,2026-08-21
2001-04-05,1.0403,2026-08-21
2001-04-06,1.0174,2026-08-21
2001-04-09,1.0339,2026-08-21
2001-04-10,1.0968,2026-08-21
2001-04-11,1.1140,2026-08-21
2001-04-12,1.1401,2026-08-21
2001-04-13,.,2026-08-21
2001-04-16,1.1794,2026-08-21
2001-04-17,1.1577,2026-08-21
2001-04-18,1.1340,2026-08-21
2001-04-19,1.1918,2026-08-21
2001-04-20,1.2282,2026-08-21
2001-04-23,1.2120,2026-08-21
2001-04-24,1.2177,2026-08-21
2001-04-25,1.2446,2026-08-21
2001-04-26,1.2170,2026-08-21
2001-04-27,1.2656,2026-08-21
2001-04-30,1.2719,2026-08-21
2001-05-01,1.2522,2026-08-21
2001-05-02,1.2470,2026-08-21
2001-05-03,1.2158,2026-08-21
2001-05-04,1.2082,2026-08-21
2001-05-07,1.2126,2026-08-21
2001-05-08,1.2265,2026-08-21
2001-05-09,1.2157,2026-08-21
2001-05-10,1.2591,2026-08-21
2001-05-11,1.3450,2026-08-21
2001-05-14,1.3495,2026-08-21
2001-05-15,1.3727,2026-08-21
2001-05-16,1.3818,2026-08-21
2001-05-17,1.3881,2026-08-21
2001-05-18,1.3818,2026-08-21
2001-05-21,1.3732,2026-08-21
2001-05-22,1.3713,2026-08-21
2001-05-23,1.3683,2026-08-21
2001-05-24,1.4027,2026-08-21
2001-05-25,1.4123,2026-08-21
2001-05-28,.,2026-08-21
2001-05-29,1.4233,2026-08-21
2001-05-30,1.4258,2026-08-21
2001-05-31,1.3870,2026-08-21
2001-06-01,1.3670,2026-08-21
2001-06-04,1.3509,2026-08-21
2001-06-05,1.3255,2026-08-21
2001-06-06,1.3185,2026-08-21
2001-06-07,1.3362,2026-08-21
2001-06-08,1.3540,2026-08-21
2001-06-11,1.3379,2026-08-21
2001-06-12,1.3192,2026-08-21
2001-06-13,1.3180,2026-08-21
2001-06-14,1.3036,2026-08-21
2001-06-15,1.3047,2026-08-21
2001-06-18,1.3068,2026-08-21
2001-06-19,1.3042,2026-08-21
2001-06-20,1.3004,2026-08-21
2001-06-21,1.2936,2026-08-21
2001-06-22,1.2683,2026-08-21
2001-06-25,1.2699,2026-08-21
2001-06-26,1.3018,2026-08-21
2001-06-27,1.3185,2026-08-21
2001-06-28,1.3487,2026-08-21
2001-06-29,1.3742,2026-08-21
2001-07-02,1.3517,2026-08-21
2001-07-03,1.3599,2026-08-21
2001-07-04,.,2026-08-21
2001-07-05,1.3772,2026-08-21
2001-07-06,1.3675,2026-08-21
2001-07-09,1.3510,2026-08-21
2001-07-10,1.3285,2026-08-21
2001-07-11,1.3260,2026-08-21
2001-07-12,1.3153,2026-08-21
2001-07-13,1.3124,2026-08-21
2001-07-16,1.2847,2026-08-21
2001-07-17,1.2799,2026-08-21
2001-07-18,1.2408,2026-08-21
2001-07-19,1.2394,2026-08-21
2001-07-20,1.2467,2026-08-21
2001-07-23,1.2381,2026-08-21
2001-07-24,1.2283,2026-08-21
2001-07-25,1.2532,2026-08-21
2001-07-26,1.2510,2026-08-21
2001-07-27,1.2264,2026-08-21
2001-07-30,1.2125,2026-08-21
2001-07-31,1.1931,2026-08-21
2001-08-01,1.2058,2026-08-21
2001-08-02,1.2368,2026-08-21
2001-08-03,1.2552,2026-08-21
2001-08-06,1.2570,2026-08-21
2001-08-07,1.2613,2026-08-21
2001-08-08,1.2192,2026-08-21
2001-08-09,1.2305,2026-08-21
2001-08-10,1.2217,2026-08-21
2001-08-13,1.2087,2026-08-21
2001-08-14,1.2112,2026-08-21
2001-08-15,1.2237,2026-08-21
2001-08-16,1.2104,2026-08-21
2001-08-17,1.1732,2026-08-21
2001-08-20,1.1851,2026-08-21
2001-08-21,1.1751,2026-08-21
2001-08-22,1.1818,2026-08-21
2001-08-23,1.1735,2026-08-21
2001-08-24,1.1853,2026-08-21
2001-08-27,1.1910,2026-08-21
2001-08-28,1.1599,2026-08-21
2001-08-29,1.1297,2026-08-21
2001-08-30,1.1272,2026-08-21
2001-08-31,1.1432,2026-08-21
2001-09-03,.,2026-08-21
2001-09-04,1.2035,2026-08-21
2001-09-05,1.2088,2026-08-21
2001-09-06,1.1708,2026-08-21
2001-09-07,1.1445,2026-08-21
2001-09-10,1.1573,2026-08-21
2001-09-11,.,2026-08-21
2001-09-12,.,2026-08-21
2001-09-13,1.0920,2026-08-21
2001-09-14,1.0949,2026-08-21
2001-09-17,1.1374,2026-08-21
2001-09-18,1.1955,2026-08-21
2001-09-19,1.2184,2026-08-21
2001-09-20,1.2703,2026-08-21
2001-09-21,1.2749,2026-08-21
2001-09-24,1.2815,2026-08-21
2001-09-25,1.2721,2026-08-21
2001-09-26,1.2450,2026-08-21
2001-09-27,1.2150,2026-08-21
2001-09-28,1.2208,2026-08-21
2001-10-01,1.2019,2026-08-21
2001-10-02,1.1955,2026-08-21
2001-10-03,1.1935,2026-08-21
2001-10-04,1.1986,2026-08-21
2001-10-05,1.1970,2026-08-21
2001-10-08,.,2026-08-21
2001-10-09,1.2315,2026-08-21
2001-10-10,1.2361,2026-08-21
2001-10-11,1.2676,2026-08-21
2001-10-12,1.2690,2026-08-21
2001-10-15,1.2469,2026-08-21
2001-10-16,1.2327,2026-08-21
2001-10-17,1.2300,2026-08-21
2001-10-18,1.2293,2026-08-21
2001-10-19,1.2468,2026-08-21
2001-10-22,1.2549,2026-08-21
2001-10-23,1.2648,2026-08-21
2001-10-24,1.2447,2026-08-21
2001-10-25,1.2234,2026-08-21
2001-10-26,1.2144,2026-08-21
2001-10-29,1.1984,2026-08-21
2001-10-30,1.1759,2026-08-21
2001-10-31,1.1313,2026-08-21
2001-11-01,1.1070,2026-08-21
2001-11-02,1.1524,2026-08-21
2001-11-05,1.1415,2026-08-21
2001-11-06,1.1373,2026-08-21
2001-11-07,1.1109,2026-08-21
2001-11-08,1.1454,2026-08-21
2001-11-09,1.1699,2026-08-21
2001-11-12,.,2026-08-21
2001-11-13,1.2015,2026-08-21
2001-11-14,1.2591,2026-08-21
2001-11-15,1.3714,2026-08-21
2001-11-16,1.4473,2026-08-21
2001-11-19,1.4171,2026-08-21
2001-11-20,1.4415,2026-08-21
2001-11-21,1.5017,2026-08-21
2001-11-22,.,2026-08-21
2001-11-23,1.5454,2026-08-21
2001-11-26,1.5602,2026-08-21
2001-11-27,1.5428,2026-08-21
2001-11-28,1.5442,2026-08-21
2001-11-29,1.4779,2026-08-21
2001-11-30,1.4692,2026-08-21
2001-12-03,1.4524,2026-08-21
2001-12-04,1.4338,2026-08-21
2001-12-05,1.5210,2026-08-21
2001-12-06,1.5951,2026-08-21
2001-12-07,1.6812,2026-08-21
2001-12-10,1.6934,2026-08-21
2001-12-11,1.6848,2026-08-21
2001-12-12,1.6454,2026-08-21
2001-12-13,1.6777,2026-08-21
2001-12-14,1.7282,2026-08-21
2001-12-17,1.7429,2026-08-21
2001-12-18,1.7101,2026-08-21
2001-12-19,1.6713,2026-08-21
2001-12-20,1.6693,2026-08-21
2001-12-21,1.6785,2026-08-21
2001-12-24,1.7022,2026-08-21
2001-12-25,.,2026-08-21
2001-12-26,1.7226,2026-08-21
2001-12-27,1.6917,2026-08-21
2001-12-28,1.6964,2026-08-21
2001-12-31,1.6605,2026-08-21
2002-01-01,.,2026-08-21
2002-01-02,1.7095,2026-08-21
2002-01-03,1.7027,2026-08-21
2002-01-04,1.7151,2026-08-21
2002-01-07,1.6764,2026-08-21
2002-01-08,1.6706,2026-08-21
2002-01-09,1.6666,2026-08-21
2002-01-10,1.6171,2026-08-21
2002-01-11,1.5786,2026-08-21
2002-01-14,1.5780,2026-08-21
2002-01-15,1.5621,2026-08-21
2002-01-16,1.5610,2026-08-21
2002-01-17,1.5974,2026-08-21
2002-01-18,1.5812,2026-08-21
2002-01-21,.,2026-08-21
2002-01-22,1.5852,2026-08-21
2002-01-23,1.6191,2026-08-21
2002-01-24,1.6301,2026-08-21
2002-01-25,1.6447,2026-08-21
2002-01-28,1.6503,2026-08-21
2002-01-29,1.6015,2026-08-21
2002-01-30,1.5912,2026-08-21
2002-01-31,1.6086,2026-08-21
2002-02-01,1.5905,2026-08-21
2002-02-04,1.5516,2026-08-21
2002-02-05,1.5334,2026-08-21
2002-02-06,1.5489,2026-08-21
2002-02-07,1.5645,2026-08-21
2002-02-08,1.5518,2026-08-21
2002-02-11,1.5552,2026-08-21
2002-02-12,1.5819,2026-08-21
2002-02-13,1.6041,2026-08-21
2002-02-14,1.5853,2026-08-21
2002-02-15,1.5474,2026-08-21
2002-02-18,.,2026-08-21
2002-02-19,1.5476,2026-08-21
2002-02-20,1.5436,2026-08-21
2002-02-21,1.5370,2026-08-21
2002-02-22,1.5187,2026-08-21
2002-02-25,1.5203,2026-08-21
2002-02-26,1.5491,2026-08-21
2002-02-27,1.5174,2026-08-21
2002-02-28,1.5290,2026-08-21
2002-03-01,1.5755,2026-08-21
2002-03-04,1.5978,2026-08-21
2002-03-05,1.6007,2026-08-21
2002-03-06,1.6167,2026-08-21
2002-03-07,1.6920,2026-08-21
2002-03-08,1.7509,2026-08-21
2002-03-11,1.7617,2026-08-21
2002-03-12,1.7570,2026-08-21
2002-03-13,1.7387,2026-08-21
2002-03-14,1.7853,2026-08-21
2002-03-15,1.7738,2026-08-21
2002-03-18,1.7592,2026-08-21
2002-03-19,1.7556,2026-08-21
2002-03-20,1.7862,2026-08-21
2002-03-21,1.7932,2026-08-21
2002-03-22,1.8007,2026-08-21
2002-03-25,1.8027,2026-08-21
2002-03-26,1.7752,2026-08-21
2002-03-27,1.7683,2026-08-21
2002-03-28,1.7972,2026-08-21
2002-03-29,.,2026-08-21
2002-04-01,1.8082,2026-08-21
2002-04-02,1.7750,2026-08-21
2002-04-03,1.7413,2026-08-21
2002-04-04,1.7301,2026-08-21
2002-04-05,1.7002,2026-08-21
2002-04-08,1.7103,2026-08-21
2002-04-09,1.6993,2026-08-21
2002-04-10,1.7076,2026-08-21
2002-04-11,1.7005,2026-08-21
2002-04-12,1.6805,2026-08-21
2002-04-15,1.6653,2026-08-21
2002-04-16,1.6774,2026-08-21
2002-04-17,1.6967,2026-08-21
2002-04-18,1.6996,2026-08-21
2002-04-19,1.6956,2026-08-21
2002-04-22,1.6916,2026-08-21
2002-04-23,1.6889,2026-08-21
2002-04-24,1.6550,2026-08-21
2002-04-25,1.6398,2026-08-21
2002-04-26,1.6227,2026-08-21
2002-04-29,1.6353,2026-08-21
2002-04-30,1.6323,2026-08-21
2002-05-01,1.6128,2026-08-21
2002-05-02,1.6265,2026-08-21
2002-05-03,1.6074,2026-08-21
2002-05-06,1.6138,2026-08-21
2002-05-07,1.6079,2026-08-21
2002-05-08,1.6672,2026-08-21
2002-05-09,1.6628,2026-08-21
2002-05-10,1.6365,2026-08-21
2002-05-13,1.6669,2026-08-21
2002-05-14,1.7065,2026-08-21
2002-05-15,1.6989,2026-08-21
2002-05-16,1.6729,2026-08-21
2002-05-17,1.6958,2026-08-21
2002-05-20,1.6708,2026-08-21
2002-05-21,1.6471,2026-08-21
2002-05-22,1.6203,2026-08-21
2002-05-23,1.6259,2026-08-21
2002-05-24,1.6271,2026-08-21
2002-05-27,.,2026-08-21
2002-05-28,1.6239,2026-08-21
2002-05-29,1.5981,2026-08-21
2002-05-30,1.5701,2026-08-21
2002-05-31,1.5736,2026-08-21
2002-06-03,1.5666,2026-08-21
2002-06-04,1.5514,2026-08-21
2002-06-05,1.5651,2026-08-21
2002-06-06,1.5532,2026-08-21
2002-06-07,1.5765,2026-08-21
2002-06-10,1.5700,2026-08-21
2002-06-11,1.5479,2026-08-21
2002-06-12,1.5285,2026-08-21
2002-06-13,1.5088,2026-08-21
2002-06-14,1.4651,2026-08-21
2002-06-17,1.4765,2026-08-21
2002-06-18,1.4732,2026-08-21
2002-06-19,1.4292,2026-08-21
2002-06-20,1.4544,2026-08-21
2002-06-21,1.4364,2026-08-21
2002-06-24,1.4593,2026-08-21
2002-06-25,1.4678,2026-08-21
2002-06-26,1.4206,2026-08-21
2002-06-27,1.4533,2026-08-21
2002-06-28,1.4712,2026-08-21
2002-07-01,1.4682,2026-08-21
2002-07-02,1.4326,2026-08-21
2002-07-03,1.4291,2026-08-21
2002-07-04,.,2026-08-21
2002-07-05,1.4776,2026-08-21
2002-07-08,1.4652,2026-08-21
2002-07-09,1.4331,2026-08-21
2002-07-10,1.3754,2026-08-21
2002-07-11,1.3626,2026-08-21
2002-07-12,1.3441,2026-08-21
2002-07-15,1.3509,2026-08-21
2002-07-16,1.3903,2026-08-21
2002-07-17,1.3784,2026-08-21
2002-07-18,1.3525,2026-08-21
2002-07-19,1.3246,2026-08-21
2002-07-22,1.2761,2026-08-21
2002-07-23,1.2465,2026-08-21
2002-07-24,1.2498,2026-08-21
2002-07-25,1.2180,2026-08-21
2002-07-26,1.2077,2026-08-21
2002-07-29,1.2820,2026-08-21
2002-07-30,1.3094,2026-08-21
2002-07-31,1.2541,2026-08-21
2002-08-01,1.2256,2026-08-21
2002-08-02,1.1609,2026-08-21
2002-08-05,1.1265,2026-08-21
2002-08-06,1.1790,2026-08-21
2002-08-07,1.1583,2026-08-21
2002-08-08,1.1846,2026-08-21
2002-08-09,1.1488,2026-08-21
2002-08-12,1.1169,2026-08-21
2002-08-13,1.0720,2026-08-21
2002-08-14,1.0621,2026-08-21
2002-08-15,1.0960,2026-08-21
2002-08-16,1.1583,2026-08-21
2002-08-19,1.1616,2026-08-21
2002-08-20,1.1139,2026-08-21
2002-08-21,1.1124,2026-08-21
2002-08-22,1.1432,2026-08-21
2002-08-23,1.1222,2026-08-21
2002-08-26,1.1027,2026-08-21
2002-08-27,1.1278,2026-08-21
2002-08-28,1.1069,2026-08-21
2002-08-29,1.0757,2026-08-21
2002-08-30,1.0562,2026-08-21
2002-09-02,.,2026-08-21
2002-09-03,0.9835,2026-08-21
2002-09-04,0.9602,2026-08-21
2002-09-05,0.9333,2026-08-21
2002-09-06,0.9798,2026-08-21
2002-09-09,0.9889,2026-08-21
2002-09-10,0.9765,2026-08-21
2002-09-11,1.0012,2026-08-21
2002-09-12,0.9703,2026-08-21
2002-09-13,0.9376,2026-08-21
2002-09-16,0.9212,2026-08-21
2002-09-17,0.9008,2026-08-21
2002-09-18,0.8907,2026-08-21
2002-09-19,0.8627,2026-08-21
2002-09-20,0.8583,2026-08-21
2002-09-23,0.8205,2026-08-21
2002-09-24,0.8064,2026-08-21
2002-09-25,0.8403,2026-08-21
2002-09-26,0.8552,2026-08-21
2002-09-27,0.8236,2026-08-21
2002-09-30,0.7929,2026-08-21
2002-10-01,0.8267,2026-08-21
2002-10-02,0.8308,2026-08-21
2002-10-03,0.8342,2026-08-21
2002-10-04,0.8270,2026-08-21
2002-10-07,0.8035,2026-08-21
2002-10-08,0.8036,2026-08-21
2002-10-09,0.7835,2026-08-21
2002-10-10,0.8003,2026-08-21
2002-10-11,0.8646,2026-08-21
2002-10-14,.,2026-08-21
2002-10-15,0.9717,2026-08-21
2002-10-16,0.9936,2026-08-21
2002-10-17,1.0400,2026-08-21
2002-10-18,1.0418,2026-08-21
2002-10-21,1.0817,2026-08-21
2002-10-22,1.1018,2026-08-21
2002-10-23,1.1003,2026-08-21
2002-10-24,1.0666,2026-08-21
2002-10-25,1.0367,2026-08-21
2002-10-28,1.0194,2026-08-21
2002-10-29,0.9740,2026-08-21
2002-10-30,0.9704,2026-08-21
2002-10-31,0.9538,2026-08-21
2002-11-01,0.9897,2026-08-21
2002-11-04,1.0235,2026-08-21
2002-11-05,1.0435,2026-08-21
2002-11-06,1.0657,2026-08-21
2002-11-07,1.0126,2026-08-21
2002-11-08,0.9925,2026-08-21
2002-11-11,.,2026-08-21
2002-11-12,0.9762,2026-08-21
2002-11-13,0.9657,2026-08-21
2002-11-14,1.0363,2026-08-21
2002-11-15,1.0650,2026-08-21
2002-11-18,1.0609,2026-08-21
2002-11-19,1.0499,2026-08-21
2002-11-20,1.0927,2026-08-21
2002-11-21,1.1306,2026-08-21
2002-11-22,1.1596,2026-08-21
2002-11-25,1.1670,2026-08-21
2002-11-26,1.1226,2026-08-21
2002-11-27,1.1977,2026-08-21
2002-11-28,.,2026-08-21
2002-11-29,1.1939,2026-08-21
2002-12-02,1.1995,2026-08-21
2002-12-03,1.2077,2026-08-21
2002-12-04,1.1854,2026-08-21
2002-12-05,1.1578,2026-08-21
2002-12-06,1.1341,2026-08-21
2002-12-09,1.1082,2026-08-21
2002-12-10,1.0983,2026-08-21
2002-12-11,1.0731,2026-08-21
2002-12-12,1.0674,2026-08-21
2002-12-13,1.0864,2026-08-21
2002-12-16,1.1185,2026-08-21
2002-12-17,1.1166,2026-08-21
2002-12-18,1.0879,2026-08-21
2002-12-19,1.0371,2026-08-21
2002-12-20,1.0302,2026-08-21
2002-12-23,1.0348,2026-08-21
2002-12-24,1.0224,2026-08-21
2002-12-25,.,2026-08-21
2002-12-26,1.0070,2026-08-21
2002-12-27,0.9648,2026-08-21
2002-12-30,0.9431,2026-08-21
2002-12-31,0.9418,2026-08-21
2003-01-01,.,2026-08-21
2003-01-02,1.0423,2026-08-21
2003-01-03,1.0591,2026-08-21
2003-01-06,1.0827,2026-08-21
2003-01-07,1.0719,2026-08-21
2003-01-08,1.0558,2026-08-21
2003-01-09,1.1347,2026-08-21
2003-01-10,1.1429,2026-08-21
2003-01-13,1.1387,2026-08-21
2003-01-14,1.1160,2026-08-21
2003-01-15,1.1071,2026-08-21
2003-01-16,1.1076,2026-08-21
2003-01-17,1.0852,2026-08-21
2003-01-20,.,2026-08-21
2003-01-21,1.0606,2026-08-21
2003-01-22,1.0308,2026-08-21
2003-01-23,1.0352,2026-08-21
2003-01-24,1.0176,2026-08-21
2003-01-27,1.0321,2026-08-21
2003-01-28,1.0403,2026-08-21
2003-01-29,1.0700,2026-08-21
2003-01-30,1.0580,2026-08-21
2003-01-31,1.0506,2026-08-21
2003-02-03,1.0561,2026-08-21
2003-02-04,1.0379,2026-08-21
2003-02-05,1.0646,2026-08-21
2003-02-06,1.0481,2026-08-21
2003-02-07,1.0329,2026-08-21
2003-02-10,1.0489,2026-08-21
2003-02-11,1.0455,2026-08-21
2003-02-12,1.0197,2026-08-21
2003-02-13,0.9879,2026-08-21
2003-02-14,1.0074,2026-08-21
2003-02-17,.,2026-08-21
2003-02-18,1.0081,2026-08-21
2003-02-19,0.9828,2026-08-21
2003-02-20,0.9584,2026-08-21
2003-02-21,0.9703,2026-08-21
2003-02-24,0.9540,2026-08-21
2003-02-25,0.9299,2026-08-21
2003-02-26,0.9109,2026-08-21
2003-02-27,0.8998,2026-08-21
2003-02-28,0.8748,2026-08-21
2003-03-03,0.8553,2026-08-21
2003-03-04,0.8384,2026-08-21
2003-03-05,0.8218,2026-08-21
2003-03-06,0.8344,2026-08-21
2003-03-07,0.8230,2026-08-21
2003-03-10,0.8071,2026-08-21
2003-03-11,0.8138,2026-08-21
2003-03-12,0.8233,2026-08-21
2003-03-13,0.8895,2026-08-21
2003-03-14,0.8920,2026-08-21
2003-03-17,0.9308,2026-08-21
2003-03-18,0.9788,2026-08-21
2003-03-19,1.0146,2026-08-21
2003-03-20,1.0399,2026-08-21
2003-03-21,1.0876,2026-08-21
2003-03-24,1.0494,2026-08-21
2003-03-25,1.0379,2026-08-21
2003-03-26,1.0280,2026-08-21
2003-03-27,1.0176,2026-08-21
2003-03-28,1.0009,2026-08-21
2003-03-31,0.9628,2026-08-21
2003-04-01,0.9550,2026-08-21
2003-04-02,0.9991,2026-08-21
2003-04-03,1.0052,2026-08-21
2003-04-04,1.0183,2026-08-21
2003-04-07,1.0508,2026-08-21
2003-04-08,1.0225,2026-08-21
2003-04-09,1.0044,2026-08-21
2003-04-10,1.0066,2026-08-21
2003-04-11,1.0236,2026-08-21
2003-04-14,1.0428,2026-08-21
2003-04-15,1.0219,2026-08-21
2003-04-16,1.0118,2026-08-21
2003-04-17,1.0201,2026-08-21
2003-04-18,.,2026-08-21
2003-04-21,1.0294,2026-08-21
2003-04-22,1.0322,2026-08-21
2003-04-23,1.0354,2026-08-21
2003-04-24,0.9991,2026-08-21
2003-04-25,0.9806,2026-08-21
2003-04-28,0.9817,2026-08-21
2003-04-29,0.9960,2026-08-21
2003-04-30,0.9681,2026-08-21
2003-05-01,0.9576,2026-08-21
2003-05-02,0.9813,2026-08-21
2003-05-05,0.9730,2026-08-21
2003-05-06,0.9342,2026-08-21
2003-05-07,0.8810,2026-08-21
2003-05-08,0.8593,2026-08-21
2003-05-09,0.8437,2026-08-21
2003-05-12,0.8208,2026-08-21
2003-05-13,0.8113,2026-08-21
2003-05-14,0.7678,2026-08-21
2003-05-15,0.7678,2026-08-21
2003-05-16,0.7395,2026-08-21
2003-05-19,0.7245,2026-08-21
2003-05-20,0.6913,2026-08-21
2003-05-21,0.6891,2026-08-21
2003-05-22,0.6669,2026-08-21
2003-05-23,0.6611,2026-08-21
2003-05-26,.,2026-08-21
2003-05-27,0.6784,2026-08-21
2003-05-28,0.6830,2026-08-21
2003-05-29,0.6489,2026-08-21
2003-05-30,0.6507,2026-08-21
2003-06-02,0.6712,2026-08-21
2003-06-03,0.6373,2026-08-21
2003-06-04,0.6158,2026-08-21
2003-06-05,0.6362,2026-08-21
2003-06-06,0.6550,2026-08-21
2003-06-09,0.6270,2026-08-21
2003-06-10,0.5889,2026-08-21
2003-06-11,0.5929,2026-08-21
2003-06-12,0.5798,2026-08-21
2003-06-13,0.5625,2026-08-21
2003-06-16,0.5899,2026-08-21
2003-06-17,0.6342,2026-08-21
2003-06-18,0.6835,2026-08-21
2003-06-19,0.6900,2026-08-21
2003-06-20,0.7148,2026-08-21
2003-06-23,0.6891,2026-08-21
2003-06-24,0.6692,2026-08-21
2003-06-25,0.7019,2026-08-21
2003-06-26,0.7673,2026-08-21
2003-06-27,0.7975,2026-08-21
2003-06-30,0.7836,2026-08-21
2003-07-01,0.7886,2026-08-21
2003-07-02,0.7903,2026-08-21
2003-07-03,0.8323,2026-08-21
2003-07-04,.,2026-08-21
2003-07-07,0.8698,2026-08-21
2003-07-08,0.8891,2026-08-21
2003-07-09,0.8859,2026-08-21
2003-07-10,0.8742,2026-08-21
2003-07-11,0.8529,2026-08-21
2003-07-14,0.8766,2026-08-21
2003-07-15,0.9644,2026-08-21
2003-07-16,1.0045,2026-08-21
2003-07-17,1.0231,2026-08-21
2003-07-18,1.0426,2026-08-21
2003-07-21,1.0832,2026-08-21
2003-07-22,1.1233,2026-08-21
2003-07-23,1.1164,2026-08-21
2003-07-24,1.1421,2026-08-21
2003-07-25,1.1607,2026-08-21
2003-07-28,1.2039,2026-08-21
2003-07-29,1.2595,2026-08-21
2003-07-30,1.2528,2026-08-21
2003-07-31,1.3074,2026-08-21
2003-08-01,1.3265,2026-08-21
2003-08-04,1.2857,2026-08-21
2003-08-05,1.3277,2026-08-21
2003-08-06,1.2746,2026-08-21
2003-08-07,1.2364,2026-08-21
2003-08-08,1.2176,2026-08-21
2003-08-11,1.2501,2026-08-21
2003-08-12,1.2519,2026-08-21
2003-08-13,1.3372,2026-08-21
2003-08-14,1.3545,2026-08-21
2003-08-15,1.3628,2026-08-21
2003-08-18,1.3429,2026-08-21
2003-08-19,1.2944,2026-08-21
2003-08-20,1.3109,2026-08-21
2003-08-21,1.3592,2026-08-21
2003-08-22,1.3494,2026-08-21
2003-08-25,1.3650,2026-08-21
2003-08-26,1.3556,2026-08-21
2003-08-27,1.3743,2026-08-21
2003-08-28,1.3265,2026-08-21
2003-08-29,1.3310,2026-08-21
2003-09-01,.,2026-08-21
2003-09-02,1.3965,2026-08-21
2003-09-03,1.4114,2026-08-21
2003-09-04,1.3733,2026-08-21
2003-09-05,1.2858,2026-08-21
2003-09-08,1.2835,2026-08-21
2003-09-09,1.2674,2026-08-21
2003-09-10,1.2208,2026-08-21
2003-09-11,1.2361,2026-08-21
2003-09-12,1.2104,2026-08-21
2003-09-15,1.2000,2026-08-21
2003-09-16,1.2003,2026-08-21
2003-09-17,1.1644,2026-08-21
2003-09-18,1.1593,2026-08-21
2003-09-19,1.1577,2026-08-21
2003-09-22,1.1822,2026-08-21
2003-09-23,1.1771,2026-08-21
2003-09-24,1.1477,2026-08-21
2003-09-25,1.1259,2026-08-21
2003-09-26,1.0828,2026-08-21
2003-09-29,1.0869,2026-08-21
2003-09-30,1.0319,2026-08-21
2003-10-01,1.0172,2026-08-21
2003-10-02,1.0426,2026-08-21
2003-10-03,1.1334,2026-08-21
2003-10-06,1.1365,2026-08-21
2003-10-07,1.1795,2026-08-21
2003-10-08,1.1885,2026-08-21
2003-10-09,1.2127,2026-08-21
2003-10-10,1.2042,2026-08-21
2003-10-13,.,2026-08-21
2003-10-14,1.2379,2026-08-21
2003-10-15,1.2701,2026-08-21
2003-10-16,1.3137,2026-08-21
2003-10-17,1.2953,2026-08-21
2003-10-20,1.2853,2026-08-21
2003-10-21,1.2729,2026-08-21
2003-10-22,1.2275,2026-08-21
2003-10-23,1.2338,2026-08-21
2003-10-24,1.1891,2026-08-21
2003-10-27,1.2020,2026-08-21
2003-10-28,1.1695,2026-08-21
2003-10-29,1.1976,2026-08-21
2003-10-30,1.2337,2026-08-21
2003-10-31,1.2303,2026-08-21
2003-11-03,1.2583,2026-08-21
2003-11-04,1.2409,2026-08-21
2003-11-05,1.2592,2026-08-21
2003-11-06,1.2956,2026-08-21
2003-11-07,1.3179,2026-08-21
2003-11-10,1.3291,2026-08-21
2003-11-11,.,2026-08-21
2003-11-12,1.3121,2026-08-21
2003-11-13,1.2479,2026-08-21
2003-11-14,1.1961,2026-08-21
2003-11-17,1.1635,2026-08-21
2003-11-18,1.1488,2026-08-21
2003-11-19,1.1760,2026-08-21
2003-11-20,1.1523,2026-08-21
2003-11-21,1.1457,2026-08-21
2003-11-24,1.1763,2026-08-21
2003-11-25,1.1667,2026-08-21
2003-11-26,1.1942,2026-08-21
2003-11-27,.,2026-08-21
2003-11-28,1.2404,2026-08-21
2003-12-01,1.2815,2026-08-21
2003-12-02,1.2828,2026-08-21
2003-12-03,1.2957,2026-08-21
2003-12-04,1.2848,2026-08-21
2003-12-05,1.2142,2026-08-21
2003-12-08,1.2196,2026-08-21
2003-12-09,1.2356,2026-08-21
2003-12-10,1.2286,2026-08-21
2003-12-11,1.2040,2026-08-21
2003-12-12,1.2012,2026-08-21
2003-12-15,1.2115,2026-08-21
2003-12-16,1.1951,2026-08-21
2003-12-17,1.1766,2026-08-21
2003-12-18,1.1623,2026-08-21
2003-12-19,1.1570,2026-08-21
2003-12-22,1.1620,2026-08-21
2003-12-23,1.2047,2026-08-21
2003-12-24,1.1778,2026-08-21
2003-12-25,.,2026-08-21
2003-12-26,1.1591,2026-08-21
2003-12-29,1.1809,2026-08-21
2003-12-30,1.1989,2026-08-21
2003-12-31,1.1962,2026-08-21
2004-01-01,.,2026-08-21
2004-01-02,1.2448,2026-08-21
2004-01-05,1.2676,2026-08-21
2004-01-06,1.2241,2026-08-21
2004-01-07,1.2039,2026-08-21
2004-01-08,1.2020,2026-08-21
2004-01-09,1.1312,2026-08-21
2004-01-12,1.1113,2026-08-21
2004-01-13,1.0812,2026-08-21
2004-01-14,1.0635,2026-08-21
2004-01-15,1.0558,2026-08-21
2004-01-16,1.0741,2026-08-21
2004-01-19,.,2026-08-21
2004-01-20,1.0872,2026-08-21
2004-01-21,1.0833,2026-08-21
2004-01-22,1.0582,2026-08-21
2004-01-23,1.0926,2026-08-21
2004-01-26,1.1255,2026-08-21
2004-01-27,1.1127,2026-08-21
2004-01-28,1.1602,2026-08-21
2004-01-29,1.1720,2026-08-21
2004-01-30,1.1553,2026-08-21
2004-02-02,1.1554,2026-08-21
2004-02-03,1.1335,2026-08-21
2004-02-04,1.1369,2026-08-21
2004-02-05,1.1563,2026-08-21
2004-02-06,1.1283,2026-08-21
2004-02-09,1.1091,2026-08-21
2004-02-10,1.1210,2026-08-21
2004-02-11,1.0871,2026-08-21
2004-02-12,1.0928,2026-08-21
2004-02-13,1.0769,2026-08-21
2004-02-16,.,2026-08-21
2004-02-17,1.0721,2026-08-21
2004-02-18,1.0762,2026-08-21
2004-02-19,1.0726,2026-08-21
2004-02-20,1.0966,2026-08-21
2004-02-23,1.0789,2026-08-21
2004-02-24,1.0676,2026-08-21
2004-02-25,1.0563,2026-08-21
2004-02-26,1.0647,2026-08-21
2004-02-27,1.0519,2026-08-21
2004-03-01,1.0461,2026-08-21
2004-03-02,1.0664,2026-08-21
2004-03-03,1.0776,2026-08-21
2004-03-04,1.0670,2026-08-21
2004-03-05,0.9854,2026-08-21
2004-03-08,0.9349,2026-08-21
2004-03-09,0.9001,2026-08-21
2004-03-10,0.8939,2026-08-21
2004-03-11,0.8993,2026-08-21
2004-03-12,0.9050,2026-08-21
2004-03-15,0.9072,2026-08-21
2004-03-16,0.8753,2026-08-21
2004-03-17,0.8714,2026-08-21
2004-03-18,0.8941,2026-08-21
2004-03-19,0.9139,2026-08-21
2004-03-22,0.8911,2026-08-21
2004-03-23,0.8827,2026-08-21
2004-03-24,0.8809,2026-08-21
2004-03-25,0.8900,2026-08-21
2004-03-26,0.9356,2026-08-21
2004-03-29,0.9666,2026-08-21
2004-03-30,0.9785,2026-08-21
2004-03-31,0.9577,2026-08-21
2004-04-01,0.9769,2026-08-21
2004-04-02,1.0900,2026-08-21
2004-04-05,1.1521,2026-08-21
2004-04-06,1.1485,2026-08-21
2004-04-07,1.1494,2026-08-21
2004-04-08,1.1647,2026-08-21
2004-04-09,.,2026-08-21
2004-04-12,1.1836,2026-08-21
2004-04-13,1.2332,2026-08-21
2004-04-14,1.2682,2026-08-21
2004-04-15,1.2823,2026-08-21
2004-04-16,1.2679,2026-08-21
2004-04-19,1.2755,2026-08-21
2004-04-20,1.2905,2026-08-21
2004-04-21,1.3116,2026-08-21
2004-04-22,1.2907,2026-08-21
2004-04-23,1.3255,2026-08-21
2004-04-26,1.3253,2026-08-21
2004-04-27,1.3088,2026-08-21
2004-04-28,1.3361,2026-08-21
2004-04-29,1.3684,2026-08-21
2004-04-30,1.3634,2026-08-21
2004-05-03,1.3602,2026-08-21
2004-05-04,1.3707,2026-08-21
2004-05-05,1.3929,2026-08-21
2004-05-06,1.4072,2026-08-21
2004-05-07,1.4870,2026-08-21
2004-05-10,1.4984,2026-08-21
2004-05-11,1.4947,2026-08-21
2004-05-12,1.5047,2026-08-21
2004-05-13,1.5290,2026-08-21
2004-05-14,1.5054,2026-08-21
2004-05-17,1.4572,2026-08-21
2004-05-18,1.4613,2026-08-21
2004-05-19,1.4829,2026-08-21
2004-05-20,1.4624,2026-08-21
2004-05-21,1.4747,2026-08-21
2004-05-24,1.4676,2026-08-21
2004-05-25,1.4576,2026-08-21
2004-05-26,1.4275,2026-08-21
2004-05-27,1.3913,2026-08-21
2004-05-28,1.4072,2026-08-21
2004-05-31,.,2026-08-21
2004-06-01,1.4235,2026-08-21
2004-06-02,1.4382,2026-08-21
2004-06-03,1.4309,2026-08-21
2004-06-04,1.4553,2026-08-21
2004-06-07,1.4487,2026-08-21
2004-06-08,1.4449,2026-08-21
2004-06-09,1.4576,2026-08-21
2004-06-10,1.4512,2026-08-21
2004-06-11,.,2026-08-21
2004-06-14,1.4722,2026-08-21
2004-06-15,1.3937,2026-08-21
2004-06-16,1.3978,2026-08-21
2004-06-17,1.3870,2026-08-21
2004-06-18,1.3896,2026-08-21
2004-06-21,1.3770,2026-08-21
2004-06-22,1.3780,2026-08-21
2004-06-23,1.3739,2026-08-21
2004-06-24,1.3530,2026-08-21
2004-06-25,1.3476,2026-08-21
2004-06-28,1.3816,2026-08-21
2004-06-29,1.3656,2026-08-21
2004-06-30,1.3252,2026-08-21
2004-07-01,1.3031,2026-08-21
2004-07-02,1.2556,2026-08-21
2004-07-05,.,2026-08-21
2004-07-06,1.2475,2026-08-21
2004-07-07,1.2474,2026-08-21
2004-07-08,1.2436,2026-08-21
2004-07-09,1.2430,2026-08-21
2004-07-12,1.2297,2026-08-21
2004-07-13,1.2378,2026-08-21
2004-07-14,1.2429,2026-08-21
2004-07-15,1.2466,2026-08-21
2004-07-16,1.1981,2026-08-21
2004-07-19,1.1863,2026-08-21
2004-07-20,1.2217,2026-08-21
2004-07-21,1.2432,2026-08-21
2004-07-22,1.2394,2026-08-21
2004-07-23,1.2284,2026-08-21
2004-07-26,1.2351,2026-08-21
2004-07-27,1.2815,2026-08-21
2004-07-28,1.2849,2026-08-21
2004-07-29,1.2819,2026-08-21
2004-07-30,1.2436,2026-08-21
2004-08-02,1.2191,2026-08-21
2004-08-03,1.2024,2026-08-21
2004-08-04,1.1975,2026-08-21
2004-08-05,1.1866,2026-08-21
2004-08-06,1.1031,2026-08-21
2004-08-09,1.0946,2026-08-21
2004-08-10,1.1147,2026-08-21
2004-08-11,1.1144,2026-08-21
2004-08-12,1.1041,2026-08-21
2004-08-13,1.0851,2026-08-21
2004-08-16,1.0889,2026-08-21
2004-08-17,1.0664,2026-08-21
2004-08-18,1.0695,2026-08-21
2004-08-19,1.0646,2026-08-21
2004-08-20,1.0735,2026-08-21
2004-08-23,1.0872,2026-08-21
2004-08-24,1.0884,2026-08-21
2004-08-25,1.0826,2026-08-21
2004-08-26,1.0644,2026-08-21
2004-08-27,1.0610,2026-08-21
2004-08-30,1.0399,2026-08-21
2004-08-31,1.0064,2026-08-21
2004-09-01,0.9958,2026-08-21
2004-09-02,1.0205,2026-08-21
2004-09-03,1.0659,2026-08-21
2004-09-06,.,2026-08-21
2004-09-07,1.0523,2026-08-21
2004-09-08,1.0141,2026-08-21
2004-09-09,1.0150,2026-08-21
2004-09-10,1.0074,2026-08-21
2004-09-13,0.9927,2026-08-21
2004-09-14,0.9805,2026-08-21
2004-09-15,0.9906,2026-08-21
2004-09-16,0.9541,2026-08-21
2004-09-17,0.9658,2026-08-21
2004-09-20,0.9357,2026-08-21
2004-09-21,0.9224,2026-08-21
2004-09-22,0.8998,2026-08-21
2004-09-23,0.9059,2026-08-21
2004-09-24,0.9135,2026-08-21
2004-09-27,0.8939,2026-08-21
2004-09-28,0.8913,2026-08-21
2004-09-29,0.9255,2026-08-21
2004-09-30,0.9459,2026-08-21
2004-10-01,0.9783,2026-08-21
2004-10-04,0.9798,2026-08-21
2004-10-05,0.9809,2026-08-21
2004-10-06,1.0030,2026-08-21
2004-10-07,1.0213,2026-08-21
2004-10-08,0.9786,2026-08-21
2004-10-11,.,2026-08-21
2004-10-12,0.9531,2026-08-21
2004-10-13,0.9354,2026-08-21
2004-10-14,0.9065,2026-08-21
2004-10-15,0.9155,2026-08-21
2004-10-18,0.9117,2026-08-21
2004-10-19,0.9104,2026-08-21
2004-10-20,0.8819,2026-08-21
2004-10-21,0.8775,2026-08-21
2004-10-22,0.8673,2026-08-21
2004-10-25,0.8518,2026-08-21
2004-10-26,0.8506,2026-08-21
2004-10-27,0.8905,2026-08-21
2004-10-28,0.8910,2026-08-21
2004-10-29,0.8747,2026-08-21
2004-11-01,0.8874,2026-08-21
2004-11-02,0.8820,2026-08-21
2004-11-03,0.8779,2026-08-21
2004-11-04,0.8810,2026-08-21
2004-11-05,0.9269,2026-08-21
2004-11-08,0.9348,2026-08-21
2004-11-09,0.9337,2026-08-21
2004-11-10,0.9429,2026-08-21
2004-11-11,.,2026-08-21
2004-11-12,0.9329,2026-08-21
2004-11-15,0.9252,2026-08-21
2004-11-16,0.9312,2026-08-21
2004-11-17,0.9007,2026-08-21
2004-11-18,0.8812,2026-08-21
2004-11-19,0.9107,2026-08-21
2004-11-22,0.9010,2026-08-21
2004-11-23,0.9021,2026-08-21
2004-11-24,0.9080,2026-08-21
2004-11-25,.,2026-08-21
2004-11-26,0.9237,2026-08-21
2004-11-29,0.9590,2026-08-21
2004-11-30,0.9718,2026-08-21
2004-12-01,0.9830,2026-08-21
2004-12-02,0.9983,2026-08-21
2004-12-03,0.9503,2026-08-21
2004-12-06,0.9242,2026-08-21
2004-12-07,0.9158,2026-08-21
2004-12-08,0.8755,2026-08-21
2004-12-09,0.8744,2026-08-21
2004-12-10,0.8669,2026-08-21
2004-12-13,0.8620,2026-08-21
2004-12-14,0.8537,2026-08-21
2004-12-15,0.8312,2026-08-21
2004-12-16,0.8674,2026-08-21
2004-12-17,0.8854,2026-08-21
2004-12-20,0.8846,2026-08-21
2004-12-21,0.8739,2026-08-21
2004-12-22,0.8794,2026-08-21
2004-12-23,0.8847,2026-08-21
2004-12-24,.,2026-08-21
2004-12-27,0.9096,2026-08-21
2004-12-28,0.9158,2026-08-21
2004-12-29,0.9327,2026-08-21
2004-12-30,0.9168,2026-08-21
2004-12-31,0.9007,2026-08-21
2005-01-03,0.8899,2026-08-21
2005-01-04,0.9127,2026-08-21
2005-01-05,0.9145,2026-08-21
2005-01-06,0.9111,2026-08-21
2005-01-07,0.9167,2026-08-21
2005-01-10,0.9134,2026-08-21
2005-01-11,0.8993,2026-08-21
2005-01-12,0.8909,2026-08-21
2005-01-13,0.8688,2026-08-21
2005-01-14,0.8740,2026-08-21
2005-01-17,.,2026-08-21
2005-01-18,0.8662,2026-08-21
2005-01-19,0.8623,2026-08-21
2005-01-20,0.8494,2026-08-21
2005-01-21,0.8366,2026-08-21
2005-01-24,0.8270,2026-08-21
2005-01-25,0.8471,2026-08-21
2005-01-26,0.8532,2026-08-21
2005-01-27,0.8589,2026-08-21
2005-01-28,0.8335,2026-08-21
2005-01-31,0.8181,2026-08-21
2005-02-01,0.8133,2026-08-21
2005-02-02,0.8149,2026-08-21
2005-02-03,0.8272,2026-08-21
2005-02-04,0.7955,2026-08-21
2005-02-07,0.7769,2026-08-21
2005-02-08,0.7645,2026-08-21
2005-02-09,0.7325,2026-08-21
2005-02-10,0.7542,2026-08-21
2005-02-11,0.7719,2026-08-21
2005-02-14,0.7676,2026-08-21
2005-02-15,0.7703,2026-08-21
2005-02-16,0.7957,2026-08-21
2005-02-17,0.8091,2026-08-21
2005-02-18,0.8430,2026-08-21
2005-02-21,.,2026-08-21
2005-02-22,0.8533,2026-08-21
2005-02-23,0.8500,2026-08-21
2005-02-24,0.8576,2026-08-21
2005-02-25,0.8516,2026-08-21
2005-02-28,0.8800,2026-08-21
2005-03-01,0.8923,2026-08-21
2005-03-02,0.8971,2026-08-21
2005-03-03,0.9028,2026-08-21
2005-03-04,0.8799,2026-08-21
2005-03-07,0.8712,2026-08-21
2005-03-08,0.8926,2026-08-21
2005-03-09,0.9507,2026-08-21
2005-03-10,0.9482,2026-08-21
2005-03-11,0.9823,2026-08-21
2005-03-14,0.9774,2026-08-21
2005-03-15,0.9849,2026-08-21
2005-03-16,0.9740,2026-08-21
2005-03-17,0.9544,2026-08-21
2005-03-18,0.9632,2026-08-21
2005-03-21,0.9657,2026-08-21
2005-03-22,1.0041,2026-08-21
2005-03-23,1.0109,2026-08-21
2005-03-24,1.0106,2026-08-21
2005-03-25,.,2026-08-21
2005-03-28,1.0226,2026-08-21
2005-03-29,1.0094,2026-08-21
2005-03-30,0.9926,2026-08-21
2005-03-31,0.9607,2026-08-21
2005-04-01,0.9344,2026-08-21
2005-04-04,0.9307,2026-08-21
2005-04-05,0.9356,2026-08-21
2005-04-06,0.9226,2026-08-21
2005-04-07,0.9378,2026-08-21
2005-04-08,0.9466,2026-08-21
2005-04-11,0.9318,2026-08-21
2005-04-12,0.8969,2026-08-21
2005-04-13,0.8836,2026-08-21
2005-04-14,0.8681,2026-08-21
2005-04-15,0.8316,2026-08-21
2005-04-18,0.8108,2026-08-21
2005-04-19,0.7815,2026-08-21
2005-04-20,0.7795,2026-08-21
2005-04-21,0.8175,2026-08-21
2005-04-22,0.8036,2026-08-21
2005-04-25,0.7962,2026-08-21
2005-04-26,0.8027,2026-08-21
2005-04-27,0.7899,2026-08-21
2005-04-28,0.7609,2026-08-21
2005-04-29,0.7671,2026-08-21
2005-05-02,0.7590,2026-08-21
2005-05-03,0.7617,2026-08-21
2005-05-04,0.7573,2026-08-21
2005-05-05,0.7491,2026-08-21
2005-05-06,0.7896,2026-08-21
2005-05-09,0.8015,2026-08-21
2005-05-10,0.7789,2026-08-21
2005-05-11,0.7678,2026-08-21
2005-05-12,0.7538,2026-08-21
2005-05-13,0.7398,2026-08-21
2005-05-16,0.7346,2026-08-21
2005-05-17,0.7277,2026-08-21
2005-05-18,0.7079,2026-08-21
2005-05-19,0.7239,2026-08-21
2005-05-20,0.7341,2026-08-21
2005-05-23,0.7068,2026-08-21
2005-05-24,0.6824,2026-08-21
2005-05-25,0.6896,2026-08-21
2005-05-26,0.6955,2026-08-21
2005-05-27,0.6962,2026-08-21
2005-05-30,.,2026-08-21
2005-05-31,0.6627,2026-08-21
2005-06-01,0.6124,2026-08-21
2005-06-02,0.5995,2026-08-21
2005-06-03,0.6280,2026-08-21
2005-06-06,0.6274,2026-08-21
2005-06-07,0.6083,2026-08-21
2005-06-08,0.6161,2026-08-21
2005-06-09,0.6293,2026-08-21
2005-06-10,0.6642,2026-08-21
2005-06-13,0.6835,2026-08-21
2005-06-14,0.6999,2026-08-21
2005-06-15,0.7060,2026-08-21
2005-06-16,0.6962,2026-08-21
2005-06-17,0.6958,2026-08-21
2005-06-20,0.6985,2026-08-21
2005-06-21,0.6757,2026-08-21
2005-06-22,0.6249,2026-08-21
2005-06-23,0.6150,2026-08-21
2005-06-24,0.5921,2026-08-21
2005-06-27,0.5732,2026-08-21
2005-06-28,0.5932,2026-08-21
2005-06-29,0.6045,2026-08-21
2005-06-30,0.5871,2026-08-21
2005-07-01,0.6251,2026-08-21
2005-07-04,.,2026-08-21
2005-07-05,0.6536,2026-08-21
2005-07-06,0.6475,2026-08-21
2005-07-07,0.6354,2026-08-21
2005-07-08,0.6572,2026-08-21
2005-07-11,0.6602,2026-08-21
2005-07-12,0.6739,2026-08-21
2005-07-13,0.6839,2026-08-21
2005-07-14,0.6933,2026-08-21
2005-07-15,0.6929,2026-08-21
2005-07-18,0.7023,2026-08-21
2005-07-19,0.6912,2026-08-21
2005-07-20,0.6810,2026-08-21
2005-07-21,0.7147,2026-08-21
2005-07-22,0.6988,2026-08-21
2005-07-25,0.6953,2026-08-21
2005-07-26,0.6910,2026-08-21
2005-07-27,0.7012,2026-08-21
2005-07-28,0.6777,2026-08-21
2005-07-29,0.7044,2026-08-21
2005-08-01,0.7182,2026-08-21
2005-08-02,0.7253,2026-08-21
2005-08-03,0.7129,2026-08-21
2005-08-04,0.7189,2026-08-21
2005-08-05,0.7477,2026-08-21
2005-08-08,0.7630,2026-08-21
2005-08-09,0.7581,2026-08-21
2005-08-10,0.7528,2026-08-21
2005-08-11,0.7288,2026-08-21
2005-08-12,0.6918,2026-08-21
2005-08-15,0.6924,2026-08-21
2005-08-16,0.6713,2026-08-21
2005-08-17,0.6865,2026-08-21
2005-08-18,0.6642,2026-08-21
2005-08-19,0.6574,2026-08-21
2005-08-22,0.6548,2026-08-21
2005-08-23,0.6470,2026-08-21
2005-08-24,0.6433,2026-08-21
2005-08-25,0.6381,2026-08-21
2005-08-26,0.6441,2026-08-21
2005-08-29,0.6426,2026-08-21
2005-08-30,0.6256,2026-08-21
2005-08-31,0.5631,2026-08-21
2005-09-01,0.5531,2026-08-21
2005-09-02,0.5581,2026-08-21
2005-09-05,.,2026-08-21
2005-09-06,0.5788,2026-08-21
2005-09-07,0.6058,2026-08-21
2005-09-08,0.6134,2026-08-21
2005-09-09,0.6093,2026-08-21
2005-09-12,0.6248,2026-08-21
2005-09-13,0.6119,2026-08-21
2005-09-14,0.6253,2026-08-21
2005-09-15,0.6454,2026-08-21
2005-09-16,0.6700,2026-08-21
2005-09-19,0.6610,2026-08-21
2005-09-20,0.6606,2026-08-21
2005-09-21,0.6450,2026-08-21
2005-09-22,0.6363,2026-08-21
2005-09-23,0.6640,2026-08-21
2005-09-26,0.6848,2026-08-21
2005-09-27,0.6937,2026-08-21
2005-09-28,0.6850,2026-08-21
2005-09-29,0.6929,2026-08-21
2005-09-30,0.7118,2026-08-21
2005-10-03,0.7259,2026-08-21
2005-10-04,0.7204,2026-08-21
2005-10-05,0.7146,2026-08-21
2005-10-06,0.7152,2026-08-21
2005-10-07,0.7092,2026-08-21
2005-10-10,.,2026-08-21
2005-10-11,0.7122,2026-08-21
2005-10-12,0.7289,2026-08-21
2005-10-13,0.7405,2026-08-21
2005-10-14,0.7476,2026-08-21
2005-10-17,0.7475,2026-08-21
2005-10-18,0.7406,2026-08-21
2005-10-19,0.7299,2026-08-21
2005-10-20,0.7274,2026-08-21
2005-10-21,0.6968,2026-08-21
2005-10-24,0.7072,2026-08-21
2005-10-25,0.7419,2026-08-21
2005-10-26,0.7760,2026-08-21
2005-10-27,0.7731,2026-08-21
2005-10-28,0.7771,2026-08-21
2005-10-31,0.7687,2026-08-21
2005-11-01,0.7709,2026-08-21
2005-11-02,0.7847,2026-08-21
2005-11-03,0.8062,2026-08-21
2005-11-04,0.8181,2026-08-21
2005-11-07,0.8197,2026-08-21
2005-11-08,0.7901,2026-08-21
2005-11-09,0.8079,2026-08-21
2005-11-10,0.7822,2026-08-21
2005-11-11,.,2026-08-21
2005-11-14,0.7941,2026-08-21
2005-11-15,0.7771,2026-08-21
2005-11-16,0.7429,2026-08-21
2005-11-17,0.7212,2026-08-21
2005-11-18,0.7240,2026-08-21
2005-11-21,0.7121,2026-08-21
2005-11-22,0.6996,2026-08-21
2005-11-23,0.7147,2026-08-21
2005-11-24,.,2026-08-21
2005-11-25,0.6999,2026-08-21
2005-11-28,0.6845,2026-08-21
2005-11-29,0.7102,2026-08-21
2005-11-30,0.7245,2026-08-21
2005-12-01,0.7378,2026-08-21
2005-12-02,0.7401,2026-08-21
2005-12-05,0.7540,2026-08-21
2005-12-06,0.7240,2026-08-21
2005-12-07,0.7289,2026-08-21
2005-12-08,0.7106,2026-08-21
2005-12-09,0.7397,2026-08-21
2005-12-12,0.7540,2026-08-21
2005-12-13,0.7499,2026-08-21
2005-12-14,0.7162,2026-08-21
2005-12-15,0.7149,2026-08-21
2005-12-16,0.7046,2026-08-21
2005-12-19,0.6961,2026-08-21
2005-12-20,0.7005,2026-08-21
2005-12-21,0.7089,2026-08-21
2005-12-22,0.6887,2026-08-21
2005-12-23,0.6584,2026-08-21
2005-12-26,.,2026-08-21
2005-12-27,0.6365,2026-08-21
2005-12-28,0.6462,2026-08-21
2005-12-29,0.6426,2026-08-21
2005-12-30,0.6442,2026-08-21
2006-01-02,.,2026-08-21
2006-01-03,0.6237,2026-08-21
2006-01-04,0.6074,2026-08-21
2006-01-05,0.6044,2026-08-21
2006-01-06,0.6115,2026-08-21
2006-01-09,0.6119,2026-08-21
2006-01-10,0.6270,2026-08-21
2006-01-11,0.6408,2026-08-21
2006-01-12,0.6254,2026-08-21
2006-01-13,0.5950,2026-08-21
2006-01-16,.,2026-08-21
2006-01-17,0.5747,2026-08-21
2006-01-18,0.5722,2026-08-21
2006-01-19,0.5863,2026-08-21
2006-01-20,0.5850,2026-08-21
2006-01-23,0.5788,2026-08-21
2006-01-24,0.5866,2026-08-21
2006-01-25,0.6228,2026-08-21
2006-01-26,0.6442,2026-08-21
2006-01-27,0.6493,2026-08-21
2006-01-30,0.6534,2026-08-21
2006-01-31,0.6515,2026-08-21
2006-02-01,0.6657,2026-08-21
2006-02-02,0.6687,2026-08-21
2006-02-03,0.6585,2026-08-21
2006-02-06,0.6558,2026-08-21
2006-02-07,0.6595,2026-08-21
2006-02-08,0.6697,2026-08-21
2006-02-09,0.6668,2026-08-21
2006-02-10,0.6816,2026-08-21
2006-02-13,0.6768,2026-08-21
2006-02-14,0.6863,2026-08-21
2006-02-15,0.6868,2026-08-21
2006-02-16,0.6840,2026-08-21
2006-02-17,0.6622,2026-08-21
2006-02-20,.,2026-08-21
2006-02-21,0.6666,2026-08-21
2006-02-22,0.6520,2026-08-21
2006-02-23,0.6618,2026-08-21
2006-02-24,0.6689,2026-08-21
2006-02-27,0.6752,2026-08-21
2006-02-28,0.6567,2026-08-21
2006-03-01,0.6643,2026-08-21
2006-03-02,0.6884,2026-08-21
2006-03-03,0.7115,2026-08-21
2006-03-06,0.7378,2026-08-21
2006-03-07,0.7465,2026-08-21
2006-03-08,0.7469,2026-08-21
2006-03-09,0.7464,2026-08-21
2006-03-10,0.7541,2026-08-21
2006-03-13,0.7586,2026-08-21
2006-03-14,0.7283,2026-08-21
2006-03-15,0.7259,2026-08-21
2006-03-16,0.6921,2026-08-21
2006-03-17,0.6945,2026-08-21
2006-03-20,0.6865,2026-08-21
2006-03-21,0.7060,2026-08-21
2006-03-22,0.7079,2026-08-21
2006-03-23,0.7220,2026-08-21
2006-03-24,0.7004,2026-08-21
2006-03-27,0.7082,2026-08-21
2006-03-28,0.7429,2026-08-21
2006-03-29,0.7611,2026-08-21
2006-03-30,0.7842,2026-08-21
2006-03-31,0.7891,2026-08-21
2006-04-03,0.7964,2026-08-21
2006-04-04,0.7912,2026-08-21
2006-04-05,0.7785,2026-08-21
2006-04-06,0.7926,2026-08-21
2006-04-07,0.8214,2026-08-21
2006-04-10,0.8268,2026-08-21
2006-04-11,0.8149,2026-08-21
2006-04-12,0.8266,2026-08-21
2006-04-13,0.8545,2026-08-21
2006-04-14,.,2026-08-21
2006-04-17,0.8440,2026-08-21
2006-04-18,0.8262,2026-08-21
2006-04-19,0.8400,2026-08-21
2006-04-20,0.8481,2026-08-21
2006-04-21,0.8406,2026-08-21
2006-04-24,0.8273,2026-08-21
2006-04-25,0.8519,2026-08-21
2006-04-26,0.8715,2026-08-21
2006-04-27,0.8605,2026-08-21
2006-04-28,0.8508,2026-08-21
2006-05-01,0.8731,2026-08-21
2006-05-02,0.8714,2026-08-21
2006-05-03,0.8838,2026-08-21
2006-05-04,0.8907,2026-08-21
2006-05-05,0.8753,2026-08-21
2006-05-08,0.8711,2026-08-21
2006-05-09,0.8688,2026-08-21
2006-05-10,0.8675,2026-08-21
2006-05-11,0.8811,2026-08-21
2006-05-12,0.9019,2026-08-21
2006-05-15,0.8930,2026-08-21
2006-05-16,0.8731,2026-08-21
2006-05-17,0.8909,2026-08-21
2006-05-18,0.8609,2026-08-21
2006-05-19,0.8482,2026-08-21
2006-05-22,0.8361,2026-08-21
2006-05-23,0.8423,2026-08-21
2006-05-24,0.8301,2026-08-21
2006-05-25,0.8447,2026-08-21
2006-05-26,0.8398,2026-08-21
2006-05-29,.,2026-08-21
2006-05-30,0.8524,2026-08-21
2006-05-31,0.8681,2026-08-21
2006-06-01,0.8686,2026-08-21
2006-06-02,0.8224,2026-08-21
2006-06-05,0.8220,2026-08-21
2006-06-06,0.8139,2026-08-21
2006-06-07,0.8186,2026-08-21
2006-06-08,0.8074,2026-08-21
2006-06-09,0.7968,2026-08-21
2006-06-12,0.7913,2026-08-21
2006-06-13,0.7796,2026-08-21
2006-06-14,0.8109,2026-08-21
2006-06-15,0.8380,2026-08-21
2006-06-16,0.8550,2026-08-21
2006-06-19,0.8596,2026-08-21
2006-06-20,0.8622,2026-08-21
2006-06-21,0.8640,2026-08-21
2006-06-22,0.8814,2026-08-21
2006-06-23,0.8947,2026-08-21
2006-06-26,0.8976,2026-08-21
2006-06-27,0.8805,2026-08-21
2006-06-28,0.8922,2026-08-21
2006-06-29,0.8785,2026-08-21
2006-06-30,0.8508,2026-08-21
2006-07-03,0.8408,2026-08-21
2006-07-04,.,2026-08-21
2006-07-05,0.8704,2026-08-21
2006-07-06,0.8631,2026-08-21
2006-07-07,0.8406,2026-08-21
2006-07-10,0.8294,2026-08-21
2006-07-11,0.8157,2026-08-21
2006-07-12,0.8125,2026-08-21
2006-07-13,0.7995,2026-08-21
2006-07-14,0.7910,2026-08-21
2006-07-17,0.7892,2026-08-21
2006-07-18,0.8108,2026-08-21
2006-07-19,0.7849,2026-08-21
2006-07-20,0.7675,2026-08-21
2006-07-21,0.7718,2026-08-21
2006-07-24,0.7720,2026-08-21
2006-07-25,0.7793,2026-08-21
2006-07-26,0.7697,2026-08-21
2006-07-27,0.7714,2026-08-21
2006-07-28,0.7525,2026-08-21
2006-07-31,0.7454,2026-08-21
2006-08-01,0.7395,2026-08-21
2006-08-02,0.7299,2026-08-21
2006-08-03,0.7272,2026-08-21
2006-08-04,0.7037,2026-08-21
2006-08-07,0.7037,2026-08-21
2006-08-08,0.7042,2026-08-21
2006-08-09,0.7119,2026-08-21
2006-08-10,0.7169,2026-08-21
2006-08-11,0.7345,2026-08-21
2006-08-14,0.7476,2026-08-21
2006-08-15,0.7243,2026-08-21
2006-08-16,0.6947,2026-08-21
2006-08-17,0.6881,2026-08-21
2006-08-18,0.6711,2026-08-21
2006-08-21,0.6602,2026-08-21
2006-08-22,0.6567,2026-08-21
2006-08-23,0.6578,2026-08-21
2006-08-24,0.6554,2026-08-21
2006-08-25,0.6485,2026-08-21
2006-08-28,0.6502,2026-08-21
2006-08-29,0.6504,2026-08-21
2006-08-30,0.6436,2026-08-21
2006-08-31,0.6325,2026-08-21
2006-09-01,0.6299,2026-08-21
2006-09-04,.,2026-08-21
2006-09-05,0.6510,2026-08-21
2006-09-06,0.6664,2026-08-21
2006-09-07,0.6680,2026-08-21
2006-09-08,0.6643,2026-08-21
2006-09-11,0.6738,2026-08-21
2006-09-12,0.6664,2026-08-21
2006-09-13,0.6606,2026-08-21
2006-09-14,0.6695,2026-08-21
2006-09-15,0.6754,2026-08-21
2006-09-18,0.6814,2026-08-21
2006-09-19,0.6505,2026-08-21
2006-09-20,0.6442,2026-08-21
2006-09-21,0.6086,2026-08-21
2006-09-22,0.5839,2026-08-21
2006-09-25,0.5625,2026-08-21
2006-09-26,0.5714,2026-08-21
2006-09-27,0.5768,2026-08-21
2006-09-28,0.5879,2026-08-21
2006-09-29,0.5975,2026-08-21
2006-10-02,0.5903,2026-08-21
2006-10-03,0.5876,2026-08-21
2006-10-04,0.5650,2026-08-21
2006-10-05,0.5764,2026-08-21
2006-10-06,0.6147,2026-08-21
2006-10-09,.,2026-08-21
2006-10-10,0.6418,2026-08-21
2006-10-11,0.6566,2026-08-21
2006-10-12,0.6544,2026-08-21
2006-10-13,0.6633,2026-08-21
2006-10-16,0.6553,2026-08-21
2006-10-17,0.6444,2026-08-21
2006-10-18,0.6383,2026-08-21
2006-10-19,0.6443,2026-08-21
2006-10-20,0.6473,2026-08-21
2006-10-23,0.6621,2026-08-21
2006-10-24,0.6643,2026-08-21
2006-10-25,0.6429,2026-08-21
2006-10-26,0.6164,2026-08-21
2006-10-27,0.5913,2026-08-21
2006-10-30,0.5862,2026-08-21
2006-10-31,0.5596,2026-08-21
2006-11-01,0.5350,2026-08-21
2006-11-02,0.5442,2026-08-21
2006-11-03,0.5942,2026-08-21
2006-11-06,0.6004,2026-08-21
2006-11-07,0.5813,2026-08-21
2006-11-08,0.5658,2026-08-21
2006-11-09,0.5605,2026-08-21
2006-11-10,0.5432,2026-08-21
2006-11-13,0.5473,2026-08-21
2006-11-14,0.5326,2026-08-21
2006-11-15,0.5486,2026-08-21
2006-11-16,0.5706,2026-08-21
2006-11-17,0.5514,2026-08-21
2006-11-20,0.5447,2026-08-21
2006-11-21,0.5364,2026-08-21
2006-11-22,0.5312,2026-08-21
2006-11-23,.,2026-08-21
2006-11-24,0.5240,2026-08-21
2006-11-27,0.5169,2026-08-21
2006-11-28,0.5041,2026-08-21
2006-11-29,0.5076,2026-08-21
2006-11-30,0.4861,2026-08-21
2006-12-01,0.4660,2026-08-21
2006-12-04,0.4656,2026-08-21
2006-12-05,0.4735,2026-08-21
2006-12-06,0.4934,2026-08-21
2006-12-07,0.5001,2026-08-21
2006-12-08,0.5326,2026-08-21
2006-12-11,0.5271,2026-08-21
2006-12-12,0.5094,2026-08-21
2006-12-13,0.5415,2026-08-21
2006-12-14,0.5571,2026-08-21
2006-12-15,0.5629,2026-08-21
2006-12-18,0.5600,2026-08-21
2006-12-19,0.5589,2026-08-21
2006-12-20,0.5591,2026-08-21
2006-12-21,0.5413,2026-08-21
2006-12-22,0.5655,2026-08-21
2006-12-25,.,2026-08-21
2006-12-26,0.5632,2026-08-21
2006-12-27,0.5842,2026-08-21
2006-12-28,0.6067,2026-08-21
2006-12-29,0.6177,2026-08-21
2007-01-01,.,2026-08-21
2007-01-02,0.6077,2026-08-21
2007-01-03,0.5968,2026-08-21
2007-01-04,0.5771,2026-08-21
2007-01-05,0.5854,2026-08-21
2007-01-08,0.5877,2026-08-21
2007-01-09,0.5851,2026-08-21
2007-01-10,0.5946,2026-08-21
2007-01-11,0.6155,2026-08-21
2007-01-12,0.6332,2026-08-21
2007-01-15,.,2026-08-21
2007-01-16,0.6287,2026-08-21
2007-01-17,0.6433,2026-08-21
2007-01-18,0.6325,2026-08-21
2007-01-19,0.6398,2026-08-21
2007-01-22,0.6323,2026-08-21
2007-01-23,0.6490,2026-08-21
2007-01-24,0.6538,2026-08-21
2007-01-25,0.6770,2026-08-21
2007-01-26,0.6896,2026-08-21
2007-01-29,0.6978,2026-08-21
2007-01-30,0.6940,2026-08-21
2007-01-31,0.6744,2026-08-21
2007-02-01,0.6757,2026-08-21
2007-02-02,0.6710,2026-08-21
2007-02-05,0.6606,2026-08-21
2007-02-06,0.6405,2026-08-21
2007-02-07,0.6254,2026-08-21
2007-02-08,0.6179,2026-08-21
2007-02-09,0.6375,2026-08-21
2007-02-12,0.6478,2026-08-21
2007-02-13,0.6557,2026-08-21
2007-02-14,0.6234,2026-08-21
2007-02-15,0.6040,2026-08-21
2007-02-16,0.5950,2026-08-21
2007-02-19,.,2026-08-21
2007-02-20,0.5864,2026-08-21
2007-02-21,0.5889,2026-08-21
2007-02-22,0.6048,2026-08-21
2007-02-23,0.5868,2026-08-21
2007-02-26,0.5613,2026-08-21
2007-02-27,0.5037,2026-08-21
2007-02-28,0.5149,2026-08-21
2007-03-01,0.5172,2026-08-21
2007-03-02,0.5054,2026-08-21
2007-03-05,0.5048,2026-08-21
2007-03-06,0.5131,2026-08-21
2007-03-07,0.5010,2026-08-21
2007-03-08,0.5024,2026-08-21
2007-03-09,0.5346,2026-08-21
2007-03-12,0.5262,2026-08-21
2007-03-13,0.4992,2026-08-21
2007-03-14,0.5053,2026-08-21
2007-03-15,0.5134,2026-08-21
2007-03-16,0.5186,2026-08-21
2007-03-19,0.5288,2026-08-21
2007-03-20,0.5224,2026-08-21
2007-03-21,0.5099,2026-08-21
2007-03-22,0.5331,2026-08-21
2007-03-23,0.5479,2026-08-21
2007-03-26,0.5436,2026-08-21
2007-03-27,0.5502,2026-08-21
2007-03-28,0.5546,2026-08-21
2007-03-29,0.5667,2026-08-21
2007-03-30,0.5768,2026-08-21
2007-04-02,0.5781,2026-08-21
2007-04-03,0.5868,2026-08-21
2007-04-04,0.5814,2026-08-21
2007-04-05,0.5914,2026-08-21
2007-04-06,0.6275,2026-08-21
2007-04-09,0.6323,2026-08-21
2007-04-10,0.6244,2026-08-21
2007-04-11,0.6271,2026-08-21
2007-04-12,0.6277,2026-08-21
2007-04-13,0.6391,2026-08-21
2007-04-16,0.6327,2026-08-21
2007-04-17,0.6106,2026-08-21
2007-04-18,0.5922,2026-08-21
2007-04-19,0.5945,2026-08-21
2007-04-20,0.5973,2026-08-21
2007-04-23,0.5878,2026-08-21
2007-04-24,0.5738,2026-08-21
2007-04-25,0.5832,2026-08-21
2007-04-26,0.6022,2026-08-21
2007-04-27,0.6104,2026-08-21
2007-04-30,0.5847,2026-08-21
2007-05-01,0.5852,2026-08-21
2007-05-02,0.5889,2026-08-21
2007-05-03,0.6033,2026-08-21
2007-05-04,0.5912,2026-08-21
2007-05-07,0.5865,2026-08-21
2007-05-08,0.5832,2026-08-21
2007-05-09,0.6013,2026-08-21
2007-05-10,0.5991,2026-08-21
2007-05-11,0.6132,2026-08-21
2007-05-14,0.6266,2026-08-21
2007-05-15,0.6408,2026-08-21
2007-05-16,0.6502,2026-08-21
2007-05-17,0.6732,2026-08-21
2007-05-18,0.6949,2026-08-21
2007-05-21,0.6875,2026-08-21
2007-05-22,0.6978,2026-08-21
2007-05-23,0.7116,2026-08-21
2007-05-24,0.7139,2026-08-21
2007-05-25,0.7216,2026-08-21
2007-05-28,.,2026-08-21
2007-05-29,0.7298,2026-08-21
2007-05-30,0.7375,2026-08-21
2007-05-31,0.7563,2026-08-21
2007-06-01,0.7840,2026-08-21
2007-06-04,0.7807,2026-08-21
2007-06-05,0.7972,2026-08-21
2007-06-06,0.7985,2026-08-21
2007-06-07,0.8512,2026-08-21
2007-06-08,0.8736,2026-08-21
2007-06-11,0.8898,2026-08-21
2007-06-12,0.9440,2026-08-21
2007-06-13,0.9429,2026-08-21
2007-06-14,0.9571,2026-08-21
2007-06-15,0.9449,2026-08-21
2007-06-18,0.9307,2026-08-21
2007-06-19,0.8999,2026-08-21
2007-06-20,0.9039,2026-08-21
2007-06-21,0.9119,2026-08-21
2007-06-22,0.9031,2026-08-21
2007-06-25,0.8700,2026-08-21
2007-06-26,0.8667,2026-08-21
2007-06-27,0.8616,2026-08-21
2007-06-28,0.8771,2026-08-21
2007-06-29,0.8435,2026-08-21
2007-07-02,0.8105,2026-08-21
2007-07-03,0.8180,2026-08-21
2007-07-04,.,2026-08-21
2007-07-05,0.8580,2026-08-21
2007-07-06,0.8847,2026-08-21
2007-07-09,0.8777,2026-08-21
2007-07-10,0.8256,2026-08-21
2007-07-11,0.8330,2026-08-21
2007-07-12,0.8515,2026-08-21
2007-07-13,0.8486,2026-08-21
2007-07-16,0.8232,2026-08-21
2007-07-17,0.8302,2026-08-21
2007-07-18,0.8045,2026-08-21
2007-07-19,0.8078,2026-08-21
2007-07-20,0.7757,2026-08-21
2007-07-23,0.7674,2026-08-21
2007-07-24,0.7502,2026-08-21
2007-07-25,0.7387,2026-08-21
2007-07-26,0.6835,2026-08-21
2007-07-27,0.6818,2026-08-21
2007-07-30,0.6889,2026-08-21
2007-07-31,0.6747,2026-08-21
2007-08-01,0.6724,2026-08-21
2007-08-02,0.6782,2026-08-21
2007-08-03,0.6551,2026-08-21
2007-08-06,0.6518,2026-08-21
2007-08-07,0.6718,2026-08-21
2007-08-08,0.7119,2026-08-21
2007-08-09,0.7059,2026-08-21
2007-08-10,0.7300,2026-08-21
2007-08-13,0.7250,2026-08-21
2007-08-14,0.7101,2026-08-21
2007-08-15,0.7225,2026-08-21
2007-08-16,0.7253,2026-08-21
2007-08-17,0.7885,2026-08-21
2007-08-20,0.8317,2026-08-21
2007-08-21,0.8184,2026-08-21
2007-08-22,0.8317,2026-08-21
2007-08-23,0.8181,2026-08-21
2007-08-24,0.7927,2026-08-21
2007-08-27,0.7235,2026-08-21
2007-08-28,0.6667,2026-08-21
2007-08-29,0.6962,2026-08-21
2007-08-30,0.7002,2026-08-21
2007-08-31,0.7131,2026-08-21
2007-09-03,.,2026-08-21
2007-09-04,0.6869,2026-08-21
2007-09-05,0.6382,2026-08-21
2007-09-06,0.6405,2026-08-21
2007-09-07,0.6006,2026-08-21
2007-09-10,0.5887,2026-08-21
2007-09-11,0.6028,2026-08-21
2007-09-12,0.6241,2026-08-21
2007-09-13,0.6625,2026-08-21
2007-09-14,0.6657,2026-08-21
2007-09-17,0.6625,2026-08-21
2007-09-18,0.6720,2026-08-21
2007-09-19,0.6962,2026-08-21
2007-09-20,0.7750,2026-08-21
2007-09-21,0.7887,2026-08-21
2007-09-24,0.7884,2026-08-21
2007-09-25,0.7837,2026-08-21
2007-09-26,0.7918,2026-08-21
2007-09-27,0.7783,2026-08-21
2007-09-28,0.7730,2026-08-21
2007-10-01,0.7555,2026-08-21
2007-10-02,0.7302,2026-08-21
2007-10-03,0.7309,2026-08-21
2007-10-04,0.7208,2026-08-21
2007-10-05,0.7628,2026-08-21
2007-10-08,.,2026-08-21
2007-10-09,0.7731,2026-08-21
2007-10-10,0.7701,2026-08-21
2007-10-11,0.7630,2026-08-21
2007-10-12,0.7735,2026-08-21
2007-10-15,0.7569,2026-08-21
2007-10-16,0.7365,2026-08-21
2007-10-17,0.7091,2026-08-21
2007-10-18,0.7079,2026-08-21
2007-10-19,0.6667,2026-08-21
2007-10-22,0.6571,2026-08-21
2007-10-23,0.6507,2026-08-21
2007-10-24,0.6360,2026-08-21
2007-10-25,0.6347,2026-08-21
2007-10-26,0.6485,2026-08-21
2007-10-29,0.6433,2026-08-21
2007-10-30,0.6473,2026-08-21
2007-10-31,0.6847,2026-08-21
2007-11-01,0.6540,2026-08-21
2007-11-02,0.6432,2026-08-21
2007-11-05,0.6542,2026-08-21
2007-11-06,0.6692,2026-08-21
2007-11-07,0.6742,2026-08-21
2007-11-08,0.6674,2026-08-21
2007-11-09,0.6644,2026-08-21
2007-11-12,.,2026-08-21
2007-11-13,0.6729,2026-08-21
2007-11-14,0.6835,2026-08-21
2007-11-15,0.6465,2026-08-21
2007-11-16,0.6342,2026-08-21
2007-11-19,0.5964,2026-08-21
2007-11-20,0.5978,2026-08-21
2007-11-21,0.5932,2026-08-21
2007-11-22,.,2026-08-21
2007-11-23,0.6003,2026-08-21
2007-11-26,0.5329,2026-08-21
2007-11-27,0.5655,2026-08-21
2007-11-28,0.6147,2026-08-21
2007-11-29,0.5960,2026-08-21
2007-11-30,0.5911,2026-08-21
2007-12-03,0.5551,2026-08-21
2007-12-04,0.5500,2026-08-21
2007-12-05,0.5593,2026-08-21
2007-12-06,0.6002,2026-08-21
2007-12-07,0.6533,2026-08-21
2007-12-10,0.6792,2026-08-21
2007-12-11,0.6260,2026-08-21
2007-12-12,0.6520,2026-08-21
2007-12-13,0.7080,2026-08-21
2007-12-14,0.7492,2026-08-21
2007-12-17,0.7201,2026-08-21
2007-12-18,0.6854,2026-08-21
2007-12-19,0.6527,2026-08-21
2007-12-20,0.6400,2026-08-21
2007-12-21,0.6861,2026-08-21
2007-12-24,0.6913,2026-08-21
2007-12-25,.,2026-08-21
2007-12-26,0.7106,2026-08-21
2007-12-27,0.6878,2026-08-21
2007-12-28,0.6442,2026-08-21
2007-12-31,0.5981,2026-08-21
2008-01-01,.,2026-08-21
2008-01-02,0.5365,2026-08-21
2008-01-03,0.5226,2026-08-21
2008-01-04,0.5030,2026-08-21
2008-01-07,0.4882,2026-08-21
2008-01-08,0.4849,2026-08-21
2008-01-09,0.4667,2026-08-21
2008-01-10,0.4989,2026-08-21
2008-01-11,0.4809,2026-08-21
2008-01-14,0.4807,2026-08-21
2008-01-15,0.4499,2026-08-21
2008-01-16,0.4520,2026-08-21
2008-01-17,0.4253,2026-08-21
2008-01-18,0.4314,2026-08-21
2008-01-21,.,2026-08-21
2008-01-22,0.4167,2026-08-21
2008-01-23,0.4552,2026-08-21
2008-01-24,0.5383,2026-08-21
2008-01-25,0.5426,2026-08-21
2008-01-28,0.5455,2026-08-21
2008-01-29,0.5829,2026-08-21
2008-01-30,0.6343,2026-08-21
2008-01-31,0.6225,2026-08-21
2008-02-01,0.6026,2026-08-21
2008-02-04,0.6044,2026-08-21
2008-02-05,0.5746,2026-08-21
2008-02-06,0.5891,2026-08-21
2008-02-07,0.6425,2026-08-21
2008-02-08,0.6143,2026-08-21
2008-02-11,0.5947,2026-08-21
2008-02-12,0.6055,2026-08-21
2008-02-13,0.6205,2026-08-21
2008-02-14,0.6737,2026-08-21
2008-02-15,0.6713,2026-08-21
2008-02-18,.,2026-08-21
2008-02-19,0.7218,2026-08-21
2008-02-20,0.7559,2026-08-21
2008-02-21,0.6966,2026-08-21
2008-02-22,0.6884,2026-08-21
2008-02-25,0.7421,2026-08-21
2008-02-26,0.7405,2026-08-21
2008-02-27,0.7426,2026-08-21
2008-02-28,0.6961,2026-08-21
2008-02-29,0.6181,2026-08-21
2008-03-03,0.6162,2026-08-21
2008-03-04,0.6549,2026-08-21
2008-03-05,0.7055,2026-08-21
2008-03-06,0.6999,2026-08-21
2008-03-07,0.6848,2026-08-21
2008-03-10,0.6522,2026-08-21
2008-03-11,0.7095,2026-08-21
2008-03-12,0.6677,2026-08-21
2008-03-13,0.6864,2026-08-21
2008-03-14,0.6456,2026-08-21
2008-03-17,0.6059,2026-08-21
2008-03-18,0.6714,2026-08-21
2008-03-19,0.6782,2026-08-21
2008-03-20,0.6784,2026-08-21
2008-03-21,.,2026-08-21
2008-03-24,0.7323,2026-08-21
2008-03-25,0.7111,2026-08-21
2008-03-26,0.6914,2026-08-21
2008-03-27,0.7041,2026-08-21
2008-03-28,0.6738,2026-08-21
2008-03-31,0.6515,2026-08-21
2008-04-01,0.7011,2026-08-21
2008-04-02,0.7312,2026-08-21
2008-04-03,0.7407,2026-08-21
2008-04-04,0.6990,2026-08-21
2008-04-07,0.7180,2026-08-21
2008-04-08,0.7209,2026-08-21
2008-04-09,0.6879,2026-08-21
2008-04-10,0.7133,2026-08-21
2008-04-11,0.7038,2026-08-21
2008-04-14,0.7257,2026-08-21
2008-04-15,0.7622,2026-08-21
2008-04-16,0.8213,2026-08-21
2008-04-17,0.8454,2026-08-21
2008-04-18,0.8481,2026-08-21
2008-04-21,0.8378,2026-08-21
2008-04-22,0.8387,2026-08-21
2008-04-23,0.8514,2026-08-21
2008-04-24,0.9048,2026-08-21
2008-04-25,0.9318,2026-08-21
2008-04-28,0.8997,2026-08-21
2008-04-29,0.8815,2026-08-21
2008-04-30,0.8545,2026-08-21
2008-05-01,0.8552,2026-08-21
2008-05-02,0.8965,2026-08-21
2008-05-05,0.8904,2026-08-21
2008-05-06,0.8952,2026-08-21
2008-05-07,0.8728,2026-08-21
2008-05-08,0.8347,2026-08-21
2008-05-09,0.8193,2026-08-21
2008-05-12,0.8105,2026-08-21
2008-05-13,0.8546,2026-08-21
2008-05-14,0.8772,2026-08-21
2008-05-15,0.8373,2026-08-21
2008-05-16,0.8358,2026-08-21
2008-05-19,0.8230,2026-08-21
2008-05-20,0.7945,2026-08-21
2008-05-21,0.8083,2026-08-21
2008-05-22,0.8616,2026-08-21
2008-05-23,0.8399,2026-08-21
2008-05-26,.,2026-08-21
2008-05-27,0.8712,2026-08-21
2008-05-28,0.9201,2026-08-21
2008-05-29,0.9544,2026-08-21
2008-05-30,0.9559,2026-08-21
2008-06-02,0.9114,2026-08-21
2008-06-03,0.8743,2026-08-21
2008-06-04,0.8905,2026-08-21
2008-06-05,0.9251,2026-08-21
2008-06-06,0.8844,2026-08-21
2008-06-09,0.9253,2026-08-21
2008-06-10,0.9625,2026-08-21
2008-06-11,0.9547,2026-08-21
2008-06-12,1.0065,2026-08-21
2008-06-13,1.0326,2026-08-21
2008-06-16,1.0225,2026-08-21
2008-06-17,1.0059,2026-08-21
2008-06-18,0.9779,2026-08-21
2008-06-19,1.0086,2026-08-21
2008-06-20,0.9871,2026-08-21
2008-06-23,1.0011,2026-08-21
2008-06-24,0.9604,2026-08-21
2008-06-25,0.9619,2026-08-21
2008-06-26,0.9338,2026-08-21
2008-06-27,0.9089,2026-08-21
2008-06-30,0.8904,2026-08-21
2008-07-01,0.8854,2026-08-21
2008-07-02,0.8772,2026-08-21
2008-07-03,0.8721,2026-08-21
2008-07-04,.,2026-08-21
2008-07-07,0.8505,2026-08-21
2008-07-08,0.8318,2026-08-21
2008-07-09,0.8020,2026-08-21
2008-07-10,0.8025,2026-08-21
2008-07-11,0.8687,2026-08-21
2008-07-14,0.8639,2026-08-21
2008-07-15,0.8559,2026-08-21
2008-07-16,0.9033,2026-08-21
2008-07-17,0.9644,2026-08-21
2008-07-18,0.9985,2026-08-21
2008-07-21,0.9953,2026-08-21
2008-07-22,1.0137,2026-08-21
2008-07-23,1.0281,2026-08-21
2008-07-24,0.9684,2026-08-21
2008-07-25,0.9883,2026-08-21
2008-07-28,0.9525,2026-08-21
2008-07-29,0.9590,2026-08-21
2008-07-30,0.9530,2026-08-21
2008-07-31,0.9109,2026-08-21
2008-08-01,0.8970,2026-08-21
2008-08-04,0.8896,2026-08-21
2008-08-05,0.9028,2026-08-21
2008-08-06,0.9242,2026-08-21
2008-08-07,0.8750,2026-08-21
2008-08-08,0.8770,2026-08-21
2008-08-11,0.8842,2026-08-21
2008-08-12,0.8403,2026-08-21
2008-08-13,0.8471,2026-08-21
2008-08-14,0.8244,2026-08-21
2008-08-15,0.8005,2026-08-21
2008-08-18,0.7814,2026-08-21
2008-08-19,0.7845,2026-08-21
2008-08-20,0.7721,2026-08-21
2008-08-21,0.7951,2026-08-21
2008-08-22,0.8216,2026-08-21
2008-08-25,0.7849,2026-08-21
2008-08-26,0.7798,2026-08-21
2008-08-27,0.7683,2026-08-21
2008-08-28,0.7719,2026-08-21
2008-08-29,0.7875,2026-08-21
2008-09-01,.,2026-08-21
2008-09-02,0.7542,2026-08-21
2008-09-03,0.7336,2026-08-21
2008-09-04,0.7022,2026-08-21
2008-09-05,0.7075,2026-08-21
2008-09-08,0.7138,2026-08-21
2008-09-09,0.6976,2026-08-21
2008-09-10,0.7061,2026-08-21
2008-09-11,0.7011,2026-08-21
2008-09-12,0.7542,2026-08-21
2008-09-15,0.6755,2026-08-21
2008-09-16,0.7038,2026-08-21
2008-09-17,0.7454,2026-08-21
2008-09-18,0.8467,2026-08-21
2008-09-19,0.9366,2026-08-21
2008-09-22,0.9233,2026-08-21
2008-09-23,0.9310,2026-08-21
2008-09-24,0.9355,2026-08-21
2008-09-25,0.9765,2026-08-21
2008-09-26,0.9647,2026-08-21
2008-09-29,0.8399,2026-08-21
2008-09-30,0.9242,2026-08-21
2008-10-01,0.9109,2026-08-21
2008-10-02,0.8807,2026-08-21
2008-10-03,0.8885,2026-08-21
2008-10-06,0.8352,2026-08-21
2008-10-07,0.8197,2026-08-21
2008-10-08,0.9310,2026-08-21
2008-10-09,1.0171,2026-08-21
2008-10-10,1.0786,2026-08-21
2008-10-13,.,2026-08-21
2008-10-14,1.1916,2026-08-21
2008-10-15,1.2172,2026-08-21
2008-10-16,1.1986,2026-08-21
2008-10-17,1.1726,2026-08-21
2008-10-20,1.0934,2026-08-21
2008-10-21,0.9935,2026-08-21
2008-10-22,0.9328,2026-08-21
2008-10-23,0.9226,2026-08-21
2008-10-24,0.9684,2026-08-21
2008-10-27,1.0029,2026-08-21
2008-10-28,1.0658,2026-08-21
2008-10-29,1.1171,2026-08-21
2008-10-30,1.1854,2026-08-21
2008-10-31,1.2185,2026-08-21
2008-11-03,1.2038,2026-08-21
2008-11-04,1.1379,2026-08-21
2008-11-05,1.1011,2026-08-21
2008-11-06,1.0986,2026-08-21
2008-11-07,1.1395,2026-08-21
2008-11-10,1.1368,2026-08-21
2008-11-11,.,2026-08-21
2008-11-12,1.0951,2026-08-21
2008-11-13,1.1138,2026-08-21
2008-11-14,1.0725,2026-08-21
2008-11-17,1.0417,2026-08-21
2008-11-18,0.9798,2026-08-21
2008-11-19,0.9159,2026-08-21
2008-11-20,0.8203,2026-08-21
2008-11-21,0.8390,2026-08-21
2008-11-24,0.9063,2026-08-21
2008-11-25,0.8317,2026-08-21
2008-11-26,0.7822,2026-08-21
2008-11-27,.,2026-08-21
2008-11-28,0.7475,2026-08-21
2008-12-01,0.6515,2026-08-21
2008-12-02,0.6115,2026-08-21
2008-12-03,0.5914,2026-08-21
2008-12-04,0.5526,2026-08-21
2008-12-05,0.6129,2026-08-21
2008-12-08,0.6589,2026-08-21
2008-12-09,0.6210,2026-08-21
2008-12-10,0.6261,2026-08-21
2008-12-11,0.6004,2026-08-21
2008-12-12,0.5885,2026-08-21
2008-12-15,0.5588,2026-08-21
2008-12-16,0.4826,2026-08-21
2008-12-17,0.4242,2026-08-21
2008-12-18,0.3576,2026-08-21
2008-12-19,0.3652,2026-08-21
2008-12-22,0.3749,2026-08-21
2008-12-23,0.3805,2026-08-21
2008-12-24,0.3915,2026-08-21
2008-12-25,.,2026-08-21
2008-12-26,0.3745,2026-08-21
2008-12-29,0.3518,2026-08-21
2008-12-30,0.3423,2026-08-21
2008-12-31,0.3930,2026-08-21
2009-01-01,.,2026-08-21
2009-01-02,0.4891,2026-08-21
2009-01-05,0.5094,2026-08-21
2009-01-06,0.5204,2026-08-21
2009-01-07,0.5267,2026-08-21
2009-01-08,0.5135,2026-08-21
2009-01-09,0.4887,2026-08-21
2009-01-12,0.4533,2026-08-21
2009-01-13,0.4378,2026-08-21
2009-01-14,0.3974,2026-08-21
2009-01-15,0.3871,2026-08-21
2009-01-16,0.4314,2026-08-21
2009-01-19,.,2026-08-21
2009-01-20,0.4601,2026-08-21
2009-01-21,0.5389,2026-08-21
2009-01-22,0.5834,2026-08-21
2009-01-23,0.6153,2026-08-21
2009-01-26,0.6429,2026-08-21
2009-01-27,0.6104,2026-08-21
2009-01-28,0.6413,2026-08-21
2009-01-29,0.7060,2026-08-21
2009-01-30,0.7190,2026-08-21
2009-02-02,0.6746,2026-08-21
2009-02-03,0.7091,2026-08-21
2009-02-04,0.7332,2026-08-21
2009-02-05,0.7367,2026-08-21
2009-02-06,0.7713,2026-08-21
2009-02-09,0.7842,2026-08-21
2009-02-10,0.7105,2026-08-21
2009-02-11,0.6661,2026-08-21
2009-02-12,0.6379,2026-08-21
2009-02-13,0.6900,2026-08-21
2009-02-16,.,2026-08-21
2009-02-17,0.5987,2026-08-21
2009-02-18,0.6227,2026-08-21
2009-02-19,0.6711,2026-08-21
2009-02-20,0.6541,2026-08-21
2009-02-23,0.6540,2026-08-21
2009-02-24,0.6653,2026-08-21
2009-02-25,0.7232,2026-08-21
2009-02-26,0.7537,2026-08-21
2009-02-27,0.7636,2026-08-21
2009-03-02,0.7178,2026-08-21
2009-03-03,0.7192,2026-08-21
2009-03-04,0.7599,2026-08-21
2009-03-05,0.7063,2026-08-21
2009-03-06,0.6979,2026-08-21
2009-03-09,0.7130,2026-08-21
2009-03-10,0.7533,2026-08-21
2009-03-11,0.7425,2026-08-21
2009-03-12,0.7148,2026-08-21
2009-03-13,0.6963,2026-08-21
2009-03-16,0.7161,2026-08-21
2009-03-17,0.7496,2026-08-21
2009-03-18,0.5636,2026-08-21
2009-03-19,0.5310,2026-08-21
2009-03-20,0.5262,2026-08-21
2009-03-23,0.5281,2026-08-21
2009-03-24,0.5279,2026-08-21
2009-03-25,0.5770,2026-08-21
2009-03-26,0.5721,2026-08-21
2009-03-27,0.5782,2026-08-21
2009-03-30,0.5525,2026-08-21
2009-03-31,0.5283,2026-08-21
2009-04-01,0.5076,2026-08-21
2009-04-02,0.5393,2026-08-21
2009-04-03,0.6051,2026-08-21
2009-04-06,0.6409,2026-08-21
2009-04-07,0.6456,2026-08-21
2009-04-08,0.6305,2026-08-21
2009-04-09,0.6593,2026-08-21
2009-04-10,.,2026-08-21
2009-04-13,0.6330,2026-08-21
2009-04-14,0.5961,2026-08-21
2009-04-15,0.5873,2026-08-21
2009-04-16,0.6181,2026-08-21
2009-04-17,0.6740,2026-08-21
2009-04-20,0.6480,2026-08-21
2009-04-21,0.6659,2026-08-21
2009-04-22,0.6924,2026-08-21
2009-04-23,0.6936,2026-08-21
2009-04-24,0.7237,2026-08-21
2009-04-27,0.6957,2026-08-21
2009-04-28,0.7272,2026-08-21
2009-04-29,0.7615,2026-08-21
2009-04-30,0.7800,2026-08-21
2009-05-01,0.8004,2026-08-21
2009-05-04,0.7953,2026-08-21
2009-05-05,0.7978,2026-08-21
2009-05-06,0.7987,2026-08-21
2009-05-07,0.8424,2026-08-21
2009-05-08,0.8547,2026-08-21
2009-05-11,0.8124,2026-08-21
2009-05-12,0.7979,2026-08-21
2009-05-13,0.7718,2026-08-21
2009-05-14,0.7640,2026-08-21
2009-05-15,0.7735,2026-08-21
2009-05-18,0.8079,2026-08-21
2009-05-19,0.8281,2026-08-21
2009-05-20,0.8085,2026-08-21
2009-05-21,0.8584,2026-08-21
2009-05-22,0.9090,2026-08-21
2009-05-25,.,2026-08-21
2009-05-26,0.9511,2026-08-21
2009-05-27,1.0329,2026-08-21
2009-05-28,1.0539,2026-08-21
2009-05-29,0.9989,2026-08-21
2009-06-01,1.0744,2026-08-21
2009-06-02,1.0824,2026-08-21
2009-06-03,1.0523,2026-08-21
2009-06-04,1.1039,2026-08-21
2009-06-05,1.1926,2026-08-21
2009-06-08,1.2372,2026-08-21
2009-06-09,1.2213,2026-08-21
2009-06-10,1.2529,2026-08-21
2009-06-11,1.2303,2026-08-21
2009-06-12,1.2041,2026-08-21
2009-06-15,1.1701,2026-08-21
2009-06-16,1.1347,2026-08-21
2009-06-17,1.1241,2026-08-21
2009-06-18,1.1904,2026-08-21
2009-06-19,1.1876,2026-08-21
2009-06-22,1.1513,2026-08-21
2009-06-23,1.1211,2026-08-21
2009-06-24,1.1361,2026-08-21
2009-06-25,1.0753,2026-08-21
2009-06-26,1.0438,2026-08-21
2009-06-29,1.0306,2026-08-21
2009-06-30,1.0322,2026-08-21
2009-07-01,1.0321,2026-08-21
2009-07-02,1.0089,2026-08-21
2009-07-03,.,2026-08-21
2009-07-06,1.0003,2026-08-21
2009-07-07,0.9839,2026-08-21
2009-07-08,0.9192,2026-08-21
2009-07-09,0.9455,2026-08-21
2009-07-10,0.9080,2026-08-21
2009-07-13,0.9187,2026-08-21
2009-07-14,0.9683,2026-08-21
2009-07-15,1.0372,2026-08-21
2009-07-16,1.0366,2026-08-21
2009-07-17,1.0685,2026-08-21
2009-07-20,1.0521,2026-08-21
2009-07-21,1.0048,2026-08-21
2009-07-22,1.0199,2026-08-21
2009-07-23,1.0859,2026-08-21
2009-07-24,1.0948,2026-08-21
2009-07-27,1.1184,2026-08-21
2009-07-28,1.1197,2026-08-21
2009-07-29,1.1203,2026-08-21
2009-07-30,1.1107,2026-08-21
2009-07-31,1.0490,2026-08-21
2009-08-03,1.0840,2026-08-21
2009-08-04,1.1027,2026-08-21
2009-08-05,1.1393,2026-08-21
2009-08-06,1.1480,2026-08-21
2009-08-07,1.1936,2026-08-21
2009-08-10,1.1655,2026-08-21
2009-08-11,1.1301,2026-08-21
2009-08-12,1.1340,2026-08-21
2009-08-13,1.0847,2026-08-21
2009-08-14,1.0525,2026-08-21
2009-08-17,1.0102,2026-08-21
2009-08-18,1.0113,2026-08-21
2009-08-19,0.9912,2026-08-21
2009-08-20,0.9791,2026-08-21
2009-08-21,1.0349,2026-08-21
2009-08-24,1.0152,2026-08-21
2009-08-25,0.9989,2026-08-21
2009-08-26,0.9927,2026-08-21
2009-08-27,0.9994,2026-08-21
2009-08-28,0.9940,2026-08-21
2009-08-31,0.9688,2026-08-21
2009-09-01,0.9472,2026-08-21
2009-09-02,0.9113,2026-08-21
2009-09-03,0.9148,2026-08-21
2009-09-04,0.9553,2026-08-21
2009-09-07,.,2026-08-21
2009-09-08,0.9714,2026-08-21
2009-09-09,0.9800,2026-08-21
2009-09-10,0.9351,2026-08-21
2009-09-11,0.9188,2026-08-21
2009-09-14,0.9418,2026-08-21
2009-09-15,0.9678,2026-08-21
2009-09-16,0.9893,2026-08-21
2009-09-17,0.9699,2026-08-21
2009-09-18,0.9988,2026-08-21
2009-09-21,1.0007,2026-08-21
2009-09-22,0.9919,2026-08-21
2009-09-23,0.9784,2026-08-21
2009-09-24,0.9578,2026-08-21
2009-09-25,0.9386,2026-08-21
2009-09-28,0.9174,2026-08-21
2009-09-29,0.9108,2026-08-21
2009-09-30,0.9012,2026-08-21
2009-10-01,0.8611,2026-08-21
2009-10-02,0.8600,2026-08-21
2009-10-05,0.8583,2026-08-21
2009-10-06,0.8707,2026-08-21
2009-10-07,0.8386,2026-08-21
2009-10-08,0.8590,2026-08-21
2009-10-09,0.9220,2026-08-21
2009-10-12,.,2026-08-21
2009-10-13,0.9086,2026-08-21
2009-10-14,0.9467,2026-08-21
2009-10-15,0.9735,2026-08-21
2009-10-16,0.9594,2026-08-21
2009-10-19,0.9485,2026-08-21
2009-10-20,0.9212,2026-08-21
2009-10-21,0.9435,2026-08-21
2009-10-22,0.9563,2026-08-21
2009-10-23,0.9868,2026-08-21
2009-10-26,1.0232,2026-08-21
2009-10-27,0.9890,2026-08-21
2009-10-28,0.9631,2026-08-21
2009-10-29,0.9922,2026-08-21
2009-10-30,0.9519,2026-08-21
2009-11-02,0.9493,2026-08-21
2009-11-03,0.9671,2026-08-21
2009-11-04,0.9928,2026-08-21
2009-11-05,0.9946,2026-08-21
2009-11-06,0.9823,2026-08-21
2009-11-09,0.9740,2026-08-21
2009-11-10,0.9726,2026-08-21
2009-11-11,.,2026-08-21
2009-11-12,0.9590,2026-08-21
2009-11-13,0.9489,2026-08-21
2009-11-16,0.9046,2026-08-21
2009-11-17,0.8911,2026-08-21
2009-11-18,0.8989,2026-08-21
2009-11-19,0.8945,2026-08-21
2009-11-20,0.9011,2026-08-21
2009-11-23,0.9023,2026-08-21
2009-11-24,0.8744,2026-08-21
2009-11-25,0.8507,2026-08-21
2009-11-26,.,2026-08-21
2009-11-27,0.8151,2026-08-21
2009-11-30,0.7964,2026-08-21
2009-12-01,0.8106,2026-08-21
2009-12-02,0.8330,2026-08-21
2009-12-03,0.8643,2026-08-21
2009-12-04,0.9147,2026-08-21
2009-12-07,0.9091,2026-08-21
2009-12-08,0.8883,2026-08-21
2009-12-09,0.8971,2026-08-21
2009-12-10,0.9206,2026-08-21
2009-12-11,0.9518,2026-08-21
2009-12-14,0.9682,2026-08-21
2009-12-15,0.9875,2026-08-21
2009-12-16,0.9922,2026-08-21
2009-12-17,0.9494,2026-08-21
2009-12-18,0.9625,2026-08-21
2009-12-21,1.0166,2026-08-21
2009-12-22,1.0553,2026-08-21
2009-12-23,1.0744,2026-08-21
2009-12-24,1.1042,2026-08-21
2009-12-25,.,2026-08-21
2009-12-28,1.1225,2026-08-21
2009-12-29,1.1174,2026-08-21
2009-12-30,1.1129,2026-08-21
2009-12-31,1.1347,2026-08-21
2010-01-01,.,2026-08-21
2010-01-04,1.1325,2026-08-21
2010-01-05,1.1012,2026-08-21
2010-01-06,1.1205,2026-08-21
2010-01-07,1.1300,2026-08-21
2010-01-08,1.1216,2026-08-21
2010-01-11,1.1267,2026-08-21
2010-01-12,1.0869,2026-08-21
2010-01-13,1.1029,2026-08-21
2010-01-14,1.0861,2026-08-21
2010-01-15,1.0601,2026-08-21
2010-01-18,.,2026-08-21
2010-01-19,1.0657,2026-08-21
2010-01-20,1.0485,2026-08-21
2010-01-21,1.0179,2026-08-21
2010-01-22,1.0059,2026-08-21
2010-01-25,1.0158,2026-08-21
2010-01-26,1.0150,2026-08-21
2010-01-27,1.0234,2026-08-21
2010-01-28,1.0260,2026-08-21
2010-01-29,1.0065,2026-08-21
2010-02-01,1.0161,2026-08-21
2010-02-02,1.0124,2026-08-21
2010-02-03,1.0309,2026-08-21
2010-02-04,0.9935,2026-08-21
2010-02-05,0.9659,2026-08-21
2010-02-08,0.9680,2026-08-21
2010-02-09,0.9893,2026-08-21
2010-02-10,1.0205,2026-08-21
2010-02-11,1.0323,2026-08-21
2010-02-12,1.0209,2026-08-21
2010-02-15,.,2026-08-21
2010-02-16,1.0077,2026-08-21
2010-02-17,1.0367,2026-08-21
2010-02-18,1.0678,2026-08-21
2010-02-19,1.0798,2026-08-21
2010-02-22,1.0825,2026-08-21
2010-02-23,1.0419,2026-08-21
2010-02-24,1.0334,2026-08-21
2010-02-25,1.0071,2026-08-21
2010-02-26,0.9873,2026-08-21
2010-03-01,0.9774,2026-08-21
2010-03-02,0.9726,2026-08-21
2010-03-03,0.9744,2026-08-21
2010-03-04,0.9689,2026-08-21
2010-03-05,0.9964,2026-08-21
2010-03-08,1.0088,2026-08-21
2010-03-09,1.0069,2026-08-21
2010-03-10,1.0182,2026-08-21
2010-03-11,1.0277,2026-08-21
2010-03-12,1.0214,2026-08-21
2010-03-15,1.0181,2026-08-21
2010-03-16,0.9971,2026-08-21
2010-03-17,0.9877,2026-08-21
2010-03-18,0.9999,2026-08-21
2010-03-19,1.0119,2026-08-21
2010-03-22,1.0011,2026-08-21
2010-03-23,1.0023,2026-08-21
2010-03-24,1.0648,2026-08-21
2010-03-25,1.1061,2026-08-21
2010-03-26,1.0996,2026-08-21
2010-03-29,1.1039,2026-08-21
2010-03-30,1.1063,2026-08-21
2010-03-31,1.0908,2026-08-21
2010-04-01,1.1030,2026-08-21
2010-04-02,1.1375,2026-08-21
2010-04-05,1.1683,2026-08-21
2010-04-06,1.1616,2026-08-21
2010-04-07,1.1216,2026-08-21
2010-04-08,1.1242,2026-08-21
2010-04-09,1.1215,2026-08-21
2010-04-12,1.1024,2026-08-21
2010-04-13,1.0877,2026-08-21
2010-04-14,1.0975,2026-08-21
2010-04-15,1.0891,2026-08-21
2010-04-16,1.0586,2026-08-21
2010-04-19,1.0674,2026-08-21
2010-04-20,1.0707,2026-08-21
2010-04-21,1.0515,2026-08-21
2010-04-22,1.0632,2026-08-21
2010-04-23,1.0807,2026-08-21
2010-04-26,1.0793,2026-08-21
2010-04-27,1.0261,2026-08-21
2010-04-28,1.0453,2026-08-21
2010-04-29,1.0331,2026-08-21
2010-04-30,1.0051,2026-08-21
2010-05-03,1.0107,2026-08-21
2010-05-04,0.9766,2026-08-21
2010-05-05,0.9482,2026-08-21
2010-05-06,0.8813,2026-08-21
2010-05-07,0.8810,2026-08-21
2010-05-10,0.9169,2026-08-21
2010-05-11,0.9210,2026-08-21
2010-05-12,0.9365,2026-08-21
2010-05-13,0.9306,2026-08-21
2010-05-14,0.8854,2026-08-21
2010-05-17,0.8875,2026-08-21
2010-05-18,0.8501,2026-08-21
2010-05-19,0.8396,2026-08-21
2010-05-20,0.7960,2026-08-21
2010-05-21,0.7702,2026-08-21
2010-05-24,0.7708,2026-08-21
2010-05-25,0.7547,2026-08-21
2010-05-26,0.7636,2026-08-21
2010-05-27,0.8148,2026-08-21
2010-05-28,0.8070,2026-08-21
2010-05-31,.,2026-08-21
2010-06-01,0.8017,2026-08-21
2010-06-02,0.8247,2026-08-21
2010-06-03,0.8440,2026-08-21
2010-06-04,0.7773,2026-08-21
2010-06-07,0.7495,2026-08-21
2010-06-08,0.7469,2026-08-21
2010-06-09,0.7510,2026-08-21
2010-06-10,0.8032,2026-08-21
2010-06-11,0.7819,2026-08-21
2010-06-14,0.7957,2026-08-21
2010-06-15,0.8155,2026-08-21
2010-06-16,0.7995,2026-08-21
2010-06-17,0.7725,2026-08-21
2010-06-18,0.7769,2026-08-21
2010-06-21,0.7832,2026-08-21
2010-06-22,0.7526,2026-08-21
2010-06-23,0.7204,2026-08-21
2010-06-24,0.7148,2026-08-21
2010-06-25,0.7039,2026-08-21
2010-06-28,0.6669,2026-08-21
2010-06-29,0.6313,2026-08-21
2010-06-30,0.6169,2026-08-21
2010-07-01,0.6114,2026-08-21
2010-07-02,0.6237,2026-08-21
2010-07-05,.,2026-08-21
2010-07-06,0.6046,2026-08-21
2010-07-07,0.6185,2026-08-21
2010-07-08,0.6337,2026-08-21
2010-07-09,0.6530,2026-08-21
2010-07-12,0.6582,2026-08-21
2010-07-13,0.6820,2026-08-21
2010-07-14,0.6595,2026-08-21
2010-07-15,0.6263,2026-08-21
2010-07-16,0.5961,2026-08-21
2010-07-19,0.5964,2026-08-21
2010-07-20,0.5916,2026-08-21
2010-07-21,0.5635,2026-08-21
2010-07-22,0.5723,2026-08-21
2010-07-23,0.5978,2026-08-21
2010-07-26,0.6095,2026-08-21
2010-07-27,0.6349,2026-08-21
2010-07-28,0.6147,2026-08-21
2010-07-29,0.6012,2026-08-21
2010-07-30,0.5591,2026-08-21
2010-08-02,0.5656,2026-08-21
2010-08-03,0.5364,2026-08-21
2010-08-04,0.5505,2026-08-21
2010-08-05,0.5356,2026-08-21
2010-08-06,0.5025,2026-08-21
2010-08-09,0.4968,2026-08-21
2010-08-10,0.4659,2026-08-21
2010-08-11,0.4344,2026-08-21
2010-08-12,0.4342,2026-08-21
2010-08-13,0.4178,2026-08-21
2010-08-16,0.3739,2026-08-21
2010-08-17,0.3834,2026-08-21
2010-08-18,0.3875,2026-08-21
2010-08-19,0.3686,2026-08-21
2010-08-20,0.3828,2026-08-21
2010-08-23,0.3750,2026-08-21
2010-08-24,0.3387,2026-08-21
2010-08-25,0.3477,2026-08-21
2010-08-26,0.3337,2026-08-21
2010-08-27,0.3859,2026-08-21
2010-08-30,0.3552,2026-08-21
2010-08-31,0.3230,2026-08-21
2010-09-01,0.3542,2026-08-21
2010-09-02,0.3777,2026-08-21
2010-09-03,0.4229,2026-08-21
2010-09-06,.,2026-08-21
2010-09-07,0.3910,2026-08-21
2010-09-08,0.4043,2026-08-21
2010-09-09,0.4499,2026-08-21
2010-09-10,0.4793,2026-08-21
2010-09-13,0.4559,2026-08-21
2010-09-14,0.4254,2026-08-21
2010-09-15,0.4339,2026-08-21
2010-09-16,0.4500,2026-08-21
2010-09-17,0.4474,2026-08-21
2010-09-20,0.4322,2026-08-21
2010-09-21,0.3880,2026-08-21
2010-09-22,0.3608,2026-08-21
2010-09-23,0.3530,2026-08-21
2010-09-24,0.3710,2026-08-21
2010-09-27,0.3413,2026-08-21
2010-09-28,0.3083,2026-08-21
2010-09-29,0.3123,2026-08-21
2010-09-30,0.3129,2026-08-21
2010-10-01,0.3139,2026-08-21
2010-10-04,0.3012,2026-08-21
2010-10-05,0.2928,2026-08-21
2010-10-06,0.2631,2026-08-21
2010-10-07,0.2517,2026-08-21
2010-10-08,0.2452,2026-08-21
2010-10-11,.,2026-08-21
2010-10-12,0.2548,2026-08-21
2010-10-13,0.2568,2026-08-21
2010-10-14,0.2805,2026-08-21
2010-10-15,0.3084,2026-08-21
2010-10-18,0.2892,2026-08-21
2010-10-19,0.2734,2026-08-21
2010-10-20,0.2709,2026-08-21
2010-10-21,0.2927,2026-08-21
2010-10-22,0.3066,2026-08-21
2010-10-25,0.3139,2026-08-21
2010-10-26,0.3508,2026-08-21
2010-10-27,0.3906,2026-08-21
2010-10-28,0.3718,2026-08-21
2010-10-29,0.3436,2026-08-21
2010-11-01,0.3412,2026-08-21
2010-11-02,0.3277,2026-08-21
2010-11-03,0.3220,2026-08-21
2010-11-04,0.2705,2026-08-21
2010-11-05,0.2745,2026-08-21
2010-11-08,0.2803,2026-08-21
2010-11-09,0.3301,2026-08-21
2010-11-10,0.3237,2026-08-21
2010-11-11,.,2026-08-21
2010-11-12,0.3697,2026-08-21
2010-11-15,0.4456,2026-08-21
2010-11-16,0.4491,2026-08-21
2010-11-17,0.4649,2026-08-21
2010-11-18,0.4805,2026-08-21
2010-11-19,0.4847,2026-08-21
2010-11-22,0.4519,2026-08-21
2010-11-23,0.4293,2026-08-21
2010-11-24,0.4880,2026-08-21
2010-11-25,.,2026-08-21
2010-11-26,0.4840,2026-08-21
2010-11-29,0.4719,2026-08-21
2010-11-30,0.4543,2026-08-21
2010-12-01,0.5176,2026-08-21
2010-12-02,0.5516,2026-08-21
2010-12-03,0.5619,2026-08-21
2010-12-06,0.5309,2026-08-21
2010-12-07,0.6129,2026-08-21
2010-12-08,0.6835,2026-08-21
2010-12-09,0.7068,2026-08-21
2010-12-10,0.7482,2026-08-21
2010-12-13,0.7411,2026-08-21
2010-12-14,0.8121,2026-08-21
2010-12-15,0.8490,2026-08-21
2010-12-16,0.8356,2026-08-21
2010-12-17,0.7905,2026-08-21
2010-12-20,0.7823,2026-08-21
2010-12-21,0.7769,2026-08-21
2010-12-22,0.7827,2026-08-21
2010-12-23,0.8079,2026-08-21
2010-12-24,.,2026-08-21
2010-12-27,0.7965,2026-08-21
2010-12-28,0.8418,2026-08-21
2010-12-29,0.7941,2026-08-21
2010-12-30,0.7960,2026-08-21
2010-12-31,0.7701,2026-08-21
2011-01-03,0.7746,2026-08-21
2011-01-04,0.7754,2026-08-21
2011-01-05,0.8329,2026-08-21
2011-01-06,0.8234,2026-08-21
2011-01-07,0.7796,2026-08-21
2011-01-10,0.7549,2026-08-21
2011-01-11,0.7672,2026-08-21
2011-01-12,0.7719,2026-08-21
2011-01-13,0.7527,2026-08-21
2011-01-14,0.7556,2026-08-21
2011-01-17,.,2026-08-21
2011-01-18,0.7667,2026-08-21
2011-01-19,0.7624,2026-08-21
2011-01-20,0.8056,2026-08-21
2011-01-21,0.8064,2026-08-21
2011-01-24,0.8026,2026-08-21
2011-01-25,0.7687,2026-08-21
2011-01-26,0.7936,2026-08-21
2011-01-27,0.7865,2026-08-21
2011-01-28,0.7600,2026-08-21
2011-01-31,0.7729,2026-08-21
2011-02-01,0.8032,2026-08-21
2011-02-02,0.8323,2026-08-21
2011-02-03,0.8680,2026-08-21
2011-02-04,0.9174,2026-08-21
2011-02-07,0.9348,2026-08-21
2011-02-08,0.9764,2026-08-21
2011-02-09,0.9592,2026-08-21
2011-02-10,0.9783,2026-08-21
2011-02-11,0.9678,2026-08-21
2011-02-14,0.9580,2026-08-21
2011-02-15,0.9462,2026-08-21
2011-02-16,0.9486,2026-08-21
2011-02-17,0.9302,2026-08-21
2011-02-18,0.9293,2026-08-21
2011-02-21,.,2026-08-21
2011-02-22,0.8733,2026-08-21
2011-02-23,0.8716,2026-08-21
2011-02-24,0.8595,2026-08-21
2011-02-25,0.8426,2026-08-21
2011-02-28,0.8288,2026-08-21
2011-03-01,0.8199,2026-08-21
2011-03-02,0.8389,2026-08-21
2011-03-03,0.8966,2026-08-21
2011-03-04,0.8706,2026-08-21
2011-03-07,0.8744,2026-08-21
2011-03-08,0.8915,2026-08-21
2011-03-09,0.8686,2026-08-21
2011-03-10,0.8221,2026-08-21
2011-03-11,0.8194,2026-08-21
2011-03-14,0.7954,2026-08-21
2011-03-15,0.7803,2026-08-21
2011-03-16,0.7274,2026-08-21
2011-03-17,0.7268,2026-08-21
2011-03-18,0.7431,2026-08-21
2011-03-21,0.7699,2026-08-21
2011-03-22,0.7808,2026-08-21
2011-03-23,0.7907,2026-08-21
2011-03-24,0.8215,2026-08-21
2011-03-25,0.8509,2026-08-21
2011-03-28,0.8639,2026-08-21
2011-03-29,0.8778,2026-08-21
2011-03-30,0.8679,2026-08-21
2011-03-31,0.8735,2026-08-21
2011-04-01,0.8754,2026-08-21
2011-04-04,0.8664,2026-08-21
2011-04-05,0.8911,2026-08-21
2011-04-06,0.9194,2026-08-21
2011-04-07,0.9283,2026-08-21
2011-04-08,0.9409,2026-08-21
2011-04-11,0.9452,2026-08-21
2011-04-12,0.9133,2026-08-21
2011-04-13,0.8928,2026-08-21
2011-04-14,0.8959,2026-08-21
2011-04-15,0.8639,2026-08-21
2011-04-18,0.8385,2026-08-21
2011-04-19,0.8283,2026-08-21
2011-04-20,0.8473,2026-08-21
2011-04-21,0.8462,2026-08-21
2011-04-22,.,2026-08-21
2011-04-25,0.8303,2026-08-21
2011-04-26,0.8066,2026-08-21
2011-04-27,0.8121,2026-08-21
2011-04-28,0.7948,2026-08-21
2011-04-29,0.7799,2026-08-21
2011-05-02,0.7726,2026-08-21
2011-05-03,0.7642,2026-08-21
2011-05-04,0.7518,2026-08-21
2011-05-05,0.7210,2026-08-21
2011-05-06,0.7124,2026-08-21
2011-05-09,0.6989,2026-08-21
2011-05-10,0.7203,2026-08-21
2011-05-11,0.7095,2026-08-21
2011-05-12,0.7173,2026-08-21
2011-05-13,0.7045,2026-08-21
2011-05-16,0.6862,2026-08-21
2011-05-17,0.6702,2026-08-21
2011-05-18,0.6884,2026-08-21
2011-05-19,0.6864,2026-08-21
2011-05-20,0.6775,2026-08-21
2011-05-23,0.6647,2026-08-21
2011-05-24,0.6594,2026-08-21
2011-05-25,0.6566,2026-08-21
2011-05-26,0.6269,2026-08-21
2011-05-27,0.6199,2026-08-21
2011-05-30,.,2026-08-21
2011-05-31,0.6062,2026-08-21
2011-06-01,0.5676,2026-08-21
2011-06-02,0.5813,2026-08-21
2011-06-03,0.5664,2026-08-21
2011-06-06,0.5630,2026-08-21
2011-06-07,0.5636,2026-08-21
2011-06-08,0.5406,2026-08-21
2011-06-09,0.5593,2026-08-21
2011-06-10,0.5539,2026-08-21
2011-06-13,0.5580,2026-08-21
2011-06-14,0.6031,2026-08-21
2011-06-15,0.5598,2026-08-21
2011-06-16,0.5320,2026-08-21
2011-06-17,0.5299,2026-08-21
2011-06-20,0.5361,2026-08-21
2011-06-21,0.5485,2026-08-21
2011-06-22,0.5584,2026-08-21
2011-06-23,0.5279,2026-08-21
2011-06-24,0.4972,2026-08-21
2011-06-27,0.5158,2026-08-21
2011-06-28,0.5697,2026-08-21
2011-06-29,0.6186,2026-08-21
2011-06-30,0.6537,2026-08-21
2011-07-01,0.6863,2026-08-21
2011-07-04,.,2026-08-21
2011-07-05,0.6654,2026-08-21
2011-07-06,0.6454,2026-08-21
2011-07-07,0.6672,2026-08-21
2011-07-08,0.6103,2026-08-21
2011-07-11,0.5619,2026-08-21
2011-07-12,0.5335,2026-08-21
2011-07-13,0.5195,2026-08-21
2011-07-14,0.5397,2026-08-21
2011-07-15,0.5287,2026-08-21
2011-07-18,0.5220,2026-08-21
2011-07-19,0.5088,2026-08-21
2011-07-20,0.5232,2026-08-21
2011-07-21,0.5539,2026-08-21
2011-07-22,0.5465,2026-08-21
2011-07-25,0.5570,2026-08-21
2011-07-26,0.5395,2026-08-21
2011-07-27,0.5442,2026-08-21
2011-07-28,0.5347,2026-08-21
2011-07-29,0.4580,2026-08-21
2011-08-01,0.4204,2026-08-21
2011-08-02,0.3698,2026-08-21
2011-08-03,0.3582,2026-08-21
2011-08-04,0.2921,2026-08-21
2011-08-05,0.3197,2026-08-21
2011-08-08,0.2665,2026-08-21
2011-08-09,0.1714,2026-08-21
2011-08-10,0.1397,2026-08-21
2011-08-11,0.1826,2026-08-21
2011-08-12,0.1613,2026-08-21
2011-08-15,0.1709,2026-08-21
2011-08-16,0.1518,2026-08-21
2011-08-17,0.1252,2026-08-21
2011-08-18,0.0945,2026-08-21
2011-08-19,0.0815,2026-08-21
2011-08-22,0.0890,2026-08-21
2011-08-23,0.1037,2026-08-21
2011-08-24,0.1565,2026-08-21
2011-08-25,0.1477,2026-08-21
2011-08-26,0.1326,2026-08-21
2011-08-29,0.1565,2026-08-21
2011-08-30,0.1328,2026-08-21
2011-08-31,0.1409,2026-08-21
2011-09-01,0.1139,2026-08-21
2011-09-02,0.0709,2026-08-21
2011-09-05,.,2026-08-21
2011-09-06,0.0458,2026-08-21
2011-09-07,0.0603,2026-08-21
2011-09-08,0.0454,2026-08-21
2011-09-09,0.0168,2026-08-21
2011-09-12,0.0203,2026-08-21
2011-09-13,0.0360,2026-08-21
2011-09-14,0.0515,2026-08-21
2011-09-15,0.0790,2026-08-21
2011-09-16,0.0855,2026-08-21
2011-09-19,0.0470,2026-08-21
2011-09-20,0.0328,2026-08-21
2011-09-21,0.0169,2026-08-21
2011-09-22,-0.0412,2026-08-21
2011-09-23,-0.0163,2026-08-21
2011-09-26,0.0118,2026-08-21
2011-09-27,0.0494,2026-08-21
2011-09-28,0.0674,2026-08-21
2011-09-29,0.0636,2026-08-21
2011-09-30,0.0430,2026-08-21
2011-10-03,-0.0051,2026-08-21
2011-10-04,-0.0114,2026-08-21
2011-10-05,0.0207,2026-08-21
2011-10-06,0.0576,2026-08-21
2011-10-07,0.1040,2026-08-21
2011-10-10,.,2026-08-21
2011-10-11,0.1452,2026-08-21
2011-10-12,0.1754,2026-08-21
2011-10-13,0.1678,2026-08-21
2011-10-14,0.1835,2026-08-21
2011-10-17,0.1634,2026-08-21
2011-10-18,0.1584,2026-08-21
2011-10-19,0.1506,2026-08-21
2011-10-20,0.1548,2026-08-21
2011-10-21,0.1670,2026-08-21
2011-10-24,0.1815,2026-08-21
2011-10-25,0.1430,2026-08-21
2011-10-26,0.1652,2026-08-21
2011-10-27,0.2346,2026-08-21
2011-10-28,0.2245,2026-08-21
2011-10-31,0.1603,2026-08-21
2011-11-01,0.0913,2026-08-21
2011-11-02,0.0696,2026-08-21
2011-11-03,0.0795,2026-08-21
2011-11-04,0.0699,2026-08-21
2011-11-07,0.0610,2026-08-21
2011-11-08,0.0788,2026-08-21
2011-11-09,0.0514,2026-08-21
2011-11-10,0.0622,2026-08-21
2011-11-11,.,2026-08-21
2011-11-14,0.0624,2026-08-21
2011-11-15,0.0692,2026-08-21
2011-11-16,0.0560,2026-08-21
2011-11-17,0.0358,2026-08-21
2011-11-18,0.0522,2026-08-21
2011-11-21,0.0429,2026-08-21
2011-11-22,0.0287,2026-08-21
2011-11-23,0.0068,2026-08-21
2011-11-24,.,2026-08-21
2011-11-25,0.0266,2026-08-21
2011-11-28,0.0278,2026-08-21
2011-11-29,0.0413,2026-08-21
2011-11-30,0.0693,2026-08-21
2011-12-01,0.0875,2026-08-21
2011-12-02,0.0707,2026-08-21
2011-12-05,0.0668,2026-08-21
2011-12-06,0.0790,2026-08-21
2011-12-07,0.0580,2026-08-21
2011-12-08,0.0378,2026-08-21
2011-12-09,0.0568,2026-08-21
2011-12-12,0.0501,2026-08-21
2011-12-13,0.0273,2026-08-21
2011-12-14,0.0101,2026-08-21
2011-12-15,0.0058,2026-08-21
2011-12-16,-0.0183,2026-08-21
2011-12-19,-0.0374,2026-08-21
2011-12-20,-0.0077,2026-08-21
2011-12-21,0.0169,2026-08-21
2011-12-22,0.0249,2026-08-21
2011-12-23,0.0524,2026-08-21
2011-12-26,.,2026-08-21
2011-12-27,0.0577,2026-08-21
2011-12-28,0.0306,2026-08-21
2011-12-29,0.0131,2026-08-21
2011-12-30,-0.0040,2026-08-21
2012-01-02,.,2026-08-21
2012-01-03,0.0178,2026-08-21
2012-01-04,0.0308,2026-08-21
2012-01-05,0.0363,2026-08-21
2012-01-06,0.0285,2026-08-21
2012-01-09,0.0222,2026-08-21
2012-01-10,0.0277,2026-08-21
2012-01-11,0.0052,2026-08-21
2012-01-12,0.0040,2026-08-21
2012-01-13,-0.0161,2026-08-21
2012-01-16,.,2026-08-21
2012-01-17,-0.0292,2026-08-21
2012-01-18,-0.0187,2026-08-21
2012-01-19,0.0123,2026-08-21
2012-01-20,0.0386,2026-08-21
2012-01-23,0.0593,2026-08-21
2012-01-24,0.0629,2026-08-21
2012-01-25,0.0303,2026-08-21
2012-01-26,0.0007,2026-08-21
2012-01-27,-0.0203,2026-08-21
2012-01-30,-0.0442,2026-08-21
2012-01-31,-0.0661,2026-08-21
2012-02-01,-0.0630,2026-08-21
2012-02-02,-0.0717,2026-08-21
2012-02-03,-0.0391,2026-08-21
2012-02-06,-0.0426,2026-08-21
2012-02-07,-0.0156,2026-08-21
2012-02-08,-0.0070,2026-08-21
2012-02-09,0.0103,2026-08-21
2012-02-10,-0.0100,2026-08-21
2012-02-13,-0.0030,2026-08-21
2012-02-14,-0.0241,2026-08-21
2012-02-15,-0.0306,2026-08-21
2012-02-16,-0.0067,2026-08-21
2012-02-17,0.0084,2026-08-21
2012-02-20,.,2026-08-21
2012-02-21,0.0298,2026-08-21
2012-02-22,0.0182,2026-08-21
2012-02-23,0.0118,2026-08-21
2012-02-24,0.0082,2026-08-21
2012-02-27,-0.0165,2026-08-21
2012-02-28,-0.0201,2026-08-21
2012-02-29,-0.0064,2026-08-21
2012-03-01,0.0152,2026-08-21
2012-03-02,0.0054,2026-08-21
2012-03-05,0.0113,2026-08-21
2012-03-06,-0.0062,2026-08-21
2012-03-07,-0.0007,2026-08-21
2012-03-08,0.0165,2026-08-21
2012-03-09,0.0275,2026-08-21
2012-03-12,0.0314,2026-08-21
2012-03-13,0.0682,2026-08-21
2012-03-14,0.1403,2026-08-21
2012-03-15,0.1579,2026-08-21
2012-03-16,0.1737,2026-08-21
2012-03-19,0.2092,2026-08-21
2012-03-20,0.2225,2026-08-21
2012-03-21,0.1999,2026-08-21
2012-03-22,0.1894,2026-08-21
2012-03-23,0.1717,2026-08-21
2012-03-26,0.1632,2026-08-21
2012-03-27,0.1371,2026-08-21
2012-03-28,0.1345,2026-08-21
2012-03-29,0.1197,2026-08-21
2012-03-30,0.1337,2026-08-21
2012-04-02,0.1316,2026-08-21
2012-04-03,0.1621,2026-08-21
2012-04-04,0.1488,2026-08-21
2012-04-05,0.1262,2026-08-21
2012-04-06,0.0704,2026-08-21
2012-04-09,0.0496,2026-08-21
2012-04-10,0.0199,2026-08-21
2012-04-11,0.0256,2026-08-21
2012-04-12,0.0370,2026-08-21
2012-04-13,0.0197,2026-08-21
2012-04-16,0.0097,2026-08-21
2012-04-17,0.0170,2026-08-21
2012-04-18,0.0122,2026-08-21
2012-04-19,0.0035,2026-08-21
2012-04-20,0.0047,2026-08-21
2012-04-23,-0.0086,2026-08-21
2012-04-24,-0.0002,2026-08-21
2012-04-25,0.0029,2026-08-21
2012-04-26,-0.0052,2026-08-21
2012-04-27,-0.0142,2026-08-21
2012-04-30,-0.0204,2026-08-21
2012-05-01,-0.0119,2026-08-21
2012-05-02,-0.0198,2026-08-21
2012-05-03,-0.0202,2026-08-21
2012-05-04,-0.0383,2026-08-21
2012-05-07,-0.0438,2026-08-21
2012-05-08,-0.0568,2026-08-21
2012-05-09,-0.0635,2026-08-21
2012-05-10,-0.0600,2026-08-21
2012-05-11,-0.0731,2026-08-21
2012-05-14,-0.0950,2026-08-21
2012-05-15,-0.1058,2026-08-21
2012-05-16,-0.1106,2026-08-21
2012-05-17,-0.1273,2026-08-21
2012-05-18,-0.1271,2026-08-21
2012-05-21,-0.1226,2026-08-21
2012-05-22,-0.1086,2026-08-21
2012-05-23,-0.1216,2026-08-21
2012-05-24,-0.1090,2026-08-21
2012-05-25,-0.1138,2026-08-21
2012-05-28,.,2026-08-21
2012-05-29,-0.1169,2026-08-21
2012-05-30,-0.1555,2026-08-21
2012-05-31,-0.1790,2026-08-21
2012-06-01,-0.2230,2026-08-21
2012-06-04,-0.2134,2026-08-21
2012-06-05,-0.2010,2026-08-21
2012-06-06,-0.1676,2026-08-21
2012-06-07,-0.1615,2026-08-21
2012-06-08,-0.1603,2026-08-21
2012-06-11,-0.1767,2026-08-21
2012-06-12,-0.1537,2026-08-21
2012-06-13,-0.1720,2026-08-21
2012-06-14,-0.1634,2026-08-21
2012-06-15,-0.1782,2026-08-21
2012-06-18,-0.1828,2026-08-21
2012-06-19,-0.1709,2026-08-21
2012-06-20,-0.1570,2026-08-21
2012-06-21,-0.1599,2026-08-21
2012-06-22,-0.1431,2026-08-21
2012-06-25,-0.1592,2026-08-21
2012-06-26,-0.1533,2026-08-21
2012-06-27,-0.1584,2026-08-21
2012-06-28,-0.1774,2026-08-21
2012-06-29,-0.1621,2026-08-21
2012-07-02,-0.1832,2026-08-21
2012-07-03,-0.1736,2026-08-21
2012-07-04,.,2026-08-21
2012-07-05,-0.1806,2026-08-21
2012-07-06,-0.1979,2026-08-21
2012-07-09,-0.2141,2026-08-21
2012-07-10,-0.2225,2026-08-21
2012-07-11,-0.2213,2026-08-21
2012-07-12,-0.2311,2026-08-21
2012-07-13,-0.2302,2026-08-21
2012-07-16,-0.2397,2026-08-21
2012-07-17,-0.2330,2026-08-21
2012-07-18,-0.2350,2026-08-21
2012-07-19,-0.2277,2026-08-21
2012-07-20,-0.2422,2026-08-21
2012-07-23,-0.2545,2026-08-21
2012-07-24,-0.2672,2026-08-21
2012-07-25,-0.2728,2026-08-21
2012-07-26,-0.2660,2026-08-21
2012-07-27,-0.2240,2026-08-21
2012-07-30,-0.2293,2026-08-21
2012-07-31,-0.2371,2026-08-21
2012-08-01,-0.2179,2026-08-21
2012-08-02,-0.2290,2026-08-21
2012-08-03,-0.2000,2026-08-21
2012-08-06,-0.1966,2026-08-21
2012-08-07,-0.1681,2026-08-21
2012-08-08,-0.1534,2026-08-21
2012-08-09,-0.1462,2026-08-21
2012-08-10,-0.1549,2026-08-21
2012-08-13,-0.1586,2026-08-21
2012-08-14,-0.1343,2026-08-21
2012-08-15,-0.1004,2026-08-21
2012-08-16,-0.0766,2026-08-21
2012-08-17,-0.0738,2026-08-21
2012-08-20,-0.0745,2026-08-21
2012-08-21,-0.0793,2026-08-21
2012-08-22,-0.1167,2026-08-21
2012-08-23,-0.1379,2026-08-21
2012-08-24,-0.1402,2026-08-21
2012-08-27,-0.1544,2026-08-21
2012-08-28,-0.1631,2026-08-21
2012-08-29,-0.1625,2026-08-21
2012-08-30,-0.1734,2026-08-21
2012-08-31,-0.2029,2026-08-21
2012-09-03,.,2026-08-21
2012-09-04,-0.2027,2026-08-21
2012-09-05,-0.2007,2026-08-21
2012-09-06,-0.1727,2026-08-21
2012-09-07,-0.1727,2026-08-21
2012-09-10,-0.1669,2026-08-21
2012-09-11,-0.1598,2026-08-21
2012-09-12,-0.1370,2026-08-21
2012-09-13,-0.1420,2026-08-21
2012-09-14,-0.1003,2026-08-21
2012-09-17,-0.0940,2026-08-21
2012-09-18,-0.1003,2026-08-21
2012-09-19,-0.1100,2026-08-21
2012-09-20,-0.1120,2026-08-21
2012-09-21,-0.1236,2026-08-21
2012-09-24,-0.1367,2026-08-21
2012-09-25,-0.1547,2026-08-21
2012-09-26,-0.1815,2026-08-21
2012-09-27,-0.1826,2026-08-21
2012-09-28,-0.1891,2026-08-21
2012-10-01,-0.1920,2026-08-21
2012-10-02,-0.1941,2026-08-21
2012-10-03,-0.1978,2026-08-21
2012-10-04,-0.1815,2026-08-21
2012-10-05,-0.1564,2026-08-21
2012-10-08,.,2026-08-21
2012-10-09,-0.1527,2026-08-21
2012-10-10,-0.1589,2026-08-21
2012-10-11,-0.1631,2026-08-21
2012-10-12,-0.1669,2026-08-21
2012-10-15,-0.1675,2026-08-21
2012-10-16,-0.1483,2026-08-21
2012-10-17,-0.1092,2026-08-21
2012-10-18,-0.0873,2026-08-21
2012-10-19,-0.0978,2026-08-21
2012-10-22,-0.0872,2026-08-21
2012-10-23,-0.0997,2026-08-21
2012-10-24,-0.1027,2026-08-21
2012-10-25,-0.0797,2026-08-21
2012-10-26,-0.0988,2026-08-21
2012-10-29,-0.1210,2026-08-21
2012-10-30,.,2026-08-21
2012-10-31,-0.1357,2026-08-21
2012-11-01,-0.1304,2026-08-21
2012-11-02,-0.1283,2026-08-21
2012-11-05,-0.1410,2026-08-21
2012-11-06,-0.1213,2026-08-21
2012-11-07,-0.1554,2026-08-21
2012-11-08,-0.1823,2026-08-21
2012-11-09,-0.1902,2026-08-21
2012-11-12,.,2026-08-21
2012-11-13,-0.2037,2026-08-21
2012-11-14,-0.2066,2026-08-21
2012-11-15,-0.2107,2026-08-21
2012-11-16,-0.2110,2026-08-21
2012-11-19,-0.2012,2026-08-21
2012-11-20,-0.1806,2026-08-21
2012-11-21,-0.1652,2026-08-21
2012-11-22,.,2026-08-21
2012-11-23,-0.1565,2026-08-21
2012-11-26,-0.1662,2026-08-21
2012-11-27,-0.1768,2026-08-21
2012-11-28,-0.1876,2026-08-21
2012-11-29,-0.1942,2026-08-21
2012-11-30,-0.1971,2026-08-21
2012-12-03,-0.1949,2026-08-21
2012-12-04,-0.1987,2026-08-21
2012-12-05,-0.2064,2026-08-21
2012-12-06,-0.2136,2026-08-21
2012-12-07,-0.2009,2026-08-21
2012-12-10,-0.1986,2026-08-21
2012-12-11,-0.1880,2026-08-21
2012-12-12,-0.1671,2026-08-21
2012-12-13,-0.1459,2026-08-21
2012-12-14,-0.1403,2026-08-21
2012-12-17,-0.1170,2026-08-21
2012-12-18,-0.0915,2026-08-21
2012-12-19,-0.0877,2026-08-21
2012-12-20,-0.0880,2026-08-21
2012-12-21,-0.0997,2026-08-21
2012-12-24,-0.0975,2026-08-21
2012-12-25,.,2026-08-21
2012-12-26,-0.1054,2026-08-21
2012-12-27,-0.1240,2026-08-21
2012-12-28,-0.1280,2026-08-21
2012-12-31,-0.1174,2026-08-21
2013-01-01,.,2026-08-21
2013-01-02,-0.0911,2026-08-21
2013-01-03,-0.0600,2026-08-21
2013-01-04,-0.0447,2026-08-21
2013-01-07,-0.0417,2026-08-21
2013-01-08,-0.0530,2026-08-21
2013-01-09,-0.0601,2026-08-21
2013-01-10,-0.0494,2026-08-21
2013-01-11,-0.0535,2026-08-21
2013-01-14,-0.0582,2026-08-21
2013-01-15,-0.0714,2026-08-21
2013-01-16,-0.0802,2026-08-21
2013-01-17,-0.0622,2026-08-21
2013-01-18,-0.0657,2026-08-21
2013-01-21,.,2026-08-21
2013-01-22,-0.0717,2026-08-21
2013-01-23,-0.0756,2026-08-21
2013-01-24,-0.0689,2026-08-21
2013-01-25,-0.0273,2026-08-21
2013-01-28,-0.0070,2026-08-21
2013-01-29,0.0058,2026-08-21
2013-01-30,0.0071,2026-08-21
2013-01-31,0.0066,2026-08-21
2013-02-01,0.0148,2026-08-21
2013-02-04,0.0009,2026-08-21
2013-02-05,0.0114,2026-08-21
2013-02-06,-0.0008,2026-08-21
2013-02-07,-0.0095,2026-08-21
2013-02-08,-0.0095,2026-08-21
2013-02-11,-0.0085,2026-08-21
2013-02-12,0.0020,2026-08-21
2013-02-13,0.0210,2026-08-21
2013-02-14,0.0047,2026-08-21
2013-02-15,0.0038,2026-08-21
2013-02-18,.,2026-08-21
2013-02-19,0.0116,2026-08-21
2013-02-20,0.0065,2026-08-21
2013-02-21,-0.0056,2026-08-21
2013-02-22,-0.0159,2026-08-21
2013-02-25,-0.0493,2026-08-21
2013-02-26,-0.0625,2026-08-21
2013-02-27,-0.0591,2026-08-21
2013-02-28,-0.0646,2026-08-21
2013-03-01,-0.0760,2026-08-21
2013-03-04,-0.0726,2026-08-21
2013-03-05,-0.0629,2026-08-21
2013-03-06,-0.0448,2026-08-21
2013-03-07,-0.0178,2026-08-21
2013-03-08,0.0151,2026-08-21
2013-03-11,0.0261,2026-08-21
2013-03-12,0.0190,2026-08-21
2013-03-13,0.0193,2026-08-21
2013-03-14,0.0204,2026-08-21
2013-03-15,0.0053,2026-08-21
2013-03-18,-0.0148,2026-08-21
2013-03-19,-0.0346,2026-08-21
2013-03-20,-0.0266,2026-08-21
2013-03-21,-0.0296,2026-08-21
2013-03-22,-0.0352,2026-08-21
2013-03-25,-0.0397,2026-08-21
2013-03-26,-0.0447,2026-08-21
2013-03-27,-0.0665,2026-08-21
2013-03-28,-0.0693,2026-08-21
2013-03-29,.,2026-08-21
2013-04-01,-0.0758,2026-08-21
2013-04-02,-0.0682,2026-08-21
2013-04-03,-0.0859,2026-08-21
2013-04-04,-0.1085,2026-08-21
2013-04-05,-0.1303,2026-08-21
2013-04-08,-0.1260,2026-08-21
2013-04-09,-0.1224,2026-08-21
2013-04-10,-0.1024,2026-08-21
2013-04-11,-0.1021,2026-08-21
2013-04-12,-0.1224,2026-08-21
2013-04-15,-0.1357,2026-08-21
2013-04-16,-0.1295,2026-08-21
2013-04-17,-0.1333,2026-08-21
2013-04-18,-0.1370,2026-08-21
2013-04-19,-0.1338,2026-08-21
2013-04-22,-0.1368,2026-08-21
2013-04-23,-0.1339,2026-08-21
2013-04-24,-0.1366,2026-08-21
2013-04-25,-0.1322,2026-08-21
2013-04-26,-0.1454,2026-08-21
2013-04-29,-0.1507,2026-08-21
2013-04-30,-0.1508,2026-08-21
2013-05-01,-0.1650,2026-08-21
2013-05-02,-0.1695,2026-08-21
2013-05-03,-0.1298,2026-08-21
2013-05-06,-0.1095,2026-08-21
2013-05-07,-0.0958,2026-08-21
2013-05-08,-0.0953,2026-08-21
2013-05-09,-0.0947,2026-08-21
2013-05-10,-0.0619,2026-08-21
2013-05-13,-0.0445,2026-08-21
2013-05-14,-0.0267,2026-08-21
2013-05-15,-0.0240,2026-08-21
2013-05-16,-0.0469,2026-08-21
2013-05-17,-0.0263,2026-08-21
2013-05-20,-0.0164,2026-08-21
2013-05-21,-0.0215,2026-08-21
2013-05-22,0.0101,2026-08-21
2013-05-23,0.0206,2026-08-21
2013-05-24,0.0221,2026-08-21
2013-05-27,.,2026-08-21
2013-05-28,0.0745,2026-08-21
2013-05-29,0.0832,2026-08-21
2013-05-30,0.0875,2026-08-21
2013-05-31,0.1040,2026-08-21
2013-06-03,0.0990,2026-08-21
2013-06-04,0.1063,2026-08-21
2013-06-05,0.0948,2026-08-21
2013-06-06,0.0846,2026-08-21
2013-06-07,0.1175,2026-08-21
2013-06-10,0.1421,2026-08-21
2013-06-11,0.1453,2026-08-21
2013-06-12,0.1608,2026-08-21
2013-06-13,0.1471,2026-08-21
2013-06-14,0.1190,2026-08-21
2013-06-17,0.1264,2026-08-21
2013-06-18,0.1307,2026-08-21
2013-06-19,0.1918,2026-08-21
2013-06-20,0.2410,2026-08-21
2013-06-21,0.3002,2026-08-21
2013-06-24,0.3406,2026-08-21
2013-06-25,0.3597,2026-08-21
2013-06-26,0.3484,2026-08-21
2013-06-27,0.3200,2026-08-21
2013-06-28,0.3272,2026-08-21
2013-07-01,0.3216,2026-08-21
2013-07-02,0.3171,2026-08-21
2013-07-03,0.3315,2026-08-21
2013-07-04,.,2026-08-21
2013-07-05,0.4175,2026-08-21
2013-07-08,0.4099,2026-08-21
2013-07-09,0.4068,2026-08-21
2013-07-10,0.4218,2026-08-21
2013-07-11,0.3824,2026-08-21
2013-07-12,0.3777,2026-08-21
2013-07-15,0.3613,2026-08-21
2013-07-16,0.3492,2026-08-21
2013-07-17,0.3299,2026-08-21
2013-07-18,0.3381,2026-08-21
2013-07-19,0.3220,2026-08-21
2013-07-22,0.3156,2026-08-21
2013-07-23,0.3224,2026-08-21
2013-07-24,0.3539,2026-08-21
2013-07-25,0.3618,2026-08-21
2013-07-26,0.3547,2026-08-21
2013-07-29,0.3628,2026-08-21
2013-07-30,0.3703,2026-08-21
2013-07-31,0.3670,2026-08-21
2013-08-01,0.4180,2026-08-21
2013-08-02,0.3865,2026-08-21
2013-08-05,0.3892,2026-08-21
2013-08-06,0.3918,2026-08-21
2013-08-07,0.3768,2026-08-21
2013-08-08,0.3661,2026-08-21
2013-08-09,0.3609,2026-08-21
2013-08-12,0.3682,2026-08-21
2013-08-13,0.4118,2026-08-21
2013-08-14,0.4243,2026-08-21
2013-08-15,0.4502,2026-08-21
2013-08-16,0.4855,2026-08-21
2013-08-19,0.5113,2026-08-21
2013-08-20,0.4985,2026-08-21
2013-08-21,0.5213,2026-08-21
2013-08-22,0.5466,2026-08-21
2013-08-23,0.5290,2026-08-21
2013-08-26,0.5078,2026-08-21
2013-08-27,0.4730,2026-08-21
2013-08-28,0.4872,2026-08-21
2013-08-29,0.4805,2026-08-21
2013-08-30,0.4920,2026-08-21
2013-09-02,.,2026-08-21
2013-09-03,0.5237,2026-08-21
2013-09-04,0.5519,2026-08-21
2013-09-05,0.5981,2026-08-21
2013-09-06,0.5867,2026-08-21
2013-09-09,0.5682,2026-08-21
2013-09-10,0.5866,2026-08-21
2013-09-11,0.5701,2026-08-21
2013-09-12,0.5668,2026-08-21
2013-09-13,0.5615,2026-08-21
2013-09-16,0.5439,2026-08-21
2013-09-17,0.5303,2026-08-21
2013-09-18,0.4561,2026-08-21
2013-09-19,0.4594,2026-08-21
2013-09-20,0.4592,2026-08-21
2013-09-23,0.4453,2026-08-21
2013-09-24,0.4243,2026-08-21
2013-09-25,0.4021,2026-08-21
2013-09-26,0.4064,2026-08-21
2013-09-27,0.3972,2026-08-21
2013-09-30,0.3935,2026-08-21
2013-10-01,0.4002,2026-08-21
2013-10-02,0.3882,2026-08-21
2013-10-03,0.3792,2026-08-21
2013-10-04,0.3956,2026-08-21
2013-10-07,0.3950,2026-08-21
2013-10-08,0.3990,2026-08-21
2013-10-09,0.4002,2026-08-21
2013-10-10,0.4112,2026-08-21
2013-10-11,0.4092,2026-08-21
2013-10-14,.,2026-08-21
2013-10-15,0.4163,2026-08-21
2013-10-16,0.3987,2026-08-21
2013-10-17,0.3701,2026-08-21
2013-10-18,0.3626,2026-08-21
2013-10-21,0.3719,2026-08-21
2013-10-22,0.3423,2026-08-21
2013-10-23,0.3255,2026-08-21
2013-10-24,0.3283,2026-08-21
2013-10-25,0.3232,2026-08-21
2013-10-28,0.3244,2026-08-21
2013-10-29,0.3197,2026-08-21
2013-10-30,0.3253,2026-08-21
2013-10-31,0.3334,2026-08-21
2013-11-01,0.3644,2026-08-21
2013-11-04,0.3673,2026-08-21
2013-11-05,0.3874,2026-08-21
2013-11-06,0.3810,2026-08-21
2013-11-07,0.3647,2026-08-21
2013-11-08,0.4117,2026-08-21
2013-11-11,.,2026-08-21
2013-11-12,0.4390,2026-08-21
2013-11-13,0.4269,2026-08-21
2013-11-14,0.3991,2026-08-21
2013-11-15,0.3988,2026-08-21
2013-11-18,0.3831,2026-08-21
2013-11-19,0.3940,2026-08-21
2013-11-20,0.4198,2026-08-21
2013-11-21,0.4269,2026-08-21
2013-11-22,0.4206,2026-08-21
2013-11-25,0.4135,2026-08-21
2013-11-26,0.3999,2026-08-21
2013-11-27,0.4074,2026-08-21
2013-11-28,.,2026-08-21
2013-11-29,0.4156,2026-08-21
2013-12-02,0.4413,2026-08-21
2013-12-03,0.4383,2026-08-21
2013-12-04,0.4618,2026-08-21
2013-12-05,0.4838,2026-08-21
2013-12-06,0.4923,2026-08-21
2013-12-09,0.4905,2026-08-21
2013-12-10,0.4695,2026-08-21
2013-12-11,0.4792,2026-08-21
2013-12-12,0.4998,2026-08-21
2013-12-13,0.5034,2026-08-21
2013-12-16,0.5072,2026-08-21
2013-12-17,0.4937,2026-08-21
2013-12-18,0.5023,2026-08-21
2013-12-19,0.5318,2026-08-21
2013-12-20,0.5347,2026-08-21
2013-12-23,0.5497,2026-08-21
2013-12-24,0.5756,2026-08-21
2013-12-25,.,2026-08-21
2013-12-26,0.5867,2026-08-21
2013-12-27,0.5923,2026-08-21
2013-12-30,0.5827,2026-08-21
2013-12-31,0.5992,2026-08-21
2014-01-01,.,2026-08-21
2014-01-02,0.5905,2026-08-21
2014-01-03,0.5934,2026-08-21
2014-01-06,0.5826,2026-08-21
2014-01-07,0.5727,2026-08-21
2014-01-08,0.5957,2026-08-21
2014-01-09,0.5906,2026-08-21
2014-01-10,0.5468,2026-08-21
2014-01-13,0.5222,2026-08-21
2014-01-14,0.5319,2026-08-21
2014-01-15,0.5428,2026-08-21
2014-01-16,0.5320,2026-08-21
2014-01-17,0.5212,2026-08-21
2014-01-20,.,2026-08-21
2014-01-21,0.5237,2026-08-21
2014-01-22,0.5386,2026-08-21
2014-01-23,0.5089,2026-08-21
2014-01-24,0.4862,2026-08-21
2014-01-27,0.4893,2026-08-21
2014-01-28,0.4830,2026-08-21
2014-01-29,0.4549,2026-08-21
2014-01-30,0.4582,2026-08-21
2014-01-31,0.4404,2026-08-21
2014-02-03,0.4086,2026-08-21
2014-02-04,0.4077,2026-08-21
2014-02-05,0.4245,2026-08-21
2014-02-06,0.4391,2026-08-21
2014-02-07,0.4305,2026-08-21
2014-02-10,0.4279,2026-08-21
2014-02-11,0.4490,2026-08-21
2014-02-12,0.4703,2026-08-21
2014-02-13,0.4536,2026-08-21
2014-02-14,0.4569,2026-08-21
2014-02-17,.,2026-08-21
2014-02-18,0.4442,2026-08-21
2014-02-19,0.4494,2026-08-21
2014-02-20,0.4624,2026-08-21
2014-02-21,0.4600,2026-08-21
2014-02-24,0.4647,2026-08-21
2014-02-25,0.4481,2026-08-21
2014-02-26,0.4313,2026-08-21
2014-02-27,0.4202,2026-08-21
2014-02-28,0.4227,2026-08-21
2014-03-03,0.4015,2026-08-21
2014-03-04,0.4292,2026-08-21
2014-03-05,0.4356,2026-08-21
2014-03-06,0.4540,2026-08-21
2014-03-07,0.4841,2026-08-21
2014-03-10,0.4899,2026-08-21
2014-03-11,0.4867,2026-08-21
2014-03-12,0.4699,2026-08-21
2014-03-13,0.4400,2026-08-21
2014-03-14,0.4319,2026-08-21
2014-03-17,0.4449,2026-08-21
2014-03-18,0.4399,2026-08-21
2014-03-19,0.4944,2026-08-21
2014-03-20,0.5063,2026-08-21
2014-03-21,0.5037,2026-08-21
2014-03-24,0.5055,2026-08-21
2014-03-25,0.5075,2026-08-21
2014-03-26,0.4900,2026-08-21
2014-03-27,0.4823,2026-08-21
2014-03-28,0.4973,2026-08-21
2014-03-31,0.4991,2026-08-21
2014-04-01,0.5100,2026-08-21
2014-04-02,0.5393,2026-08-21
2014-04-03,0.5439,2026-08-21
2014-04-04,0.5191,2026-08-21
2014-04-07,0.4989,2026-08-21
2014-04-08,0.4859,2026-08-21
2014-04-09,0.4797,2026-08-21
2014-04-10,0.4533,2026-08-21
2014-04-11,0.4408,2026-08-21
2014-04-14,0.4445,2026-08-21
2014-04-15,0.4454,2026-08-21
2014-04-16,0.4553,2026-08-21
2014-04-17,0.4920,2026-08-21
2014-04-18,.,2026-08-21
2014-04-21,0.4991,2026-08-21
2014-04-22,0.5052,2026-08-21
2014-04-23,0.4961,2026-08-21
2014-04-24,0.4977,2026-08-21
2014-04-25,0.4919,2026-08-21
2014-04-28,0.4943,2026-08-21
2014-04-29,0.4965,2026-08-21
2014-04-30,0.4801,2026-08-21
2014-05-01,0.4600,2026-08-21
2014-05-02,0.4524,2026-08-21
2014-05-05,0.4549,2026-08-21
2014-05-06,0.4500,2026-08-21
2014-05-07,0.4422,2026-08-21
2014-05-08,0.4336,2026-08-21
2014-05-09,0.4344,2026-08-21
2014-05-12,0.4480,2026-08-21
2014-05-13,0.4350,2026-08-21
2014-05-14,0.4059,2026-08-21
2014-05-15,0.3830,2026-08-21
2014-05-16,0.3831,2026-08-21
2014-05-19,0.3863,2026-08-21
2014-05-20,0.3768,2026-08-21
2014-05-21,0.3834,2026-08-21
2014-05-22,0.3938,2026-08-21
2014-05-23,0.3895,2026-08-21
2014-05-26,.,2026-08-21
2014-05-27,0.3846,2026-08-21
2014-05-28,0.3557,2026-08-21
2014-05-29,0.3523,2026-08-21
2014-05-30,0.3610,2026-08-21
2014-06-02,0.3859,2026-08-21
2014-06-03,0.4152,2026-08-21
2014-06-04,0.4293,2026-08-21
2014-06-05,0.4260,2026-08-21
2014-06-06,0.4329,2026-08-21
2014-06-09,0.4439,2026-08-21
2014-06-10,0.4567,2026-08-21
2014-06-11,0.4585,2026-08-21
2014-06-12,0.4377,2026-08-21
2014-06-13,0.4430,2026-08-21
2014-06-16,0.4464,2026-08-21
2014-06-17,0.4683,2026-08-21
2014-06-18,0.4564,2026-08-21
2014-06-19,0.4578,2026-08-21
2014-06-20,0.4588,2026-08-21
2014-06-23,0.4586,2026-08-21
2014-06-24,0.4467,2026-08-21
2014-06-25,0.4334,2026-08-21
2014-06-26,0.4148,2026-08-21
2014-06-27,0.4106,2026-08-21
2014-06-30,0.4043,2026-08-21
2014-07-01,0.4192,2026-08-21
2014-07-02,0.4456,2026-08-21
2014-07-03,0.4650,2026-08-21
2014-07-04,.,2026-08-21
2014-07-07,0.4631,2026-08-21
2014-07-08,0.4448,2026-08-21
2014-07-09,0.4343,2026-08-21
2014-07-10,0.4226,2026-08-21
2014-07-11,0.4121,2026-08-21
2014-07-14,0.4204,2026-08-21
2014-07-15,0.4284,2026-08-21
2014-07-16,0.4307,2026-08-21
2014-07-17,0.4021,2026-08-21
2014-07-18,0.4082,2026-08-21
2014-07-21,0.4074,2026-08-21
2014-07-22,0.4007,2026-08-21
2014-07-23,0.3966,2026-08-21
2014-07-24,0.4161,2026-08-21
2014-07-25,0.4065,2026-08-21
2014-07-28,0.4147,2026-08-21
2014-07-29,0.4060,2026-08-21
2014-07-30,0.4370,2026-08-21
2014-07-31,0.4476,2026-08-21
2014-08-01,0.4225,2026-08-21
2014-08-04,0.4103,2026-08-21
2014-08-05,0.4062,2026-08-21
2014-08-06,0.4021,2026-08-21
2014-08-07,0.3805,2026-08-21
2014-08-08,0.3802,2026-08-21
2014-08-11,0.3794,2026-08-21
2014-08-12,0.3844,2026-08-21
2014-08-13,0.3703,2026-08-21
2014-08-14,0.3580,2026-08-21
2014-08-15,0.3382,2026-08-21
2014-08-18,0.3475,2026-08-21
2014-08-19,0.3551,2026-08-21
2014-08-20,0.3719,2026-08-21
2014-08-21,0.3714,2026-08-21
2014-08-22,0.3760,2026-08-21
2014-08-25,0.3741,2026-08-21
2014-08-26,0.3727,2026-08-21
2014-08-27,0.3613,2026-08-21
2014-08-28,0.3482,2026-08-21
2014-08-29,0.3473,2026-08-21
2014-09-01,.,2026-08-21
2014-09-02,0.3733,2026-08-21
2014-09-03,0.3787,2026-08-21
2014-09-04,0.3939,2026-08-21
2014-09-05,0.3978,2026-08-21
2014-09-08,0.4090,2026-08-21
2014-09-09,0.4239,2026-08-21
2014-09-10,0.4406,2026-08-21
2014-09-11,0.4482,2026-08-21
2014-09-12,0.4742,2026-08-21
2014-09-15,0.4735,2026-08-21
2014-09-16,0.4721,2026-08-21
2014-09-17,0.4845,2026-08-21
2014-09-18,0.4982,2026-08-21
2014-09-19,0.4893,2026-08-21
2014-09-22,0.4758,2026-08-21
2014-09-23,0.4627,2026-08-21
2014-09-24,0.4714,2026-08-21
2014-09-25,0.4514,2026-08-21
2014-09-26,0.4611,2026-08-21
2014-09-29,0.4469,2026-08-21
2014-09-30,0.4476,2026-08-21
2014-10-01,0.4077,2026-08-21
2014-10-02,0.4063,2026-08-21
2014-10-03,0.4131,2026-08-21
2014-10-06,0.4017,2026-08-21
2014-10-07,0.3726,2026-08-21
2014-10-08,0.3480,2026-08-21
2014-10-09,0.3403,2026-08-21
2014-10-10,0.3284,2026-08-21
2014-10-13,.,2026-08-21
2014-10-14,0.2829,2026-08-21
2014-10-15,0.2421,2026-08-21
2014-10-16,0.2370,2026-08-21
2014-10-17,0.2552,2026-08-21
2014-10-20,0.2483,2026-08-21
2014-10-21,0.2585,2026-08-21
2014-10-22,0.2695,2026-08-21
2014-10-23,0.2923,2026-08-21
2014-10-24,0.2984,2026-08-21
2014-10-27,0.2953,2026-08-21
2014-10-28,0.3062,2026-08-21
2014-10-29,0.3328,2026-08-21
2014-10-30,0.3324,2026-08-21
2014-10-31,0.3470,2026-08-21
2014-11-03,0.3541,2026-08-21
2014-11-04,0.3513,2026-08-21
2014-11-05,0.3529,2026-08-21
2014-11-06,0.3672,2026-08-21
2014-11-07,0.3403,2026-08-21
2014-11-10,0.3558,2026-08-21
2014-11-11,.,2026-08-21
2014-11-12,0.3580,2026-08-21
2014-11-13,0.3527,2026-08-21
2014-11-14,0.3417,2026-08-21
2014-11-17,0.3454,2026-08-21
2014-11-18,0.3411,2026-08-21
2014-11-19,0.3552,2026-08-21
2014-11-20,0.3486,2026-08-21
2014-11-21,0.3405,2026-08-21
2014-11-24,0.3327,2026-08-21
2014-11-25,0.3151,2026-08-21
2014-11-26,0.3012,2026-08-21
2014-11-27,.,2026-08-21
2014-11-28,0.2710,2026-08-21
2014-12-01,0.2765,2026-08-21
2014-12-02,0.3030,2026-08-21
2014-12-03,0.3154,2026-08-21
2014-12-04,0.3046,2026-08-21
2014-12-05,0.3338,2026-08-21
2014-12-08,0.3246,2026-08-21
2014-12-09,0.3016,2026-08-21
2014-12-10,0.2739,2026-08-21
2014-12-11,0.2788,2026-08-21
2014-12-12,0.2421,2026-08-21
2014-12-15,0.2454,2026-08-21
2014-12-16,0.2237,2026-08-21
2014-12-17,0.2489,2026-08-21
2014-12-18,0.2815,2026-08-21
2014-12-19,0.2797,2026-08-21
2014-12-22,0.2777,2026-08-21
2014-12-23,0.3104,2026-08-21
2014-12-24,0.3240,2026-08-21
2014-12-25,.,2026-08-21
2014-12-26,0.3262,2026-08-21
2014-12-29,0.3099,2026-08-21
2014-12-30,0.2953,2026-08-21
2014-12-31,0.2808,2026-08-21
2015-01-01,.,2026-08-21
2015-01-02,0.2593,2026-08-21
2015-01-05,0.2266,2026-08-21
2015-01-06,0.1890,2026-08-21
2015-01-07,0.1719,2026-08-21
2015-01-08,0.1837,2026-08-21
2015-01-09,0.1688,2026-08-21
2015-01-12,0.1401,2026-08-21
2015-01-13,0.1265,2026-08-21
2015-01-14,0.1020,2026-08-21
2015-01-15,0.0574,2026-08-21
2015-01-16,0.0739,2026-08-21
2015-01-19,.,2026-08-21
2015-01-20,0.0806,2026-08-21
2015-01-21,0.1001,2026-08-21
2015-01-22,0.1160,2026-08-21
2015-01-23,0.0937,2026-08-21
2015-01-26,0.0963,2026-08-21
2015-01-27,0.0930,2026-08-21
2015-01-28,0.0544,2026-08-21
2015-01-29,0.0619,2026-08-21
2015-01-30,0.0276,2026-08-21
2015-02-02,0.0208,2026-08-21
2015-02-03,0.0559,2026-08-21
2015-02-04,0.0695,2026-08-21
2015-02-05,0.0810,2026-08-21
2015-02-06,0.1434,2026-08-21
2015-02-09,0.1623,2026-08-21
2015-02-10,0.1836,2026-08-21
2015-02-11,0.1933,2026-08-21
2015-02-12,0.1889,2026-08-21
2015-02-13,0.2027,2026-08-21
2015-02-16,.,2026-08-21
2015-02-17,0.2503,2026-08-21
2015-02-18,0.2309,2026-08-21
2015-02-19,0.2474,2026-08-21
2015-02-20,0.2604,2026-08-21
2015-02-23,0.2402,2026-08-21
2015-02-24,0.2038,2026-08-21
2015-02-25,0.1866,2026-08-21
2015-02-26,0.2066,2026-08-21
2015-02-27,0.1994,2026-08-21
2015-03-02,0.2256,2026-08-21
2015-03-03,0.2491,2026-08-21
2015-03-04,0.2531,2026-08-21
2015-03-05,0.2457,2026-08-21
2015-03-06,0.2981,2026-08-21
2015-03-09,0.2931,2026-08-21
2015-03-10,0.2713,2026-08-21
2015-03-11,0.2567,2026-08-21
2015-03-12,0.2454,2026-08-21
2015-03-13,0.2485,2026-08-21
2015-03-16,0.2370,2026-08-21
2015-03-17,0.2211,2026-08-21
2015-03-18,0.1609,2026-08-21
2015-03-19,0.1691,2026-08-21
2015-03-20,0.1491,2026-08-21
2015-03-23,0.1363,2026-08-21
2015-03-24,0.1180,2026-08-21
2015-03-25,0.1292,2026-08-21
2015-03-26,0.1612,2026-08-21
2015-03-27,0.1471,2026-08-21
2015-03-30,0.1454,2026-08-21
2015-03-31,0.1320,2026-08-21
2015-04-01,0.1061,2026-08-21
2015-04-02,0.1139,2026-08-21
2015-04-03,0.0847,2026-08-21
2015-04-06,0.1016,2026-08-21
2015-04-07,0.1040,2026-08-21
2015-04-08,0.1124,2026-08-21
2015-04-09,0.1356,2026-08-21
2015-04-10,0.1436,2026-08-21
2015-04-13,0.1374,2026-08-21
2015-04-14,0.1211,2026-08-21
2015-04-15,0.1144,2026-08-21
2015-04-16,0.1061,2026-08-21
2015-04-17,0.0998,2026-08-21
2015-04-20,0.1054,2026-08-21
2015-04-21,0.1159,2026-08-21
2015-04-22,0.1453,2026-08-21
2015-04-23,0.1379,2026-08-21
2015-04-24,0.1258,2026-08-21
2015-04-27,0.1262,2026-08-21
2015-04-28,0.1485,2026-08-21
2015-04-29,0.1773,2026-08-21
2015-04-30,0.1857,2026-08-21
2015-05-01,0.2199,2026-08-21
2015-05-04,0.2375,2026-08-21
2015-05-05,0.2550,2026-08-21
2015-05-06,0.2802,2026-08-21
2015-05-07,0.2688,2026-08-21
2015-05-08,0.2506,2026-08-21
2015-05-11,0.2877,2026-08-21
2015-05-12,0.2959,2026-08-21
2015-05-13,0.3010,2026-08-21
2015-05-14,0.2838,2026-08-21
2015-05-15,0.2531,2026-08-21
2015-05-18,0.2756,2026-08-21
2015-05-19,0.3029,2026-08-21
2015-05-20,0.2999,2026-08-21
2015-05-21,0.2755,2026-08-21
2015-05-22,0.2855,2026-08-21
2015-05-25,.,2026-08-21
2015-05-26,0.2614,2026-08-21
2015-05-27,0.2544,2026-08-21
2015-05-28,0.2469,2026-08-21
2015-05-29,0.2382,2026-08-21
2015-06-01,0.2609,2026-08-21
2015-06-02,0.2957,2026-08-21
2015-06-03,0.3456,2026-08-21
2015-06-04,0.3356,2026-08-21
2015-06-05,0.3738,2026-08-21
2015-06-08,0.3745,2026-08-21
2015-06-09,0.3873,2026-08-21
2015-06-10,0.4160,2026-08-21
2015-06-11,0.3914,2026-08-21
2015-06-12,0.3863,2026-08-21
2015-06-15,0.3694,2026-08-21
2015-06-16,0.3506,2026-08-21
2015-06-17,0.3347,2026-08-21
2015-06-18,0.3416,2026-08-21
2015-06-19,0.3146,2026-08-21
2015-06-22,0.3476,2026-08-21
2015-06-23,0.3715,2026-08-21
2015-06-24,0.3688,2026-08-21
2015-06-25,0.3746,2026-08-21
2015-06-26,0.4055,2026-08-21
2015-06-29,0.3547,2026-08-21
2015-06-30,0.3468,2026-08-21
2015-07-01,0.3754,2026-08-21
2015-07-02,0.3642,2026-08-21
2015-07-03,.,2026-08-21
2015-07-06,0.3255,2026-08-21
2015-07-07,0.3055,2026-08-21
2015-07-08,0.2777,2026-08-21
2015-07-09,0.3055,2026-08-21
2015-07-10,0.3553,2026-08-21
2015-07-13,0.3763,2026-08-21
2015-07-14,0.3672,2026-08-21
2015-07-15,0.3445,2026-08-21
2015-07-16,0.3441,2026-08-21
2015-07-17,0.3441,2026-08-21
2015-07-20,0.3533,2026-08-21
2015-07-21,0.3419,2026-08-21
2015-07-22,0.3333,2026-08-21
2015-07-23,0.3099,2026-08-21
2015-07-24,0.3002,2026-08-21
2015-07-27,0.2759,2026-08-21
2015-07-28,0.2798,2026-08-21
2015-07-29,0.2911,2026-08-21
2015-07-30,0.2916,2026-08-21
2015-07-31,0.2605,2026-08-21
2015-08-03,0.2353,2026-08-21
2015-08-04,0.2569,2026-08-21
2015-08-05,0.2785,2026-08-21
2015-08-06,0.2709,2026-08-21
2015-08-07,0.2523,2026-08-21
2015-08-10,0.2585,2026-08-21
2015-08-11,0.2247,2026-08-21
2015-08-12,0.2135,2026-08-21
2015-08-13,0.2322,2026-08-21
2015-08-14,0.2437,2026-08-21
2015-08-17,0.2327,2026-08-21
2015-08-18,0.2440,2026-08-21
2015-08-19,0.2125,2026-08-21
2015-08-20,0.2020,2026-08-21
2015-08-21,0.1808,2026-08-21
2015-08-24,0.1566,2026-08-21
2015-08-25,0.1934,2026-08-21
2015-08-26,0.2216,2026-08-21
2015-08-27,0.2311,2026-08-21
2015-08-28,0.2408,2026-08-21
2015-08-31,0.2484,2026-08-21
2015-09-01,0.2343,2026-08-21
2015-09-02,0.2420,2026-08-21
2015-09-03,0.2356,2026-08-21
2015-09-04,0.2201,2026-08-21
2015-09-07,.,2026-08-21
2015-09-08,0.2365,2026-08-21
2015-09-09,0.2397,2026-08-21
2015-09-10,0.2505,2026-08-21
2015-09-11,0.2398,2026-08-21
2015-09-14,0.2310,2026-08-21
2015-09-15,0.2674,2026-08-21
2015-09-16,0.2836,2026-08-21
2015-09-17,0.2510,2026-08-21
2015-09-18,0.2245,2026-08-21
2015-09-21,0.2448,2026-08-21
2015-09-22,0.2268,2026-08-21
2015-09-23,0.2289,2026-08-21
2015-09-24,0.2192,2026-08-21
2015-09-25,0.2330,2026-08-21
2015-09-28,0.2094,2026-08-21
2015-09-29,0.1805,2026-08-21
2015-09-30,0.1762,2026-08-21
2015-10-01,0.1742,2026-08-21
2015-10-02,0.1450,2026-08-21
2015-10-05,0.1634,2026-08-21
2015-10-06,0.1632,2026-08-21
2015-10-07,0.1741,2026-08-21
2015-10-08,0.1919,2026-08-21
2015-10-09,0.2000,2026-08-21
2015-10-12,.,2026-08-21
2015-10-13,0.1781,2026-08-21
2015-10-14,0.1430,2026-08-21
2015-10-15,0.1541,2026-08-21
2015-10-16,0.1613,2026-08-21
2015-10-19,0.1610,2026-08-21
2015-10-20,0.1786,2026-08-21
2015-10-21,0.1696,2026-08-21
2015-10-22,0.1657,2026-08-21
2015-10-23,0.1881,2026-08-21
2015-10-26,0.1829,2026-08-21
2015-10-27,0.1685,2026-08-21
2015-10-28,0.1925,2026-08-21
2015-10-29,0.2235,2026-08-21
2015-10-30,0.2240,2026-08-21
2015-11-02,0.2382,2026-08-21
2015-11-03,0.2549,2026-08-21
2015-11-04,0.2718,2026-08-21
2015-11-05,0.2794,2026-08-21
2015-11-06,0.3137,2026-08-21
2015-11-09,0.3241,2026-08-21
2015-11-10,0.3151,2026-08-21
2015-11-11,.,2026-08-21
2015-11-12,0.3148,2026-08-21
2015-11-13,0.2979,2026-08-21
2015-11-16,0.2854,2026-08-21
2015-11-17,0.2761,2026-08-21
2015-11-18,0.2850,2026-08-21
2015-11-19,0.2805,2026-08-21
2015-11-20,0.2865,2026-08-21
2015-11-23,0.2801,2026-08-21
2015-11-24,0.2675,2026-08-21
2015-11-25,0.2604,2026-08-21
2015-11-26,.,2026-08-21
2015-11-27,0.2520,2026-08-21
2015-11-30,0.2441,2026-08-21
2015-12-01,0.2158,2026-08-21
2015-12-02,0.2206,2026-08-21
2015-12-03,0.2704,2026-08-21
2015-12-04,0.2659,2026-08-21
2015-12-07,0.2396,2026-08-21
2015-12-08,0.2311,2026-08-21
2015-12-09,0.2173,2026-08-21
2015-12-10,0.2263,2026-08-21
2015-12-11,0.1862,2026-08-21
2015-12-14,0.2146,2026-08-21
2015-12-15,0.2388,2026-08-21
2015-12-16,0.2625,2026-08-21
2015-12-17,0.2511,2026-08-21
2015-12-18,0.2329,2026-08-21
2015-12-21,0.2243,2026-08-21
2015-12-22,0.2411,2026-08-21
2015-12-23,0.2584,2026-08-21
2015-12-24,0.2578,2026-08-21
2015-12-25,.,2026-08-21
2015-12-28,0.2524,2026-08-21
2015-12-29,0.2800,2026-08-21
2015-12-30,0.2862,2026-08-21
2015-12-31,0.2776,2026-08-21
2016-01-01,.,2026-08-21
2016-01-04,0.2598,2026-08-21
2016-01-05,0.2568,2026-08-21
2016-01-06,0.2260,2026-08-21
2016-01-07,0.2045,2026-08-21
2016-01-08,0.1865,2026-08-21
2016-01-11,0.1893,2026-08-21
2016-01-12,0.1711,2026-08-21
2016-01-13,0.1485,2026-08-21
2016-01-14,0.1496,2026-08-21
2016-01-15,0.1267,2026-08-21
2016-01-18,.,2026-08-21
2016-01-19,0.1308,2026-08-21
2016-01-20,0.1120,2026-08-21
2016-01-21,0.1092,2026-08-21
2016-01-22,0.1235,2026-08-21
2016-01-25,0.1115,2026-08-21
2016-01-26,0.0988,2026-08-21
2016-01-27,0.0936,2026-08-21
2016-01-28,0.0811,2026-08-21
2016-01-29,0.0528,2026-08-21
2016-02-01,0.0599,2026-08-21
2016-02-02,0.0187,2026-08-21
2016-02-03,0.0087,2026-08-21
2016-02-04,0.0043,2026-08-21
2016-02-05,0.0006,2026-08-21
2016-02-08,-0.0424,2026-08-21
2016-02-09,-0.0544,2026-08-21
2016-02-10,-0.0642,2026-08-21
2016-02-11,-0.0906,2026-08-21
2016-02-12,-0.0560,2026-08-21
2016-02-15,.,2026-08-21
2016-02-16,-0.0364,2026-08-21
2016-02-17,-0.0177,2026-08-21
2016-02-18,-0.0367,2026-08-21
2016-02-19,-0.0349,2026-08-21
2016-02-22,-0.0330,2026-08-21
2016-02-23,-0.0440,2026-08-21
2016-02-24,-0.0457,2026-08-21
2016-02-25,-0.0658,2026-08-21
2016-02-26,-0.0427,2026-08-21
2016-02-29,-0.0465,2026-08-21
2016-03-01,-0.0103,2026-08-21
2016-03-02,0.0068,2026-08-21
2016-03-03,0.0105,2026-08-21
2016-03-04,0.0355,2026-08-21
2016-03-07,0.0518,2026-08-21
2016-03-08,0.0258,2026-08-21
2016-03-09,0.0394,2026-08-21
2016-03-10,0.0613,2026-08-21
2016-03-11,0.0824,2026-08-21
2016-03-14,0.0822,2026-08-21
2016-03-15,0.0823,2026-08-21
2016-03-16,0.0607,2026-08-21
2016-03-17,0.0483,2026-08-21
2016-03-18,0.0333,2026-08-21
2016-03-21,0.0455,2026-08-21
2016-03-22,0.0607,2026-08-21
2016-03-23,0.0393,2026-08-21
2016-03-24,0.0442,2026-08-21
2016-03-25,.,2026-08-21
2016-03-28,0.0368,2026-08-21
2016-03-29,0.0039,2026-08-21
2016-03-30,0.0018,2026-08-21
2016-03-31,-0.0181,2026-08-21
2016-04-01,-0.0155,2026-08-21
2016-04-04,-0.0242,2026-08-21
2016-04-05,-0.0450,2026-08-21
2016-04-06,-0.0377,2026-08-21
2016-04-07,-0.0616,2026-08-21
2016-04-08,-0.0605,2026-08-21
2016-04-11,-0.0575,2026-08-21
2016-04-12,-0.0334,2026-08-21
2016-04-13,-0.0318,2026-08-21
2016-04-14,-0.0191,2026-08-21
2016-04-15,-0.0312,2026-08-21
2016-04-18,-0.0261,2026-08-21
2016-04-19,-0.0153,2026-08-21
2016-04-20,0.0112,2026-08-21
2016-04-21,0.0259,2026-08-21
2016-04-22,0.0384,2026-08-21
2016-04-25,0.0460,2026-08-21
2016-04-26,0.0597,2026-08-21
2016-04-27,0.0372,2026-08-21
2016-04-28,0.0146,2026-08-21
2016-04-29,0.0066,2026-08-21
2016-05-02,0.0230,2026-08-21
2016-05-03,0.0005,2026-08-21
2016-05-04,-0.0112,2026-08-21
2016-05-05,-0.0284,2026-08-21
2016-05-06,-0.0207,2026-08-21
2016-05-09,-0.0326,2026-08-21
2016-05-10,-0.0347,2026-08-21
2016-05-11,-0.0421,2026-08-21
2016-05-12,-0.0329,2026-08-21
2016-05-13,-0.0464,2026-08-21
2016-05-16,-0.0330,2026-08-21
2016-05-17,-0.0252,2026-08-21
2016-05-18,0.0207,2026-08-21
2016-05-19,0.0221,2026-08-21
2016-05-20,0.0176,2026-08-21
2016-05-23,0.0102,2026-08-21
2016-05-24,0.0177,2026-08-21
2016-05-25,0.0239,2026-08-21
2016-05-26,0.0099,2026-08-21
2016-05-27,0.0182,2026-08-21
2016-05-30,.,2026-08-21
2016-05-31,0.0100,2026-08-21
2016-06-01,0.0147,2026-08-21
2016-06-02,0.0023,2026-08-21
2016-06-03,-0.0468,2026-08-21
2016-06-06,-0.0492,2026-08-21
2016-06-07,-0.0554,2026-08-21
2016-06-08,-0.0588,2026-08-21
2016-06-09,-0.0678,2026-08-21
2016-06-10,-0.0874,2026-08-21
2016-06-13,-0.1038,2026-08-21
2016-06-14,-0.1071,2026-08-21
2016-06-15,-0.1207,2026-08-21
2016-06-16,-0.1284,2026-08-21
2016-06-17,-0.1156,2026-08-21
2016-06-20,-0.0969,2026-08-21
2016-06-21,-0.0775,2026-08-21
2016-06-22,-0.0785,2026-08-21
2016-06-23,-0.0585,2026-08-21
2016-06-24,-0.1195,2026-08-21
2016-06-27,-0.1732,2026-08-21
2016-06-28,-0.1884,2026-08-21
2016-06-29,-0.1773,2026-08-21
2016-06-30,-0.1822,2026-08-21
2016-07-01,-0.1898,2026-08-21
2016-07-04,.,2026-08-21
2016-07-05,-0.2244,2026-08-21
2016-07-06,-0.2295,2026-08-21
2016-07-07,-0.2295,2026-08-21
2016-07-08,-0.2364,2026-08-21
2016-07-11,-0.2165,2026-08-21
2016-07-12,-0.1792,2026-08-21
2016-07-13,-0.1836,2026-08-21
2016-07-14,-0.1682,2026-08-21
2016-07-15,-0.1398,2026-08-21
2016-07-18,-0.1384,2026-08-21
2016-07-19,-0.1468,2026-08-21
2016-07-20,-0.1365,2026-08-21
2016-07-21,-0.1465,2026-08-21
2016-07-22,-0.1419,2026-08-21
2016-07-25,-0.1370,2026-08-21
2016-07-26,-0.1373,2026-08-21
2016-07-27,-0.1558,2026-08-21
2016-07-28,-0.1600,2026-08-21
2016-07-29,-0.1857,2026-08-21
2016-08-01,-0.1770,2026-08-21
2016-08-02,-0.1649,2026-08-21
2016-08-03,-0.1635,2026-08-21
2016-08-04,-0.1754,2026-08-21
2016-08-05,-0.1419,2026-08-21
2016-08-08,-0.1346,2026-08-21
2016-08-09,-0.1480,2026-08-21
2016-08-10,-0.1650,2026-08-21
2016-08-11,-0.1400,2026-08-21
2016-08-12,-0.1546,2026-08-21
2016-08-15,-0.1467,2026-08-21
2016-08-16,-0.1327,2026-08-21
2016-08-17,-0.1372,2026-08-21
2016-08-18,-0.1499,2026-08-21
2016-08-19,-0.1300,2026-08-21
2016-08-22,-0.1384,2026-08-21
2016-08-23,-0.1411,2026-08-21
2016-08-24,-0.1429,2026-08-21
2016-08-25,-0.1357,2026-08-21
2016-08-26,-0.1105,2026-08-21
2016-08-29,-0.1271,2026-08-21
2016-08-30,-0.1297,2026-08-21
2016-08-31,-0.1271,2026-08-21
2016-09-01,-0.1296,2026-08-21
2016-09-02,-0.1189,2026-08-21
2016-09-05,.,2026-08-21
2016-09-06,-0.1416,2026-08-21
2016-09-07,-0.1530,2026-08-21
2016-09-08,-0.1286,2026-08-21
2016-09-09,-0.1028,2026-08-21
2016-09-12,-0.1035,2026-08-21
2016-09-13,-0.0803,2026-08-21
2016-09-14,-0.0869,2026-08-21
2016-09-15,-0.0838,2026-08-21
2016-09-16,-0.0803,2026-08-21
2016-09-19,-0.0776,2026-08-21
2016-09-20,-0.0804,2026-08-21
2016-09-21,-0.0827,2026-08-21
2016-09-22,-0.0885,2026-08-21
2016-09-23,-0.0931,2026-08-21
2016-09-26,-0.1102,2026-08-21
2016-09-27,-0.1259,2026-08-21
2016-09-28,-0.1292,2026-08-21
2016-09-29,-0.1354,2026-08-21
2016-09-30,-0.1248,2026-08-21
2016-10-03,-0.1135,2026-08-21
2016-10-04,-0.0916,2026-08-21
2016-10-05,-0.0722,2026-08-21
2016-10-06,-0.0527,2026-08-21
2016-10-07,-0.0558,2026-08-21
2016-10-10,.,2026-08-21
2016-10-11,-0.0436,2026-08-21
2016-10-12,-0.0377,2026-08-21
2016-10-13,-0.0449,2026-08-21
2016-10-14,-0.0337,2026-08-21
2016-10-17,-0.0428,2026-08-21
2016-10-18,-0.0524,2026-08-21
2016-10-19,-0.0536,2026-08-21
2016-10-20,-0.0524,2026-08-21
2016-10-21,-0.0550,2026-08-21
2016-10-24,-0.0462,2026-08-21
2016-10-25,-0.0464,2026-08-21
2016-10-26,-0.0350,2026-08-21
2016-10-27,-0.0102,2026-08-21
2016-10-28,-0.0031,2026-08-21
2016-10-31,-0.0099,2026-08-21
2016-11-01,-0.0170,2026-08-21
2016-11-02,-0.0324,2026-08-21
2016-11-03,-0.0337,2026-08-21
2016-11-04,-0.0468,2026-08-21
2016-11-07,-0.0337,2026-08-21
2016-11-08,-0.0132,2026-08-21
2016-11-09,0.0633,2026-08-21
2016-11-10,0.1131,2026-08-21
2016-11-11,.,2026-08-21
2016-11-14,0.1593,2026-08-21
2016-11-15,0.1809,2026-08-21
2016-11-16,0.1884,2026-08-21
2016-11-17,0.2172,2026-08-21
2016-11-18,0.2498,2026-08-21
2016-11-21,0.2551,2026-08-21
2016-11-22,0.2507,2026-08-21
2016-11-23,0.2686,2026-08-21
2016-11-24,.,2026-08-21
2016-11-25,0.2746,2026-08-21
2016-11-28,0.2618,2026-08-21
2016-11-29,0.2523,2026-08-21
2016-11-30,0.2725,2026-08-21
2016-12-01,0.3092,2026-08-21
2016-12-02,0.2985,2026-08-21
2016-12-05,0.2932,2026-08-21
2016-12-06,0.2903,2026-08-21
2016-12-07,0.2707,2026-08-21
2016-12-08,0.2850,2026-08-21
2016-12-09,0.3122,2026-08-21
2016-12-12,0.3211,2026-08-21
2016-12-13,0.3239,2026-08-21
2016-12-14,0.3565,2026-08-21
2016-12-15,0.3919,2026-08-21
2016-12-16,0.3994,2026-08-21
2016-12-19,0.3796,2026-08-21
2016-12-20,0.3845,2026-08-21
2016-12-21,0.3783,2026-08-21
2016-12-22,0.3802,2026-08-21
2016-12-23,0.3791,2026-08-21
2016-12-26,.,2026-08-21
2016-12-27,0.3878,2026-08-21
2016-12-28,0.3689,2026-08-21
2016-12-29,0.3509,2026-08-21
2016-12-30,0.3322,2026-08-21
2017-01-02,.,2026-08-21
2017-01-03,0.3235,2026-08-21
2017-01-04,0.3224,2026-08-21
2017-01-05,0.2894,2026-08-21
2017-01-06,0.3016,2026-08-21
2017-01-09,0.2884,2026-08-21
2017-01-10,0.2851,2026-08-21
2017-01-11,0.2815,2026-08-21
2017-01-12,0.2746,2026-08-21
2017-01-13,0.2857,2026-08-21
2017-01-16,.,2026-08-21
2017-01-17,0.2593,2026-08-21
2017-01-18,0.2903,2026-08-21
2017-01-19,0.3172,2026-08-21
2017-01-20,0.3241,2026-08-21
2017-01-23,0.2972,2026-08-21
2017-01-24,0.3174,2026-08-21
2017-01-25,0.3449,2026-08-21
2017-01-26,0.3441,2026-08-21
2017-01-27,0.3368,2026-08-21
2017-01-30,0.3340,2026-08-21
2017-01-31,0.3170,2026-08-21
2017-02-01,0.3243,2026-08-21
2017-02-02,0.3217,2026-08-21
2017-02-03,0.3256,2026-08-21
2017-02-06,0.2965,2026-08-21
2017-02-07,0.2801,2026-08-21
2017-02-08,0.2597,2026-08-21
2017-02-09,0.2791,2026-08-21
2017-02-10,0.2875,2026-08-21
2017-02-13,0.2988,2026-08-21
2017-02-14,0.3214,2026-08-21
2017-02-15,0.3403,2026-08-21
2017-02-16,0.3214,2026-08-21
2017-02-17,0.3056,2026-08-21
2017-02-20,.,2026-08-21
2017-02-21,0.3014,2026-08-21
2017-02-22,0.2970,2026-08-21
2017-02-23,0.2805,2026-08-21
2017-02-24,0.2497,2026-08-21
2017-02-27,0.2654,2026-08-21
2017-02-28,0.2697,2026-08-21
2017-03-01,0.3007,2026-08-21
2017-03-02,0.3155,2026-08-21
2017-03-03,0.3100,2026-08-21
2017-03-06,0.3060,2026-08-21
2017-03-07,0.3020,2026-08-21
2017-03-08,0.3253,2026-08-21
2017-03-09,0.3470,2026-08-21
2017-03-10,0.3436,2026-08-21
2017-03-13,0.3511,2026-08-21
2017-03-14,0.3457,2026-08-21
2017-03-15,0.3074,2026-08-21
2017-03-16,0.3083,2026-08-21
2017-03-17,0.2997,2026-08-21
2017-03-20,0.2822,2026-08-21
2017-03-21,0.2592,2026-08-21
2017-03-22,0.2442,2026-08-21
2017-03-23,0.2420,2026-08-21
2017-03-24,0.2363,2026-08-21
2017-03-27,0.2272,2026-08-21
2017-03-28,0.2411,2026-08-21
2017-03-29,0.2286,2026-08-21
2017-03-30,0.2391,2026-08-21
2017-03-31,0.2325,2026-08-21
2017-04-03,0.2076,2026-08-21
2017-04-04,0.2025,2026-08-21
2017-04-05,0.1889,2026-08-21
2017-04-06,0.1882,2026-08-21
2017-04-07,0.2047,2026-08-21
2017-04-10,0.2000,2026-08-21
2017-04-11,0.1728,2026-08-21
2017-04-12,0.1573,2026-08-21
2017-04-13,0.1348,2026-08-21
2017-04-14,.,2026-08-21
2017-04-17,0.1359,2026-08-21
2017-04-18,0.1035,2026-08-21
2017-04-19,0.1086,2026-08-21
2017-04-20,0.1237,2026-08-21
2017-04-21,0.1250,2026-08-21
2017-04-24,0.1412,2026-08-21
2017-04-25,0.1682,2026-08-21
2017-04-26,0.1623,2026-08-21
2017-04-27,0.1534,2026-08-21
2017-04-28,0.1504,2026-08-21
2017-05-01,0.1599,2026-08-21
2017-05-02,0.1488,2026-08-21
2017-05-03,0.1616,2026-08-21
2017-05-04,0.1751,2026-08-21
2017-05-05,0.1746,2026-08-21
2017-05-08,0.1833,2026-08-21
2017-05-09,0.1954,2026-08-21
2017-05-10,0.1990,2026-08-21
2017-05-11,0.1944,2026-08-21
2017-05-12,0.1671,2026-08-21
2017-05-15,0.1640,2026-08-21
2017-05-16,0.1571,2026-08-21
2017-05-17,0.1168,2026-08-21
2017-05-18,0.1088,2026-08-21
2017-05-19,0.1075,2026-08-21
2017-05-22,0.1088,2026-08-21
2017-05-23,0.1225,2026-08-21
2017-05-24,0.1122,2026-08-21
2017-05-25,0.1055,2026-08-21
2017-05-26,0.1040,2026-08-21
2017-05-29,.,2026-08-21
2017-05-30,0.0894,2026-08-21
2017-05-31,0.0803,2026-08-21
2017-06-01,0.0791,2026-08-21
2017-06-02,0.0558,2026-08-21
2017-06-05,0.0599,2026-08-21
2017-06-06,0.0449,2026-08-21
2017-06-07,0.0512,2026-08-21
2017-06-08,0.0555,2026-08-21
2017-06-09,0.0622,2026-08-21
2017-06-12,0.0666,2026-08-21
2017-06-13,0.0670,2026-08-21
2017-06-14,0.0444,2026-08-21
2017-06-15,0.0426,2026-08-21
2017-06-16,0.0356,2026-08-21
2017-06-19,0.0504,2026-08-21
2017-06-20,0.0414,2026-08-21
2017-06-21,0.0436,2026-08-21
2017-06-22,0.0412,2026-08-21
2017-06-23,0.0411,2026-08-21
2017-06-26,0.0376,2026-08-21
2017-06-27,0.0597,2026-08-21
2017-06-28,0.0661,2026-08-21
2017-06-29,0.0854,2026-08-21
2017-06-30,0.1051,2026-08-21
2017-07-03,0.1283,2026-08-21
2017-07-04,.,2026-08-21
2017-07-05,0.1278,2026-08-21
2017-07-06,0.1417,2026-08-21
2017-07-07,0.1533,2026-08-21
2017-07-10,0.1497,2026-08-21
2017-07-11,0.1441,2026-08-21
2017-07-12,0.1258,2026-08-21
2017-07-13,0.1295,2026-08-21
2017-07-14,0.1220,2026-08-21
2017-07-17,0.1135,2026-08-21
2017-07-18,0.0968,2026-08-21
2017-07-19,0.0906,2026-08-21
2017-07-20,0.0829,2026-08-21
2017-07-21,0.0706,2026-08-21
2017-07-24,0.0723,2026-08-21
2017-07-25,0.0991,2026-08-21
2017-07-26,0.0877,2026-08-21
2017-07-27,0.0954,2026-08-21
2017-07-28,0.0946,2026-08-21
2017-07-31,0.0970,2026-08-21
2017-08-01,0.0834,2026-08-21
2017-08-02,0.0829,2026-08-21
2017-08-03,0.0702,2026-08-21
2017-08-04,0.0792,2026-08-21
2017-08-07,0.0817,2026-08-21
2017-08-08,0.0898,2026-08-21
2017-08-09,0.0762,2026-08-21
2017-08-10,0.0614,2026-08-21
2017-08-11,0.0476,2026-08-21
2017-08-14,0.0594,2026-08-21
2017-08-15,0.0795,2026-08-21
2017-08-16,0.0713,2026-08-21
2017-08-17,0.0579,2026-08-21
2017-08-18,0.0553,2026-08-21
2017-08-21,0.0517,2026-08-21
2017-08-22,0.0629,2026-08-21
2017-08-23,0.0503,2026-08-21
2017-08-24,0.0548,2026-08-21
2017-08-25,0.0485,2026-08-21
2017-08-28,0.0416,2026-08-21
2017-08-29,0.0251,2026-08-21
2017-08-30,0.0262,2026-08-21
2017-08-31,0.0187,2026-08-21
2017-09-01,0.0308,2026-08-21
2017-09-04,.,2026-08-21
2017-09-05,-0.0022,2026-08-21
2017-09-06,-0.0031,2026-08-21
2017-09-07,-0.0258,2026-08-21
2017-09-08,-0.0282,2026-08-21
2017-09-11,0.0001,2026-08-21
2017-09-12,0.0211,2026-08-21
2017-09-13,0.0376,2026-08-21
2017-09-14,0.0443,2026-08-21
2017-09-15,0.0519,2026-08-21
2017-09-18,0.0626,2026-08-21
2017-09-19,0.0688,2026-08-21
2017-09-20,0.0891,2026-08-21
2017-09-21,0.0916,2026-08-21
2017-09-22,0.0890,2026-08-21
2017-09-25,0.0704,2026-08-21
2017-09-26,0.0728,2026-08-21
2017-09-27,0.0946,2026-08-21
2017-09-28,0.0991,2026-08-21
2017-09-29,0.1117,2026-08-21
2017-10-02,0.1210,2026-08-21
2017-10-03,0.1159,2026-08-21
2017-10-04,0.1136,2026-08-21
2017-10-05,0.1212,2026-08-21
2017-10-06,0.1318,2026-08-21
2017-10-09,.,2026-08-21
2017-10-10,0.1226,2026-08-21
2017-10-11,0.1178,2026-08-21
2017-10-12,0.1110,2026-08-21
2017-10-13,0.0926,2026-08-21
2017-10-16,0.0987,2026-08-21
2017-10-17,0.1013,2026-08-21
2017-10-18,0.1162,2026-08-21
2017-10-19,0.1144,2026-08-21
2017-10-20,0.1338,2026-08-21
2017-10-23,0.1334,2026-08-21
2017-10-24,0.1479,2026-08-21
2017-10-25,0.1582,2026-08-21
2017-10-26,0.1692,2026-08-21
2017-10-27,0.1590,2026-08-21
2017-10-30,0.1391,2026-08-21
2017-10-31,0.1347,2026-08-21
2017-11-01,0.1281,2026-08-21
2017-11-02,0.1182,2026-08-21
2017-11-03,0.1092,2026-08-21
2017-11-06,0.0988,2026-08-21
2017-11-07,0.0905,2026-08-21
2017-11-08,0.0927,2026-08-21
2017-11-09,0.0920,2026-08-21
2017-11-10,0.1177,2026-08-21
2017-11-13,0.1278,2026-08-21
2017-11-14,0.1218,2026-08-21
2017-11-15,0.1036,2026-08-21
2017-11-16,0.1100,2026-08-21
2017-11-17,0.1037,2026-08-21
2017-11-20,0.1097,2026-08-21
2017-11-21,0.1112,2026-08-21
2017-11-22,0.0938,2026-08-21
2017-11-23,.,2026-08-21
2017-11-24,0.0959,2026-08-21
2017-11-27,0.0914,2026-08-21
2017-11-28,0.0923,2026-08-21
2017-11-29,0.1056,2026-08-21
2017-11-30,0.1290,2026-08-21
2017-12-01,0.1212,2026-08-21
2017-12-04,0.1236,2026-08-21
2017-12-05,0.1185,2026-08-21
2017-12-06,0.1015,2026-08-21
2017-12-07,0.1107,2026-08-21
2017-12-08,0.1171,2026-08-21
2017-12-11,0.1208,2026-08-21
2017-12-12,0.1249,2026-08-21
2017-12-13,0.1073,2026-08-21
2017-12-14,0.1047,2026-08-21
2017-12-15,0.1069,2026-08-21
2017-12-18,0.1120,2026-08-21
2017-12-19,0.1379,2026-08-21
2017-12-20,0.1561,2026-08-21
2017-12-21,0.1611,2026-08-21
2017-12-22,0.1649,2026-08-21
2017-12-25,.,2026-08-21
2017-12-26,0.1538,2026-08-21
2017-12-27,0.1309,2026-08-21
2017-12-28,0.1321,2026-08-21
2017-12-29,0.1233,2026-08-21
2018-01-01,.,2026-08-21
2018-01-02,0.1341,2026-08-21
2018-01-03,0.1334,2026-08-21
2018-01-04,0.1390,2026-08-21
2018-01-05,0.1485,2026-08-21
2018-01-08,0.1504,2026-08-21
2018-01-09,0.1711,2026-08-21
2018-01-10,0.1780,2026-08-21
2018-01-11,0.1787,2026-08-21
2018-01-12,0.1865,2026-08-21
2018-01-15,.,2026-08-21
2018-01-16,0.1844,2026-08-21
2018-01-17,0.1952,2026-08-21
2018-01-18,0.2135,2026-08-21
2018-01-19,0.2284,2026-08-21
2018-01-22,0.2374,2026-08-21
2018-01-23,0.2268,2026-08-21
2018-01-24,0.2337,2026-08-21
2018-01-25,0.2278,2026-08-21
2018-01-26,0.2445,2026-08-21
2018-01-29,0.2568,2026-08-21
2018-01-30,0.2696,2026-08-21
2018-01-31,0.2742,2026-08-21
2018-02-01,0.2969,2026-08-21
2018-02-02,0.3204,2026-08-21
2018-02-05,0.2957,2026-08-21
2018-02-06,0.2958,2026-08-21
2018-02-07,0.3147,2026-08-21
2018-02-08,0.3200,2026-08-21
2018-02-09,0.3075,2026-08-21
2018-02-12,0.3135,2026-08-21
2018-02-13,0.3046,2026-08-21
2018-02-14,0.3406,2026-08-21
2018-02-15,0.3446,2026-08-21
2018-02-16,0.3347,2026-08-21
2018-02-19,.,2026-08-21
2018-02-20,0.3309,2026-08-21
2018-02-21,0.3478,2026-08-21
2018-02-22,0.3445,2026-08-21
2018-02-23,0.3275,2026-08-21
2018-02-26,0.3115,2026-08-21
2018-02-27,0.3268,2026-08-21
2018-02-28,0.3210,2026-08-21
2018-03-01,0.2970,2026-08-21
2018-03-02,0.3098,2026-08-21
2018-03-05,0.3157,2026-08-21
2018-03-06,0.3174,2026-08-21
2018-03-07,0.3190,2026-08-21
2018-03-08,0.3103,2026-08-21
2018-03-09,0.3190,2026-08-21
2018-03-12,0.3089,2026-08-21
2018-03-13,0.2937,2026-08-21
2018-03-14,0.2775,2026-08-21
2018-03-15,0.2729,2026-08-21
2018-03-16,0.2797,2026-08-21
2018-03-19,0.2788,2026-08-21
2018-03-20,0.2913,2026-08-21
2018-03-21,0.2993,2026-08-21
2018-03-22,0.2806,2026-08-21
2018-03-23,0.2708,2026-08-21
2018-03-26,0.2779,2026-08-21
2018-03-27,0.2510,2026-08-21
2018-03-28,0.2479,2026-08-21
2018-03-29,0.2350,2026-08-21
2018-03-30,.,2026-08-21
2018-04-02,0.2252,2026-08-21
2018-04-03,0.2439,2026-08-21
2018-04-04,0.2548,2026-08-21
2018-04-05,0.2701,2026-08-21
2018-04-06,0.2515,2026-08-21
2018-04-09,0.2496,2026-08-21
2018-04-10,0.2569,2026-08-21
2018-04-11,0.2526,2026-08-21
2018-04-12,0.2719,2026-08-21
2018-04-13,0.2731,2026-08-21
2018-04-16,0.2736,2026-08-21
2018-04-17,0.2662,2026-08-21
2018-04-18,0.2833,2026-08-21
2018-04-19,0.3036,2026-08-21
2018-04-20,0.3251,2026-08-21
2018-04-23,0.3371,2026-08-21
2018-04-24,0.3415,2026-08-21
2018-04-25,0.3548,2026-08-21
2018-04-26,0.3513,2026-08-21
2018-04-27,0.3396,2026-08-21
2018-04-30,0.3293,2026-08-21
2018-05-01,0.3333,2026-08-21
2018-05-02,0.3324,2026-08-21
2018-05-03,0.3240,2026-08-21
2018-05-04,0.3269,2026-08-21
2018-05-07,0.3264,2026-08-21
2018-05-08,0.3339,2026-08-21
2018-05-09,0.3463,2026-08-21
2018-05-10,0.3419,2026-08-21
2018-05-11,0.3386,2026-08-21
2018-05-14,0.3420,2026-08-21
2018-05-15,0.3721,2026-08-21
2018-05-16,0.3866,2026-08-21
2018-05-17,0.3950,2026-08-21
2018-05-18,0.3810,2026-08-21
2018-05-21,0.3743,2026-08-21
2018-05-22,0.3719,2026-08-21
2018-05-23,0.3486,2026-08-21
2018-05-24,0.3338,2026-08-21
2018-05-25,0.3136,2026-08-21
2018-05-28,.,2026-08-21
2018-05-29,0.2376,2026-08-21
2018-05-30,0.2491,2026-08-21
2018-05-31,0.2481,2026-08-21
2018-06-01,0.2734,2026-08-21
2018-06-04,0.2935,2026-08-21
2018-06-05,0.2867,2026-08-21
2018-06-06,0.3083,2026-08-21
2018-06-07,0.2972,2026-08-21
2018-06-08,0.2956,2026-08-21
2018-06-11,0.3049,2026-08-21
2018-06-12,0.3137,2026-08-21
2018-06-13,0.3279,2026-08-21
2018-06-14,0.3165,2026-08-21
2018-06-15,0.3103,2026-08-21
2018-06-18,0.3045,2026-08-21
2018-06-19,0.2877,2026-08-21
2018-06-20,0.2972,2026-08-21
2018-06-21,0.2888,2026-08-21
2018-06-22,0.2883,2026-08-21
2018-06-25,0.2763,2026-08-21
2018-06-26,0.2733,2026-08-21
2018-06-27,0.2558,2026-08-21
2018-06-28,0.2571,2026-08-21
2018-06-29,0.2603,2026-08-21
2018-07-02,0.2638,2026-08-21
2018-07-03,0.2505,2026-08-21
2018-07-04,.,2026-08-21
2018-07-05,0.2507,2026-08-21
2018-07-06,0.2429,2026-08-21
2018-07-09,0.2529,2026-08-21
2018-07-10,0.2599,2026-08-21
2018-07-11,0.2534,2026-08-21
2018-07-12,0.2534,2026-08-21
2018-07-13,0.2443,2026-08-21
2018-07-16,0.2457,2026-08-21
2018-07-17,0.2495,2026-08-21
2018-07-18,0.2540,2026-08-21
2018-07-19,0.2441,2026-08-21
2018-07-20,0.2591,2026-08-21
2018-07-23,0.2889,2026-08-21
2018-07-24,0.2910,2026-08-21
2018-07-25,0.2890,2026-08-21
2018-07-26,0.3089,2026-08-21
2018-07-27,0.3051,2026-08-21
2018-07-30,0.3056,2026-08-21
2018-07-31,0.2979,2026-08-21
2018-08-01,0.3112,2026-08-21
2018-08-02,0.3074,2026-08-21
2018-08-03,0.2933,2026-08-21
2018-08-06,0.2813,2026-08-21
2018-08-07,0.2908,2026-08-21
2018-08-08,0.2914,2026-08-21
2018-08-09,0.2767,2026-08-21
2018-08-10,0.2508,2026-08-21
2018-08-13,0.2432,2026-08-21
2018-08-14,0.2464,2026-08-21
2018-08-15,0.2337,2026-08-21
2018-08-16,0.2353,2026-08-21
2018-08-17,0.2357,2026-08-21
2018-08-20,0.2156,2026-08-21
2018-08-21,0.2183,2026-08-21
2018-08-22,0.2095,2026-08-21
2018-08-23,0.2084,2026-08-21
2018-08-24,0.2097,2026-08-21
2018-08-27,0.2165,2026-08-21
2018-08-28,0.2295,2026-08-21
2018-08-29,0.2347,2026-08-21
2018-08-30,0.2242,2026-08-21
2018-08-31,0.2206,2026-08-21
2018-09-03,.,2026-08-21
2018-09-04,0.2335,2026-08-21
2018-09-05,0.2343,2026-08-21
2018-09-06,0.2277,2026-08-21
2018-09-07,0.2523,2026-08-21
2018-09-10,0.2544,2026-08-21
2018-09-11,0.2720,2026-08-21
2018-09-12,0.2709,2026-08-21
2018-09-13,0.2717,2026-08-21
2018-09-14,0.2830,2026-08-21
2018-09-17,0.2829,2026-08-21
2018-09-18,0.3029,2026-08-21
2018-09-19,0.3183,2026-08-21
2018-09-20,0.3206,2026-08-21
2018-09-21,0.3188,2026-08-21
2018-09-24,0.3192,2026-08-21
2018-09-25,0.3262,2026-08-21
2018-09-26,0.3161,2026-08-21
2018-09-27,0.3136,2026-08-21
2018-09-28,0.3096,2026-08-21
2018-10-01,0.3163,2026-08-21
2018-10-02,0.3056,2026-08-21
2018-10-03,0.3360,2026-08-21
2018-10-04,0.3613,2026-08-21
2018-10-05,0.3826,2026-08-21
2018-10-08,.,2026-08-21
2018-10-09,0.3767,2026-08-21
2018-10-10,0.3751,2026-08-21
2018-10-11,0.3502,2026-08-21
2018-10-12,0.3435,2026-08-21
2018-10-15,0.3427,2026-08-21
2018-10-16,0.3409,2026-08-21
2018-10-17,0.3506,2026-08-21
2018-10-18,0.3459,2026-08-21
2018-10-19,0.3570,2026-08-21
2018-10-22,0.3544,2026-08-21
2018-10-23,0.3420,2026-08-21
2018-10-24,0.3089,2026-08-21
2018-10-25,0.3160,2026-08-21
2018-10-26,0.2930,2026-08-21
2018-10-29,0.2856,2026-08-21
2018-10-30,0.2978,2026-08-21
2018-10-31,0.3160,2026-08-21
2018-11-01,0.3154,2026-08-21
2018-11-02,0.3460,2026-08-21
2018-11-05,0.3451,2026-08-21
2018-11-06,0.3517,2026-08-21
2018-11-07,0.3569,2026-08-21
2018-11-08,0.3671,2026-08-21
2018-11-09,0.3512,2026-08-21
2018-11-12,.,2026-08-21
2018-11-13,0.3214,2026-08-21
2018-11-14,0.3031,2026-08-21
2018-11-15,0.2935,2026-08-21
2018-11-16,0.2780,2026-08-21
2018-11-19,0.2638,2026-08-21
2018-11-20,0.2612,2026-08-21
2018-11-21,0.2632,2026-08-21
2018-11-22,.,2026-08-21
2018-11-23,0.2569,2026-08-21
2018-11-26,0.2619,2026-08-21
2018-11-27,0.2596,2026-08-21
2018-11-28,0.2516,2026-08-21
2018-11-29,0.2469,2026-08-21
2018-11-30,0.2380,2026-08-21
2018-12-03,0.2277,2026-08-21
2018-12-04,0.1935,2026-08-21
2018-12-05,.,2026-08-21
2018-12-06,0.1682,2026-08-21
2018-12-07,0.1482,2026-08-21
2018-12-10,0.1409,2026-08-21
2018-12-11,0.1564,2026-08-21
2018-12-12,0.1647,2026-08-21
2018-12-13,0.1616,2026-08-21
2018-12-14,0.1540,2026-08-21
2018-12-17,0.1383,2026-08-21
2018-12-18,0.1231,2026-08-21
2018-12-19,0.1022,2026-08-21
2018-12-20,0.1073,2026-08-21
2018-12-21,0.1060,2026-08-21
2018-12-24,0.0817,2026-08-21
2018-12-25,.,2026-08-21
2018-12-26,0.1042,2026-08-21
2018-12-27,0.0923,2026-08-21
2018-12-28,0.0734,2026-08-21
2018-12-31,0.0497,2026-08-21
2019-01-01,.,2026-08-21
2019-01-02,0.0327,2026-08-21
2019-01-03,-0.0143,2026-08-21
2019-01-04,0.0184,2026-08-21
2019-01-07,0.0371,2026-08-21
2019-01-08,0.0535,2026-08-21
2019-01-09,0.0587,2026-08-21
2019-01-10,0.0618,2026-08-21
2019-01-11,0.0524,2026-08-21
2019-01-14,0.0495,2026-08-21
2019-01-15,0.0508,2026-08-21
2019-01-16,0.0587,2026-08-21
2019-01-17,0.0738,2026-08-21
2019-01-18,0.0942,2026-08-21
2019-01-21,.,2026-08-21
2019-01-22,0.0792,2026-08-21
2019-01-23,0.0816,2026-08-21
2019-01-24,0.0703,2026-08-21
2019-01-25,0.0817,2026-08-21
2019-01-28,0.0793,2026-08-21
2019-01-29,0.0641,2026-08-21
2019-01-30,0.0480,2026-08-21
2019-01-31,0.0182,2026-08-21
2019-02-01,0.0421,2026-08-21
2019-02-04,0.0590,2026-08-21
2019-02-05,0.0549,2026-08-21
2019-02-06,0.0496,2026-08-21
2019-02-07,0.0302,2026-08-21
2019-02-08,0.0182,2026-08-21
2019-02-11,0.0231,2026-08-21
2019-02-12,0.0351,2026-08-21
2019-02-13,0.0497,2026-08-21
2019-02-14,0.0336,2026-08-21
2019-02-15,0.0337,2026-08-21
2019-02-18,.,2026-08-21
2019-02-19,0.0243,2026-08-21
2019-02-20,0.0211,2026-08-21
2019-02-21,0.0351,2026-08-21
2019-02-22,0.0245,2026-08-21
2019-02-25,0.0268,2026-08-21
2019-02-26,0.0158,2026-08-21
2019-02-27,0.0319,2026-08-21
2019-02-28,0.0520,2026-08-21
2019-03-01,0.0728,2026-08-21
2019-03-04,0.0619,2026-08-21
2019-03-05,0.0574,2026-08-21
2019-03-06,0.0415,2026-08-21
2019-03-07,0.0184,2026-08-21
2019-03-08,0.0042,2026-08-21
2019-03-11,0.0063,2026-08-21
2019-03-12,-0.0064,2026-08-21
2019-03-13,-0.0073,2026-08-21
2019-03-14,0.0006,2026-08-21
2019-03-15,-0.0109,2026-08-21
2019-03-18,-0.0072,2026-08-21
2019-03-19,-0.0046,2026-08-21
2019-03-20,-0.0326,2026-08-21
2019-03-21,-0.0408,2026-08-21
2019-03-22,-0.0806,2026-08-21
2019-03-25,-0.1010,2026-08-21
2019-03-26,-0.1151,2026-08-21
2019-03-27,-0.1227,2026-08-21
2019-03-28,-0.1167,2026-08-21
2019-03-29,-0.1050,2026-08-21
2019-04-01,-0.0705,2026-08-21
2019-04-02,-0.0685,2026-08-21
2019-04-03,-0.0526,2026-08-21
2019-04-04,-0.0513,2026-08-21
2019-04-05,-0.0535,2026-08-21
2019-04-08,-0.0475,2026-08-21
2019-04-09,-0.0523,2026-08-21
2019-04-10,-0.0660,2026-08-21
2019-04-11,-0.0564,2026-08-21
2019-04-12,-0.0306,2026-08-21
2019-04-15,-0.0276,2026-08-21
2019-04-16,-0.0110,2026-08-21
2019-04-17,-0.0073,2026-08-21
2019-04-18,-0.0164,2026-08-21
2019-04-19,.,2026-08-21
2019-04-22,-0.0106,2026-08-21
2019-04-23,-0.0180,2026-08-21
2019-04-24,-0.0385,2026-08-21
2019-04-25,-0.0381,2026-08-21
2019-04-26,-0.0511,2026-08-21
2019-04-29,-0.0433,2026-08-21
2019-04-30,-0.0546,2026-08-21
2019-05-01,-0.0475,2026-08-21
2019-05-02,-0.0351,2026-08-21
2019-05-03,-0.0372,2026-08-21
2019-05-06,-0.0505,2026-08-21
2019-05-07,-0.0733,2026-08-21
2019-05-08,-0.0654,2026-08-21
2019-05-09,-0.0786,2026-08-21
2019-05-10,-0.0747,2026-08-21
2019-05-13,-0.1033,2026-08-21
2019-05-14,-0.0998,2026-08-21
2019-05-15,-0.1189,2026-08-21
2019-05-16,-0.1123,2026-08-21
2019-05-17,-0.1128,2026-08-21
2019-05-20,-0.1013,2026-08-21
2019-05-21,-0.0886,2026-08-21
2019-05-22,-0.1011,2026-08-21
2019-05-23,-0.1376,2026-08-21
2019-05-24,-0.1384,2026-08-21
2019-05-27,.,2026-08-21
2019-05-28,-0.1628,2026-08-21
2019-05-29,-0.1745,2026-08-21
2019-05-30,-0.1915,2026-08-21
2019-05-31,-0.2298,2026-08-21
2019-06-03,-0.2718,2026-08-21
2019-06-04,-0.2538,2026-08-21
2019-06-05,-0.2525,2026-08-21
2019-06-06,-0.2410,2026-08-21
2019-06-07,-0.2477,2026-08-21
2019-06-10,-0.2238,2026-08-21
2019-06-11,-0.2141,2026-08-21
2019-06-12,-0.2237,2026-08-21
2019-06-13,-0.2359,2026-08-21
2019-06-14,-0.2359,2026-08-21
2019-06-17,-0.2378,2026-08-21
2019-06-18,-0.2491,2026-08-21
2019-06-19,-0.2678,2026-08-21
2019-06-20,-0.2728,2026-08-21
2019-06-21,-0.2448,2026-08-21
2019-06-24,-0.2584,2026-08-21
2019-06-25,-0.2686,2026-08-21
2019-06-26,-0.2492,2026-08-21
2019-06-27,-0.2617,2026-08-21
2019-06-28,-0.2680,2026-08-21
2019-07-01,-0.2605,2026-08-21
2019-07-02,-0.2790,2026-08-21
2019-07-03,-0.2930,2026-08-21
2019-07-04,.,2026-08-21
2019-07-05,-0.2610,2026-08-21
2019-07-08,-0.2542,2026-08-21
2019-07-09,-0.2450,2026-08-21
2019-07-10,-0.2500,2026-08-21
2019-07-11,-0.2223,2026-08-21
2019-07-12,-0.2167,2026-08-21
2019-07-15,-0.2203,2026-08-21
2019-07-16,-0.2059,2026-08-21
2019-07-17,-0.2246,2026-08-21
2019-07-18,-0.2418,2026-08-21
2019-07-19,-0.2372,2026-08-21
2019-07-22,-0.2363,2026-08-21
2019-07-23,-0.2277,2026-08-21
2019-07-24,-0.2350,2026-08-21
2019-07-25,-0.2270,2026-08-21
2019-07-26,-0.2268,2026-08-21
2019-07-29,-0.2357,2026-08-21
2019-07-30,-0.2347,2026-08-21
2019-07-31,-0.2398,2026-08-21
2019-08-01,-0.2996,2026-08-21
2019-08-02,-0.3223,2026-08-21
2019-08-05,-0.3719,2026-08-21
2019-08-06,-0.3910,2026-08-21
2019-08-07,-0.3990,2026-08-21
2019-08-08,-0.3943,2026-08-21
2019-08-09,-0.3813,2026-08-21
2019-08-12,-0.4119,2026-08-21
2019-08-13,-0.3974,2026-08-21
2019-08-14,-0.4220,2026-08-21
2019-08-15,-0.4539,2026-08-21
2019-08-16,-0.4504,2026-08-21
2019-08-19,-0.4303,2026-08-21
2019-08-20,-0.4469,2026-08-21
2019-08-21,-0.4336,2026-08-21
2019-08-22,-0.4231,2026-08-21
2019-08-23,-0.4583,2026-08-21
2019-08-26,-0.4583,2026-08-21
2019-08-27,-0.4786,2026-08-21
2019-08-28,-0.4910,2026-08-21
2019-08-29,-0.4814,2026-08-21
2019-08-30,-0.4838,2026-08-21
2019-09-02,.,2026-08-21
2019-09-03,-0.4967,2026-08-21
2019-09-04,-0.5043,2026-08-21
2019-09-05,-0.4616,2026-08-21
2019-09-06,-0.4557,2026-08-21
2019-09-09,-0.4246,2026-08-21
2019-09-10,-0.3798,2026-08-21
2019-09-11,-0.3596,2026-08-21
2019-09-12,-0.3348,2026-08-21
2019-09-13,-0.2862,2026-08-21
2019-09-16,-0.2994,2026-08-21
2019-09-17,-0.3146,2026-08-21
2019-09-18,-0.3120,2026-08-21
2019-09-19,-0.3195,2026-08-21
2019-09-20,-0.3399,2026-08-21
2019-09-23,-0.3567,2026-08-21
2019-09-24,-0.3907,2026-08-21
2019-09-25,-0.3628,2026-08-21
2019-09-26,-0.3579,2026-08-21
2019-09-27,-0.3619,2026-08-21
2019-09-30,-0.3677,2026-08-21
2019-10-01,-0.3801,2026-08-21
2019-10-02,-0.4011,2026-08-21
2019-10-03,-0.4267,2026-08-21
2019-10-04,-0.4325,2026-08-21
2019-10-07,-0.4193,2026-08-21
2019-10-08,-0.4255,2026-08-21
2019-10-09,-0.4046,2026-08-21
2019-10-10,-0.3669,2026-08-21
2019-10-11,-0.3152,2026-08-21
2019-10-14,.,2026-08-21
2019-10-15,-0.2986,2026-08-21
2019-10-16,-0.3006,2026-08-21
2019-10-17,-0.2951,2026-08-21
2019-10-18,-0.2953,2026-08-21
2019-10-21,-0.2787,2026-08-21
2019-10-22,-0.2791,2026-08-21
2019-10-23,-0.2828,2026-08-21
2019-10-24,-0.2821,2026-08-21
2019-10-25,-0.2698,2026-08-21
2019-10-28,-0.2484,2026-08-21
2019-10-29,-0.2436,2026-08-21
2019-10-30,-0.2618,2026-08-21
2019-10-31,-0.2973,2026-08-21
2019-11-01,-0.2878,2026-08-21
2019-11-04,-0.2626,2026-08-21
2019-11-05,-0.2293,2026-08-21
2019-11-06,-0.2353,2026-08-21
2019-11-07,-0.1912,2026-08-21
2019-11-08,-0.1730,2026-08-21
2019-11-11,.,2026-08-21
2019-11-12,-0.1783,2026-08-21
2019-11-13,-0.1960,2026-08-21
2019-11-14,-0.2227,2026-08-21
2019-11-15,-0.2231,2026-08-21
2019-11-18,-0.2335,2026-08-21
2019-11-19,-0.2429,2026-08-21
2019-11-20,-0.2660,2026-08-21
2019-11-21,-0.2559,2026-08-21
2019-11-22,-0.2539,2026-08-21
2019-11-25,-0.2586,2026-08-21
2019-11-26,-0.2715,2026-08-21
2019-11-27,-0.2612,2026-08-21
2019-11-28,.,2026-08-21
2019-11-29,-0.2569,2026-08-21
2019-12-02,-0.2392,2026-08-21
2019-12-03,-0.2759,2026-08-21
2019-12-04,-0.2605,2026-08-21
2019-12-05,-0.2453,2026-08-21
2019-12-06,-0.2216,2026-08-21
2019-12-09,-0.2180,2026-08-21
2019-12-10,-0.2118,2026-08-21
2019-12-11,-0.2311,2026-08-21
2019-12-12,-0.1952,2026-08-21
2019-12-13,-0.2164,2026-08-21
2019-12-16,-0.1979,2026-08-21
2019-12-17,-0.1934,2026-08-21
2019-12-18,-0.1788,2026-08-21
2019-12-19,-0.1771,2026-08-21
2019-12-20,-0.1749,2026-08-21
2019-12-23,-0.1713,2026-08-21
2019-12-24,-0.1823,2026-08-21
2019-12-25,.,2026-08-21
2019-12-26,-0.1855,2026-08-21
2019-12-27,-0.1986,2026-08-21
2019-12-30,-0.1981,2026-08-21
2019-12-31,-0.1876,2026-08-21
2020-01-01,.,2026-08-21
2020-01-02,-0.1979,2026-08-21
2020-01-03,-0.2283,2026-08-21
2020-01-06,-0.2336,2026-08-21
2020-01-07,-0.2286,2026-08-21
2020-01-08,-0.2099,2026-08-21
2020-01-09,-0.2130,2026-08-21
2020-01-10,-0.2218,2026-08-21
2020-01-13,-0.2199,2026-08-21
2020-01-14,-0.2308,2026-08-21
2020-01-15,-0.2469,2026-08-21
2020-01-16,-0.2403,2026-08-21
2020-01-17,-0.2327,2026-08-21
2020-01-20,.,2026-08-21
2020-01-21,-0.2530,2026-08-21
2020-01-22,-0.2595,2026-08-21
2020-01-23,-0.2737,2026-08-21
2020-01-24,-0.2922,2026-08-21
2020-01-27,-0.3335,2026-08-21
2020-01-28,-0.3319,2026-08-21
2020-01-29,-0.3544,2026-08-21
2020-01-30,-0.3707,2026-08-21
2020-01-31,-0.3998,2026-08-21
2020-02-03,-0.3972,2026-08-21
2020-02-04,-0.3693,2026-08-21
2020-02-05,-0.3428,2026-08-21
2020-02-06,-0.3407,2026-08-21
2020-02-07,-0.3592,2026-08-21
2020-02-10,-0.3781,2026-08-21
2020-02-11,-0.3705,2026-08-21
2020-02-12,-0.3513,2026-08-21
2020-02-13,-0.3518,2026-08-21
2020-02-14,-0.3597,2026-08-21
2020-02-17,.,2026-08-21
2020-02-18,-0.3751,2026-08-21
2020-02-19,-0.3732,2026-08-21
2020-02-20,-0.3901,2026-08-21
2020-02-21,-0.4188,2026-08-21
2020-02-24,-0.4565,2026-08-21
2020-02-25,-0.4858,2026-08-21
2020-02-26,-0.4930,2026-08-21
2020-02-27,-0.4994,2026-08-21
2020-02-28,-0.5573,2026-08-21
2020-03-02,-0.5512,2026-08-21
2020-03-03,-0.5637,2026-08-21
2020-03-04,-0.5392,2026-08-21
2020-03-05,-0.5438,2026-08-21
2020-03-06,-0.5686,2026-08-21
2020-03-09,-0.6096,2026-08-21
2020-03-10,-0.5344,2026-08-21
2020-03-11,-0.5080,2026-08-21
2020-03-12,-0.4737,2026-08-21
2020-03-13,-0.4354,2026-08-21
2020-03-16,-0.5043,2026-08-21
2020-03-17,-0.4117,2026-08-21
2020-03-18,-0.3004,2026-08-21
2020-03-19,-0.2910,2026-08-21
2020-03-20,-0.3546,2026-08-21
2020-03-23,-0.4429,2026-08-21
2020-03-24,-0.4242,2026-08-21
2020-03-25,-0.4159,2026-08-21
2020-03-26,-0.4300,2026-08-21
2020-03-27,-0.4761,2026-08-21
2020-03-30,-0.5058,2026-08-21
2020-03-31,-0.5203,2026-08-21
2020-04-01,-0.5479,2026-08-21
2020-04-02,-0.5509,2026-08-21
2020-04-03,-0.5542,2026-08-21
2020-04-06,-0.5392,2026-08-21
2020-04-07,-0.5176,2026-08-21
2020-04-08,-0.5156,2026-08-21
2020-04-09,-0.5377,2026-08-21
2020-04-10,.,2026-08-21
2020-04-13,-0.5347,2026-08-21
2020-04-14,-0.5371,2026-08-21
2020-04-15,-0.5740,2026-08-21
2020-04-16,-0.5840,2026-08-21
2020-04-17,-0.5717,2026-08-21
2020-04-20,-0.5767,2026-08-21
2020-04-21,-0.5885,2026-08-21
2020-04-22,-0.5768,2026-08-21
2020-04-23,-0.5776,2026-08-21
2020-04-24,-0.5799,2026-08-21
2020-04-27,-0.5610,2026-08-21
2020-04-28,-0.5715,2026-08-21
2020-04-29,-0.5744,2026-08-21
2020-04-30,-0.5691,2026-08-21
2020-05-01,-0.5682,2026-08-21
2020-05-04,-0.5728,2026-08-21
2020-05-05,-0.5703,2026-08-21
2020-05-06,-0.5556,2026-08-21
2020-05-07,-0.5848,2026-08-21
2020-05-08,-0.5736,2026-08-21
2020-05-11,-0.5593,2026-08-21
2020-05-12,-0.5674,2026-08-21
2020-05-13,-0.5830,2026-08-21
2020-05-14,-0.5918,2026-08-21
2020-05-15,-0.5894,2026-08-21
2020-05-18,-0.5600,2026-08-21
2020-05-19,-0.5629,2026-08-21
2020-05-20,-0.5684,2026-08-21
2020-05-21,-0.5698,2026-08-21
2020-05-22,-0.5787,2026-08-21
2020-05-25,.,2026-08-21
2020-05-26,-0.5722,2026-08-21
2020-05-27,-0.5768,2026-08-21
2020-05-28,-0.5741,2026-08-21
2020-05-29,-0.5904,2026-08-21
2020-06-01,-0.5922,2026-08-21
2020-06-02,-0.5869,2026-08-21
2020-06-03,-0.5583,2026-08-21
2020-06-04,-0.5345,2026-08-21
2020-06-05,-0.4952,2026-08-21
2020-06-08,-0.4925,2026-08-21
2020-06-09,-0.5105,2026-08-21
2020-06-10,-0.5455,2026-08-21
2020-06-11,-0.5767,2026-08-21
2020-06-12,-0.5760,2026-08-21
2020-06-15,-0.5773,2026-08-21
2020-06-16,-0.5665,2026-08-21
2020-06-17,-0.5676,2026-08-21
2020-06-18,-0.5748,2026-08-21
2020-06-19,-0.5772,2026-08-21
2020-06-22,-0.5763,2026-08-21
2020-06-23,-0.5756,2026-08-21
2020-06-24,-0.5837,2026-08-21
2020-06-25,-0.5852,2026-08-21
2020-06-26,-0.5986,2026-08-21
2020-06-29,-0.6082,2026-08-21
2020-06-30,-0.6055,2026-08-21
2020-07-01,-0.5934,2026-08-21
2020-07-02,-0.5953,2026-08-21
2020-07-03,.,2026-08-21
2020-07-06,-0.5905,2026-08-21
2020-07-07,-0.6023,2026-08-21
2020-07-08,-0.6027,2026-08-21
2020-07-09,-0.6144,2026-08-21
2020-07-10,-0.6057,2026-08-21
2020-07-13,-0.6074,2026-08-21
2020-07-14,-0.6126,2026-08-21
2020-07-15,-0.6127,2026-08-21
2020-07-16,-0.6139,2026-08-21
2020-07-17,-0.6090,2026-08-21
2020-07-20,-0.6110,2026-08-21
2020-07-21,-0.6176,2026-08-21
2020-07-22,-0.6206,2026-08-21
2020-07-23,-0.6238,2026-08-21
2020-07-24,-0.6238,2026-08-21
2020-07-27,-0.6158,2026-08-21
2020-07-28,-0.6253,2026-08-21
2020-07-29,-0.6309,2026-08-21
2020-07-30,-0.6417,2026-08-21
2020-07-31,-0.6471,2026-08-21
2020-08-03,-0.6458,2026-08-21
2020-08-04,-0.6587,2026-08-21
2020-08-05,-0.6519,2026-08-21
2020-08-06,-0.6527,2026-08-21
2020-08-07,-0.6443,2026-08-21
2020-08-10,-0.6385,2026-08-21
2020-08-11,-0.6187,2026-08-21
2020-08-12,-0.5991,2026-08-21
2020-08-13,-0.5826,2026-08-21
2020-08-14,-0.5810,2026-08-21
2020-08-17,-0.5868,2026-08-21
2020-08-18,-0.5933,2026-08-21
2020-08-19,-0.5932,2026-08-21
2020-08-20,-0.6026,2026-08-21
2020-08-21,-0.6063,2026-08-21
2020-08-24,-0.6037,2026-08-21
2020-08-25,-0.5933,2026-08-21
2020-08-26,-0.5889,2026-08-21
2020-08-27,-0.5721,2026-08-21
2020-08-28,-0.5723,2026-08-21
2020-08-31,-0.5781,2026-08-21
2020-09-01,-0.5926,2026-08-21
2020-09-02,-0.6008,2026-08-21
2020-09-03,-0.6140,2026-08-21
2020-09-04,-0.5878,2026-08-21
2020-09-07,.,2026-08-21
2020-09-08,-0.5932,2026-08-21
2020-09-09,-0.5913,2026-08-21
2020-09-10,-0.5975,2026-08-21
2020-09-11,-0.6019,2026-08-21
2020-09-14,-0.6009,2026-08-21
2020-09-15,-0.6001,2026-08-21
2020-09-16,-0.5961,2026-08-21
2020-09-17,-0.5935,2026-08-21
2020-09-18,-0.5890,2026-08-21
2020-09-21,-0.5938,2026-08-21
2020-09-22,-0.5971,2026-08-21
2020-09-23,-0.5968,2026-08-21
2020-09-24,-0.5983,2026-08-21
2020-09-25,-0.6024,2026-08-21
2020-09-28,-0.6034,2026-08-21
2020-09-29,-0.6068,2026-08-21
2020-09-30,-0.5978,2026-08-21
2020-10-01,-0.5961,2026-08-21
2020-10-02,-0.5889,2026-08-21
2020-10-05,-0.5618,2026-08-21
2020-10-06,-0.5601,2026-08-21
2020-10-07,-0.5446,2026-08-21
2020-10-08,-0.5497,2026-08-21
2020-10-09,-0.5449,2026-08-21
2020-10-12,.,2026-08-21
2020-10-13,-0.5607,2026-08-21
2020-10-14,-0.5689,2026-08-21
2020-10-15,-0.5662,2026-08-21
2020-10-16,-0.5626,2026-08-21
2020-10-19,-0.5544,2026-08-21
2020-10-20,-0.5427,2026-08-21
2020-10-21,-0.5322,2026-08-21
2020-10-22,-0.5141,2026-08-21
2020-10-23,-0.5131,2026-08-21
2020-10-26,-0.5250,2026-08-21
2020-10-27,-0.5352,2026-08-21
2020-10-28,-0.5381,2026-08-21
2020-10-29,-0.5198,2026-08-21
2020-10-30,-0.5045,2026-08-21
2020-11-02,-0.5034,2026-08-21
2020-11-03,-0.4944,2026-08-21
2020-11-04,-0.5281,2026-08-21
2020-11-05,-0.5356,2026-08-21
2020-11-06,-0.5249,2026-08-21
2020-11-09,-0.4818,2026-08-21
2020-11-10,-0.4599,2026-08-21
2020-11-11,.,2026-08-21
2020-11-12,-0.4850,2026-08-21
2020-11-13,-0.4863,2026-08-21
2020-11-16,-0.4837,2026-08-21
2020-11-17,-0.4956,2026-08-21
2020-11-18,-0.4932,2026-08-21
2020-11-19,-0.4987,2026-08-21
2020-11-20,-0.5060,2026-08-21
2020-11-23,-0.5011,2026-08-21
2020-11-24,-0.4949,2026-08-21
2020-11-25,-0.4938,2026-08-21
2020-11-26,.,2026-08-21
2020-11-27,-0.5053,2026-08-21
2020-11-30,-0.5084,2026-08-21
2020-12-01,-0.4835,2026-08-21
2020-12-02,-0.4703,2026-08-21
2020-12-03,-0.4740,2026-08-21
2020-12-04,-0.4621,2026-08-21
2020-12-07,-0.4708,2026-08-21
2020-12-08,-0.4775,2026-08-21
2020-12-09,-0.4707,2026-08-21
2020-12-10,-0.4793,2026-08-21
2020-12-11,-0.4893,2026-08-21
2020-12-14,-0.4924,2026-08-21
2020-12-15,-0.4865,2026-08-21
2020-12-16,-0.4854,2026-08-21
2020-12-17,-0.4794,2026-08-21
2020-12-18,-0.4747,2026-08-21
2020-12-21,-0.4728,2026-08-21
2020-12-22,-0.4808,2026-08-21
2020-12-23,-0.4728,2026-08-21
2020-12-24,-0.4771,2026-08-21
2020-12-25,.,2026-08-21
2020-12-28,-0.4799,2026-08-21
2020-12-29,-0.4805,2026-08-21
2020-12-30,-0.4819,2026-08-21
2020-12-31,-0.4849,2026-08-21
2021-01-01,.,2026-08-21
2021-01-04,-0.4881,2026-08-21
2021-01-05,-0.4793,2026-08-21
2021-01-06,-0.4475,2026-08-21
2021-01-07,-0.4236,2026-08-21
2021-01-08,-0.4005,2026-08-21
2021-01-11,-0.3852,2026-08-21
2021-01-12,-0.3809,2026-08-21
2021-01-13,-0.3927,2026-08-21
2021-01-14,-0.3834,2026-08-21
2021-01-15,-0.3951,2026-08-21
2021-01-18,.,2026-08-21
2021-01-19,-0.4013,2026-08-21
2021-01-20,-0.4036,2026-08-21
2021-01-21,-0.3986,2026-08-21
2021-01-22,-0.4035,2026-08-21
2021-01-25,-0.4199,2026-08-21
2021-01-26,-0.4235,2026-08-21
2021-01-27,-0.4295,2026-08-21
2021-01-28,-0.4219,2026-08-21
2021-01-29,-0.4041,2026-08-21
2021-02-01,-0.4090,2026-08-21
2021-02-02,-0.3998,2026-08-21
2021-02-03,-0.3854,2026-08-21
2021-02-04,-0.3787,2026-08-21
2021-02-05,-0.3671,2026-08-21
2021-02-08,-0.3611,2026-08-21
2021-02-09,-0.3611,2026-08-21
2021-02-10,-0.3721,2026-08-21
2021-02-11,-0.3723,2026-08-21
2021-02-12,-0.3555,2026-08-21
2021-02-15,.,2026-08-21
2021-02-16,-0.3167,2026-08-21
2021-02-17,-0.3047,2026-08-21
2021-02-18,-0.2999,2026-08-21
2021-02-19,-0.2810,2026-08-21
2021-02-22,-0.2651,2026-08-21
2021-02-23,-0.2620,2026-08-21
2021-02-24,-0.2515,2026-08-21
2021-02-25,-0.1743,2026-08-21
2021-02-26,-0.1807,2026-08-21
2021-03-01,-0.1900,2026-08-21
2021-03-02,-0.2057,2026-08-21
2021-03-03,-0.1887,2026-08-21
2021-03-04,-0.1585,2026-08-21
2021-03-05,-0.1425,2026-08-21
2021-03-08,-0.1189,2026-08-21
2021-03-09,-0.1271,2026-08-21
2021-03-10,-0.1398,2026-08-21
2021-03-11,-0.1430,2026-08-21
2021-03-12,-0.1082,2026-08-21
2021-03-15,-0.1034,2026-08-21
2021-03-16,-0.1021,2026-08-21
2021-03-17,-0.1044,2026-08-21
2021-03-18,-0.0738,2026-08-21
2021-03-19,-0.0515,2026-08-21
2021-03-22,-0.0610,2026-08-21
2021-03-23,-0.0808,2026-08-21
2021-03-24,-0.0930,2026-08-21
2021-03-25,-0.0944,2026-08-21
2021-03-26,-0.0804,2026-08-21
2021-03-29,-0.0587,2026-08-21
2021-03-30,-0.0481,2026-08-21
2021-03-31,-0.0374,2026-08-21
2021-04-01,-0.0473,2026-08-21
2021-04-02,-0.0318,2026-08-21
2021-04-05,-0.0335,2026-08-21
2021-04-06,-0.0569,2026-08-21
2021-04-07,-0.0623,2026-08-21
2021-04-08,-0.0780,2026-08-21
2021-04-09,-0.0716,2026-08-21
2021-04-12,-0.0639,2026-08-21
2021-04-13,-0.0816,2026-08-21
2021-04-14,-0.0809,2026-08-21
2021-04-15,-0.1094,2026-08-21
2021-04-16,-0.1065,2026-08-21
2021-04-19,-0.1005,2026-08-21
2021-04-20,-0.1124,2026-08-21
2021-04-21,-0.1189,2026-08-21
2021-04-22,-0.1217,2026-08-21
2021-04-23,-0.1149,2026-08-21
2021-04-26,-0.1114,2026-08-21
2021-04-27,-0.0940,2026-08-21
2021-04-28,-0.0908,2026-08-21
2021-04-29,-0.0846,2026-08-21
2021-04-30,-0.0826,2026-08-21
2021-05-03,-0.0924,2026-08-21
2021-05-04,-0.1006,2026-08-21
2021-05-05,-0.1119,2026-08-21
2021-05-06,-0.1159,2026-08-21
2021-05-07,-0.1191,2026-08-21
2021-05-10,-0.1115,2026-08-21
2021-05-11,-0.1029,2026-08-21
2021-05-12,-0.0765,2026-08-21
2021-05-13,-0.0785,2026-08-21
2021-05-14,-0.0861,2026-08-21
2021-05-17,-0.0856,2026-08-21
2021-05-18,-0.0878,2026-08-21
2021-05-19,-0.0721,2026-08-21
2021-05-20,-0.0858,2026-08-21
2021-05-21,-0.0870,2026-08-21
2021-05-24,-0.0952,2026-08-21
2021-05-25,-0.1150,2026-08-21
2021-05-26,-0.1180,2026-08-21
2021-05-27,-0.1089,2026-08-21
2021-05-28,-0.1156,2026-08-21
2021-05-31,.,2026-08-21
2021-06-01,-0.1060,2026-08-21
2021-06-02,-0.1105,2026-08-21
2021-06-03,-0.0966,2026-08-21
2021-06-04,-0.1173,2026-08-21
2021-06-07,-0.1210,2026-08-21
2021-06-08,-0.1344,2026-08-21
2021-06-09,-0.1517,2026-08-21
2021-06-10,-0.1699,2026-08-21
2021-06-11,-0.1681,2026-08-21
2021-06-14,-0.1543,2026-08-21
2021-06-15,-0.1492,2026-08-21
2021-06-16,-0.1173,2026-08-21
2021-06-17,-0.1198,2026-08-21
2021-06-18,-0.1365,2026-08-21
2021-06-21,-0.1317,2026-08-21
2021-06-22,-0.1387,2026-08-21
2021-06-23,-0.1332,2026-08-21
2021-06-24,-0.1312,2026-08-21
2021-06-25,-0.1179,2026-08-21
2021-06-28,-0.1302,2026-08-21
2021-06-29,-0.1336,2026-08-21
2021-06-30,-0.1466,2026-08-21
2021-07-01,-0.1415,2026-08-21
2021-07-02,-0.1545,2026-08-21
2021-07-05,.,2026-08-21
2021-07-06,-0.1832,2026-08-21
2021-07-07,-0.2054,2026-08-21
2021-07-08,-0.2278,2026-08-21
2021-07-09,-0.2116,2026-08-21
2021-07-12,-0.2032,2026-08-21
2021-07-13,-0.1852,2026-08-21
2021-07-14,-0.2003,2026-08-21
2021-07-15,-0.2204,2026-08-21
2021-07-16,-0.2240,2026-08-21
2021-07-19,-0.2673,2026-08-21
2021-07-20,-0.2755,2026-08-21
2021-07-21,-0.2545,2026-08-21
2021-07-22,-0.2597,2026-08-21
2021-07-23,-0.2523,2026-08-21
2021-07-26,-0.2498,2026-08-21
2021-07-27,-0.2623,2026-08-21
2021-07-28,-0.2628,2026-08-21
2021-07-29,-0.2570,2026-08-21
2021-07-30,-0.2680,2026-08-21
2021-08-02,-0.2882,2026-08-21
2021-08-03,-0.2986,2026-08-21
2021-08-04,-0.2987,2026-08-21
2021-08-05,-0.2811,2026-08-21
2021-08-06,-0.2517,2026-08-21
2021-08-09,-0.2347,2026-08-21
2021-08-10,-0.2165,2026-08-21
2021-08-11,-0.2153,2026-08-21
2021-08-12,-0.2063,2026-08-21
2021-08-13,-0.2244,2026-08-21
2021-08-16,-0.2440,2026-08-21
2021-08-17,-0.2468,2026-08-21
2021-08-18,-0.2456,2026-08-21
2021-08-19,-0.2518,2026-08-21
2021-08-20,-0.2471,2026-08-21
2021-08-23,-0.2508,2026-08-21
2021-08-24,-0.2393,2026-08-21
2021-08-25,-0.2190,2026-08-21
2021-08-26,-0.2119,2026-08-21
2021-08-27,-0.2233,2026-08-21
2021-08-30,-0.2350,2026-08-21
2021-08-31,-0.2339,2026-08-21
2021-09-01,-0.2337,2026-08-21
2021-09-02,-0.2369,2026-08-21
2021-09-03,-0.2295,2026-08-21
2021-09-06,.,2026-08-21
2021-09-07,-0.2107,2026-08-21
2021-09-08,-0.2155,2026-08-21
2021-09-09,-0.2268,2026-08-21
2021-09-10,-0.2163,2026-08-21
2021-09-13,-0.2205,2026-08-21
2021-09-14,-0.2348,2026-08-21
2021-09-15,-0.2300,2026-08-21
2021-09-16,-0.2146,2026-08-21
2021-09-17,-0.1965,2026-08-21
2021-09-20,-0.2121,2026-08-21
2021-09-21,-0.2110,2026-08-21
2021-09-22,-0.2083,2026-08-21
2021-09-23,-0.1731,2026-08-21
2021-09-24,-0.1448,2026-08-21
2021-09-27,-0.1278,2026-08-21
2021-09-28,-0.1048,2026-08-21
2021-09-29,-0.0969,2026-08-21
2021-09-30,-0.1031,2026-08-21
2021-10-01,-0.1222,2026-08-21
2021-10-04,-0.1227,2026-08-21
2021-10-05,-0.1072,2026-08-21
2021-10-06,-0.1038,2026-08-21
2021-10-07,-0.0862,2026-08-21
2021-10-08,-0.0688,2026-08-21
2021-10-11,.,2026-08-21
2021-10-12,-0.0653,2026-08-21
2021-10-13,-0.0676,2026-08-21
2021-10-14,-0.0836,2026-08-21
2021-10-15,-0.0606,2026-08-21
2021-10-18,-0.0499,2026-08-21
2021-10-19,-0.0333,2026-08-21
2021-10-20,-0.0286,2026-08-21
2021-10-21,-0.0060,2026-08-21
2021-10-22,-0.0077,2026-08-21
2021-10-25,-0.0183,2026-08-21
2021-10-26,-0.0236,2026-08-21
2021-10-27,-0.0486,2026-08-21
2021-10-28,-0.0429,2026-08-21
2021-10-29,-0.0441,2026-08-21
2021-11-01,-0.0342,2026-08-21
2021-11-02,-0.0500,2026-08-21
2021-11-03,-0.0381,2026-08-21
2021-11-04,-0.0673,2026-08-21
2021-11-05,-0.1019,2026-08-21
2021-11-08,-0.0839,2026-08-21
2021-11-09,-0.1019,2026-08-21
2021-11-10,-0.0558,2026-08-21
2021-11-11,.,2026-08-21
2021-11-12,-0.0373,2026-08-21
2021-11-15,-0.0172,2026-08-21
2021-11-16,-0.0079,2026-08-21
2021-11-17,-0.0145,2026-08-21
2021-11-18,-0.0226,2026-08-21
2021-11-19,-0.0334,2026-08-21
2021-11-22,0.0019,2026-08-21
2021-11-23,0.0187,2026-08-21
2021-11-24,0.0205,2026-08-21
2021-11-25,.,2026-08-21
2021-11-26,-0.0483,2026-08-21
2021-11-29,-0.0568,2026-08-21
2021-11-30,-0.0822,2026-08-21
2021-12-01,-0.0871,2026-08-21
2021-12-02,-0.0782,2026-08-21
2021-12-03,-0.1105,2026-08-21
2021-12-06,-0.0920,2026-08-21
2021-12-07,-0.0694,2026-08-21
2021-12-08,-0.0593,2026-08-21
2021-12-09,-0.0617,2026-08-21
2021-12-10,-0.0641,2026-08-21
2021-12-13,-0.0822,2026-08-21
2021-12-14,-0.0789,2026-08-21
2021-12-15,-0.0671,2026-08-21
2021-12-16,-0.0875,2026-08-21
2021-12-17,-0.0967,2026-08-21
2021-12-20,-0.1022,2026-08-21
2021-12-21,-0.0823,2026-08-21
2021-12-22,-0.0814,2026-08-21
2021-12-23,-0.0698,2026-08-21
2021-12-24,.,2026-08-21
2021-12-27,-0.0696,2026-08-21
2021-12-28,-0.0707,2026-08-21
2021-12-29,-0.0501,2026-08-21
2021-12-30,-0.0548,2026-08-21
2021-12-31,-0.0588,2026-08-21
2022-01-03,-0.0167,2026-08-21
2022-01-04,0.0002,2026-08-21
2022-01-05,0.0263,2026-08-21
2022-01-06,0.0477,2026-08-21
2022-01-07,0.0673,2026-08-21
2022-01-10,0.0774,2026-08-21
2022-01-11,0.0711,2026-08-21
2022-01-12,0.0650,2026-08-21
2022-01-13,0.0486,2026-08-21
2022-01-14,0.0764,2026-08-21
2022-01-17,.,2026-08-21
2022-01-18,0.1132,2026-08-21
2022-01-19,0.1079,2026-08-21
2022-01-20,0.1035,2026-08-21
2022-01-21,0.0719,2026-08-21
2022-01-24,0.0584,2026-08-21
2022-01-25,0.0662,2026-08-21
2022-01-26,0.1015,2026-08-21
2022-01-27,0.0994,2026-08-21
2022-01-28,0.0789,2026-08-21
2022-01-31,0.0721,2026-08-21
2022-02-01,0.0735,2026-08-21
2022-02-02,0.0641,2026-08-21
2022-02-03,0.0780,2026-08-21
2022-02-04,0.1240,2026-08-21
2022-02-07,0.1219,2026-08-21
2022-02-08,0.1375,2026-08-21
2022-02-09,0.1408,2026-08-21
2022-02-10,0.1787,2026-08-21
2022-02-11,0.1368,2026-08-21
2022-02-14,0.1441,2026-08-21
2022-02-15,0.1615,2026-08-21
2022-02-16,0.1570,2026-08-21
2022-02-17,0.1380,2026-08-21
2022-02-18,0.1211,2026-08-21
2022-02-21,.,2026-08-21
2022-02-22,0.1216,2026-08-21
2022-02-23,0.1372,2026-08-21
2022-02-24,0.1312,2026-08-21
2022-02-25,0.1391,2026-08-21
2022-02-28,0.0768,2026-08-21
2022-03-01,0.0117,2026-08-21
2022-03-02,0.0638,2026-08-21
2022-03-03,0.0684,2026-08-21
2022-03-04,0.0239,2026-08-21
2022-03-07,0.0280,2026-08-21
2022-03-08,0.0626,2026-08-21
2022-03-09,0.0949,2026-08-21
2022-03-10,0.1233,2026-08-21
2022-03-11,0.1393,2026-08-21
2022-03-14,0.1947,2026-08-21
2022-03-15,0.2069,2026-08-21
2022-03-16,0.2366,2026-08-21
2022-03-17,0.2502,2026-08-21
2022-03-18,0.2377,2026-08-21
2022-03-21,0.2970,2026-08-21
2022-03-22,0.3307,2026-08-21
2022-03-23,0.3191,2026-08-21
2022-03-24,0.3255,2026-08-21
2022-03-25,0.3918,2026-08-21
2022-03-28,0.3914,2026-08-21
2022-03-29,0.3684,2026-08-21
2022-03-30,0.3389,2026-08-21
2022-03-31,0.3200,2026-08-21
2022-04-01,0.3539,2026-08-21
2022-04-04,0.3562,2026-08-21
2022-04-05,0.4026,2026-08-21
2022-04-06,0.4281,2026-08-21
2022-04-07,0.4482,2026-08-21
2022-04-08,0.4805,2026-08-21
2022-04-11,0.4966,2026-08-21
2022-04-12,0.4628,2026-08-21
2022-04-13,0.4507,2026-08-21
2022-04-14,0.4991,2026-08-21
2022-04-15,.,2026-08-21
2022-04-18,0.5119,2026-08-21
2022-04-19,0.5547,2026-08-21
2022-04-20,0.5389,2026-08-21
2022-04-21,0.5622,2026-08-21
2022-04-22,0.5622,2026-08-21
2022-04-25,0.5100,2026-08-21
2022-04-26,0.4752,2026-08-21
2022-04-27,0.4848,2026-08-21
2022-04-28,0.5063,2026-08-21
2022-04-29,0.5340,2026-08-21
2022-05-02,0.5674,2026-08-21
2022-05-03,0.5728,2026-08-21
2022-05-04,0.5500,2026-08-21
2022-05-05,0.5935,2026-08-21
2022-05-06,0.6330,2026-08-21
2022-05-09,0.5996,2026-08-21
2022-05-10,0.5752,2026-08-21
2022-05-11,0.5519,2026-08-21
2022-05-12,0.5079,2026-08-21
2022-05-13,0.5264,2026-08-21
2022-05-16,0.4971,2026-08-21
2022-05-17,0.5312,2026-08-21
2022-05-18,0.5054,2026-08-21
2022-05-19,0.4799,2026-08-21
2022-05-20,0.4552,2026-08-21
2022-05-23,0.4769,2026-08-21
2022-05-24,0.4340,2026-08-21
2022-05-25,0.4152,2026-08-21
2022-05-26,0.4094,2026-08-21
2022-05-27,0.4099,2026-08-21
2022-05-30,.,2026-08-21
2022-05-31,0.4417,2026-08-21
2022-06-01,0.4892,2026-08-21
2022-06-02,0.4907,2026-08-21
2022-06-03,0.4997,2026-08-21
2022-06-06,0.5301,2026-08-21
2022-06-07,0.5151,2026-08-21
2022-06-08,0.5239,2026-08-21
2022-06-09,0.5314,2026-08-21
2022-06-10,0.5873,2026-08-21
2022-06-13,0.6825,2026-08-21
2022-06-14,0.7001,2026-08-21
2022-06-15,0.6176,2026-08-21
2022-06-16,0.5840,2026-08-21
2022-06-17,0.5783,2026-08-21
2022-06-20,.,2026-08-21
2022-06-21,0.5830,2026-08-21
2022-06-22,0.5207,2026-08-21
2022-06-23,0.4726,2026-08-21
2022-06-24,0.4663,2026-08-21
2022-06-27,0.4825,2026-08-21
2022-06-28,0.4837,2026-08-21
2022-06-29,0.4462,2026-08-21
2022-06-30,0.3890,2026-08-21
2022-07-01,0.3228,2026-08-21
2022-07-04,.,2026-08-21
2022-07-05,0.2772,2026-08-21
2022-07-06,0.3081,2026-08-21
2022-07-07,0.3386,2026-08-21
2022-07-08,0.3757,2026-08-21
2022-07-11,0.3286,2026-08-21
2022-07-12,0.2901,2026-08-21
2022-07-13,0.2564,2026-08-21
2022-07-14,0.2533,2026-08-21
2022-07-15,0.2428,2026-08-21
2022-07-18,0.2352,2026-08-21
2022-07-19,0.2497,2026-08-21
2022-07-20,0.2640,2026-08-21
2022-07-21,0.2026,2026-08-21
2022-07-22,0.1365,2026-08-21
2022-07-25,0.1234,2026-08-21
2022-07-26,0.1207,2026-08-21
2022-07-27,0.1066,2026-08-21
2022-07-28,0.0618,2026-08-21
2022-07-29,0.0544,2026-08-21
2022-08-01,0.0210,2026-08-21
2022-08-02,0.0750,2026-08-21
2022-08-03,0.0836,2026-08-21
2022-08-04,0.0564,2026-08-21
2022-08-05,0.1160,2026-08-21
2022-08-08,0.0948,2026-08-21
2022-08-09,0.0996,2026-08-21
2022-08-10,0.0895,2026-08-21
2022-08-11,0.1194,2026-08-21
2022-08-12,0.1210,2026-08-21
2022-08-15,0.0934,2026-08-21
2022-08-16,0.1000,2026-08-21
2022-08-17,0.1331,2026-08-21
2022-08-18,0.1326,2026-08-21
2022-08-19,0.1691,2026-08-21
2022-08-22,0.1955,2026-08-21
2022-08-23,0.2065,2026-08-21
2022-08-24,0.2325,2026-08-21
2022-08-25,0.2090,2026-08-21
2022-08-26,0.2142,2026-08-21
2022-08-29,0.2304,2026-08-21
2022-08-30,0.2329,2026-08-21
2022-08-31,0.2419,2026-08-21
2022-09-01,0.2854,2026-08-21
2022-09-02,0.2692,2026-08-21
2022-09-05,.,2026-08-21
2022-09-06,0.3095,2026-08-21
2022-09-07,0.2906,2026-08-21
2022-09-08,0.2937,2026-08-21
2022-09-09,0.3072,2026-08-21
2022-09-12,0.3100,2026-08-21
2022-09-13,0.3268,2026-08-21
2022-09-14,0.3222,2026-08-21
2022-09-15,0.3397,2026-08-21
2022-09-16,0.3342,2026-08-21
2022-09-19,0.3390,2026-08-21
2022-09-20,0.3660,2026-08-21
2022-09-21,0.3618,2026-08-21
2022-09-22,0.4323,2026-08-21
2022-09-23,0.4584,2026-08-21
2022-09-26,0.5291,2026-08-21
2022-09-27,0.5774,2026-08-21
2022-09-28,0.4845,2026-08-21
2022-09-29,0.4863,2026-08-21
2022-09-30,0.5169,2026-08-21
2022-10-03,0.4509,2026-08-21
2022-10-04,0.4088,2026-08-21
2022-10-05,0.4514,2026-08-21
2022-10-06,0.4908,2026-08-21
2022-10-07,0.5241,2026-08-21
2022-10-10,.,2026-08-21
2022-10-11,0.5328,2026-08-21
2022-10-12,0.5180,2026-08-21
2022-10-13,0.5380,2026-08-21
2022-10-14,0.5487,2026-08-21
2022-10-17,0.5333,2026-08-21
2022-10-18,0.5091,2026-08-21
2022-10-19,0.5475,2026-08-21
2022-10-20,0.5903,2026-08-21
2022-10-21,0.5784,2026-08-21
2022-10-24,0.5835,2026-08-21
2022-10-25,0.5380,2026-08-21
2022-10-26,0.5040,2026-08-21
2022-10-27,0.4638,2026-08-21
2022-10-28,0.4838,2026-08-21
2022-10-31,0.5055,2026-08-21
2022-11-01,0.5052,2026-08-21
2022-11-02,0.5110,2026-08-21
2022-11-03,0.5325,2026-08-21
2022-11-04,0.5394,2026-08-21
2022-11-07,0.5583,2026-08-21
2022-11-08,0.5282,2026-08-21
2022-11-09,0.5127,2026-08-21
2022-11-10,0.3746,2026-08-21
2022-11-11,.,2026-08-21
2022-11-14,0.3593,2026-08-21
2022-11-15,0.3227,2026-08-21
2022-11-16,0.2659,2026-08-21
2022-11-17,0.2864,2026-08-21
2022-11-18,0.3073,2026-08-21
2022-11-21,0.3176,2026-08-21
2022-11-22,0.2838,2026-08-21
2022-11-23,0.2493,2026-08-21
2022-11-24,.,2026-08-21
2022-11-25,0.2252,2026-08-21
2022-11-28,0.2188,2026-08-21
2022-11-29,0.2343,2026-08-21
2022-11-30,0.1996,2026-08-21
2022-12-01,0.1372,2026-08-21
2022-12-02,0.1190,2026-08-21
2022-12-05,0.1541,2026-08-21
2022-12-06,0.1251,2026-08-21
2022-12-07,0.0796,2026-08-21
2022-12-08,0.1027,2026-08-21
2022-12-09,0.1316,2026-08-21
2022-12-12,0.1474,2026-08-21
2022-12-13,0.0979,2026-08-21
2022-12-14,0.0833,2026-08-21
2022-12-15,0.0693,2026-08-21
2022-12-16,0.0716,2026-08-21
2022-12-19,0.1055,2026-08-21
2022-12-20,0.1552,2026-08-21
2022-12-21,0.1712,2026-08-21
2022-12-22,0.1782,2026-08-21
2022-12-23,0.2097,2026-08-21
2022-12-26,.,2026-08-21
2022-12-27,0.2482,2026-08-21
2022-12-28,0.2671,2026-08-21
2022-12-29,0.2607,2026-08-21
2022-12-30,0.2801,2026-08-21
2023-01-02,.,2026-08-21
2023-01-03,0.2448,2026-08-21
2023-01-04,0.1936,2026-08-21
2023-01-05,0.1847,2026-08-21
2023-01-06,0.1036,2026-08-21
2023-01-09,0.0675,2026-08-21
2023-01-10,0.0817,2026-08-21
2023-01-11,0.0591,2026-08-21
2023-01-12,0.0107,2026-08-21
2023-01-13,0.0217,2026-08-21
2023-01-16,.,2026-08-21
2023-01-17,0.0258,2026-08-21
2023-01-18,-0.0393,2026-08-21
2023-01-19,-0.0412,2026-08-21
2023-01-20,-0.0137,2026-08-21
2023-01-23,0.0098,2026-08-21
2023-01-24,-0.0043,2026-08-21
2023-01-25,-0.0108,2026-08-21
2023-01-26,0.0027,2026-08-21
2023-01-27,0.0167,2026-08-21
2023-01-30,0.0344,2026-08-21
2023-01-31,0.0255,2026-08-21
2023-02-01,-0.0305,2026-08-21
2023-02-02,-0.0405,2026-08-21
2023-02-03,0.0174,2026-08-21
2023-02-06,0.0693,2026-08-21
2023-02-07,0.0942,2026-08-21
2023-02-08,0.0919,2026-08-21
2023-02-09,0.1050,2026-08-21
2023-02-10,0.1324,2026-08-21
2023-02-13,0.1280,2026-08-21
2023-02-14,0.1512,2026-08-21
2023-02-15,0.1880,2026-08-21
2023-02-16,0.1943,2026-08-21
2023-02-17,0.1817,2026-08-21
2023-02-20,.,2026-08-21
2023-02-21,0.2253,2026-08-21
2023-02-22,0.2457,2026-08-21
2023-02-23,0.2362,2026-08-21
2023-02-24,0.2691,2026-08-21
2023-02-27,0.2610,2026-08-21
2023-02-28,0.2580,2026-08-21
2023-03-01,0.2929,2026-08-21
2023-03-02,0.3251,2026-08-21
2023-03-03,0.3012,2026-08-21
2023-03-06,0.2844,2026-08-21
2023-03-07,0.2848,2026-08-21
2023-03-08,0.2799,2026-08-21
2023-03-09,0.2372,2026-08-21
2023-03-10,0.1327,2026-08-21
2023-03-13,0.0372,2026-08-21
2023-03-14,0.0720,2026-08-21
2023-03-15,0.0324,2026-08-21
2023-03-16,0.0720,2026-08-21
2023-03-17,0.0156,2026-08-21
2023-03-20,0.0386,2026-08-21
2023-03-21,0.0934,2026-08-21
2023-03-22,0.0371,2026-08-21
2023-03-23,-0.0229,2026-08-21
2023-03-24,-0.0271,2026-08-21
2023-03-27,0.0321,2026-08-21
2023-03-28,0.0575,2026-08-21
2023-03-29,0.0723,2026-08-21
2023-03-30,0.0593,2026-08-21
2023-03-31,0.0305,2026-08-21
2023-04-03,-0.0103,2026-08-21
2023-04-04,-0.0603,2026-08-21
2023-04-05,-0.0870,2026-08-21
2023-04-06,-0.0988,2026-08-21
2023-04-07,-0.0650,2026-08-21
2023-04-10,-0.0614,2026-08-21
2023-04-11,-0.0554,2026-08-21
2023-04-12,-0.0744,2026-08-21
2023-04-13,-0.0647,2026-08-21
2023-04-14,-0.0316,2026-08-21
2023-04-17,-0.0001,2026-08-21
2023-04-18,-0.0012,2026-08-21
2023-04-19,0.0082,2026-08-21
2023-04-20,-0.0156,2026-08-21
2023-04-21,-0.0079,2026-08-21
2023-04-24,-0.0317,2026-08-21
2023-04-25,-0.0912,2026-08-21
2023-04-26,-0.0899,2026-08-21
2023-04-27,-0.0424,2026-08-21
2023-04-28,-0.0635,2026-08-21
2023-05-01,-0.0289,2026-08-21
2023-05-02,-0.0880,2026-08-21
2023-05-03,-0.1313,2026-08-21
2023-05-04,-0.1615,2026-08-21
2023-05-05,-0.1285,2026-08-21
2023-05-08,-0.0927,2026-08-21
2023-05-09,-0.0816,2026-08-21
2023-05-10,-0.1165,2026-08-21
2023-05-11,-0.1353,2026-08-21
2023-05-12,-0.1103,2026-08-21
2023-05-15,-0.0960,2026-08-21
2023-05-16,-0.0738,2026-08-21
2023-05-17,-0.0543,2026-08-21
2023-05-18,-0.0172,2026-08-21
2023-05-19,0.0112,2026-08-21
2023-05-22,0.0144,2026-08-21
2023-05-23,0.0106,2026-08-21
2023-05-24,0.0168,2026-08-21
2023-05-25,0.0650,2026-08-21
2023-05-26,0.0776,2026-08-21
2023-05-29,.,2026-08-21
2023-05-30,0.0236,2026-08-21
2023-05-31,-0.0186,2026-08-21
2023-06-01,-0.0441,2026-08-21
2023-06-02,-0.0067,2026-08-21
2023-06-05,-0.0018,2026-08-21
2023-06-06,0.0072,2026-08-21
2023-06-07,0.0486,2026-08-21
2023-06-08,0.0363,2026-08-21
2023-06-09,0.0509,2026-08-21
2023-06-12,0.0448,2026-08-21
2023-06-13,0.0879,2026-08-21
2023-06-14,0.1029,2026-08-21
2023-06-15,0.0598,2026-08-21
2023-06-16,0.0709,2026-08-21
2023-06-19,.,2026-08-21
2023-06-20,0.0548,2026-08-21
2023-06-21,0.0411,2026-08-21
2023-06-22,0.0653,2026-08-21
2023-06-23,0.0540,2026-08-21
2023-06-26,0.0355,2026-08-21
2023-06-27,0.0485,2026-08-21
2023-06-28,0.0273,2026-08-21
2023-06-29,0.0960,2026-08-21
2023-06-30,0.1019,2026-08-21
2023-07-03,0.1221,2026-08-21
2023-07-04,.,2026-08-21
2023-07-05,0.1531,2026-08-21
2023-07-06,0.2043,2026-08-21
2023-07-07,0.2180,2026-08-21
2023-07-10,0.1862,2026-08-21
2023-07-11,0.1741,2026-08-21
2023-07-12,0.1097,2026-08-21
2023-07-13,0.0474,2026-08-21
2023-07-14,0.0617,2026-08-21
2023-07-17,0.0540,2026-08-21
2023-07-18,0.0450,2026-08-21
2023-07-19,0.0259,2026-08-21
2023-07-20,0.0598,2026-08-21
2023-07-21,0.0685,2026-08-21
2023-07-24,0.0889,2026-08-21
2023-07-25,0.1136,2026-08-21
2023-07-26,0.1016,2026-08-21
2023-07-27,0.1536,2026-08-21
2023-07-28,0.1433,2026-08-21
2023-07-31,0.1462,2026-08-21
2023-08-01,0.1782,2026-08-21
2023-08-02,0.1871,2026-08-21
2023-08-03,0.2234,2026-08-21
2023-08-04,0.1767,2026-08-21
2023-08-07,0.1763,2026-08-21
2023-08-08,0.1501,2026-08-21
2023-08-09,0.1469,2026-08-21
2023-08-10,0.1804,2026-08-21
2023-08-11,0.2238,2026-08-21
2023-08-14,0.2442,2026-08-21
2023-08-15,0.2570,2026-08-21
2023-08-16,0.2845,2026-08-21
2023-08-17,0.3002,2026-08-21
2023-08-18,0.2909,2026-08-21
2023-08-21,0.3190,2026-08-21
2023-08-22,0.3440,2026-08-21
2023-08-23,0.2849,2026-08-21
2023-08-24,0.2810,2026-08-21
2023-08-25,0.2870,2026-08-21
2023-08-28,0.2680,2026-08-21
2023-08-29,0.2235,2026-08-21
2023-08-30,0.2192,2026-08-21
2023-08-31,0.2064,2026-08-21
2023-09-01,0.2341,2026-08-21
2023-09-04,.,2026-08-21
2023-09-05,0.2709,2026-08-21
2023-09-06,0.3118,2026-08-21
2023-09-07,0.2928,2026-08-21
2023-09-08,0.2894,2026-08-21
2023-09-11,0.2943,2026-08-21
2023-09-12,0.2912,2026-08-21
2023-09-13,0.2823,2026-08-21
2023-09-14,0.2937,2026-08-21
2023-09-15,0.3248,2026-08-21
2023-09-18,0.3342,2026-08-21
2023-09-19,0.3539,2026-08-21
2023-09-20,0.3546,2026-08-21
2023-09-21,0.4021,2026-08-21
2023-09-22,0.4001,2026-08-21
2023-09-25,0.4318,2026-08-21
2023-09-26,0.4471,2026-08-21
2023-09-27,0.4779,2026-08-21
2023-09-28,0.4720,2026-08-21
2023-09-29,0.4700,2026-08-21
2023-10-02,0.5083,2026-08-21
2023-10-03,0.5610,2026-08-21
2023-10-04,0.5429,2026-08-21
2023-10-05,0.5338,2026-08-21
2023-10-06,0.5494,2026-08-21
2023-10-09,.,2026-08-21
2023-10-10,0.5082,2026-08-21
2023-10-11,0.4753,2026-08-21
2023-10-12,0.5158,2026-08-21
2023-10-13,0.5009,2026-08-21
2023-10-16,0.5280,2026-08-21
2023-10-17,0.5866,2026-08-21
2023-10-18,0.6229,2026-08-21
2023-10-19,0.6589,2026-08-21
2023-10-20,0.6484,2026-08-21
2023-10-23,0.6222,2026-08-21
2023-10-24,0.6140,2026-08-21
2023-10-25,0.6527,2026-08-21
2023-10-26,0.6267,2026-08-21
2023-10-27,0.6091,2026-08-21
2023-10-30,0.6183,2026-08-21
2023-10-31,0.6231,2026-08-21
2023-11-01,0.5727,2026-08-21
2023-11-02,0.5361,2026-08-21
2023-11-03,0.4743,2026-08-21
2023-11-06,0.4988,2026-08-21
2023-11-07,0.4733,2026-08-21
2023-11-08,0.4517,2026-08-21
2023-11-09,0.5006,2026-08-21
2023-11-10,0.5113,2026-08-21
2023-11-13,0.5159,2026-08-21
2023-11-14,0.4265,2026-08-21
2023-11-15,0.4434,2026-08-21
2023-11-16,0.4159,2026-08-21
2023-11-17,0.4088,2026-08-21
2023-11-20,0.3965,2026-08-21
2023-11-21,0.3857,2026-08-21
2023-11-22,0.3873,2026-08-21
2023-11-23,.,2026-08-21
2023-11-24,0.4162,2026-08-21
2023-11-27,0.3827,2026-08-21
2023-11-28,0.3486,2026-08-21
2023-11-29,0.3149,2026-08-21
2023-11-30,0.3449,2026-08-21
2023-12-01,0.2922,2026-08-21
2023-12-04,0.3084,2026-08-21
2023-12-05,0.2737,2026-08-21
2023-12-06,0.2458,2026-08-21
2023-12-07,0.2399,2026-08-21
2023-12-08,0.2801,2026-08-21
2023-12-11,0.2898,2026-08-21
2023-12-12,0.2781,2026-08-21
2023-12-13,0.2019,2026-08-21
2023-12-14,0.1418,2026-08-21
2023-12-15,0.1259,2026-08-21
2023-12-18,0.1320,2026-08-21
2023-12-19,0.1308,2026-08-21
2023-12-20,0.1007,2026-08-21
2023-12-21,0.1039,2026-08-21
2023-12-22,0.1065,2026-08-21
2023-12-25,.,2026-08-21
2023-12-26,0.1095,2026-08-21
2023-12-27,0.0681,2026-08-21
2023-12-28,0.0756,2026-08-21
2023-12-29,0.0917,2026-08-21
2024-01-01,.,2026-08-21
2024-01-02,0.1253,2026-08-21
2024-01-03,0.1200,2026-08-21
2024-01-04,0.1492,2026-08-21
2024-01-05,0.1779,2026-08-21
2024-01-08,0.1683,2026-08-21
2024-01-09,0.1689,2026-08-21
2024-01-10,0.1764,2026-08-21
2024-01-11,0.1524,2026-08-21
2024-01-12,0.1305,2026-08-21
2024-01-15,.,2026-08-21
2024-01-16,0.1744,2026-08-21
2024-01-17,0.2078,2026-08-21
2024-01-18,0.2274,2026-08-21
2024-01-19,0.2423,2026-08-21
2024-01-22,0.2253,2026-08-21
2024-01-23,0.2338,2026-08-21
2024-01-24,0.2518,2026-08-21
2024-01-25,0.2376,2026-08-21
2024-01-26,0.2461,2026-08-21
2024-01-29,0.2142,2026-08-21
2024-01-30,0.2101,2026-08-21
2024-01-31,0.1709,2026-08-21
2024-02-01,0.1127,2026-08-21
2024-02-02,0.1699,2026-08-21
2024-02-05,0.2345,2026-08-21
2024-02-06,0.2160,2026-08-21
2024-02-07,0.2190,2026-08-21
2024-02-08,0.2472,2026-08-21
2024-02-09,0.2606,2026-08-21
2024-02-12,0.2603,2026-08-21
2024-02-13,0.3229,2026-08-21
2024-02-14,0.3169,2026-08-21
2024-02-15,0.3048,2026-08-21
2024-02-16,0.3265,2026-08-21
2024-02-19,.,2026-08-21
2024-02-20,0.3179,2026-08-21
2024-02-21,0.3354,2026-08-21
2024-02-22,0.3464,2026-08-21
2024-02-23,0.3216,2026-08-21
2024-02-26,0.3240,2026-08-21
2024-02-27,0.3332,2026-08-21
2024-02-28,0.3191,2026-08-21
2024-02-29,0.3095,2026-08-21
2024-03-01,0.2769,2026-08-21
2024-03-04,0.2855,2026-08-21
2024-03-05,0.2527,2026-08-21
2024-03-06,0.2334,2026-08-21
2024-03-07,0.2143,2026-08-21
2024-03-08,0.2060,2026-08-21
2024-03-11,0.2089,2026-08-21
2024-03-12,0.2352,2026-08-21
2024-03-13,0.2530,2026-08-21
2024-03-14,0.2993,2026-08-21
2024-03-15,0.3209,2026-08-21
2024-03-18,0.3378,2026-08-21
2024-03-19,0.3261,2026-08-21
2024-03-20,0.3088,2026-08-21
2024-03-21,0.3083,2026-08-21
2024-03-22,0.2852,2026-08-21
2024-03-25,0.2927,2026-08-21
2024-03-26,0.2909,2026-08-21
2024-03-27,0.2735,2026-08-21
2024-03-28,0.2732,2026-08-21
2024-03-29,.,2026-08-21
2024-04-01,0.3193,2026-08-21
2024-04-02,0.3425,2026-08-21
2024-04-03,0.3469,2026-08-21
2024-04-04,0.3344,2026-08-21
2024-04-05,0.3620,2026-08-21
2024-04-08,0.3830,2026-08-21
2024-04-09,0.3656,2026-08-21
2024-04-10,0.4428,2026-08-21
2024-04-11,0.4587,2026-08-21
2024-04-12,0.4395,2026-08-21
2024-04-15,0.4788,2026-08-21
2024-04-16,0.5079,2026-08-21
2024-04-17,0.4851,2026-08-21
2024-04-18,0.5035,2026-08-21
2024-04-19,0.4994,2026-08-21
2024-04-22,0.4998,2026-08-21
2024-04-23,0.4891,2026-08-21
2024-04-24,0.5016,2026-08-21
2024-04-25,0.5289,2026-08-21
2024-04-26,0.5243,2026-08-21
2024-04-29,0.5058,2026-08-21
2024-04-30,0.5251,2026-08-21
2024-05-01,0.4993,2026-08-21
2024-05-02,0.4716,2026-08-21
2024-05-03,0.4325,2026-08-21
2024-05-06,0.4198,2026-08-21
2024-05-07,0.4076,2026-08-21
2024-05-08,0.4154,2026-08-21
2024-05-09,0.4045,2026-08-21
2024-05-10,0.4191,2026-08-21
2024-05-13,0.4164,2026-08-21
2024-05-14,0.4013,2026-08-21
2024-05-15,0.3575,2026-08-21
2024-05-16,0.3624,2026-08-21
2024-05-17,0.3742,2026-08-21
2024-05-20,0.3837,2026-08-21
2024-05-21,0.3755,2026-08-21
2024-05-22,0.3795,2026-08-21
2024-05-23,0.4075,2026-08-21
2024-05-24,0.4142,2026-08-21
2024-05-27,.,2026-08-21
2024-05-28,0.4321,2026-08-21
2024-05-29,0.4745,2026-08-21
2024-05-30,0.4626,2026-08-21
2024-05-31,0.4418,2026-08-21
2024-06-03,0.3898,2026-08-21
2024-06-04,0.3464,2026-08-21
2024-06-05,0.3195,2026-08-21
2024-06-06,0.3051,2026-08-21
2024-06-07,0.3606,2026-08-21
2024-06-10,0.3930,2026-08-21
2024-06-11,0.3683,2026-08-21
2024-06-12,0.3297,2026-08-21
2024-06-13,0.2893,2026-08-21
2024-06-14,0.2714,2026-08-21
2024-06-17,0.2908,2026-08-21
2024-06-18,0.2730,2026-08-21
2024-06-19,.,2026-08-21
2024-06-20,0.2803,2026-08-21
2024-06-21,0.2839,2026-08-21
2024-06-24,0.2849,2026-08-21
2024-06-25,0.2800,2026-08-21
2024-06-26,0.3123,2026-08-21
2024-06-27,0.3089,2026-08-21
2024-06-28,0.3312,2026-08-21
2024-07-01,0.3852,2026-08-21
2024-07-02,0.3806,2026-08-21
2024-07-03,0.3540,2026-08-21
2024-07-04,.,2026-08-21
2024-07-05,0.3110,2026-08-21
2024-07-08,0.3012,2026-08-21
2024-07-09,0.3072,2026-08-21
2024-07-10,0.3041,2026-08-21
2024-07-11,0.2670,2026-08-21
2024-07-12,0.2534,2026-08-21
2024-07-15,0.2683,2026-08-21
2024-07-16,0.2525,2026-08-21
2024-07-17,0.2433,2026-08-21
2024-07-18,0.2586,2026-08-21
2024-07-19,0.2807,2026-08-21
2024-07-22,0.2932,2026-08-21
2024-07-23,0.2906,2026-08-21
2024-07-24,0.2998,2026-08-21
2024-07-25,0.3036,2026-08-21
2024-07-26,0.2767,2026-08-21
2024-07-29,0.2624,2026-08-21
2024-07-30,0.2501,2026-08-21
2024-07-31,0.2197,2026-08-21
2024-08-01,0.1693,2026-08-21
2024-08-02,0.0817,2026-08-21
2024-08-05,0.0646,2026-08-21
2024-08-06,0.1070,2026-08-21
2024-08-07,0.1439,2026-08-21
2024-08-08,0.1695,2026-08-21
2024-08-09,0.1631,2026-08-21
2024-08-12,0.1425,2026-08-21
2024-08-13,0.1108,2026-08-21
2024-08-14,0.0962,2026-08-21
2024-08-15,0.1357,2026-08-21
2024-08-16,0.1321,2026-08-21
2024-08-19,0.1237,2026-08-21
2024-08-20,0.1034,2026-08-21
2024-08-21,0.0852,2026-08-21
2024-08-22,0.1121,2026-08-21
2024-08-23,0.0954,2026-08-21
2024-08-26,0.1009,2026-08-21
2024-08-27,0.1081,2026-08-21
2024-08-28,0.1158,2026-08-21
2024-08-29,0.1294,2026-08-21
2024-08-30,0.1480,2026-08-21
2024-09-02,.,2026-08-21
2024-09-03,0.1265,2026-08-21
2024-09-04,0.0898,2026-08-21
2024-09-05,0.0748,2026-08-21
2024-09-06,0.0613,2026-08-21
2024-09-09,0.0574,2026-08-21
2024-09-10,0.0379,2026-08-21
2024-09-11,0.0355,2026-08-21
2024-09-12,0.0478,2026-08-21
2024-09-13,0.0435,2026-08-21
2024-09-16,0.0425,2026-08-21
2024-09-17,0.0565,2026-08-21
2024-09-18,0.0886,2026-08-21
2024-09-19,0.1128,2026-08-21
2024-09-20,0.1241,2026-08-21
2024-09-23,0.1437,2026-08-21
2024-09-24,0.1470,2026-08-21
2024-09-25,0.1710,2026-08-21
2024-09-26,0.1874,2026-08-21
2024-09-27,0.1709,2026-08-21
2024-09-30,0.1945,2026-08-21
2024-10-01,0.1739,2026-08-21
2024-10-02,0.1859,2026-08-21
2024-10-03,0.2171,2026-08-21
2024-10-04,0.2854,2026-08-21
2024-10-07,0.3202,2026-08-21
2024-10-08,0.3255,2026-08-21
2024-10-09,0.3424,2026-08-21
2024-10-10,0.3499,2026-08-21
2024-10-11,0.3485,2026-08-21
2024-10-14,.,2026-08-21
2024-10-15,0.3333,2026-08-21
2024-10-16,0.3249,2026-08-21
2024-10-17,0.3495,2026-08-21
2024-10-18,0.3490,2026-08-21
2024-10-21,0.3916,2026-08-21
2024-10-22,0.4123,2026-08-21
2024-10-23,0.4356,2026-08-21
2024-10-24,0.4330,2026-08-21
2024-10-25,0.4467,2026-08-21
2024-10-28,0.4666,2026-08-21
2024-10-29,0.4720,2026-08-21
2024-10-30,0.4842,2026-08-21
2024-10-31,0.4890,2026-08-21
2024-11-01,0.5269,2026-08-21
2024-11-04,0.5158,2026-08-21
2024-11-05,0.5071,2026-08-21
2024-11-06,0.5564,2026-08-21
2024-11-07,0.5284,2026-08-21
2024-11-08,0.5171,2026-08-21
2024-11-11,.,2026-08-21
2024-11-12,0.5608,2026-08-21
2024-11-13,0.5745,2026-08-21
2024-11-14,0.5777,2026-08-21
2024-11-15,0.5757,2026-08-21
2024-11-18,0.5689,2026-08-21
2024-11-19,0.5548,2026-08-21
2024-11-20,0.5547,2026-08-21
2024-11-21,0.5642,2026-08-21
2024-11-22,0.5626,2026-08-21
2024-11-25,0.5048,2026-08-21
2024-11-26,0.5022,2026-08-21
2024-11-27,0.4783,2026-08-21
2024-11-28,.,2026-08-21
2024-11-29,0.4489,2026-08-21
2024-12-02,0.4453,2026-08-21
2024-12-03,0.4605,2026-08-21
2024-12-04,0.4537,2026-08-21
2024-12-05,0.4479,2026-08-21
2024-12-06,0.4390,2026-08-21
2024-12-09,0.4540,2026-08-21
2024-12-10,0.4686,2026-08-21
2024-12-11,0.4941,2026-08-21
2024-12-12,0.5276,2026-08-21
2024-12-13,0.5706,2026-08-21
2024-12-16,0.5798,2026-08-21
2024-12-17,0.5854,2026-08-21
2024-12-18,0.6412,2026-08-21
2024-12-19,0.6778,2026-08-21
2024-12-20,0.6682,2026-08-21
2024-12-23,0.6941,2026-08-21
2024-12-24,0.7009,2026-08-21
2024-12-25,.,2026-08-21
2024-12-26,0.6968,2026-08-21
2024-12-27,0.7141,2026-08-21
2024-12-30,0.6861,2026-08-21
2024-12-31,0.6872,2026-08-21
2025-01-01,.,2026-08-21
2025-01-02,0.6851,2026-08-21
2025-01-03,0.7016,2026-08-21
2025-01-06,0.7121,2026-08-21
2025-01-07,0.7356,2026-08-21
2025-01-08,0.7392,2026-08-21
2025-01-09,0.7465,2026-08-21
2025-01-10,0.7964,2026-08-21
2025-01-13,0.8131,2026-08-21
2025-01-14,0.8122,2026-08-21
2025-01-15,0.7574,2026-08-21
2025-01-16,0.7249,2026-08-21
2025-01-17,0.7198,2026-08-21
2025-01-20,.,2026-08-21
2025-01-21,0.7033,2026-08-21
2025-01-22,0.7071,2026-08-21
2025-01-23,0.7212,2026-08-21
2025-01-24,0.7192,2026-08-21
2025-01-27,0.6816,2026-08-21
2025-01-28,0.6771,2026-08-21
2025-01-29,0.6807,2026-08-21
2025-01-30,0.6646,2026-08-21
2025-01-31,0.6836,2026-08-21
2025-02-03,0.6733,2026-08-21
2025-02-04,0.6598,2026-08-21
2025-02-05,0.6215,2026-08-21
2025-02-06,0.6200,2026-08-21
2025-02-07,0.6365,2026-08-21
2025-02-10,0.6387,2026-08-21
2025-02-11,0.6508,2026-08-21
2025-02-12,0.6974,2026-08-21
2025-02-13,0.6705,2026-08-21
2025-02-14,0.6417,2026-08-21
2025-02-17,.,2026-08-21
2025-02-18,0.6620,2026-08-21
2025-02-19,0.6570,2026-08-21
2025-02-20,0.6477,2026-08-21
2025-02-21,0.6161,2026-08-21
2025-02-24,0.6017,2026-08-21
2025-02-25,0.5570,2026-08-21
2025-02-26,0.5249,2026-08-21
2025-02-27,0.5274,2026-08-21
2025-02-28,0.5063,2026-08-21
2025-03-03,0.4751,2026-08-21
2025-03-04,0.4880,2026-08-21
2025-03-05,0.5178,2026-08-21
2025-03-06,0.5284,2026-08-21
2025-03-07,0.5439,2026-08-21
2025-03-10,0.5083,2026-08-21
2025-03-11,0.5213,2026-08-21
2025-03-12,0.5432,2026-08-21
2025-03-13,0.5271,2026-08-21
2025-03-14,0.5449,2026-08-21
2025-03-17,0.5498,2026-08-21
2025-03-18,0.5379,2026-08-21
2025-03-19,0.5183,2026-08-21
2025-03-20,0.5060,2026-08-21
2025-03-21,0.5056,2026-08-21
2025-03-24,0.5424,2026-08-21
2025-03-25,0.5406,2026-08-21
2025-03-26,0.5522,2026-08-21
2025-03-27,0.5627,2026-08-21
2025-03-28,0.5214,2026-08-21
2025-03-31,0.4988,2026-08-21
2025-04-01,0.4715,2026-08-21
2025-04-02,0.4775,2026-08-21
2025-04-03,0.4094,2026-08-21
2025-04-04,0.3821,2026-08-21
2025-04-07,0.4271,2026-08-21
2025-04-08,0.4769,2026-08-21
2025-04-09,0.5436,2026-08-21
2025-04-10,0.5682,2026-08-21
2025-04-11,0.6161,2026-08-21
2025-04-14,0.5794,2026-08-21
2025-04-15,0.5580,2026-08-21
2025-04-16,0.5230,2026-08-21
2025-04-17,0.5337,2026-08-21
2025-04-18,.,2026-08-21
2025-04-21,0.5565,2026-08-21
2025-04-22,0.5668,2026-08-21
2025-04-23,0.5721,2026-08-21
2025-04-24,0.5396,2026-08-21
2025-04-25,0.5131,2026-08-21
2025-04-28,0.4805,2026-08-21
2025-04-29,0.4541,2026-08-21
2025-04-30,0.4350,2026-08-21
2025-05-01,0.4655,2026-08-21
2025-05-02,0.5073,2026-08-21
2025-05-05,0.5260,2026-08-21
2025-05-06,0.5164,2026-08-21
2025-05-07,0.4996,2026-08-21
2025-05-08,0.5413,2026-08-21
2025-05-09,0.5503,2026-08-21
2025-05-12,0.5831,2026-08-21
2025-05-13,0.6037,2026-08-21
2025-05-14,0.6244,2026-08-21
2025-05-15,0.5938,2026-08-21
2025-05-16,0.5836,2026-08-21
2025-05-19,0.5841,2026-08-21
2025-05-20,0.5899,2026-08-21
2025-05-21,0.6288,2026-08-21
2025-05-22,0.6269,2026-08-21
2025-05-23,0.6166,2026-08-21
2025-05-26,.,2026-08-21
2025-05-27,0.5841,2026-08-21
2025-05-28,0.5896,2026-08-21
2025-05-29,0.5670,2026-08-21
2025-05-30,0.5515,2026-08-21
2025-06-02,0.5658,2026-08-21
2025-06-03,0.5748,2026-08-21
2025-06-04,0.5365,2026-08-21
2025-06-05,0.5455,2026-08-21
2025-06-06,0.5974,2026-08-21
2025-06-09,0.5971,2026-08-21
2025-06-10,0.5905,2026-08-21
2025-06-11,0.5636,2026-08-21
2025-06-12,0.5341,2026-08-21
2025-06-13,0.5497,2026-08-21
2025-06-16,0.5672,2026-08-21
2025-06-17,0.5474,2026-08-21
2025-06-18,0.5408,2026-08-21
2025-06-19,.,2026-08-21
2025-06-20,0.5356,2026-08-21
2025-06-23,0.5165,2026-08-21
2025-06-24,0.4965,2026-08-21
2025-06-25,0.4883,2026-08-21
2025-06-26,0.4708,2026-08-21
2025-06-27,0.4816,2026-08-21
2025-06-30,0.4603,2026-08-21
2025-07-01,0.4684,2026-08-21
2025-07-02,0.4842,2026-08-21
2025-07-03,0.5108,2026-08-21
2025-07-04,.,2026-08-21
2025-07-07,0.5283,2026-08-21
2025-07-08,0.5427,2026-08-21
2025-07-09,0.5174,2026-08-21
2025-07-10,0.5160,2026-08-21
2025-07-11,0.5452,2026-08-21
2025-07-14,0.5510,2026-08-21
2025-07-15,0.5801,2026-08-21
2025-07-16,0.5693,2026-08-21
2025-07-17,0.5747,2026-08-21
2025-07-18,0.5610,2026-08-21
2025-07-21,0.5355,2026-08-21
2025-07-22,0.5143,2026-08-21
2025-07-23,0.5293,2026-08-21
2025-07-24,0.5440,2026-08-21
2025-07-25,0.5362,2026-08-21
2025-07-28,0.5445,2026-08-21
2025-07-29,0.5153,2026-08-21
2025-07-30,0.5270,2026-08-21
2025-07-31,0.5262,2026-08-21
2025-08-01,0.4649,2026-08-21
2025-08-04,0.4505,2026-08-21
2025-08-05,0.4544,2026-08-21
2025-08-06,0.4600,2026-08-21
2025-08-07,0.4718,2026-08-21
2025-08-08,0.4913,2026-08-21
2025-08-11,0.4940,2026-08-21
2025-08-12,0.4995,2026-08-21
2025-08-13,0.4832,2026-08-21
2025-08-14,0.5004,2026-08-21
2025-08-15,0.5191,2026-08-21
2025-08-18,0.5260,2026-08-21
2025-08-19,0.5161,2026-08-21
2025-08-20,0.5070,2026-08-21
2025-08-21,0.5225,2026-08-21
2025-08-22,0.4939,2026-08-21
2025-08-25,0.5008,2026-08-21
2025-08-26,0.4893,2026-08-21
2025-08-27,0.4805,2026-08-21
2025-08-28,0.4717,2026-08-21
2025-08-29,0.4727,2026-08-21
2025-09-01,.,2026-08-21
2025-09-02,0.4948,2026-08-21
2025-09-03,0.4794,2026-08-21
2025-09-04,0.4594,2026-08-21
2025-09-05,0.4360,2026-08-21
2025-09-08,0.4207,2026-08-21
2025-09-09,0.4275,2026-08-21
2025-09-10,0.4205,2026-08-21
2025-09-11,0.4121,2026-08-21
2025-09-12,0.4291,2026-08-21
2025-09-15,0.4273,2026-08-21
2025-09-16,0.4237,2026-08-21
2025-09-17,0.4369,2026-08-21
2025-09-18,0.4597,2026-08-21
2025-09-19,0.4748,2026-08-21
2025-09-22,0.4869,2026-08-21
2025-09-23,0.4797,2026-08-21
2025-09-24,0.4926,2026-08-21
2025-09-25,0.5069,2026-08-21
2025-09-26,0.5162,2026-08-21
2025-09-29,0.5047,2026-08-21
2025-09-30,0.5031,2026-08-21
2025-10-01,0.4872,2026-08-21
2025-10-02,0.4777,2026-08-21
2025-10-03,0.4900,2026-08-21
2025-10-06,0.5103,2026-08-21
2025-10-07,0.5005,2026-08-21
2025-10-08,0.5018,2026-08-21
2025-10-09,0.5048,2026-08-21
2025-10-10,0.4694,2026-08-21
2025-10-13,.,2026-08-21
2025-10-14,0.4465,2026-08-21
2025-10-15,0.4496,2026-08-21
2025-10-16,0.4205,2026-08-21
2025-10-17,0.4311,2026-08-21
2025-10-20,0.4307,2026-08-21
2025-10-21,0.4221,2026-08-21
2025-10-22,0.4189,2026-08-21
2025-10-23,0.4366,2026-08-21
2025-10-24,0.4441,2026-08-21
2025-10-27,0.4504,2026-08-21
2025-10-28,0.4483,2026-08-21
2025-10-29,0.4795,2026-08-21
2025-10-30,0.4947,2026-08-21
2025-10-31,0.4975,2026-08-21
2025-11-03,0.4979,2026-08-21
2025-11-04,0.4889,2026-08-21
2025-11-05,0.5144,2026-08-21
2025-11-06,0.4951,2026-08-21
2025-11-07,0.4901,2026-08-21
2025-11-10,0.4993,2026-08-21
2025-11-11,.,2026-08-21
2025-11-12,0.4834,2026-08-21
2025-11-13,0.4928,2026-08-21
2025-11-14,0.5069,2026-08-21
2025-11-17,0.5034,2026-08-21
2025-11-18,0.4972,2026-08-21
2025-11-19,0.4991,2026-08-21
2025-11-20,0.4897,2026-08-21
2025-11-21,0.4718,2026-08-21
2025-11-24,0.4614,2026-08-21
2025-11-25,0.4468,2026-08-21
2025-11-26,0.4406,2026-08-21
2025-11-27,.,2026-08-21
2025-11-28,0.4507,2026-08-21
2025-12-01,0.4841,2026-08-21
2025-12-02,0.4933,2026-08-21
2025-12-03,0.4893,2026-08-21
2025-12-04,0.5137,2026-08-21
2025-12-05,0.5327,2026-08-21
2025-12-08,0.5518,2026-08-21
2025-12-09,0.5632,2026-08-21
2025-12-10,0.5550,2026-08-21
2025-12-11,0.5531,2026-08-21
2025-12-12,0.5770,2026-08-21
2025-12-15,0.5784,2026-08-21
2025-12-16,0.5660,2026-08-21
2025-12-17,0.5679,2026-08-21
2025-12-18,0.5556,2026-08-21
2025-12-19,0.5644,2026-08-21
2025-12-22,0.5722,2026-08-21
2025-12-23,0.5774,2026-08-21
2025-12-24,0.5685,2026-08-21
2025-12-25,.,2026-08-21
2025-12-26,0.5603,2026-08-21
2025-12-29,0.5495,2026-08-21
2025-12-30,0.5517,2026-08-21
2025-12-31,0.5710,2026-08-21
2026-01-01,.,2026-08-21
2026-01-02,0.5844,2026-08-21
2026-01-05,0.5787,2026-08-21
2026-01-06,0.5833,2026-08-21
2026-01-07,0.5727,2026-08-21
2026-01-08,0.5875,2026-08-21
2026-01-09,0.5910,2026-08-21
2026-01-12,0.5926,2026-08-21
2026-01-13,0.5855,2026-08-21
2026-01-14,0.5703,2026-08-21
2026-01-15,0.5804,2026-08-21
2026-01-16,0.6042,2026-08-21
2026-01-19,.,2026-08-21
2026-01-20,0.6315,2026-08-21
2026-01-21,0.6263,2026-08-21
2026-01-22,0.6276,2026-08-21
2026-01-23,0.6224,2026-08-21
2026-01-26,0.6133,2026-08-21
2026-01-27,0.6155,2026-08-21
2026-01-28,0.6251,2026-08-21
2026-01-29,0.6158,2026-08-21
2026-01-30,0.6148,2026-08-21
2026-02-02,0.6289,2026-08-21
2026-02-03,0.6313,2026-08-21
2026-02-04,0.6350,2026-08-21
2026-02-05,0.6022,2026-08-21
2026-02-06,0.5990,2026-08-21
2026-02-09,0.5951,2026-08-21
2026-02-10,0.5729,2026-08-21
2026-02-11,0.5823,2026-08-21
2026-02-12,0.5514,2026-08-21
2026-02-13,0.5194,2026-08-21
2026-02-16,.,2026-08-21
2026-02-17,0.5143,2026-08-21
2026-02-18,0.5238,2026-08-21
2026-02-19,0.5218,2026-08-21
2026-02-20,0.5228,2026-08-21
2026-02-23,0.4986,2026-08-21
2026-02-24,0.4971,2026-08-21
2026-02-25,0.5005,2026-08-21
2026-02-26,0.4866,2026-08-21
2026-02-27,0.4627,2026-08-21
2026-03-02,0.4906,2026-08-21
2026-03-03,0.5019,2026-08-21
2026-03-04,0.5168,2026-08-21
2026-03-05,0.5378,2026-08-21
2026-03-06,0.5487,2026-08-21
2026-03-09,0.5420,2026-08-21
2026-03-10,0.5496,2026-08-21
2026-03-11,0.5772,2026-08-21
2026-03-12,0.6185,2026-08-21
2026-03-13,0.6286,2026-08-21
2026-03-16,0.6034,2026-08-21
2026-03-17,0.5887,2026-08-21
2026-03-18,0.6139,2026-08-21
2026-03-19,0.6210,2026-08-21
2026-03-20,0.6780,2026-08-21
2026-03-23,0.6691,2026-08-21
2026-03-24,0.6921,2026-08-21
2026-03-25,0.6717,2026-08-21
2026-03-26,0.7140,2026-08-21
2026-03-27,0.7183,2026-08-21
2026-03-30,0.6813,2026-08-21
2026-03-31,0.6540,2026-08-21
2026-04-01,0.6640,2026-08-21
2026-04-02,0.6555,2026-08-21
2026-04-03,0.6720,2026-08-21
2026-04-06,0.6694,2026-08-21
2026-04-07,0.6610,2026-08-21
2026-04-08,0.6457,2026-08-21
2026-04-09,0.6421,2026-08-21
2026-04-10,0.6518,2026-08-21
2026-04-13,0.6432,2026-08-21
2026-04-14,0.6215,2026-08-21
2026-04-15,0.6264,2026-08-21
2026-04-16,0.6384,2026-08-21
2026-04-17,0.6158,2026-08-21
2026-04-20,0.6120,2026-08-21
2026-04-21,0.6311,2026-08-21
2026-04-22,0.6402,2026-08-21
2026-04-23,0.6596,2026-08-21
2026-04-24,0.6481,2026-08-21
2026-04-27,0.6603,2026-08-21
2026-04-28,0.6747,2026-08-21
2026-04-29,0.7075,2026-08-21
2026-04-30,0.7038,2026-08-21
2026-05-01,0.7036,2026-08-21
2026-05-04,0.7290,2026-08-21
2026-05-05,0.7279,2026-08-21
2026-05-06,0.6962,2026-08-21
2026-05-07,0.7086,2026-08-21
2026-05-08,0.6999,2026-08-21
2026-05-11,0.7173,2026-08-21
2026-05-12,0.7439,2026-08-21
2026-05-13,0.7488,2026-08-21
2026-05-14,0.7547,2026-08-21
2026-05-15,0.8117,2026-08-21
2026-05-18,0.8293,2026-08-21
2026-05-19,0.8621,2026-08-21
2026-05-20,0.8299,2026-08-21
2026-05-21,0.8277,2026-08-21
2026-05-22,0.8289,2026-08-21
2026-05-25,.,2026-08-21
2026-05-26,0.7941,2026-08-21
2026-05-27,0.7786,2026-08-21
2026-05-28,0.7640,2026-08-21
2026-05-29,0.7541,2026-08-21
2026-06-01,0.7627,2026-08-21
2026-06-02,0.7582,2026-08-21
2026-06-03,0.7733,2026-08-21
2026-06-04,0.7654,2026-08-21
2026-06-05,0.8019,2026-08-21
2026-06-08,0.8081,2026-08-21
2026-06-09,0.7977,2026-08-21
2026-06-10,0.8010,2026-08-21
2026-06-11,0.7630,2026-08-21
2026-06-12,0.7671,2026-08-21
2026-06-15,0.7574,2026-08-21
2026-06-16,0.7392,2026-08-21
2026-06-17,0.7666,2026-08-21
2026-06-18,0.7519,2026-08-21
2026-06-19,.,2026-08-21
2026-06-22,0.7647,2026-08-21
2026-06-23,0.7568,2026-08-21
2026-06-24,0.7175,2026-08-21
2026-06-25,0.6991,2026-08-21
2026-06-26,0.6849,2026-08-21
2026-06-29,0.6782,2026-08-21
2026-06-30,0.6967,2026-08-21
2026-07-01,0.7216,2026-08-21
2026-07-02,0.7322,2026-08-21
2026-07-03,.,2026-08-21
2026-07-06,0.7261,2026-08-21
2026-07-07,0.7531,2026-08-21
2026-07-08,0.7710,2026-08-21
2026-07-09,0.7671,2026-08-21
2026-07-10,0.7788,2026-08-21
2026-07-13,0.8008,2026-08-21
2026-07-14,0.7895,2026-08-21
2026-07-15,0.7727,2026-08-21
2026-07-16,0.7801,2026-08-21
2026-07-17,0.7787,2026-08-21
2026-07-20,0.7931,2026-08-21
2026-07-21,0.8120,2026-08-21
2026-07-22,0.8310,2026-08-21
2026-07-23,0.8488,2026-08-21
2026-07-24,0.8384,2026-08-21
2026-07-27,0.8208,2026-08-21
2026-07-28,0.7998,2026-08-21
2026-07-29,0.8181,2026-08-21
2026-07-30,0.8330,2026-08-21
2026-07-31,0.8681,2026-08-21
2026-08-03,0.8531,2026-08-21
2026-08-04,0.8216,2026-08-21
2026-08-05,0.8130,2026-08-21
2026-08-06,0.8361,2026-08-21
2026-08-07,0.8257,2026-08-21
2026-08-10,0.8488,2026-08-21
2026-08-11,0.8479,2026-08-21
2026-08-12,0.8438,2026-08-21
2026-08-13,0.8233,2026-08-21
2026-08-14,0.8393,2026-08-21
