TIME,DATA_VALUE,retrieved_at
20080102,5.83,2026-08-05
20080103,5.83,2026-08-05
20080104,5.8,2026-08-05
20080107,5.76,2026-08-05
20080108,5.75,2026-08-05
20080109,5.71,2026-08-05
20080110,5.66,2026-08-05
20080111,5.57,2026-08-05
20080114,5.57,2026-08-05
20080115,5.51,2026-08-05
20080116,5.48,2026-08-05
20080117,5.54,2026-08-05
20080118,5.48,2026-08-05
20080121,5.46,2026-08-05
20080122,5.42,2026-08-05
20080123,5.16,2026-08-05
20080124,5.16,2026-08-05
20080125,5.21,2026-08-05
20080128,5.14,2026-08-05
20080129,5.14,2026-08-05
20080130,5.13,2026-08-05
20080131,5.07,2026-08-05
20080201,5.07,2026-08-05
20080204,5.11,2026-08-05
20080205,5.09,2026-08-05
20080211,5.07,2026-08-05
20080212,5.06,2026-08-05
20080213,5,2026-08-05
20080214,4.99,2026-08-05
20080215,4.96,2026-08-05
20080218,4.94,2026-08-05
20080219,4.96,2026-08-05
20080220,4.95,2026-08-05
20080221,4.99,2026-08-05
20080222,4.96,2026-08-05
20080225,4.98,2026-08-05
20080226,4.99,2026-08-05
20080227,4.98,2026-08-05
20080228,4.97,2026-08-05
20080229,4.94,2026-08-05
20080303,4.91,2026-08-05
20080304,4.91,2026-08-05
20080305,4.9,2026-08-05
20080306,4.91,2026-08-05
20080307,4.92,2026-08-05
20080310,4.99,2026-08-05
20080311,5,2026-08-05
20080312,5,2026-08-05
20080313,5.06,2026-08-05
20080314,5.06,2026-08-05
20080317,5.11,2026-08-05
20080318,5.05,2026-08-05
20080319,5.12,2026-08-05
20080320,5.1,2026-08-05
20080321,5.09,2026-08-05
20080324,5.15,2026-08-05
20080325,5.15,2026-08-05
20080326,5.16,2026-08-05
20080327,5.14,2026-08-05
20080328,5.15,2026-08-05
20080331,5.12,2026-08-05
20080401,5.14,2026-08-05
20080402,5.14,2026-08-05
20080403,5.16,2026-08-05
20080404,5.16,2026-08-05
20080407,5.16,2026-08-05
20080408,5.12,2026-08-05
20080410,5.03,2026-08-05
20080411,5.04,2026-08-05
20080414,5.04,2026-08-05
20080415,5.03,2026-08-05
20080416,5.03,2026-08-05
20080417,5.03,2026-08-05
20080418,5.07,2026-08-05
20080421,5.07,2026-08-05
20080422,5.05,2026-08-05
20080423,5.06,2026-08-05
20080424,5.04,2026-08-05
20080425,5.04,2026-08-05
20080428,5.02,2026-08-05
20080429,5.01,2026-08-05
20080430,4.99,2026-08-05
20080502,4.99,2026-08-05
20080506,5,2026-08-05
20080507,5.02,2026-08-05
20080508,5.14,2026-08-05
20080509,5.15,2026-08-05
20080513,5.2,2026-08-05
20080514,5.19,2026-08-05
20080515,5.19,2026-08-05
20080516,5.22,2026-08-05
20080519,5.29,2026-08-05
20080520,5.23,2026-08-05
20080521,5.25,2026-08-05
20080522,5.2,2026-08-05
20080523,5.2,2026-08-05
20080526,5.21,2026-08-05
20080527,5.19,2026-08-05
20080528,5.19,2026-08-05
20080529,5.22,2026-08-05
20080530,5.24,2026-08-05
20080602,5.29,2026-08-05
20080603,5.28,2026-08-05
20080604,5.27,2026-08-05
20080605,5.27,2026-08-05
20080609,5.38,2026-08-05
20080610,5.48,2026-08-05
20080611,5.47,2026-08-05
20080612,5.47,2026-08-05
20080613,5.48,2026-08-05
20080616,5.47,2026-08-05
20080617,5.45,2026-08-05
20080618,5.47,2026-08-05
20080619,5.46,2026-08-05
20080620,5.49,2026-08-05
20080623,5.6,2026-08-05
20080624,5.6,2026-08-05
20080625,5.59,2026-08-05
20080626,5.55,2026-08-05
20080627,5.57,2026-08-05
20080630,5.63,2026-08-05
20080701,5.62,2026-08-05
20080702,5.68,2026-08-05
20080703,5.73,2026-08-05
20080704,5.73,2026-08-05
20080707,5.73,2026-08-05
20080708,5.72,2026-08-05
20080709,5.71,2026-08-05
20080710,5.76,2026-08-05
20080711,5.9,2026-08-05
20080714,5.96,2026-08-05
20080715,5.96,2026-08-05
20080716,5.97,2026-08-05
20080717,5.95,2026-08-05
20080718,5.95,2026-08-05
20080721,6,2026-08-05
20080722,5.91,2026-08-05
20080723,5.88,2026-08-05
20080724,5.86,2026-08-05
20080725,5.84,2026-08-05
20080728,5.88,2026-08-05
20080729,5.85,2026-08-05
20080730,5.83,2026-08-05
20080731,5.86,2026-08-05
20080801,5.83,2026-08-05
20080804,5.87,2026-08-05
20080805,5.85,2026-08-05
20080806,5.82,2026-08-05
20080807,5.8,2026-08-05
20080808,5.84,2026-08-05
20080811,5.86,2026-08-05
20080812,5.88,2026-08-05
20080813,5.88,2026-08-05
20080814,5.93,2026-08-05
20080818,5.95,2026-08-05
20080819,5.89,2026-08-05
20080820,5.86,2026-08-05
20080821,5.85,2026-08-05
20080822,5.9,2026-08-05
20080825,5.94,2026-08-05
20080826,5.91,2026-08-05
20080827,5.89,2026-08-05
20080828,5.86,2026-08-05
20080829,5.87,2026-08-05
20080901,5.93,2026-08-05
20080902,5.96,2026-08-05
20080903,5.91,2026-08-05
20080904,5.88,2026-08-05
20080905,5.88,2026-08-05
20080908,5.85,2026-08-05
20080909,5.84,2026-08-05
20080910,5.82,2026-08-05
20080911,5.79,2026-08-05
20080912,5.77,2026-08-05
20080916,5.66,2026-08-05
20080917,5.71,2026-08-05
20080918,5.93,2026-08-05
20080919,5.88,2026-08-05
20080922,5.94,2026-08-05
20080923,5.97,2026-08-05
20080924,5.99,2026-08-05
20080925,6.03,2026-08-05
20080926,6.09,2026-08-05
20080929,6.07,2026-08-05
20080930,5.92,2026-08-05
20081001,5.94,2026-08-05
20081002,5.91,2026-08-05
20081006,5.98,2026-08-05
20081007,5.92,2026-08-05
20081008,5.93,2026-08-05
20081009,5.69,2026-08-05
20081010,5.64,2026-08-05
20081013,5.68,2026-08-05
20081014,5.68,2026-08-05
20081015,5.64,2026-08-05
20081016,5.7,2026-08-05
20081017,5.65,2026-08-05
20081020,5.67,2026-08-05
20081021,5.69,2026-08-05
20081022,5.49,2026-08-05
20081023,5.53,2026-08-05
20081024,5.58,2026-08-05
20081027,5.32,2026-08-05
20081028,5.42,2026-08-05
20081029,5.46,2026-08-05
20081030,5.46,2026-08-05
20081031,5.48,2026-08-05
20081103,5.49,2026-08-05
20081104,5.43,2026-08-05
20081105,5.36,2026-08-05
20081106,5.25,2026-08-05
20081107,5.23,2026-08-05
20081110,5.37,2026-08-05
20081111,5.39,2026-08-05
20081112,5.36,2026-08-05
20081113,5.5,2026-08-05
20081114,5.58,2026-08-05
20081117,5.46,2026-08-05
20081118,5.49,2026-08-05
20081119,5.34,2026-08-05
20081120,5.32,2026-08-05
20081121,5.19,2026-08-05
20081124,5.21,2026-08-05
20081125,5.21,2026-08-05
20081126,5.13,2026-08-05
20081127,5.13,2026-08-05
20081128,5.15,2026-08-05
20081201,5.07,2026-08-05
20081202,4.95,2026-08-05
20081203,4.79,2026-08-05
20081204,4.79,2026-08-05
20081205,4.61,2026-08-05
20081208,4.58,2026-08-05
20081209,4.52,2026-08-05
20081210,4.55,2026-08-05
20081211,4.14,2026-08-05
20081212,4.02,2026-08-05
20081215,3.95,2026-08-05
20081216,3.8,2026-08-05
20081217,3.78,2026-08-05
20081218,3.76,2026-08-05
20081219,3.76,2026-08-05
20081222,3.76,2026-08-05
20081223,3.75,2026-08-05
20081224,3.63,2026-08-05
20081226,3.55,2026-08-05
20081229,3.48,2026-08-05
20081230,3.25,2026-08-05
20081231,3.25,2026-08-05
20090102,3.2,2026-08-05
20090105,2.99,2026-08-05
20090106,2.96,2026-08-05
20090107,3,2026-08-05
20090108,2.74,2026-08-05
20090109,2.78,2026-08-05
20090112,2.78,2026-08-05
20090113,2.74,2026-08-05
20090114,2.63,2026-08-05
20090115,2.75,2026-08-05
20090116,2.77,2026-08-05
20090119,2.66,2026-08-05
20090120,2.67,2026-08-05
20090121,2.61,2026-08-05
20090122,2.6,2026-08-05
20090123,2.58,2026-08-05
20090128,2.56,2026-08-05
20090129,2.58,2026-08-05
20090130,2.6,2026-08-05
20090202,2.65,2026-08-05
20090203,2.69,2026-08-05
20090204,2.63,2026-08-05
20090205,2.64,2026-08-05
20090206,2.58,2026-08-05
20090209,2.56,2026-08-05
20090210,2.54,2026-08-05
20090211,2.46,2026-08-05
20090212,2.36,2026-08-05
20090213,2.26,2026-08-05
20090216,2.29,2026-08-05
20090217,2.43,2026-08-05
20090218,2.35,2026-08-05
20090219,2.35,2026-08-05
20090220,2.44,2026-08-05
20090223,2.5,2026-08-05
20090224,2.63,2026-08-05
20090225,2.73,2026-08-05
20090226,2.7,2026-08-05
20090227,2.67,2026-08-05
20090302,2.67,2026-08-05
20090303,2.59,2026-08-05
20090304,2.55,2026-08-05
20090305,2.56,2026-08-05
20090306,2.52,2026-08-05
20090309,2.52,2026-08-05
20090310,2.48,2026-08-05
20090311,2.49,2026-08-05
20090312,2.46,2026-08-05
20090313,2.5,2026-08-05
20090316,2.54,2026-08-05
20090317,2.56,2026-08-05
20090318,2.6,2026-08-05
20090319,2.63,2026-08-05
20090320,2.65,2026-08-05
20090323,2.71,2026-08-05
20090324,2.74,2026-08-05
20090325,2.72,2026-08-05
20090326,2.72,2026-08-05
20090327,2.72,2026-08-05
20090330,2.77,2026-08-05
20090331,2.79,2026-08-05
20090401,2.74,2026-08-05
20090402,2.72,2026-08-05
20090403,2.71,2026-08-05
20090406,2.73,2026-08-05
20090407,2.72,2026-08-05
20090408,2.67,2026-08-05
20090409,2.63,2026-08-05
20090410,2.6,2026-08-05
20090413,2.57,2026-08-05
20090414,2.51,2026-08-05
20090415,2.47,2026-08-05
20090416,2.47,2026-08-05
20090417,2.46,2026-08-05
20090420,2.46,2026-08-05
20090421,2.47,2026-08-05
20090422,2.51,2026-08-05
20090423,2.52,2026-08-05
20090424,2.51,2026-08-05
20090427,2.56,2026-08-05
20090428,2.56,2026-08-05
20090429,2.59,2026-08-05
20090430,2.62,2026-08-05
20090504,2.7,2026-08-05
20090506,2.71,2026-08-05
20090507,2.75,2026-08-05
20090508,2.74,2026-08-05
20090511,2.75,2026-08-05
20090512,2.69,2026-08-05
20090513,2.67,2026-08-05
20090514,2.61,2026-08-05
20090515,2.6,2026-08-05
20090518,2.58,2026-08-05
20090519,2.62,2026-08-05
20090520,2.62,2026-08-05
20090521,2.6,2026-08-05
20090522,2.59,2026-08-05
20090525,2.54,2026-08-05
20090526,2.51,2026-08-05
20090527,2.51,2026-08-05
20090528,2.51,2026-08-05
20090529,2.48,2026-08-05
20090601,2.46,2026-08-05
20090602,2.48,2026-08-05
20090603,2.48,2026-08-05
20090604,2.47,2026-08-05
20090605,2.47,2026-08-05
20090608,2.56,2026-08-05
20090609,2.62,2026-08-05
20090610,2.65,2026-08-05
20090611,2.93,2026-08-05
20090612,3.06,2026-08-05
20090615,3.2,2026-08-05
20090616,3.2,2026-08-05
20090617,3.2,2026-08-05
20090618,3.17,2026-08-05
20090619,3.12,2026-08-05
20090622,3.04,2026-08-05
20090623,2.96,2026-08-05
20090624,2.92,2026-08-05
20090625,2.98,2026-08-05
20090626,2.95,2026-08-05
20090629,2.93,2026-08-05
20090630,2.97,2026-08-05
20090701,2.95,2026-08-05
20090702,2.93,2026-08-05
20090703,2.89,2026-08-05
20090706,2.89,2026-08-05
20090707,2.9,2026-08-05
20090708,2.87,2026-08-05
20090709,2.78,2026-08-05
20090710,2.69,2026-08-05
20090713,2.71,2026-08-05
20090714,2.71,2026-08-05
20090715,2.74,2026-08-05
20090716,2.74,2026-08-05
20090717,2.79,2026-08-05
20090720,2.83,2026-08-05
20090721,2.82,2026-08-05
20090722,2.83,2026-08-05
20090723,2.81,2026-08-05
20090724,2.8,2026-08-05
20090727,2.81,2026-08-05
20090728,2.81,2026-08-05
20090729,2.84,2026-08-05
20090730,2.82,2026-08-05
20090731,2.88,2026-08-05
20090803,2.95,2026-08-05
20090804,2.94,2026-08-05
20090805,3.03,2026-08-05
20090806,3.12,2026-08-05
20090807,3.14,2026-08-05
20090810,3.2,2026-08-05
20090811,3.17,2026-08-05
20090812,3.27,2026-08-05
20090813,3.32,2026-08-05
20090814,3.39,2026-08-05
20090817,3.38,2026-08-05
20090818,3.41,2026-08-05
20090819,3.4,2026-08-05
20090820,3.42,2026-08-05
20090821,3.43,2026-08-05
20090824,3.51,2026-08-05
20090825,3.51,2026-08-05
20090826,3.49,2026-08-05
20090827,3.46,2026-08-05
20090828,3.5,2026-08-05
20090831,3.52,2026-08-05
20090901,3.52,2026-08-05
20090902,3.45,2026-08-05
20090903,3.42,2026-08-05
20090904,3.43,2026-08-05
20090907,3.42,2026-08-05
20090908,3.38,2026-08-05
20090909,3.34,2026-08-05
20090910,3.54,2026-08-05
20090911,3.53,2026-08-05
20090914,3.52,2026-08-05
20090915,3.49,2026-08-05
20090916,3.4,2026-08-05
20090917,3.39,2026-08-05
20090918,3.38,2026-08-05
20090921,3.44,2026-08-05
20090922,3.48,2026-08-05
20090923,3.49,2026-08-05
20090924,3.5,2026-08-05
20090925,3.51,2026-08-05
20090928,3.55,2026-08-05
20090929,3.58,2026-08-05
20090930,3.54,2026-08-05
20091001,3.54,2026-08-05
20091005,3.54,2026-08-05
20091006,3.61,2026-08-05
20091007,3.62,2026-08-05
20091008,3.63,2026-08-05
20091009,3.55,2026-08-05
20091012,3.47,2026-08-05
20091013,3.44,2026-08-05
20091014,3.42,2026-08-05
20091015,3.43,2026-08-05
20091016,3.52,2026-08-05
20091019,3.52,2026-08-05
20091020,3.53,2026-08-05
20091021,3.52,2026-08-05
20091022,3.54,2026-08-05
20091023,3.58,2026-08-05
20091026,3.62,2026-08-05
20091027,3.57,2026-08-05
20091028,3.55,2026-08-05
20091029,3.52,2026-08-05
20091030,3.52,2026-08-05
20091102,3.49,2026-08-05
20091103,3.47,2026-08-05
20091104,3.48,2026-08-05
20091105,3.45,2026-08-05
20091106,3.44,2026-08-05
20091109,3.41,2026-08-05
20091110,3.37,2026-08-05
20091111,3.34,2026-08-05
20091112,3.29,2026-08-05
20091113,3.24,2026-08-05
20091116,3.24,2026-08-05
20091117,3.2,2026-08-05
20091118,3.2,2026-08-05
20091119,3.19,2026-08-05
20091120,3.19,2026-08-05
20091123,3.23,2026-08-05
20091124,3.23,2026-08-05
20091125,3.23,2026-08-05
20091126,3.21,2026-08-05
20091127,3.13,2026-08-05
20091130,3.14,2026-08-05
20091201,3.13,2026-08-05
20091202,3.18,2026-08-05
20091203,3.19,2026-08-05
20091204,3.22,2026-08-05
20091207,3.27,2026-08-05
20091208,3.25,2026-08-05
20091209,3.24,2026-08-05
20091210,3.34,2026-08-05
20091211,3.33,2026-08-05
20091214,3.35,2026-08-05
20091215,3.33,2026-08-05
20091216,3.38,2026-08-05
20091217,3.38,2026-08-05
20091218,3.36,2026-08-05
20091221,3.37,2026-08-05
20091222,3.44,2026-08-05
20091223,3.42,2026-08-05
20091224,3.44,2026-08-05
20091228,3.47,2026-08-05
20091229,3.5,2026-08-05
20091230,3.52,2026-08-05
20091231,3.52,2026-08-05
20100104,3.54,2026-08-05
20100105,3.46,2026-08-05
20100106,3.49,2026-08-05
20100107,3.42,2026-08-05
20100108,3.42,2026-08-05
20100111,3.28,2026-08-05
20100112,3.27,2026-08-05
20100113,3.27,2026-08-05
20100114,3.27,2026-08-05
20100115,3.28,2026-08-05
20100118,3.3,2026-08-05
20100119,3.28,2026-08-05
20100120,3.29,2026-08-05
20100121,3.3,2026-08-05
20100122,3.28,2026-08-05
20100125,3.3,2026-08-05
20100126,3.27,2026-08-05
20100127,3.29,2026-08-05
20100128,3.32,2026-08-05
20100129,3.29,2026-08-05
20100201,3.29,2026-08-05
20100202,3.27,2026-08-05
20100203,3.26,2026-08-05
20100204,3.24,2026-08-05
20100205,3.21,2026-08-05
20100208,3.23,2026-08-05
20100209,3.22,2026-08-05
20100210,3.22,2026-08-05
20100211,3.18,2026-08-05
20100212,3.12,2026-08-05
20100216,3.11,2026-08-05
20100217,3.1,2026-08-05
20100218,3.1,2026-08-05
20100219,3.15,2026-08-05
20100222,3.18,2026-08-05
20100223,3.16,2026-08-05
20100224,3.15,2026-08-05
20100225,3.12,2026-08-05
20100226,3.12,2026-08-05
20100302,3.11,2026-08-05
20100303,3.08,2026-08-05
20100304,3.07,2026-08-05
20100305,3.07,2026-08-05
20100308,3.1,2026-08-05
20100309,3.08,2026-08-05
20100310,3.06,2026-08-05
20100311,2.95,2026-08-05
20100312,2.91,2026-08-05
20100315,2.9,2026-08-05
20100316,2.84,2026-08-05
20100317,2.8,2026-08-05
20100318,2.77,2026-08-05
20100319,2.77,2026-08-05
20100322,2.75,2026-08-05
20100323,2.81,2026-08-05
20100324,2.82,2026-08-05
20100325,2.73,2026-08-05
20100326,2.73,2026-08-05
20100329,2.73,2026-08-05
20100330,2.73,2026-08-05
20100331,2.72,2026-08-05
20100401,2.67,2026-08-05
20100402,2.66,2026-08-05
20100405,2.69,2026-08-05
20100406,2.71,2026-08-05
20100407,2.71,2026-08-05
20100408,2.68,2026-08-05
20100409,2.69,2026-08-05
20100412,2.72,2026-08-05
20100413,2.72,2026-08-05
20100414,2.73,2026-08-05
20100415,2.73,2026-08-05
20100416,2.71,2026-08-05
20100419,2.72,2026-08-05
20100420,2.72,2026-08-05
20100421,2.73,2026-08-05
20100422,2.72,2026-08-05
20100423,2.72,2026-08-05
20100426,2.72,2026-08-05
20100427,2.7,2026-08-05
20100428,2.69,2026-08-05
20100429,2.67,2026-08-05
20100430,2.68,2026-08-05
20100503,2.73,2026-08-05
20100504,2.75,2026-08-05
20100506,2.79,2026-08-05
20100507,2.77,2026-08-05
20100510,2.81,2026-08-05
20100511,2.79,2026-08-05
20100512,2.87,2026-08-05
20100513,2.89,2026-08-05
20100514,2.88,2026-08-05
20100517,2.89,2026-08-05
20100518,2.89,2026-08-05
20100519,2.89,2026-08-05
20100520,2.89,2026-08-05
20100524,2.87,2026-08-05
20100525,2.85,2026-08-05
20100526,2.87,2026-08-05
20100527,2.86,2026-08-05
20100528,2.89,2026-08-05
20100531,2.9,2026-08-05
20100601,2.9,2026-08-05
20100603,2.94,2026-08-05
20100604,2.96,2026-08-05
20100607,2.96,2026-08-05
20100608,2.96,2026-08-05
20100609,2.95,2026-08-05
20100610,2.97,2026-08-05
20100611,2.99,2026-08-05
20100614,3.02,2026-08-05
20100615,3.03,2026-08-05
20100616,3.03,2026-08-05
20100617,3.01,2026-08-05
20100618,3.01,2026-08-05
20100621,3.06,2026-08-05
20100622,3.07,2026-08-05
20100623,3.08,2026-08-05
20100624,3.09,2026-08-05
20100625,3.11,2026-08-05
20100628,3.16,2026-08-05
20100629,3.15,2026-08-05
20100630,3.13,2026-08-05
20100701,3.11,2026-08-05
20100702,3.12,2026-08-05
20100705,3.12,2026-08-05
20100706,3.11,2026-08-05
20100707,3.14,2026-08-05
20100708,3.17,2026-08-05
20100709,3.19,2026-08-05
20100712,3.23,2026-08-05
20100713,3.23,2026-08-05
20100714,3.25,2026-08-05
20100715,3.22,2026-08-05
20100716,3.21,2026-08-05
20100719,3.21,2026-08-05
20100720,3.21,2026-08-05
20100721,3.17,2026-08-05
20100722,3.15,2026-08-05
20100723,3.16,2026-08-05
20100726,3.17,2026-08-05
20100727,3.16,2026-08-05
20100728,3.16,2026-08-05
20100729,3.14,2026-08-05
20100730,3.14,2026-08-05
20100802,3.17,2026-08-05
20100803,3.18,2026-08-05
20100804,3.17,2026-08-05
20100805,3.2,2026-08-05
20100806,3.22,2026-08-05
20100809,3.25,2026-08-05
20100810,3.25,2026-08-05
20100811,3.23,2026-08-05
20100812,3.19,2026-08-05
20100813,3.18,2026-08-05
20100816,3.18,2026-08-05
20100817,3.18,2026-08-05
20100818,3.17,2026-08-05
20100819,3.17,2026-08-05
20100820,3.17,2026-08-05
20100823,3.17,2026-08-05
20100824,3.16,2026-08-05
20100825,3.16,2026-08-05
20100826,3.16,2026-08-05
20100827,3.17,2026-08-05
20100830,3.2,2026-08-05
20100831,3.2,2026-08-05
20100901,3.26,2026-08-05
20100902,3.24,2026-08-05
20100903,3.25,2026-08-05
20100906,3.26,2026-08-05
20100907,3.24,2026-08-05
20100908,3.23,2026-08-05
20100909,3.05,2026-08-05
20100910,3.04,2026-08-05
20100913,2.95,2026-08-05
20100914,2.89,2026-08-05
20100915,2.91,2026-08-05
20100916,2.9,2026-08-05
20100917,2.92,2026-08-05
20100920,2.94,2026-08-05
20100924,2.9,2026-08-05
20100927,2.91,2026-08-05
20100928,2.91,2026-08-05
20100929,2.9,2026-08-05
20100930,2.9,2026-08-05
20101001,2.88,2026-08-05
20101004,2.93,2026-08-05
20101005,2.93,2026-08-05
20101006,2.94,2026-08-05
20101007,2.94,2026-08-05
20101008,2.93,2026-08-05
20101011,2.95,2026-08-05
20101012,2.94,2026-08-05
20101013,2.96,2026-08-05
20101014,2.79,2026-08-05
20101015,2.78,2026-08-05
20101018,2.78,2026-08-05
20101019,2.84,2026-08-05
20101020,2.87,2026-08-05
20101021,2.88,2026-08-05
20101022,2.83,2026-08-05
20101025,2.82,2026-08-05
20101026,2.81,2026-08-05
20101027,2.84,2026-08-05
20101028,2.83,2026-08-05
20101029,2.85,2026-08-05
20101101,2.94,2026-08-05
20101102,2.95,2026-08-05
20101103,2.97,2026-08-05
20101104,3.04,2026-08-05
20101105,3.1,2026-08-05
20101108,3.14,2026-08-05
20101109,3.15,2026-08-05
20101110,3.13,2026-08-05
20101111,3.12,2026-08-05
20101112,3.12,2026-08-05
20101115,3.13,2026-08-05
20101116,3.03,2026-08-05
20101117,3.03,2026-08-05
20101118,3.01,2026-08-05
20101119,2.99,2026-08-05
20101122,3,2026-08-05
20101123,3.03,2026-08-05
20101124,2.99,2026-08-05
20101125,2.98,2026-08-05
20101126,2.99,2026-08-05
20101129,2.96,2026-08-05
20101130,2.95,2026-08-05
20101201,2.97,2026-08-05
20101202,2.97,2026-08-05
20101203,2.97,2026-08-05
20101206,2.98,2026-08-05
20101207,2.99,2026-08-05
20101208,3.05,2026-08-05
20101209,3.05,2026-08-05
20101210,3.05,2026-08-05
20101213,3.11,2026-08-05
20101214,3.12,2026-08-05
20101215,3.17,2026-08-05
20101216,3.15,2026-08-05
20101217,3.15,2026-08-05
20101220,3.14,2026-08-05
20101221,3.09,2026-08-05
20101222,3.06,2026-08-05
20101223,3.06,2026-08-05
20101224,3.06,2026-08-05
20101227,3.1,2026-08-05
20101228,3.11,2026-08-05
20101229,3.11,2026-08-05
20101230,3.11,2026-08-05
20101231,3.11,2026-08-05
20110103,3.13,2026-08-05
20110104,3.11,2026-08-05
20110105,3.09,2026-08-05
20110106,3.1,2026-08-05
20110107,3.1,2026-08-05
20110110,3.13,2026-08-05
20110111,3.16,2026-08-05
20110112,3.16,2026-08-05
20110113,3.26,2026-08-05
20110114,3.32,2026-08-05
20110117,3.41,2026-08-05
20110118,3.39,2026-08-05
20110119,3.44,2026-08-05
20110120,3.45,2026-08-05
20110121,3.45,2026-08-05
20110124,3.48,2026-08-05
20110125,3.49,2026-08-05
20110126,3.48,2026-08-05
20110127,3.49,2026-08-05
20110128,3.51,2026-08-05
20110131,3.55,2026-08-05
20110201,3.57,2026-08-05
20110207,3.65,2026-08-05
20110208,3.63,2026-08-05
20110209,3.62,2026-08-05
20110210,3.61,2026-08-05
20110211,3.59,2026-08-05
20110214,3.59,2026-08-05
20110215,3.57,2026-08-05
20110216,3.56,2026-08-05
20110217,3.57,2026-08-05
20110218,3.56,2026-08-05
20110221,3.57,2026-08-05
20110222,3.56,2026-08-05
20110223,3.56,2026-08-05
20110224,3.54,2026-08-05
20110225,3.57,2026-08-05
20110228,3.57,2026-08-05
20110302,3.59,2026-08-05
20110303,3.66,2026-08-05
20110304,3.67,2026-08-05
20110307,3.67,2026-08-05
20110308,3.66,2026-08-05
20110309,3.64,2026-08-05
20110310,3.59,2026-08-05
20110311,3.57,2026-08-05
20110314,3.57,2026-08-05
20110315,3.53,2026-08-05
20110316,3.56,2026-08-05
20110317,3.57,2026-08-05
20110318,3.57,2026-08-05
20110321,3.59,2026-08-05
20110322,3.59,2026-08-05
20110323,3.58,2026-08-05
20110324,3.58,2026-08-05
20110325,3.6,2026-08-05
20110328,3.62,2026-08-05
20110329,3.61,2026-08-05
20110330,3.61,2026-08-05
20110331,3.59,2026-08-05
20110401,3.57,2026-08-05
20110404,3.56,2026-08-05
20110405,3.56,2026-08-05
20110406,3.55,2026-08-05
20110407,3.54,2026-08-05
20110408,3.57,2026-08-05
20110411,3.57,2026-08-05
20110412,3.55,2026-08-05
20110413,3.56,2026-08-05
20110414,3.56,2026-08-05
20110415,3.57,2026-08-05
20110418,3.58,2026-08-05
20110419,3.59,2026-08-05
20110420,3.61,2026-08-05
20110421,3.65,2026-08-05
20110422,3.67,2026-08-05
20110425,3.73,2026-08-05
20110426,3.73,2026-08-05
20110427,3.73,2026-08-05
20110428,3.71,2026-08-05
20110429,3.71,2026-08-05
20110502,3.7,2026-08-05
20110503,3.7,2026-08-05
20110504,3.7,2026-08-05
20110506,3.68,2026-08-05
20110509,3.69,2026-08-05
20110511,3.67,2026-08-05
20110512,3.64,2026-08-05
20110513,3.62,2026-08-05
20110516,3.6,2026-08-05
20110517,3.6,2026-08-05
20110518,3.6,2026-08-05
20110519,3.59,2026-08-05
20110520,3.59,2026-08-05
20110523,3.58,2026-08-05
20110524,3.58,2026-08-05
20110525,3.58,2026-08-05
20110526,3.6,2026-08-05
20110527,3.59,2026-08-05
20110530,3.58,2026-08-05
20110531,3.58,2026-08-05
20110601,3.59,2026-08-05
20110602,3.55,2026-08-05
20110603,3.55,2026-08-05
20110607,3.53,2026-08-05
20110608,3.53,2026-08-05
20110609,3.55,2026-08-05
20110610,3.61,2026-08-05
20110613,3.63,2026-08-05
20110614,3.64,2026-08-05
20110615,3.64,2026-08-05
20110616,3.62,2026-08-05
20110617,3.63,2026-08-05
20110620,3.62,2026-08-05
20110621,3.62,2026-08-05
20110622,3.62,2026-08-05
20110623,3.62,2026-08-05
20110624,3.65,2026-08-05
20110627,3.66,2026-08-05
20110628,3.66,2026-08-05
20110629,3.7,2026-08-05
20110630,3.7,2026-08-05
20110701,3.71,2026-08-05
20110704,3.71,2026-08-05
20110705,3.7,2026-08-05
20110706,3.71,2026-08-05
20110707,3.71,2026-08-05
20110708,3.74,2026-08-05
20110711,3.73,2026-08-05
20110712,3.69,2026-08-05
20110713,3.7,2026-08-05
20110714,3.7,2026-08-05
20110715,3.69,2026-08-05
20110718,3.69,2026-08-05
20110719,3.69,2026-08-05
20110720,3.7,2026-08-05
20110721,3.7,2026-08-05
20110722,3.73,2026-08-05
20110725,3.76,2026-08-05
20110726,3.79,2026-08-05
20110727,3.79,2026-08-05
20110728,3.79,2026-08-05
20110729,3.83,2026-08-05
20110801,3.85,2026-08-05
20110802,3.82,2026-08-05
20110803,3.78,2026-08-05
20110804,3.75,2026-08-05
20110805,3.69,2026-08-05
20110808,3.65,2026-08-05
20110809,3.61,2026-08-05
20110810,3.54,2026-08-05
20110811,3.55,2026-08-05
20110812,3.54,2026-08-05
20110816,3.55,2026-08-05
20110817,3.57,2026-08-05
20110818,3.56,2026-08-05
20110819,3.51,2026-08-05
20110822,3.52,2026-08-05
20110823,3.52,2026-08-05
20110824,3.5,2026-08-05
20110825,3.5,2026-08-05
20110826,3.51,2026-08-05
20110829,3.52,2026-08-05
20110830,3.51,2026-08-05
20110831,3.51,2026-08-05
20110901,3.49,2026-08-05
20110902,3.48,2026-08-05
20110905,3.43,2026-08-05
20110906,3.42,2026-08-05
20110907,3.47,2026-08-05
20110908,3.43,2026-08-05
20110909,3.41,2026-08-05
20110914,3.38,2026-08-05
20110915,3.41,2026-08-05
20110916,3.43,2026-08-05
20110919,3.5,2026-08-05
20110920,3.48,2026-08-05
20110921,3.48,2026-08-05
20110922,3.48,2026-08-05
20110923,3.46,2026-08-05
20110926,3.5,2026-08-05
20110927,3.48,2026-08-05
20110928,3.53,2026-08-05
20110929,3.55,2026-08-05
20110930,3.56,2026-08-05
20111004,3.53,2026-08-05
20111005,3.52,2026-08-05
20111006,3.5,2026-08-05
20111007,3.5,2026-08-05
20111010,3.5,2026-08-05
20111011,3.5,2026-08-05
20111012,3.48,2026-08-05
20111013,3.47,2026-08-05
20111014,3.47,2026-08-05
20111017,3.5,2026-08-05
20111018,3.5,2026-08-05
20111019,3.5,2026-08-05
20111020,3.5,2026-08-05
20111021,3.53,2026-08-05
20111024,3.56,2026-08-05
20111025,3.56,2026-08-05
20111026,3.56,2026-08-05
20111027,3.57,2026-08-05
20111028,3.59,2026-08-05
20111031,3.58,2026-08-05
20111101,3.56,2026-08-05
20111102,3.56,2026-08-05
20111103,3.53,2026-08-05
20111104,3.53,2026-08-05
20111107,3.52,2026-08-05
20111108,3.51,2026-08-05
20111109,3.5,2026-08-05
20111110,3.46,2026-08-05
20111111,3.48,2026-08-05
20111114,3.49,2026-08-05
20111115,3.47,2026-08-05
20111116,3.45,2026-08-05
20111117,3.46,2026-08-05
20111118,3.45,2026-08-05
20111121,3.45,2026-08-05
20111122,3.46,2026-08-05
20111123,3.45,2026-08-05
20111124,3.46,2026-08-05
20111125,3.49,2026-08-05
20111128,3.51,2026-08-05
20111129,3.51,2026-08-05
20111130,3.48,2026-08-05
20111201,3.49,2026-08-05
20111202,3.47,2026-08-05
20111205,3.47,2026-08-05
20111206,3.47,2026-08-05
20111207,3.46,2026-08-05
20111208,3.47,2026-08-05
20111209,3.47,2026-08-05
20111212,3.47,2026-08-05
20111213,3.46,2026-08-05
20111214,3.45,2026-08-05
20111215,3.45,2026-08-05
20111216,3.45,2026-08-05
20111219,3.51,2026-08-05
20111220,3.48,2026-08-05
20111221,3.47,2026-08-05
20111222,3.48,2026-08-05
20111223,3.49,2026-08-05
20111226,3.52,2026-08-05
20111227,3.52,2026-08-05
20111228,3.52,2026-08-05
20111229,3.5,2026-08-05
20111230,3.5,2026-08-05
20120102,3.48,2026-08-05
20120103,3.47,2026-08-05
20120104,3.46,2026-08-05
20120105,3.46,2026-08-05
20120106,3.47,2026-08-05
20120109,3.47,2026-08-05
20120110,3.47,2026-08-05
20120111,3.47,2026-08-05
20120112,3.47,2026-08-05
20120113,3.46,2026-08-05
20120116,3.45,2026-08-05
20120117,3.46,2026-08-05
20120118,3.45,2026-08-05
20120119,3.45,2026-08-05
20120120,3.46,2026-08-05
20120125,3.47,2026-08-05
20120126,3.46,2026-08-05
20120127,3.45,2026-08-05
20120130,3.44,2026-08-05
20120131,3.45,2026-08-05
20120201,3.44,2026-08-05
20120202,3.44,2026-08-05
20120203,3.44,2026-08-05
20120206,3.45,2026-08-05
20120207,3.46,2026-08-05
20120208,3.47,2026-08-05
20120209,3.47,2026-08-05
20120210,3.46,2026-08-05
20120213,3.46,2026-08-05
20120214,3.45,2026-08-05
20120215,3.46,2026-08-05
20120216,3.44,2026-08-05
20120217,3.45,2026-08-05
20120220,3.46,2026-08-05
20120221,3.46,2026-08-05
20120222,3.46,2026-08-05
20120223,3.45,2026-08-05
20120224,3.46,2026-08-05
20120227,3.46,2026-08-05
20120228,3.45,2026-08-05
20120229,3.47,2026-08-05
20120302,3.48,2026-08-05
20120305,3.5,2026-08-05
20120306,3.5,2026-08-05
20120307,3.5,2026-08-05
20120308,3.49,2026-08-05
20120309,3.5,2026-08-05
20120312,3.48,2026-08-05
20120313,3.48,2026-08-05
20120314,3.51,2026-08-05
20120315,3.54,2026-08-05
20120316,3.55,2026-08-05
20120319,3.57,2026-08-05
20120320,3.56,2026-08-05
20120321,3.58,2026-08-05
20120322,3.59,2026-08-05
20120323,3.6,2026-08-05
20120326,3.59,2026-08-05
20120327,3.59,2026-08-05
20120328,3.56,2026-08-05
20120329,3.55,2026-08-05
20120330,3.53,2026-08-05
20120402,3.53,2026-08-05
20120403,3.51,2026-08-05
20120404,3.51,2026-08-05
20120405,3.51,2026-08-05
20120406,3.49,2026-08-05
20120409,3.45,2026-08-05
20120410,3.45,2026-08-05
20120412,3.45,2026-08-05
20120413,3.45,2026-08-05
20120416,3.44,2026-08-05
20120417,3.44,2026-08-05
20120418,3.45,2026-08-05
20120419,3.45,2026-08-05
20120420,3.44,2026-08-05
20120423,3.48,2026-08-05
20120424,3.48,2026-08-05
20120425,3.49,2026-08-05
20120426,3.49,2026-08-05
20120427,3.47,2026-08-05
20120430,3.47,2026-08-05
20120502,3.47,2026-08-05
20120503,3.45,2026-08-05
20120504,3.44,2026-08-05
20120507,3.4,2026-08-05
20120508,3.41,2026-08-05
20120509,3.4,2026-08-05
20120510,3.39,2026-08-05
20120511,3.38,2026-08-05
20120514,3.39,2026-08-05
20120515,3.39,2026-08-05
20120516,3.39,2026-08-05
20120517,3.4,2026-08-05
20120518,3.37,2026-08-05
20120521,3.38,2026-08-05
20120522,3.37,2026-08-05
20120523,3.36,2026-08-05
20120524,3.35,2026-08-05
20120525,3.35,2026-08-05
20120529,3.34,2026-08-05
20120530,3.34,2026-08-05
20120531,3.32,2026-08-05
20120601,3.3,2026-08-05
20120604,3.28,2026-08-05
20120605,3.29,2026-08-05
20120607,3.3,2026-08-05
20120608,3.27,2026-08-05
20120611,3.3,2026-08-05
20120612,3.28,2026-08-05
20120613,3.29,2026-08-05
20120614,3.28,2026-08-05
20120615,3.27,2026-08-05
20120618,3.28,2026-08-05
20120619,3.27,2026-08-05
20120620,3.28,2026-08-05
20120621,3.28,2026-08-05
20120622,3.27,2026-08-05
20120625,3.27,2026-08-05
20120626,3.27,2026-08-05
20120627,3.27,2026-08-05
20120628,3.27,2026-08-05
20120629,3.29,2026-08-05
20120702,3.29,2026-08-05
20120703,3.29,2026-08-05
20120704,3.28,2026-08-05
20120705,3.28,2026-08-05
20120706,3.25,2026-08-05
20120709,3.23,2026-08-05
20120710,3.23,2026-08-05
20120711,3.21,2026-08-05
20120712,2.98,2026-08-05
20120713,2.97,2026-08-05
20120716,2.97,2026-08-05
20120717,2.94,2026-08-05
20120718,2.91,2026-08-05
20120719,2.89,2026-08-05
20120720,2.87,2026-08-05
20120723,2.81,2026-08-05
20120724,2.81,2026-08-05
20120725,2.78,2026-08-05
20120726,2.8,2026-08-05
20120727,2.85,2026-08-05
20120730,2.85,2026-08-05
20120731,2.83,2026-08-05
20120801,2.8,2026-08-05
20120802,2.77,2026-08-05
20120803,2.75,2026-08-05
20120806,2.76,2026-08-05
20120807,2.75,2026-08-05
20120808,2.74,2026-08-05
20120809,2.78,2026-08-05
20120810,2.77,2026-08-05
20120813,2.81,2026-08-05
20120814,2.85,2026-08-05
20120816,2.92,2026-08-05
20120817,2.92,2026-08-05
20120820,2.94,2026-08-05
20120821,2.91,2026-08-05
20120822,2.91,2026-08-05
20120823,2.9,2026-08-05
20120824,2.88,2026-08-05
20120827,2.87,2026-08-05
20120828,2.87,2026-08-05
20120829,2.85,2026-08-05
20120830,2.84,2026-08-05
20120831,2.82,2026-08-05
20120903,2.81,2026-08-05
20120904,2.81,2026-08-05
20120905,2.79,2026-08-05
20120906,2.8,2026-08-05
20120907,2.84,2026-08-05
20120910,2.82,2026-08-05
20120911,2.8,2026-08-05
20120912,2.81,2026-08-05
20120913,2.86,2026-08-05
20120914,2.85,2026-08-05
20120917,2.88,2026-08-05
20120918,2.86,2026-08-05
20120919,2.88,2026-08-05
20120920,2.84,2026-08-05
20120921,2.85,2026-08-05
20120924,2.84,2026-08-05
20120925,2.84,2026-08-05
20120926,2.84,2026-08-05
20120927,2.86,2026-08-05
20120928,2.84,2026-08-05
20121002,2.81,2026-08-05
20121004,2.8,2026-08-05
20121005,2.81,2026-08-05
20121008,2.81,2026-08-05
20121009,2.81,2026-08-05
20121010,2.75,2026-08-05
20121011,2.77,2026-08-05
20121012,2.79,2026-08-05
20121015,2.78,2026-08-05
20121016,2.8,2026-08-05
20121017,2.82,2026-08-05
20121018,2.84,2026-08-05
20121019,2.82,2026-08-05
20121022,2.83,2026-08-05
20121023,2.81,2026-08-05
20121024,2.8,2026-08-05
20121025,2.8,2026-08-05
20121026,2.78,2026-08-05
20121029,2.79,2026-08-05
20121030,2.79,2026-08-05
20121031,2.78,2026-08-05
20121101,2.78,2026-08-05
20121102,2.79,2026-08-05
20121105,2.8,2026-08-05
20121106,2.78,2026-08-05
20121107,2.78,2026-08-05
20121108,2.77,2026-08-05
20121109,2.79,2026-08-05
20121112,2.79,2026-08-05
20121113,2.78,2026-08-05
20121114,2.79,2026-08-05
20121115,2.79,2026-08-05
20121116,2.78,2026-08-05
20121119,2.79,2026-08-05
20121120,2.8,2026-08-05
20121121,2.8,2026-08-05
20121122,2.82,2026-08-05
20121123,2.84,2026-08-05
20121126,2.83,2026-08-05
20121127,2.85,2026-08-05
20121128,2.84,2026-08-05
20121129,2.84,2026-08-05
20121130,2.85,2026-08-05
20121203,2.82,2026-08-05
20121204,2.81,2026-08-05
20121205,2.81,2026-08-05
20121206,2.8,2026-08-05
20121207,2.79,2026-08-05
20121210,2.81,2026-08-05
20121211,2.81,2026-08-05
20121212,2.81,2026-08-05
20121213,2.82,2026-08-05
20121214,2.82,2026-08-05
20121217,2.82,2026-08-05
20121218,2.83,2026-08-05
20121220,2.82,2026-08-05
20121221,2.81,2026-08-05
20121224,2.81,2026-08-05
20121226,2.81,2026-08-05
20121227,2.8,2026-08-05
20121228,2.78,2026-08-05
20121231,2.78,2026-08-05
20130102,2.78,2026-08-05
20130103,2.74,2026-08-05
20130104,2.73,2026-08-05
20130107,2.73,2026-08-05
20130108,2.72,2026-08-05
20130109,2.72,2026-08-05
20130110,2.68,2026-08-05
20130111,2.71,2026-08-05
20130114,2.72,2026-08-05
20130115,2.7,2026-08-05
20130116,2.71,2026-08-05
20130117,2.71,2026-08-05
20130118,2.72,2026-08-05
20130121,2.72,2026-08-05
20130122,2.72,2026-08-05
20130123,2.71,2026-08-05
20130124,2.71,2026-08-05
20130125,2.71,2026-08-05
20130128,2.73,2026-08-05
20130129,2.74,2026-08-05
20130130,2.76,2026-08-05
20130131,2.75,2026-08-05
20130201,2.75,2026-08-05
20130204,2.74,2026-08-05
20130205,2.73,2026-08-05
20130206,2.71,2026-08-05
20130207,2.71,2026-08-05
20130208,2.7,2026-08-05
20130212,2.69,2026-08-05
20130213,2.71,2026-08-05
20130214,2.71,2026-08-05
20130215,2.7,2026-08-05
20130218,2.69,2026-08-05
20130219,2.67,2026-08-05
20130220,2.68,2026-08-05
20130221,2.66,2026-08-05
20130222,2.67,2026-08-05
20130225,2.67,2026-08-05
20130226,2.65,2026-08-05
20130227,2.63,2026-08-05
20130228,2.64,2026-08-05
20130304,2.63,2026-08-05
20130305,2.62,2026-08-05
20130306,2.63,2026-08-05
20130307,2.64,2026-08-05
20130308,2.64,2026-08-05
20130311,2.64,2026-08-05
20130312,2.61,2026-08-05
20130313,2.61,2026-08-05
20130314,2.61,2026-08-05
20130315,2.61,2026-08-05
20130318,2.6,2026-08-05
20130319,2.6,2026-08-05
20130320,2.6,2026-08-05
20130321,2.6,2026-08-05
20130322,2.59,2026-08-05
20130325,2.6,2026-08-05
20130326,2.6,2026-08-05
20130327,2.61,2026-08-05
20130328,2.52,2026-08-05
20130329,2.57,2026-08-05
20130401,2.55,2026-08-05
20130402,2.54,2026-08-05
20130403,2.53,2026-08-05
20130404,2.52,2026-08-05
20130405,2.48,2026-08-05
20130408,2.49,2026-08-05
20130409,2.5,2026-08-05
20130410,2.48,2026-08-05
20130411,2.61,2026-08-05
20130412,2.65,2026-08-05
20130415,2.65,2026-08-05
20130416,2.61,2026-08-05
20130417,2.61,2026-08-05
20130418,2.6,2026-08-05
20130419,2.63,2026-08-05
20130422,2.65,2026-08-05
20130423,2.65,2026-08-05
20130424,2.66,2026-08-05
20130425,2.64,2026-08-05
20130426,2.61,2026-08-05
20130429,2.6,2026-08-05
20130430,2.57,2026-08-05
20130502,2.53,2026-08-05
20130503,2.55,2026-08-05
20130506,2.62,2026-08-05
20130507,2.6,2026-08-05
20130508,2.6,2026-08-05
20130509,2.58,2026-08-05
20130510,2.57,2026-08-05
20130513,2.55,2026-08-05
20130514,2.54,2026-08-05
20130515,2.54,2026-08-05
20130516,2.54,2026-08-05
20130520,2.57,2026-08-05
20130521,2.56,2026-08-05
20130522,2.56,2026-08-05
20130523,2.56,2026-08-05
20130524,2.57,2026-08-05
20130527,2.56,2026-08-05
20130528,2.58,2026-08-05
20130529,2.66,2026-08-05
20130530,2.64,2026-08-05
20130531,2.66,2026-08-05
20130603,2.63,2026-08-05
20130604,2.64,2026-08-05
20130605,2.65,2026-08-05
20130607,2.61,2026-08-05
20130610,2.61,2026-08-05
20130611,2.62,2026-08-05
20130612,2.66,2026-08-05
20130613,2.61,2026-08-05
20130614,2.57,2026-08-05
20130617,2.61,2026-08-05
20130618,2.58,2026-08-05
20130619,2.61,2026-08-05
20130620,2.68,2026-08-05
20130621,2.73,2026-08-05
20130624,2.77,2026-08-05
20130625,2.71,2026-08-05
20130626,2.71,2026-08-05
20130627,2.72,2026-08-05
20130628,2.69,2026-08-05
20130701,2.74,2026-08-05
20130702,2.69,2026-08-05
20130703,2.68,2026-08-05
20130704,2.67,2026-08-05
20130705,2.67,2026-08-05
20130708,2.68,2026-08-05
20130709,2.67,2026-08-05
20130710,2.64,2026-08-05
20130711,2.6,2026-08-05
20130712,2.62,2026-08-05
20130715,2.64,2026-08-05
20130716,2.64,2026-08-05
20130717,2.64,2026-08-05
20130718,2.62,2026-08-05
20130719,2.62,2026-08-05
20130722,2.62,2026-08-05
20130723,2.64,2026-08-05
20130724,2.65,2026-08-05
20130725,2.69,2026-08-05
20130726,2.69,2026-08-05
20130729,2.67,2026-08-05
20130730,2.68,2026-08-05
20130731,2.69,2026-08-05
20130801,2.68,2026-08-05
20130802,2.69,2026-08-05
20130805,2.66,2026-08-05
20130806,2.66,2026-08-05
20130807,2.66,2026-08-05
20130808,2.64,2026-08-05
20130809,2.63,2026-08-05
20130812,2.63,2026-08-05
20130813,2.64,2026-08-05
20130814,2.67,2026-08-05
20130816,2.67,2026-08-05
20130819,2.68,2026-08-05
20130820,2.65,2026-08-05
20130821,2.67,2026-08-05
20130822,2.69,2026-08-05
20130823,2.68,2026-08-05
20130826,2.67,2026-08-05
20130827,2.67,2026-08-05
20130828,2.67,2026-08-05
20130829,2.67,2026-08-05
20130830,2.66,2026-08-05
20130902,2.68,2026-08-05
20130903,2.68,2026-08-05
20130904,2.68,2026-08-05
20130905,2.71,2026-08-05
20130906,2.71,2026-08-05
20130909,2.69,2026-08-05
20130910,2.7,2026-08-05
20130911,2.68,2026-08-05
20130912,2.67,2026-08-05
20130913,2.68,2026-08-05
20130916,2.66,2026-08-05
20130917,2.65,2026-08-05
20130923,2.64,2026-08-05
20130924,2.65,2026-08-05
20130925,2.67,2026-08-05
20130926,2.68,2026-08-05
20130927,2.67,2026-08-05
20130930,2.67,2026-08-05
20131001,2.68,2026-08-05
20131002,2.67,2026-08-05
20131004,2.67,2026-08-05
20131007,2.67,2026-08-05
20131008,2.68,2026-08-05
20131010,2.68,2026-08-05
20131011,2.67,2026-08-05
20131014,2.68,2026-08-05
20131015,2.68,2026-08-05
20131016,2.67,2026-08-05
20131017,2.66,2026-08-05
20131018,2.65,2026-08-05
20131021,2.66,2026-08-05
20131022,2.66,2026-08-05
20131023,2.63,2026-08-05
20131024,2.64,2026-08-05
20131025,2.64,2026-08-05
20131028,2.666,2026-08-05
20131029,2.655,2026-08-05
20131030,2.651,2026-08-05
20131031,2.663,2026-08-05
20131101,2.673,2026-08-05
20131104,2.678,2026-08-05
20131105,2.686,2026-08-05
20131106,2.682,2026-08-05
20131107,2.686,2026-08-05
20131108,2.675,2026-08-05
20131111,2.713,2026-08-05
20131112,2.717,2026-08-05
20131113,2.701,2026-08-05
20131114,2.699,2026-08-05
20131115,2.697,2026-08-05
20131118,2.691,2026-08-05
20131119,2.702,2026-08-05
20131120,2.703,2026-08-05
20131121,2.708,2026-08-05
20131122,2.696,2026-08-05
20131125,2.707,2026-08-05
20131126,2.698,2026-08-05
20131127,2.699,2026-08-05
20131128,2.705,2026-08-05
20131129,2.721,2026-08-05
20131202,2.734,2026-08-05
20131203,2.73,2026-08-05
20131204,2.721,2026-08-05
20131205,2.721,2026-08-05
20131206,2.716,2026-08-05
20131209,2.703,2026-08-05
20131210,2.703,2026-08-05
20131211,2.712,2026-08-05
20131212,2.713,2026-08-05
20131213,2.694,2026-08-05
20131216,2.676,2026-08-05
20131217,2.667,2026-08-05
20131218,2.684,2026-08-05
20131219,2.687,2026-08-05
20131220,2.685,2026-08-05
20131223,2.691,2026-08-05
20131224,2.694,2026-08-05
20131226,2.697,2026-08-05
20131227,2.675,2026-08-05
20131230,2.687,2026-08-05
20131231,2.687,2026-08-05
20140102,2.712,2026-08-05
20140103,2.71,2026-08-05
20140106,2.672,2026-08-05
20140107,2.668,2026-08-05
20140108,2.644,2026-08-05
20140109,2.655,2026-08-05
20140110,2.658,2026-08-05
20140113,2.651,2026-08-05
20140114,2.657,2026-08-05
20140115,2.656,2026-08-05
20140116,2.647,2026-08-05
20140117,2.65,2026-08-05
20140120,2.654,2026-08-05
20140121,2.659,2026-08-05
20140122,2.667,2026-08-05
20140123,2.663,2026-08-05
20140124,2.647,2026-08-05
20140127,2.665,2026-08-05
20140128,2.663,2026-08-05
20140129,2.666,2026-08-05
20140203,2.665,2026-08-05
20140204,2.651,2026-08-05
20140205,2.651,2026-08-05
20140206,2.649,2026-08-05
20140207,2.652,2026-08-05
20140210,2.647,2026-08-05
20140211,2.645,2026-08-05
20140212,2.649,2026-08-05
20140213,2.647,2026-08-05
20140214,2.647,2026-08-05
20140217,2.652,2026-08-05
20140218,2.655,2026-08-05
20140219,2.65,2026-08-05
20140220,2.65,2026-08-05
20140221,2.66,2026-08-05
20140224,2.658,2026-08-05
20140225,2.656,2026-08-05
20140226,2.659,2026-08-05
20140227,2.655,2026-08-05
20140228,2.658,2026-08-05
20140303,2.679,2026-08-05
20140304,2.685,2026-08-05
20140305,2.68,2026-08-05
20140306,2.68,2026-08-05
20140307,2.681,2026-08-05
20140310,2.677,2026-08-05
20140311,2.674,2026-08-05
20140312,2.666,2026-08-05
20140313,2.664,2026-08-05
20140314,2.641,2026-08-05
20140317,2.658,2026-08-05
20140318,2.655,2026-08-05
20140319,2.653,2026-08-05
20140320,2.663,2026-08-05
20140321,2.667,2026-08-05
20140324,2.669,2026-08-05
20140325,2.664,2026-08-05
20140326,2.668,2026-08-05
20140327,2.665,2026-08-05
20140328,2.663,2026-08-05
20140331,2.665,2026-08-05
20140401,2.665,2026-08-05
20140402,2.668,2026-08-05
20140403,2.668,2026-08-05
20140404,2.665,2026-08-05
20140407,2.655,2026-08-05
20140408,2.655,2026-08-05
20140409,2.647,2026-08-05
20140410,2.65,2026-08-05
20140411,2.65,2026-08-05
20140414,2.656,2026-08-05
20140415,2.659,2026-08-05
20140416,2.662,2026-08-05
20140417,2.659,2026-08-05
20140418,2.663,2026-08-05
20140421,2.666,2026-08-05
20140422,2.668,2026-08-05
20140423,2.672,2026-08-05
20140424,2.674,2026-08-05
20140425,2.672,2026-08-05
20140428,2.673,2026-08-05
20140429,2.671,2026-08-05
20140430,2.67,2026-08-05
20140502,2.661,2026-08-05
20140507,2.658,2026-08-05
20140508,2.658,2026-08-05
20140509,2.654,2026-08-05
20140512,2.658,2026-08-05
20140513,2.661,2026-08-05
20140514,2.66,2026-08-05
20140515,2.651,2026-08-05
20140516,2.656,2026-08-05
20140519,2.659,2026-08-05
20140520,2.665,2026-08-05
20140521,2.664,2026-08-05
20140522,2.667,2026-08-05
20140523,2.659,2026-08-05
20140526,2.659,2026-08-05
20140527,2.66,2026-08-05
20140528,2.659,2026-08-05
20140529,2.654,2026-08-05
20140530,2.659,2026-08-05
20140602,2.663,2026-08-05
20140603,2.666,2026-08-05
20140605,2.669,2026-08-05
20140609,2.668,2026-08-05
20140610,2.657,2026-08-05
20140611,2.658,2026-08-05
20140612,2.642,2026-08-05
20140613,2.623,2026-08-05
20140616,2.616,2026-08-05
20140617,2.618,2026-08-05
20140618,2.617,2026-08-05
20140619,2.604,2026-08-05
20140620,2.597,2026-08-05
20140623,2.605,2026-08-05
20140624,2.603,2026-08-05
20140625,2.611,2026-08-05
20140626,2.614,2026-08-05
20140627,2.607,2026-08-05
20140630,2.599,2026-08-05
20140701,2.597,2026-08-05
20140702,2.557,2026-08-05
20140703,2.561,2026-08-05
20140704,2.561,2026-08-05
20140707,2.559,2026-08-05
20140708,2.563,2026-08-05
20140709,2.542,2026-08-05
20140710,2.523,2026-08-05
20140711,2.518,2026-08-05
20140714,2.52,2026-08-05
20140715,2.514,2026-08-05
20140716,2.509,2026-08-05
20140717,2.46,2026-08-05
20140718,2.46,2026-08-05
20140721,2.458,2026-08-05
20140722,2.452,2026-08-05
20140723,2.419,2026-08-05
20140724,2.435,2026-08-05
20140725,2.428,2026-08-05
20140728,2.43,2026-08-05
20140729,2.433,2026-08-05
20140730,2.425,2026-08-05
20140731,2.422,2026-08-05
20140801,2.418,2026-08-05
20140804,2.41,2026-08-05
20140805,2.388,2026-08-05
20140806,2.391,2026-08-05
20140807,2.382,2026-08-05
20140808,2.368,2026-08-05
20140811,2.372,2026-08-05
20140812,2.374,2026-08-05
20140813,2.371,2026-08-05
20140814,2.376,2026-08-05
20140818,2.385,2026-08-05
20140819,2.388,2026-08-05
20140820,2.386,2026-08-05
20140821,2.388,2026-08-05
20140822,2.384,2026-08-05
20140825,2.375,2026-08-05
20140826,2.364,2026-08-05
20140827,2.359,2026-08-05
20140828,2.361,2026-08-05
20140829,2.354,2026-08-05
20140901,2.357,2026-08-05
20140902,2.355,2026-08-05
20140903,2.363,2026-08-05
20140904,2.365,2026-08-05
20140905,2.349,2026-08-05
20140911,2.343,2026-08-05
20140912,2.286,2026-08-05
20140915,2.284,2026-08-05
20140916,2.263,2026-08-05
20140917,2.26,2026-08-05
20140918,2.255,2026-08-05
20140919,2.253,2026-08-05
20140922,2.242,2026-08-05
20140923,2.235,2026-08-05
20140924,2.231,2026-08-05
20140925,2.228,2026-08-05
20140926,2.224,2026-08-05
20140929,2.225,2026-08-05
20140930,2.211,2026-08-05
20141001,2.153,2026-08-05
20141002,2.158,2026-08-05
20141006,2.166,2026-08-05
20141007,2.176,2026-08-05
20141008,2.177,2026-08-05
20141010,2.163,2026-08-05
20141013,2.159,2026-08-05
20141014,2.163,2026-08-05
20141015,2.158,2026-08-05
20141016,2.13,2026-08-05
20141017,2.129,2026-08-05
20141020,2.132,2026-08-05
20141021,2.123,2026-08-05
20141022,2.121,2026-08-05
20141023,2.11,2026-08-05
20141024,2.104,2026-08-05
20141027,2.111,2026-08-05
20141028,2.111,2026-08-05
20141029,2.11,2026-08-05
20141030,2.104,2026-08-05
20141031,2.084,2026-08-05
20141103,2.074,2026-08-05
20141104,2.052,2026-08-05
20141105,2.045,2026-08-05
20141106,2.031,2026-08-05
20141107,2.028,2026-08-05
20141110,2.036,2026-08-05
20141111,2.065,2026-08-05
20141112,2.078,2026-08-05
20141113,2.083,2026-08-05
20141114,2.075,2026-08-05
20141117,2.067,2026-08-05
20141118,2.058,2026-08-05
20141119,2.059,2026-08-05
20141120,2.046,2026-08-05
20141121,2.051,2026-08-05
20141124,2.027,2026-08-05
20141125,2.02,2026-08-05
20141126,2.017,2026-08-05
20141127,2.027,2026-08-05
20141128,2.009,2026-08-05
20141201,2.015,2026-08-05
20141202,2.025,2026-08-05
20141203,2.056,2026-08-05
20141204,2.077,2026-08-05
20141205,2.077,2026-08-05
20141208,2.109,2026-08-05
20141209,2.086,2026-08-05
20141210,2.093,2026-08-05
20141211,2.071,2026-08-05
20141212,2.071,2026-08-05
20141215,2.077,2026-08-05
20141216,2.077,2026-08-05
20141217,2.1,2026-08-05
20141218,2.123,2026-08-05
20141219,2.116,2026-08-05
20141222,2.108,2026-08-05
20141223,2.115,2026-08-05
20141224,2.112,2026-08-05
20141226,2.118,2026-08-05
20141229,2.104,2026-08-05
20141230,2.088,2026-08-05
20141231,2.087,2026-08-05
20150102,2.091,2026-08-05
20150105,2.068,2026-08-05
20150106,2.04,2026-08-05
20150107,2.038,2026-08-05
20150108,2.036,2026-08-05
20150109,2.028,2026-08-05
20150112,1.989,2026-08-05
20150113,1.988,2026-08-05
20150114,1.959,2026-08-05
20150115,2.002,2026-08-05
20150116,1.983,2026-08-05
20150119,1.991,2026-08-05
20150120,1.981,2026-08-05
20150121,1.991,2026-08-05
20150122,2.001,2026-08-05
20150123,1.979,2026-08-05
20150126,1.975,2026-08-05
20150127,1.983,2026-08-05
20150128,1.974,2026-08-05
20150129,1.971,2026-08-05
20150130,1.963,2026-08-05
20150202,1.967,2026-08-05
20150203,1.939,2026-08-05
20150204,1.945,2026-08-05
20150205,1.946,2026-08-05
20150206,1.939,2026-08-05
20150209,1.95,2026-08-05
20150210,1.991,2026-08-05
20150211,1.99,2026-08-05
20150212,2.006,2026-08-05
20150213,1.998,2026-08-05
20150216,2.023,2026-08-05
20150217,2.005,2026-08-05
20150223,2.017,2026-08-05
20150224,2.013,2026-08-05
20150225,1.999,2026-08-05
20150226,1.999,2026-08-05
20150227,1.999,2026-08-05
20150302,1.978,2026-08-05
20150303,1.973,2026-08-05
20150304,1.968,2026-08-05
20150305,1.958,2026-08-05
20150306,1.93,2026-08-05
20150309,1.92,2026-08-05
20150310,1.912,2026-08-05
20150311,1.87,2026-08-05
20150312,1.838,2026-08-05
20150313,1.822,2026-08-05
20150316,1.812,2026-08-05
20150317,1.814,2026-08-05
20150318,1.8,2026-08-05
20150319,1.783,2026-08-05
20150320,1.772,2026-08-05
20150323,1.769,2026-08-05
20150324,1.766,2026-08-05
20150325,1.755,2026-08-05
20150326,1.756,2026-08-05
20150327,1.751,2026-08-05
20150330,1.733,2026-08-05
20150331,1.715,2026-08-05
20150401,1.706,2026-08-05
20150402,1.701,2026-08-05
20150403,1.699,2026-08-05
20150406,1.694,2026-08-05
20150407,1.69,2026-08-05
20150408,1.694,2026-08-05
20150409,1.674,2026-08-05
20150410,1.68,2026-08-05
20150413,1.692,2026-08-05
20150414,1.697,2026-08-05
20150415,1.695,2026-08-05
20150416,1.698,2026-08-05
20150417,1.676,2026-08-05
20150420,1.678,2026-08-05
20150421,1.684,2026-08-05
20150422,1.684,2026-08-05
20150423,1.705,2026-08-05
20150424,1.72,2026-08-05
20150427,1.727,2026-08-05
20150428,1.757,2026-08-05
20150429,1.765,2026-08-05
20150430,1.762,2026-08-05
20150504,1.783,2026-08-05
20150506,1.816,2026-08-05
20150507,1.799,2026-08-05
20150508,1.744,2026-08-05
20150511,1.742,2026-08-05
20150512,1.773,2026-08-05
20150513,1.727,2026-08-05
20150514,1.724,2026-08-05
20150515,1.74,2026-08-05
20150518,1.744,2026-08-05
20150519,1.751,2026-08-05
20150520,1.736,2026-08-05
20150521,1.739,2026-08-05
20150522,1.735,2026-08-05
20150526,1.723,2026-08-05
20150527,1.711,2026-08-05
20150528,1.709,2026-08-05
20150529,1.677,2026-08-05
20150601,1.676,2026-08-05
20150602,1.651,2026-08-05
20150603,1.661,2026-08-05
20150604,1.661,2026-08-05
20150605,1.648,2026-08-05
20150608,1.633,2026-08-05
20150609,1.627,2026-08-05
20150610,1.633,2026-08-05
20150611,1.63,2026-08-05
20150612,1.607,2026-08-05
20150615,1.607,2026-08-05
20150616,1.608,2026-08-05
20150617,1.62,2026-08-05
20150618,1.609,2026-08-05
20150619,1.604,2026-08-05
20150622,1.621,2026-08-05
20150623,1.623,2026-08-05
20150624,1.627,2026-08-05
20150625,1.628,2026-08-05
20150626,1.626,2026-08-05
20150629,1.611,2026-08-05
20150630,1.611,2026-08-05
20150701,1.618,2026-08-05
20150702,1.626,2026-08-05
20150703,1.621,2026-08-05
20150706,1.613,2026-08-05
20150707,1.611,2026-08-05
20150708,1.604,2026-08-05
20150709,1.601,2026-08-05
20150710,1.603,2026-08-05
20150713,1.601,2026-08-05
20150714,1.598,2026-08-05
20150715,1.599,2026-08-05
20150716,1.598,2026-08-05
20150717,1.598,2026-08-05
20150720,1.597,2026-08-05
20150721,1.597,2026-08-05
20150722,1.587,2026-08-05
20150723,1.575,2026-08-05
20150724,1.57,2026-08-05
20150727,1.571,2026-08-05
20150728,1.58,2026-08-05
20150729,1.58,2026-08-05
20150730,1.589,2026-08-05
20150731,1.601,2026-08-05
20150803,1.594,2026-08-05
20150804,1.595,2026-08-05
20150805,1.602,2026-08-05
20150806,1.599,2026-08-05
20150807,1.597,2026-08-05
20150810,1.587,2026-08-05
20150811,1.577,2026-08-05
20150812,1.563,2026-08-05
20150813,1.574,2026-08-05
20150817,1.574,2026-08-05
20150818,1.571,2026-08-05
20150819,1.575,2026-08-05
20150820,1.571,2026-08-05
20150821,1.574,2026-08-05
20150824,1.572,2026-08-05
20150825,1.581,2026-08-05
20150826,1.589,2026-08-05
20150827,1.589,2026-08-05
20150828,1.598,2026-08-05
20150831,1.603,2026-08-05
20150901,1.598,2026-08-05
20150902,1.583,2026-08-05
20150903,1.574,2026-08-05
20150904,1.558,2026-08-05
20150907,1.556,2026-08-05
20150908,1.56,2026-08-05
20150909,1.565,2026-08-05
20150910,1.55,2026-08-05
20150911,1.552,2026-08-05
20150914,1.557,2026-08-05
20150915,1.55,2026-08-05
20150916,1.558,2026-08-05
20150917,1.565,2026-08-05
20150918,1.548,2026-08-05
20150921,1.537,2026-08-05
20150922,1.539,2026-08-05
20150923,1.538,2026-08-05
20150924,1.545,2026-08-05
20150925,1.544,2026-08-05
20150930,1.525,2026-08-05
20151001,1.54,2026-08-05
20151002,1.529,2026-08-05
20151005,1.52,2026-08-05
20151006,1.527,2026-08-05
20151007,1.538,2026-08-05
20151008,1.538,2026-08-05
20151012,1.55,2026-08-05
20151013,1.546,2026-08-05
20151014,1.553,2026-08-05
20151015,1.54,2026-08-05
20151016,1.541,2026-08-05
20151019,1.543,2026-08-05
20151020,1.55,2026-08-05
20151021,1.556,2026-08-05
20151022,1.56,2026-08-05
20151023,1.562,2026-08-05
20151026,1.563,2026-08-05
20151027,1.56,2026-08-05
20151028,1.56,2026-08-05
20151029,1.568,2026-08-05
20151030,1.577,2026-08-05
20151102,1.58,2026-08-05
20151103,1.587,2026-08-05
20151104,1.594,2026-08-05
20151105,1.6,2026-08-05
20151106,1.618,2026-08-05
20151109,1.656,2026-08-05
20151110,1.649,2026-08-05
20151111,1.657,2026-08-05
20151112,1.654,2026-08-05
20151113,1.65,2026-08-05
20151116,1.634,2026-08-05
20151117,1.637,2026-08-05
20151118,1.635,2026-08-05
20151119,1.628,2026-08-05
20151120,1.642,2026-08-05
20151123,1.644,2026-08-05
20151124,1.648,2026-08-05
20151125,1.651,2026-08-05
20151126,1.661,2026-08-05
20151127,1.677,2026-08-05
20151130,1.672,2026-08-05
20151201,1.66,2026-08-05
20151202,1.658,2026-08-05
20151203,1.649,2026-08-05
20151204,1.654,2026-08-05
20151207,1.654,2026-08-05
20151208,1.645,2026-08-05
20151209,1.647,2026-08-05
20151210,1.641,2026-08-05
20151211,1.649,2026-08-05
20151214,1.645,2026-08-05
20151215,1.647,2026-08-05
20151216,1.657,2026-08-05
20151217,1.645,2026-08-05
20151218,1.633,2026-08-05
20151221,1.622,2026-08-05
20151222,1.631,2026-08-05
20151223,1.632,2026-08-05
20151224,1.637,2026-08-05
20151228,1.639,2026-08-05
20151229,1.631,2026-08-05
20151230,1.632,2026-08-05
20151231,1.632,2026-08-05
20160104,1.607,2026-08-05
20160105,1.605,2026-08-05
20160106,1.601,2026-08-05
20160107,1.599,2026-08-05
20160108,1.609,2026-08-05
20160111,1.587,2026-08-05
20160112,1.587,2026-08-05
20160113,1.586,2026-08-05
20160114,1.589,2026-08-05
20160115,1.59,2026-08-05
20160118,1.592,2026-08-05
20160119,1.591,2026-08-05
20160120,1.577,2026-08-05
20160121,1.576,2026-08-05
20160122,1.584,2026-08-05
20160125,1.585,2026-08-05
20160126,1.575,2026-08-05
20160127,1.58,2026-08-05
20160128,1.588,2026-08-05
20160129,1.55,2026-08-05
20160201,1.518,2026-08-05
20160202,1.509,2026-08-05
20160203,1.489,2026-08-05
20160204,1.488,2026-08-05
20160205,1.494,2026-08-05
20160211,1.448,2026-08-05
20160212,1.464,2026-08-05
20160215,1.476,2026-08-05
20160216,1.427,2026-08-05
20160217,1.432,2026-08-05
20160218,1.443,2026-08-05
20160219,1.458,2026-08-05
20160222,1.473,2026-08-05
20160223,1.477,2026-08-05
20160224,1.469,2026-08-05
20160225,1.468,2026-08-05
20160226,1.464,2026-08-05
20160229,1.464,2026-08-05
20160302,1.469,2026-08-05
20160303,1.492,2026-08-05
20160304,1.499,2026-08-05
20160307,1.49,2026-08-05
20160308,1.481,2026-08-05
20160309,1.469,2026-08-05
20160310,1.485,2026-08-05
20160311,1.531,2026-08-05
20160314,1.527,2026-08-05
20160315,1.532,2026-08-05
20160316,1.54,2026-08-05
20160317,1.525,2026-08-05
20160318,1.517,2026-08-05
20160321,1.518,2026-08-05
20160322,1.529,2026-08-05
20160323,1.529,2026-08-05
20160324,1.518,2026-08-05
20160325,1.515,2026-08-05
20160328,1.511,2026-08-05
20160329,1.484,2026-08-05
20160330,1.479,2026-08-05
20160331,1.48,2026-08-05
20160401,1.48,2026-08-05
20160404,1.471,2026-08-05
20160405,1.476,2026-08-05
20160406,1.479,2026-08-05
20160407,1.484,2026-08-05
20160408,1.483,2026-08-05
20160411,1.485,2026-08-05
20160412,1.486,2026-08-05
20160414,1.515,2026-08-05
20160415,1.513,2026-08-05
20160418,1.521,2026-08-05
20160419,1.518,2026-08-05
20160420,1.501,2026-08-05
20160421,1.512,2026-08-05
20160422,1.509,2026-08-05
20160425,1.496,2026-08-05
20160426,1.49,2026-08-05
20160427,1.488,2026-08-05
20160428,1.483,2026-08-05
20160429,1.482,2026-08-05
20160502,1.487,2026-08-05
20160503,1.475,2026-08-05
20160504,1.462,2026-08-05
20160509,1.447,2026-08-05
20160510,1.441,2026-08-05
20160511,1.441,2026-08-05
20160512,1.446,2026-08-05
20160513,1.457,2026-08-05
20160516,1.466,2026-08-05
20160517,1.479,2026-08-05
20160518,1.493,2026-08-05
20160519,1.507,2026-08-05
20160520,1.494,2026-08-05
20160523,1.496,2026-08-05
20160524,1.489,2026-08-05
20160525,1.499,2026-08-05
20160526,1.502,2026-08-05
20160527,1.502,2026-08-05
20160530,1.521,2026-08-05
20160531,1.519,2026-08-05
20160601,1.466,2026-08-05
20160602,1.469,2026-08-05
20160603,1.454,2026-08-05
20160607,1.436,2026-08-05
20160608,1.414,2026-08-05
20160609,1.353,2026-08-05
20160610,1.342,2026-08-05
20160613,1.331,2026-08-05
20160614,1.349,2026-08-05
20160615,1.351,2026-08-05
20160616,1.343,2026-08-05
20160617,1.358,2026-08-05
20160620,1.376,2026-08-05
20160621,1.368,2026-08-05
20160622,1.379,2026-08-05
20160623,1.369,2026-08-05
20160624,1.289,2026-08-05
20160627,1.276,2026-08-05
20160628,1.282,2026-08-05
20160629,1.277,2026-08-05
20160630,1.284,2026-08-05
20160701,1.26,2026-08-05
20160704,1.267,2026-08-05
20160705,1.261,2026-08-05
20160706,1.245,2026-08-05
20160707,1.247,2026-08-05
20160708,1.251,2026-08-05
20160711,1.25,2026-08-05
20160712,1.255,2026-08-05
20160713,1.256,2026-08-05
20160714,1.253,2026-08-05
20160715,1.26,2026-08-05
20160718,1.267,2026-08-05
20160719,1.264,2026-08-05
20160720,1.262,2026-08-05
20160721,1.27,2026-08-05
20160722,1.265,2026-08-05
20160725,1.267,2026-08-05
20160726,1.261,2026-08-05
20160727,1.263,2026-08-05
20160728,1.252,2026-08-05
20160729,1.253,2026-08-05
20160801,1.25,2026-08-05
20160802,1.248,2026-08-05
20160803,1.257,2026-08-05
20160804,1.251,2026-08-05
20160805,1.245,2026-08-05
20160808,1.263,2026-08-05
20160809,1.262,2026-08-05
20160810,1.245,2026-08-05
20160811,1.253,2026-08-05
20160812,1.257,2026-08-05
20160816,1.253,2026-08-05
20160817,1.262,2026-08-05
20160818,1.259,2026-08-05
20160819,1.264,2026-08-05
20160822,1.271,2026-08-05
20160823,1.27,2026-08-05
20160824,1.272,2026-08-05
20160825,1.275,2026-08-05
20160826,1.278,2026-08-05
20160829,1.296,2026-08-05
20160830,1.301,2026-08-05
20160831,1.32,2026-08-05
20160901,1.331,2026-08-05
20160902,1.329,2026-08-05
20160905,1.317,2026-08-05
20160906,1.313,2026-08-05
20160907,1.297,2026-08-05
20160908,1.303,2026-08-05
20160909,1.327,2026-08-05
20160912,1.347,2026-08-05
20160913,1.346,2026-08-05
20160919,1.346,2026-08-05
20160920,1.342,2026-08-05
20160921,1.342,2026-08-05
20160922,1.323,2026-08-05
20160923,1.323,2026-08-05
20160926,1.328,2026-08-05
20160927,1.333,2026-08-05
20160928,1.333,2026-08-05
20160929,1.336,2026-08-05
20160930,1.313,2026-08-05
20161004,1.321,2026-08-05
20161005,1.336,2026-08-05
20161006,1.339,2026-08-05
20161007,1.344,2026-08-05
20161010,1.353,2026-08-05
20161011,1.375,2026-08-05
20161012,1.368,2026-08-05
20161013,1.352,2026-08-05
20161014,1.354,2026-08-05
20161017,1.371,2026-08-05
20161018,1.37,2026-08-05
20161019,1.373,2026-08-05
20161020,1.377,2026-08-05
20161021,1.394,2026-08-05
20161024,1.403,2026-08-05
20161025,1.42,2026-08-05
20161026,1.431,2026-08-05
20161027,1.431,2026-08-05
20161028,1.439,2026-08-05
20161031,1.428,2026-08-05
20161101,1.437,2026-08-05
20161102,1.425,2026-08-05
20161103,1.426,2026-08-05
20161104,1.429,2026-08-05
20161107,1.426,2026-08-05
20161108,1.424,2026-08-05
20161109,1.408,2026-08-05
20161110,1.435,2026-08-05
20161111,1.463,2026-08-05
20161114,1.504,2026-08-05
20161115,1.498,2026-08-05
20161116,1.518,2026-08-05
20161117,1.537,2026-08-05
20161118,1.564,2026-08-05
20161121,1.573,2026-08-05
20161122,1.576,2026-08-05
20161123,1.593,2026-08-05
20161124,1.642,2026-08-05
20161125,1.657,2026-08-05
20161128,1.629,2026-08-05
20161129,1.61,2026-08-05
20161130,1.602,2026-08-05
20161201,1.605,2026-08-05
20161202,1.607,2026-08-05
20161205,1.591,2026-08-05
20161206,1.596,2026-08-05
20161207,1.591,2026-08-05
20161208,1.577,2026-08-05
20161209,1.587,2026-08-05
20161212,1.582,2026-08-05
20161213,1.552,2026-08-05
20161214,1.535,2026-08-05
20161215,1.558,2026-08-05
20161216,1.556,2026-08-05
20161219,1.557,2026-08-05
20161220,1.56,2026-08-05
20161221,1.555,2026-08-05
20161222,1.559,2026-08-05
20161223,1.574,2026-08-05
20161226,1.583,2026-08-05
20161227,1.584,2026-08-05
20161228,1.572,2026-08-05
20161229,1.564,2026-08-05
20161230,1.564,2026-08-05
20170102,1.555,2026-08-05
20170103,1.537,2026-08-05
20170104,1.516,2026-08-05
20170105,1.491,2026-08-05
20170106,1.5,2026-08-05
20170109,1.511,2026-08-05
20170110,1.501,2026-08-05
20170111,1.504,2026-08-05
20170112,1.482,2026-08-05
20170113,1.493,2026-08-05
20170116,1.495,2026-08-05
20170117,1.487,2026-08-05
20170118,1.489,2026-08-05
20170119,1.5,2026-08-05
20170120,1.488,2026-08-05
20170123,1.48,2026-08-05
20170124,1.476,2026-08-05
20170125,1.488,2026-08-05
20170126,1.504,2026-08-05
20170131,1.494,2026-08-05
20170201,1.492,2026-08-05
20170202,1.479,2026-08-05
20170203,1.476,2026-08-05
20170206,1.466,2026-08-05
20170207,1.452,2026-08-05
20170208,1.456,2026-08-05
20170209,1.457,2026-08-05
20170210,1.462,2026-08-05
20170213,1.462,2026-08-05
20170214,1.458,2026-08-05
20170215,1.464,2026-08-05
20170216,1.459,2026-08-05
20170217,1.458,2026-08-05
20170220,1.466,2026-08-05
20170221,1.465,2026-08-05
20170222,1.474,2026-08-05
20170223,1.467,2026-08-05
20170224,1.465,2026-08-05
20170227,1.462,2026-08-05
20170228,1.462,2026-08-05
20170302,1.48,2026-08-05
20170303,1.481,2026-08-05
20170306,1.494,2026-08-05
20170307,1.516,2026-08-05
20170308,1.514,2026-08-05
20170309,1.516,2026-08-05
20170310,1.51,2026-08-05
20170313,1.503,2026-08-05
20170314,1.496,2026-08-05
20170315,1.497,2026-08-05
20170316,1.479,2026-08-05
20170317,1.478,2026-08-05
20170320,1.48,2026-08-05
20170321,1.48,2026-08-05
20170322,1.48,2026-08-05
20170323,1.483,2026-08-05
20170324,1.49,2026-08-05
20170327,1.476,2026-08-05
20170328,1.481,2026-08-05
20170329,1.477,2026-08-05
20170330,1.476,2026-08-05
20170331,1.473,2026-08-05
20170403,1.47,2026-08-05
20170404,1.456,2026-08-05
20170405,1.458,2026-08-05
20170406,1.466,2026-08-05
20170407,1.468,2026-08-05
20170410,1.485,2026-08-05
20170411,1.47,2026-08-05
20170412,1.466,2026-08-05
20170413,1.461,2026-08-05
20170414,1.464,2026-08-05
20170417,1.467,2026-08-05
20170418,1.471,2026-08-05
20170419,1.469,2026-08-05
20170420,1.475,2026-08-05
20170421,1.483,2026-08-05
20170424,1.492,2026-08-05
20170425,1.482,2026-08-05
20170426,1.482,2026-08-05
20170427,1.474,2026-08-05
20170428,1.471,2026-08-05
20170502,1.469,2026-08-05
20170504,1.463,2026-08-05
20170508,1.466,2026-08-05
20170510,1.474,2026-08-05
20170511,1.472,2026-08-05
20170512,1.462,2026-08-05
20170515,1.462,2026-08-05
20170516,1.462,2026-08-05
20170517,1.452,2026-08-05
20170518,1.452,2026-08-05
20170519,1.45,2026-08-05
20170522,1.456,2026-08-05
20170523,1.454,2026-08-05
20170524,1.462,2026-08-05
20170525,1.463,2026-08-05
20170526,1.463,2026-08-05
20170529,1.464,2026-08-05
20170530,1.459,2026-08-05
20170531,1.46,2026-08-05
20170601,1.455,2026-08-05
20170602,1.453,2026-08-05
20170605,1.449,2026-08-05
20170607,1.45,2026-08-05
20170608,1.452,2026-08-05
20170609,1.45,2026-08-05
20170612,1.473,2026-08-05
20170613,1.461,2026-08-05
20170614,1.465,2026-08-05
20170615,1.459,2026-08-05
20170616,1.463,2026-08-05
20170619,1.46,2026-08-05
20170620,1.461,2026-08-05
20170621,1.465,2026-08-05
20170622,1.467,2026-08-05
20170623,1.465,2026-08-05
20170626,1.466,2026-08-05
20170627,1.463,2026-08-05
20170628,1.475,2026-08-05
20170629,1.474,2026-08-05
20170630,1.469,2026-08-05
20170703,1.469,2026-08-05
20170704,1.472,2026-08-05
20170705,1.47,2026-08-05
20170706,1.469,2026-08-05
20170707,1.475,2026-08-05
20170710,1.468,2026-08-05
20170711,1.466,2026-08-05
20170712,1.462,2026-08-05
20170713,1.456,2026-08-05
20170714,1.456,2026-08-05
20170717,1.456,2026-08-05
20170718,1.453,2026-08-05
20170719,1.451,2026-08-05
20170720,1.45,2026-08-05
20170721,1.446,2026-08-05
20170724,1.443,2026-08-05
20170725,1.439,2026-08-05
20170726,1.443,2026-08-05
20170727,1.435,2026-08-05
20170728,1.434,2026-08-05
20170731,1.434,2026-08-05
20170801,1.433,2026-08-05
20170802,1.43,2026-08-05
20170803,1.429,2026-08-05
20170804,1.429,2026-08-05
20170807,1.437,2026-08-05
20170808,1.448,2026-08-05
20170809,1.476,2026-08-05
20170810,1.474,2026-08-05
20170811,1.477,2026-08-05
20170814,1.485,2026-08-05
20170816,1.497,2026-08-05
20170817,1.49,2026-08-05
20170818,1.484,2026-08-05
20170821,1.484,2026-08-05
20170822,1.489,2026-08-05
20170823,1.492,2026-08-05
20170824,1.494,2026-08-05
20170825,1.482,2026-08-05
20170828,1.485,2026-08-05
20170829,1.489,2026-08-05
20170830,1.478,2026-08-05
20170831,1.476,2026-08-05
20170901,1.47,2026-08-05
20170904,1.482,2026-08-05
20170905,1.479,2026-08-05
20170906,1.473,2026-08-05
20170907,1.475,2026-08-05
20170908,1.469,2026-08-05
20170911,1.472,2026-08-05
20170912,1.471,2026-08-05
20170913,1.47,2026-08-05
20170914,1.472,2026-08-05
20170915,1.471,2026-08-05
20170918,1.474,2026-08-05
20170919,1.488,2026-08-05
20170920,1.487,2026-08-05
20170921,1.488,2026-08-05
20170922,1.484,2026-08-05
20170925,1.49,2026-08-05
20170926,1.507,2026-08-05
20170927,1.537,2026-08-05
20170928,1.543,2026-08-05
20170929,1.541,2026-08-05
20171010,1.564,2026-08-05
20171011,1.561,2026-08-05
20171012,1.558,2026-08-05
20171013,1.565,2026-08-05
20171016,1.578,2026-08-05
20171017,1.585,2026-08-05
20171018,1.581,2026-08-05
20171019,1.634,2026-08-05
20171020,1.705,2026-08-05
20171023,1.679,2026-08-05
20171024,1.688,2026-08-05
20171025,1.702,2026-08-05
20171026,1.734,2026-08-05
20171027,1.737,2026-08-05
20171030,1.741,2026-08-05
20171031,1.766,2026-08-05
20171101,1.76,2026-08-05
20171102,1.752,2026-08-05
20171103,1.749,2026-08-05
20171106,1.747,2026-08-05
20171107,1.742,2026-08-05
20171108,1.746,2026-08-05
20171109,1.747,2026-08-05
20171110,1.752,2026-08-05
20171113,1.775,2026-08-05
20171114,1.796,2026-08-05
20171115,1.791,2026-08-05
20171116,1.801,2026-08-05
20171117,1.802,2026-08-05
20171120,1.799,2026-08-05
20171121,1.802,2026-08-05
20171122,1.814,2026-08-05
20171123,1.806,2026-08-05
20171124,1.823,2026-08-05
20171127,1.828,2026-08-05
20171128,1.82,2026-08-05
20171129,1.818,2026-08-05
20171130,1.803,2026-08-05
20171201,1.805,2026-08-05
20171204,1.808,2026-08-05
20171205,1.822,2026-08-05
20171206,1.811,2026-08-05
20171207,1.816,2026-08-05
20171208,1.817,2026-08-05
20171211,1.817,2026-08-05
20171212,1.813,2026-08-05
20171213,1.813,2026-08-05
20171214,1.816,2026-08-05
20171215,1.821,2026-08-05
20171218,1.836,2026-08-05
20171219,1.839,2026-08-05
20171220,1.838,2026-08-05
20171221,1.841,2026-08-05
20171222,1.863,2026-08-05
20171226,1.867,2026-08-05
20171227,1.878,2026-08-05
20171228,1.869,2026-08-05
20171229,1.867,2026-08-05
20180102,1.847,2026-08-05
20180103,1.833,2026-08-05
20180104,1.834,2026-08-05
20180105,1.819,2026-08-05
20180108,1.826,2026-08-05
20180109,1.831,2026-08-05
20180110,1.848,2026-08-05
20180111,1.838,2026-08-05
20180112,1.838,2026-08-05
20180115,1.858,2026-08-05
20180116,1.853,2026-08-05
20180117,1.855,2026-08-05
20180118,1.818,2026-08-05
20180119,1.817,2026-08-05
20180122,1.829,2026-08-05
20180123,1.823,2026-08-05
20180124,1.823,2026-08-05
20180125,1.828,2026-08-05
20180126,1.827,2026-08-05
20180129,1.863,2026-08-05
20180130,1.876,2026-08-05
20180131,1.862,2026-08-05
20180201,1.851,2026-08-05
20180202,1.839,2026-08-05
20180205,1.851,2026-08-05
20180206,1.833,2026-08-05
20180207,1.829,2026-08-05
20180208,1.846,2026-08-05
20180209,1.854,2026-08-05
20180212,1.869,2026-08-05
20180213,1.86,2026-08-05
20180214,1.856,2026-08-05
20180219,1.869,2026-08-05
20180220,1.878,2026-08-05
20180221,1.87,2026-08-05
20180222,1.866,2026-08-05
20180223,1.865,2026-08-05
20180226,1.86,2026-08-05
20180227,1.857,2026-08-05
20180228,1.859,2026-08-05
20180302,1.869,2026-08-05
20180305,1.87,2026-08-05
20180306,1.879,2026-08-05
20180307,1.88,2026-08-05
20180308,1.882,2026-08-05
20180309,1.886,2026-08-05
20180312,1.891,2026-08-05
20180313,1.892,2026-08-05
20180314,1.905,2026-08-05
20180315,1.907,2026-08-05
20180316,1.912,2026-08-05
20180319,1.917,2026-08-05
20180320,1.918,2026-08-05
20180321,1.919,2026-08-05
20180322,1.901,2026-08-05
20180323,1.891,2026-08-05
20180326,1.894,2026-08-05
20180327,1.893,2026-08-05
20180328,1.889,2026-08-05
20180329,1.888,2026-08-05
20180330,1.887,2026-08-05
20180402,1.89,2026-08-05
20180403,1.879,2026-08-05
20180404,1.866,2026-08-05
20180405,1.863,2026-08-05
20180406,1.855,2026-08-05
20180409,1.865,2026-08-05
20180410,1.87,2026-08-05
20180411,1.866,2026-08-05
20180412,1.859,2026-08-05
20180413,1.857,2026-08-05
20180416,1.859,2026-08-05
20180417,1.863,2026-08-05
20180418,1.867,2026-08-05
20180419,1.87,2026-08-05
20180420,1.879,2026-08-05
20180423,1.889,2026-08-05
20180424,1.883,2026-08-05
20180425,1.891,2026-08-05
20180426,1.886,2026-08-05
20180427,1.869,2026-08-05
20180430,1.868,2026-08-05
20180502,1.872,2026-08-05
20180503,1.877,2026-08-05
20180504,1.89,2026-08-05
20180508,1.912,2026-08-05
20180509,1.921,2026-08-05
20180510,1.917,2026-08-05
20180511,1.924,2026-08-05
20180514,1.935,2026-08-05
20180515,1.933,2026-08-05
20180516,1.914,2026-08-05
20180517,1.901,2026-08-05
20180518,1.873,2026-08-05
20180521,1.881,2026-08-05
20180523,1.874,2026-08-05
20180524,1.853,2026-08-05
20180525,1.855,2026-08-05
20180528,1.86,2026-08-05
20180529,1.851,2026-08-05
20180530,1.853,2026-08-05
20180531,1.851,2026-08-05
20180601,1.848,2026-08-05
20180604,1.852,2026-08-05
20180605,1.852,2026-08-05
20180607,1.859,2026-08-05
20180608,1.848,2026-08-05
20180611,1.855,2026-08-05
20180612,1.858,2026-08-05
20180614,1.873,2026-08-05
20180615,1.867,2026-08-05
20180618,1.864,2026-08-05
20180619,1.862,2026-08-05
20180620,1.865,2026-08-05
20180621,1.854,2026-08-05
20180622,1.853,2026-08-05
20180625,1.859,2026-08-05
20180626,1.863,2026-08-05
20180627,1.854,2026-08-05
20180628,1.853,2026-08-05
20180629,1.854,2026-08-05
20180702,1.854,2026-08-05
20180703,1.854,2026-08-05
20180704,1.842,2026-08-05
20180705,1.828,2026-08-05
20180706,1.83,2026-08-05
20180709,1.83,2026-08-05
20180710,1.826,2026-08-05
20180711,1.812,2026-08-05
20180712,1.857,2026-08-05
20180713,1.864,2026-08-05
20180716,1.861,2026-08-05
20180717,1.852,2026-08-05
20180718,1.845,2026-08-05
20180719,1.846,2026-08-05
20180720,1.837,2026-08-05
20180723,1.837,2026-08-05
20180724,1.844,2026-08-05
20180725,1.843,2026-08-05
20180726,1.844,2026-08-05
20180727,1.869,2026-08-05
20180730,1.885,2026-08-05
20180731,1.885,2026-08-05
20180801,1.881,2026-08-05
20180802,1.881,2026-08-05
20180803,1.878,2026-08-05
20180806,1.872,2026-08-05
20180807,1.864,2026-08-05
20180808,1.856,2026-08-05
20180809,1.851,2026-08-05
20180810,1.852,2026-08-05
20180813,1.858,2026-08-05
20180814,1.863,2026-08-05
20180816,1.863,2026-08-05
20180817,1.84,2026-08-05
20180820,1.833,2026-08-05
20180821,1.8,2026-08-05
20180822,1.8,2026-08-05
20180823,1.797,2026-08-05
20180824,1.796,2026-08-05
20180827,1.796,2026-08-05
20180828,1.797,2026-08-05
20180829,1.8,2026-08-05
20180830,1.823,2026-08-05
20180831,1.783,2026-08-05
20180903,1.781,2026-08-05
20180904,1.776,2026-08-05
20180905,1.771,2026-08-05
20180906,1.775,2026-08-05
20180907,1.781,2026-08-05
20180910,1.784,2026-08-05
20180911,1.79,2026-08-05
20180912,1.779,2026-08-05
20180913,1.8,2026-08-05
20180914,1.827,2026-08-05
20180917,1.837,2026-08-05
20180918,1.84,2026-08-05
20180919,1.853,2026-08-05
20180920,1.88,2026-08-05
20180921,1.881,2026-08-05
20180927,1.893,2026-08-05
20180928,1.895,2026-08-05
20181001,1.897,2026-08-05
20181002,1.893,2026-08-05
20181004,1.913,2026-08-05
20181005,1.921,2026-08-05
20181008,1.928,2026-08-05
20181010,1.908,2026-08-05
20181011,1.89,2026-08-05
20181012,1.903,2026-08-05
20181015,1.907,2026-08-05
20181016,1.914,2026-08-05
20181017,1.914,2026-08-05
20181018,1.886,2026-08-05
20181019,1.888,2026-08-05
20181022,1.898,2026-08-05
20181023,1.896,2026-08-05
20181024,1.905,2026-08-05
20181025,1.912,2026-08-05
20181026,1.911,2026-08-05
20181029,1.857,2026-08-05
20181030,1.885,2026-08-05
20181031,1.89,2026-08-05
20181101,1.888,2026-08-05
20181102,1.903,2026-08-05
20181105,1.898,2026-08-05
20181106,1.899,2026-08-05
20181107,1.89,2026-08-05
20181108,1.892,2026-08-05
20181109,1.892,2026-08-05
20181112,1.889,2026-08-05
20181113,1.889,2026-08-05
20181114,1.887,2026-08-05
20181115,1.897,2026-08-05
20181116,1.9,2026-08-05
20181119,1.9,2026-08-05
20181120,1.905,2026-08-05
20181121,1.909,2026-08-05
20181122,1.91,2026-08-05
20181123,1.902,2026-08-05
20181126,1.902,2026-08-05
20181127,1.893,2026-08-05
20181128,1.898,2026-08-05
20181129,1.879,2026-08-05
20181130,1.883,2026-08-05
20181203,1.895,2026-08-05
20181204,1.893,2026-08-05
20181205,1.889,2026-08-05
20181206,1.871,2026-08-05
20181207,1.874,2026-08-05
20181210,1.864,2026-08-05
20181211,1.856,2026-08-05
20181212,1.852,2026-08-05
20181213,1.852,2026-08-05
20181214,1.849,2026-08-05
20181217,1.846,2026-08-05
20181218,1.84,2026-08-05
20181219,1.83,2026-08-05
20181220,1.829,2026-08-05
20181221,1.837,2026-08-05
20181224,1.841,2026-08-05
20181226,1.838,2026-08-05
20181227,1.839,2026-08-05
20181228,1.84,2026-08-05
20181231,1.84,2026-08-05
20190102,1.821,2026-08-05
20190103,1.815,2026-08-05
20190104,1.796,2026-08-05
20190107,1.796,2026-08-05
20190108,1.796,2026-08-05
20190109,1.795,2026-08-05
20190110,1.788,2026-08-05
20190111,1.793,2026-08-05
20190114,1.793,2026-08-05
20190115,1.795,2026-08-05
20190116,1.797,2026-08-05
20190117,1.796,2026-08-05
20190118,1.804,2026-08-05
20190121,1.812,2026-08-05
20190122,1.807,2026-08-05
20190123,1.812,2026-08-05
20190124,1.817,2026-08-05
20190125,1.819,2026-08-05
20190128,1.826,2026-08-05
20190129,1.829,2026-08-05
20190130,1.834,2026-08-05
20190131,1.827,2026-08-05
20190201,1.824,2026-08-05
20190207,1.824,2026-08-05
20190208,1.818,2026-08-05
20190211,1.815,2026-08-05
20190212,1.822,2026-08-05
20190213,1.829,2026-08-05
20190214,1.828,2026-08-05
20190215,1.823,2026-08-05
20190218,1.831,2026-08-05
20190219,1.832,2026-08-05
20190220,1.833,2026-08-05
20190221,1.836,2026-08-05
20190222,1.838,2026-08-05
20190225,1.845,2026-08-05
20190226,1.842,2026-08-05
20190227,1.841,2026-08-05
20190228,1.843,2026-08-05
20190304,1.854,2026-08-05
20190305,1.855,2026-08-05
20190306,1.854,2026-08-05
20190307,1.85,2026-08-05
20190308,1.842,2026-08-05
20190311,1.843,2026-08-05
20190312,1.842,2026-08-05
20190313,1.838,2026-08-05
20190314,1.839,2026-08-05
20190315,1.844,2026-08-05
20190318,1.846,2026-08-05
20190319,1.845,2026-08-05
20190320,1.847,2026-08-05
20190321,1.838,2026-08-05
20190322,1.839,2026-08-05
20190325,1.817,2026-08-05
20190326,1.809,2026-08-05
20190327,1.791,2026-08-05
20190328,1.763,2026-08-05
20190329,1.763,2026-08-05
20190401,1.769,2026-08-05
20190402,1.759,2026-08-05
20190403,1.766,2026-08-05
20190404,1.766,2026-08-05
20190405,1.769,2026-08-05
20190408,1.767,2026-08-05
20190409,1.766,2026-08-05
20190410,1.768,2026-08-05
20190411,1.768,2026-08-05
20190412,1.77,2026-08-05
20190415,1.785,2026-08-05
20190416,1.785,2026-08-05
20190417,1.787,2026-08-05
20190418,1.771,2026-08-05
20190419,1.776,2026-08-05
20190422,1.786,2026-08-05
20190423,1.783,2026-08-05
20190424,1.776,2026-08-05
20190425,1.763,2026-08-05
20190426,1.761,2026-08-05
20190429,1.757,2026-08-05
20190430,1.745,2026-08-05
20190502,1.763,2026-08-05
20190503,1.764,2026-08-05
20190507,1.755,2026-08-05
20190508,1.75,2026-08-05
20190509,1.742,2026-08-05
20190510,1.744,2026-08-05
20190513,1.742,2026-08-05
20190514,1.736,2026-08-05
20190515,1.733,2026-08-05
20190516,1.709,2026-08-05
20190517,1.709,2026-08-05
20190520,1.714,2026-08-05
20190521,1.707,2026-08-05
20190522,1.706,2026-08-05
20190523,1.692,2026-08-05
20190524,1.688,2026-08-05
20190527,1.691,2026-08-05
20190528,1.69,2026-08-05
20190529,1.67,2026-08-05
20190530,1.674,2026-08-05
20190531,1.632,2026-08-05
20190603,1.63,2026-08-05
20190604,1.629,2026-08-05
20190605,1.612,2026-08-05
20190607,1.61,2026-08-05
20190610,1.606,2026-08-05
20190611,1.606,2026-08-05
20190612,1.55,2026-08-05
20190613,1.553,2026-08-05
20190614,1.544,2026-08-05
20190617,1.555,2026-08-05
20190618,1.556,2026-08-05
20190619,1.548,2026-08-05
20190620,1.51,2026-08-05
20190621,1.524,2026-08-05
20190624,1.523,2026-08-05
20190625,1.538,2026-08-05
20190626,1.553,2026-08-05
20190627,1.561,2026-08-05
20190628,1.547,2026-08-05
20190701,1.552,2026-08-05
20190702,1.542,2026-08-05
20190703,1.52,2026-08-05
20190704,1.51,2026-08-05
20190705,1.511,2026-08-05
20190708,1.508,2026-08-05
20190709,1.506,2026-08-05
20190710,1.513,2026-08-05
20190711,1.5,2026-08-05
20190712,1.501,2026-08-05
20190715,1.504,2026-08-05
20190716,1.502,2026-08-05
20190717,1.481,2026-08-05
20190718,1.437,2026-08-05
20190719,1.421,2026-08-05
20190722,1.419,2026-08-05
20190723,1.421,2026-08-05
20190724,1.409,2026-08-05
20190725,1.397,2026-08-05
20190726,1.398,2026-08-05
20190729,1.396,2026-08-05
20190730,1.394,2026-08-05
20190731,1.389,2026-08-05
20190801,1.398,2026-08-05
20190802,1.357,2026-08-05
20190805,1.307,2026-08-05
20190806,1.297,2026-08-05
20190807,1.283,2026-08-05
20190808,1.28,2026-08-05
20190809,1.275,2026-08-05
20190812,1.242,2026-08-05
20190813,1.207,2026-08-05
20190814,1.196,2026-08-05
20190816,1.155,2026-08-05
20190819,1.153,2026-08-05
20190820,1.151,2026-08-05
20190821,1.166,2026-08-05
20190822,1.148,2026-08-05
20190823,1.148,2026-08-05
20190826,1.131,2026-08-05
20190827,1.159,2026-08-05
20190828,1.168,2026-08-05
20190829,1.168,2026-08-05
20190830,1.177,2026-08-05
20190902,1.197,2026-08-05
20190903,1.205,2026-08-05
20190904,1.22,2026-08-05
20190905,1.243,2026-08-05
20190906,1.253,2026-08-05
20190909,1.253,2026-08-05
20190910,1.265,2026-08-05
20190911,1.277,2026-08-05
20190916,1.329,2026-08-05
20190917,1.311,2026-08-05
20190918,1.306,2026-08-05
20190919,1.314,2026-08-05
20190920,1.318,2026-08-05
20190923,1.328,2026-08-05
20190924,1.329,2026-08-05
20190925,1.324,2026-08-05
20190926,1.324,2026-08-05
20190927,1.33,2026-08-05
20190930,1.333,2026-08-05
20191001,1.346,2026-08-05
20191002,1.333,2026-08-05
20191004,1.289,2026-08-05
20191007,1.292,2026-08-05
20191008,1.305,2026-08-05
20191010,1.31,2026-08-05
20191011,1.309,2026-08-05
20191014,1.307,2026-08-05
20191015,1.301,2026-08-05
20191016,1.308,2026-08-05
20191017,1.323,2026-08-05
20191018,1.32,2026-08-05
20191021,1.333,2026-08-05
20191022,1.317,2026-08-05
20191023,1.324,2026-08-05
20191024,1.338,2026-08-05
20191025,1.359,2026-08-05
20191028,1.403,2026-08-05
20191029,1.4,2026-08-05
20191030,1.401,2026-08-05
20191031,1.4,2026-08-05
20191101,1.403,2026-08-05
20191104,1.422,2026-08-05
20191105,1.411,2026-08-05
20191106,1.413,2026-08-05
20191107,1.419,2026-08-05
20191108,1.409,2026-08-05
20191111,1.409,2026-08-05
20191112,1.435,2026-08-05
20191113,1.425,2026-08-05
20191114,1.43,2026-08-05
20191115,1.436,2026-08-05
20191118,1.441,2026-08-05
20191119,1.432,2026-08-05
20191120,1.423,2026-08-05
20191121,1.426,2026-08-05
20191122,1.426,2026-08-05
20191125,1.433,2026-08-05
20191126,1.43,2026-08-05
20191127,1.418,2026-08-05
20191128,1.41,2026-08-05
20191129,1.389,2026-08-05
20191202,1.397,2026-08-05
20191203,1.397,2026-08-05
20191204,1.374,2026-08-05
20191205,1.379,2026-08-05
20191206,1.382,2026-08-05
20191209,1.373,2026-08-05
20191210,1.372,2026-08-05
20191211,1.371,2026-08-05
20191212,1.372,2026-08-05
20191213,1.385,2026-08-05
20191216,1.372,2026-08-05
20191217,1.373,2026-08-05
20191218,1.376,2026-08-05
20191219,1.386,2026-08-05
20191220,1.389,2026-08-05
20191223,1.385,2026-08-05
20191224,1.382,2026-08-05
20191226,1.378,2026-08-05
20191227,1.376,2026-08-05
20191230,1.369,2026-08-05
20191231,1.369,2026-08-05
20200102,1.344,2026-08-05
20200103,1.311,2026-08-05
20200106,1.309,2026-08-05
20200107,1.328,2026-08-05
20200108,1.337,2026-08-05
20200109,1.347,2026-08-05
20200110,1.355,2026-08-05
20200113,1.349,2026-08-05
20200114,1.338,2026-08-05
20200115,1.342,2026-08-05
20200116,1.356,2026-08-05
20200117,1.364,2026-08-05
20200120,1.384,2026-08-05
20200121,1.359,2026-08-05
20200122,1.374,2026-08-05
20200123,1.362,2026-08-05
20200128,1.321,2026-08-05
20200129,1.313,2026-08-05
20200130,1.291,2026-08-05
20200131,1.283,2026-08-05
20200203,1.268,2026-08-05
20200204,1.283,2026-08-05
20200205,1.267,2026-08-05
20200206,1.263,2026-08-05
20200207,1.248,2026-08-05
20200210,1.252,2026-08-05
20200211,1.25,2026-08-05
20200212,1.253,2026-08-05
20200213,1.244,2026-08-05
20200214,1.278,2026-08-05
20200217,1.278,2026-08-05
20200218,1.251,2026-08-05
20200219,1.254,2026-08-05
20200220,1.223,2026-08-05
20200221,1.183,2026-08-05
20200224,1.151,2026-08-05
20200225,1.156,2026-08-05
20200226,1.137,2026-08-05
20200227,1.182,2026-08-05
20200228,1.143,2026-08-05
20200302,1.151,2026-08-05
20200303,1.143,2026-08-05
20200304,1.067,2026-08-05
20200305,1.077,2026-08-05
20200306,1.073,2026-08-05
20200309,1.046,2026-08-05
20200310,1.066,2026-08-05
20200311,1.055,2026-08-05
20200312,1.051,2026-08-05
20200313,1.106,2026-08-05
20200316,1.042,2026-08-05
20200317,0.957,2026-08-05
20200318,0.952,2026-08-05
20200319,1.052,2026-08-05
20200320,1.038,2026-08-05
20200323,1.055,2026-08-05
20200324,1.034,2026-08-05
20200325,1.033,2026-08-05
20200326,1.006,2026-08-05
20200327,1.002,2026-08-05
20200330,1.021,2026-08-05
20200331,1.008,2026-08-05
20200401,1.006,2026-08-05
20200402,0.976,2026-08-05
20200403,0.952,2026-08-05
20200406,0.912,2026-08-05
20200407,0.884,2026-08-05
20200408,0.86,2026-08-05
20200409,0.843,2026-08-05
20200410,0.839,2026-08-05
20200413,0.848,2026-08-05
20200414,0.855,2026-08-05
20200416,0.855,2026-08-05
20200417,0.868,2026-08-05
20200420,0.864,2026-08-05
20200421,0.869,2026-08-05
20200422,0.87,2026-08-05
20200423,0.853,2026-08-05
20200424,0.832,2026-08-05
20200427,0.83,2026-08-05
20200428,0.828,2026-08-05
20200429,0.817,2026-08-05
20200504,0.801,2026-08-05
20200506,0.796,2026-08-05
20200507,0.778,2026-08-05
20200508,0.762,2026-08-05
20200511,0.767,2026-08-05
20200512,0.746,2026-08-05
20200513,0.732,2026-08-05
20200514,0.735,2026-08-05
20200515,0.732,2026-08-05
20200518,0.733,2026-08-05
20200519,0.733,2026-08-05
20200520,0.729,2026-08-05
20200521,0.727,2026-08-05
20200522,0.717,2026-08-05
20200525,0.71,2026-08-05
20200526,0.721,2026-08-05
20200527,0.725,2026-08-05
20200528,0.667,2026-08-05
20200529,0.648,2026-08-05
20200601,0.636,2026-08-05
20200602,0.635,2026-08-05
20200603,0.65,2026-08-05
20200604,0.665,2026-08-05
20200605,0.674,2026-08-05
20200608,0.674,2026-08-05
20200609,0.666,2026-08-05
20200610,0.661,2026-08-05
20200611,0.659,2026-08-05
20200612,0.669,2026-08-05
20200615,0.691,2026-08-05
20200616,0.698,2026-08-05
20200617,0.714,2026-08-05
20200618,0.699,2026-08-05
20200619,0.692,2026-08-05
20200622,0.683,2026-08-05
20200623,0.67,2026-08-05
20200624,0.666,2026-08-05
20200625,0.664,2026-08-05
20200626,0.665,2026-08-05
20200629,0.677,2026-08-05
20200630,0.676,2026-08-05
20200701,0.668,2026-08-05
20200702,0.65,2026-08-05
20200703,0.648,2026-08-05
20200706,0.654,2026-08-05
20200707,0.644,2026-08-05
20200708,0.64,2026-08-05
20200709,0.641,2026-08-05
20200710,0.643,2026-08-05
20200713,0.648,2026-08-05
20200714,0.647,2026-08-05
20200715,0.644,2026-08-05
20200716,0.633,2026-08-05
20200717,0.625,2026-08-05
20200720,0.617,2026-08-05
20200721,0.623,2026-08-05
20200722,0.618,2026-08-05
20200723,0.607,2026-08-05
20200724,0.605,2026-08-05
20200727,0.606,2026-08-05
20200728,0.611,2026-08-05
20200729,0.609,2026-08-05
20200730,0.6,2026-08-05
20200731,0.598,2026-08-05
20200803,0.596,2026-08-05
20200804,0.598,2026-08-05
20200805,0.592,2026-08-05
20200806,0.592,2026-08-05
20200807,0.596,2026-08-05
20200810,0.61,2026-08-05
20200811,0.609,2026-08-05
20200812,0.615,2026-08-05
20200813,0.611,2026-08-05
20200814,0.618,2026-08-05
20200818,0.611,2026-08-05
20200819,0.611,2026-08-05
20200820,0.618,2026-08-05
20200821,0.635,2026-08-05
20200824,0.625,2026-08-05
20200825,0.629,2026-08-05
20200826,0.637,2026-08-05
20200827,0.642,2026-08-05
20200828,0.671,2026-08-05
20200831,0.691,2026-08-05
20200901,0.712,2026-08-05
20200902,0.696,2026-08-05
20200903,0.697,2026-08-05
20200904,0.702,2026-08-05
20200907,0.718,2026-08-05
20200908,0.704,2026-08-05
20200909,0.687,2026-08-05
20200910,0.684,2026-08-05
20200911,0.692,2026-08-05
20200914,0.691,2026-08-05
20200915,0.685,2026-08-05
20200916,0.683,2026-08-05
20200917,0.688,2026-08-05
20200918,0.686,2026-08-05
20200921,0.685,2026-08-05
20200922,0.682,2026-08-05
20200923,0.678,2026-08-05
20200924,0.673,2026-08-05
20200925,0.674,2026-08-05
20200928,0.671,2026-08-05
20200929,0.674,2026-08-05
20201005,0.692,2026-08-05
20201006,0.706,2026-08-05
20201007,0.702,2026-08-05
20201008,0.699,2026-08-05
20201012,0.702,2026-08-05
20201013,0.701,2026-08-05
20201014,0.696,2026-08-05
20201015,0.689,2026-08-05
20201016,0.694,2026-08-05
20201019,0.691,2026-08-05
20201020,0.698,2026-08-05
20201021,0.703,2026-08-05
20201022,0.699,2026-08-05
20201023,0.696,2026-08-05
20201026,0.694,2026-08-05
20201027,0.7,2026-08-05
20201028,0.698,2026-08-05
20201029,0.702,2026-08-05
20201030,0.703,2026-08-05
20201102,0.721,2026-08-05
20201103,0.722,2026-08-05
20201104,0.715,2026-08-05
20201105,0.705,2026-08-05
20201106,0.711,2026-08-05
20201109,0.713,2026-08-05
20201110,0.721,2026-08-05
20201111,0.725,2026-08-05
20201112,0.714,2026-08-05
20201113,0.71,2026-08-05
20201116,0.711,2026-08-05
20201117,0.71,2026-08-05
20201118,0.705,2026-08-05
20201119,0.708,2026-08-05
20201120,0.709,2026-08-05
20201123,0.703,2026-08-05
20201124,0.71,2026-08-05
20201125,0.72,2026-08-05
20201126,0.728,2026-08-05
20201127,0.722,2026-08-05
20201130,0.727,2026-08-05
20201201,0.724,2026-08-05
20201202,0.725,2026-08-05
20201203,0.722,2026-08-05
20201204,0.72,2026-08-05
20201207,0.715,2026-08-05
20201208,0.715,2026-08-05
20201209,0.718,2026-08-05
20201210,0.718,2026-08-05
20201211,0.721,2026-08-05
20201214,0.722,2026-08-05
20201215,0.723,2026-08-05
20201216,0.729,2026-08-05
20201217,0.738,2026-08-05
20201218,0.733,2026-08-05
20201221,0.729,2026-08-05
20201222,0.722,2026-08-05
20201223,0.716,2026-08-05
20201224,0.732,2026-08-05
20201228,0.736,2026-08-05
20201229,0.744,2026-08-05
20201230,0.747,2026-08-05
20201231,0.747,2026-08-05
20210104,0.727,2026-08-05
20210105,0.694,2026-08-05
20210106,0.696,2026-08-05
20210107,0.692,2026-08-05
20210108,0.69,2026-08-05
20210111,0.683,2026-08-05
20210112,0.683,2026-08-05
20210113,0.682,2026-08-05
20210114,0.683,2026-08-05
20210115,0.679,2026-08-05
20210118,0.677,2026-08-05
20210119,0.677,2026-08-05
20210120,0.678,2026-08-05
20210121,0.678,2026-08-05
20210122,0.686,2026-08-05
20210125,0.696,2026-08-05
20210126,0.697,2026-08-05
20210127,0.701,2026-08-05
20210128,0.699,2026-08-05
20210129,0.695,2026-08-05
20210201,0.7,2026-08-05
20210202,0.69,2026-08-05
20210203,0.689,2026-08-05
20210204,0.689,2026-08-05
20210205,0.685,2026-08-05
20210208,0.687,2026-08-05
20210209,0.679,2026-08-05
20210210,0.684,2026-08-05
20210215,0.686,2026-08-05
20210216,0.682,2026-08-05
20210217,0.683,2026-08-05
20210218,0.681,2026-08-05
20210219,0.681,2026-08-05
20210222,0.684,2026-08-05
20210223,0.681,2026-08-05
20210224,0.673,2026-08-05
20210225,0.672,2026-08-05
20210226,0.679,2026-08-05
20210302,0.677,2026-08-05
20210303,0.676,2026-08-05
20210304,0.677,2026-08-05
20210305,0.677,2026-08-05
20210308,0.698,2026-08-05
20210309,0.709,2026-08-05
20210310,0.704,2026-08-05
20210311,0.7,2026-08-05
20210312,0.709,2026-08-05
20210315,0.712,2026-08-05
20210316,0.698,2026-08-05
20210317,0.689,2026-08-05
20210318,0.672,2026-08-05
20210319,0.673,2026-08-05
20210322,0.664,2026-08-05
20210323,0.662,2026-08-05
20210324,0.659,2026-08-05
20210325,0.659,2026-08-05
20210326,0.664,2026-08-05
20210329,0.664,2026-08-05
20210330,0.669,2026-08-05
20210331,0.667,2026-08-05
20210401,0.669,2026-08-05
20210402,0.667,2026-08-05
20210405,0.673,2026-08-05
20210406,0.664,2026-08-05
20210407,0.663,2026-08-05
20210408,0.661,2026-08-05
20210409,0.663,2026-08-05
20210412,0.659,2026-08-05
20210413,0.66,2026-08-05
20210414,0.654,2026-08-05
20210415,0.666,2026-08-05
20210416,0.665,2026-08-05
20210419,0.661,2026-08-05
20210420,0.661,2026-08-05
20210421,0.656,2026-08-05
20210422,0.654,2026-08-05
20210423,0.659,2026-08-05
20210426,0.652,2026-08-05
20210427,0.652,2026-08-05
20210428,0.653,2026-08-05
20210429,0.652,2026-08-05
20210430,0.655,2026-08-05
20210503,0.663,2026-08-05
20210504,0.661,2026-08-05
20210506,0.651,2026-08-05
20210507,0.653,2026-08-05
20210510,0.646,2026-08-05
20210511,0.635,2026-08-05
20210512,0.631,2026-08-05
20210513,0.631,2026-08-05
20210514,0.629,2026-08-05
20210517,0.617,2026-08-05
20210518,0.618,2026-08-05
20210520,0.616,2026-08-05
20210521,0.609,2026-08-05
20210524,0.619,2026-08-05
20210525,0.622,2026-08-05
20210526,0.635,2026-08-05
20210527,0.639,2026-08-05
20210528,0.66,2026-08-05
20210531,0.7,2026-08-05
20210601,0.72,2026-08-05
20210602,0.753,2026-08-05
20210603,0.759,2026-08-05
20210604,0.765,2026-08-05
20210607,0.774,2026-08-05
20210608,0.778,2026-08-05
20210609,0.777,2026-08-05
20210610,0.813,2026-08-05
20210611,0.827,2026-08-05
20210614,0.857,2026-08-05
20210615,0.883,2026-08-05
20210616,0.894,2026-08-05
20210617,0.902,2026-08-05
20210618,0.902,2026-08-05
20210621,0.907,2026-08-05
20210622,0.9,2026-08-05
20210623,0.903,2026-08-05
20210624,0.92,2026-08-05
20210625,0.945,2026-08-05
20210628,0.973,2026-08-05
20210629,0.991,2026-08-05
20210630,0.994,2026-08-05
20210701,1.005,2026-08-05
20210702,1.007,2026-08-05
20210705,0.993,2026-08-05
20210706,0.988,2026-08-05
20210707,0.947,2026-08-05
20210708,0.902,2026-08-05
20210709,0.894,2026-08-05
20210712,0.886,2026-08-05
20210713,0.894,2026-08-05
20210714,0.882,2026-08-05
20210715,0.941,2026-08-05
20210716,0.948,2026-08-05
20210719,0.954,2026-08-05
20210720,0.93,2026-08-05
20210721,0.921,2026-08-05
20210722,0.923,2026-08-05
20210723,0.922,2026-08-05
20210726,0.915,2026-08-05
20210727,0.916,2026-08-05
20210728,0.938,2026-08-05
20210729,0.945,2026-08-05
20210730,0.941,2026-08-05
20210802,0.954,2026-08-05
20210803,0.964,2026-08-05
20210804,0.962,2026-08-05
20210805,0.969,2026-08-05
20210806,0.989,2026-08-05
20210809,0.996,2026-08-05
20210810,1,2026-08-05
20210811,1.001,2026-08-05
20210812,1.005,2026-08-05
20210813,1.008,2026-08-05
20210817,1.002,2026-08-05
20210818,0.993,2026-08-05
20210819,0.981,2026-08-05
20210820,0.988,2026-08-05
20210823,1.007,2026-08-05
20210824,1.033,2026-08-05
20210825,1.041,2026-08-05
20210826,1.05,2026-08-05
20210827,1.063,2026-08-05
20210830,1.056,2026-08-05
20210831,1.049,2026-08-05
20210901,1.048,2026-08-05
20210902,1.041,2026-08-05
20210903,1.03,2026-08-05
20210906,1.029,2026-08-05
20210907,1.028,2026-08-05
20210908,1.033,2026-08-05
20210909,1.046,2026-08-05
20210910,1.066,2026-08-05
20210913,1.087,2026-08-05
20210914,1.096,2026-08-05
20210915,1.076,2026-08-05
20210916,1.082,2026-08-05
20210917,1.086,2026-08-05
20210923,1.089,2026-08-05
20210924,1.085,2026-08-05
20210927,1.081,2026-08-05
20210928,1.098,2026-08-05
20210929,1.102,2026-08-05
20210930,1.102,2026-08-05
20211001,1.115,2026-08-05
20211005,1.116,2026-08-05
20211006,1.164,2026-08-05
20211007,1.164,2026-08-05
20211008,1.161,2026-08-05
20211012,1.185,2026-08-05
20211013,1.182,2026-08-05
20211014,1.174,2026-08-05
20211015,1.172,2026-08-05
20211018,1.202,2026-08-05
20211019,1.194,2026-08-05
20211020,1.189,2026-08-05
20211021,1.178,2026-08-05
20211022,1.197,2026-08-05
20211025,1.202,2026-08-05
20211026,1.231,2026-08-05
20211027,1.305,2026-08-05
20211028,1.33,2026-08-05
20211029,1.409,2026-08-05
20211101,1.444,2026-08-05
20211102,1.424,2026-08-05
20211103,1.421,2026-08-05
20211104,1.419,2026-08-05
20211105,1.396,2026-08-05
20211108,1.357,2026-08-05
20211109,1.33,2026-08-05
20211110,1.322,2026-08-05
20211111,1.309,2026-08-05
20211112,1.309,2026-08-05
20211115,1.28,2026-08-05
20211116,1.286,2026-08-05
20211117,1.28,2026-08-05
20211118,1.269,2026-08-05
20211119,1.277,2026-08-05
20211122,1.311,2026-08-05
20211123,1.334,2026-08-05
20211124,1.343,2026-08-05
20211125,1.331,2026-08-05
20211126,1.333,2026-08-05
20211129,1.347,2026-08-05
20211130,1.344,2026-08-05
20211201,1.367,2026-08-05
20211202,1.373,2026-08-05
20211203,1.391,2026-08-05
20211206,1.378,2026-08-05
20211207,1.371,2026-08-05
20211208,1.356,2026-08-05
20211209,1.347,2026-08-05
20211210,1.346,2026-08-05
20211213,1.325,2026-08-05
20211214,1.308,2026-08-05
20211215,1.303,2026-08-05
20211216,1.278,2026-08-05
20211217,1.27,2026-08-05
20211220,1.263,2026-08-05
20211221,1.263,2026-08-05
20211222,1.279,2026-08-05
20211223,1.296,2026-08-05
20211224,1.293,2026-08-05
20211227,1.284,2026-08-05
20211228,1.297,2026-08-05
20211229,1.29,2026-08-05
20211230,1.301,2026-08-05
20211231,1.304,2026-08-05
20220103,1.319,2026-08-05
20220104,1.322,2026-08-05
20220105,1.306,2026-08-05
20220106,1.338,2026-08-05
20220107,1.347,2026-08-05
20220110,1.356,2026-08-05
20220111,1.369,2026-08-05
20220112,1.361,2026-08-05
20220113,1.38,2026-08-05
20220114,1.419,2026-08-05
20220117,1.476,2026-08-05
20220118,1.472,2026-08-05
20220119,1.46,2026-08-05
20220120,1.485,2026-08-05
20220121,1.481,2026-08-05
20220124,1.481,2026-08-05
20220125,1.499,2026-08-05
20220126,1.522,2026-08-05
20220127,1.551,2026-08-05
20220128,1.537,2026-08-05
20220203,1.529,2026-08-05
20220204,1.548,2026-08-05
20220207,1.537,2026-08-05
20220208,1.535,2026-08-05
20220209,1.541,2026-08-05
20220210,1.544,2026-08-05
20220211,1.584,2026-08-05
20220214,1.571,2026-08-05
20220215,1.563,2026-08-05
20220216,1.558,2026-08-05
20220217,1.547,2026-08-05
20220218,1.558,2026-08-05
20220221,1.56,2026-08-05
20220222,1.542,2026-08-05
20220223,1.546,2026-08-05
20220224,1.515,2026-08-05
20220225,1.536,2026-08-05
20220228,1.535,2026-08-05
20220302,1.51,2026-08-05
20220303,1.516,2026-08-05
20220304,1.502,2026-08-05
20220307,1.535,2026-08-05
20220308,1.519,2026-08-05
20220310,1.55,2026-08-05
20220311,1.557,2026-08-05
20220314,1.554,2026-08-05
20220315,1.551,2026-08-05
20220316,1.543,2026-08-05
20220317,1.522,2026-08-05
20220318,1.524,2026-08-05
20220321,1.525,2026-08-05
20220322,1.555,2026-08-05
20220323,1.563,2026-08-05
20220324,1.586,2026-08-05
20220325,1.615,2026-08-05
20220328,1.729,2026-08-05
20220329,1.753,2026-08-05
20220330,1.753,2026-08-05
20220331,1.788,2026-08-05
20220401,1.824,2026-08-05
20220404,1.852,2026-08-05
20220405,1.86,2026-08-05
20220406,1.911,2026-08-05
20220407,1.922,2026-08-05
20220408,1.979,2026-08-05
20220411,2.058,2026-08-05
20220412,2.069,2026-08-05
20220413,2.058,2026-08-05
20220414,1.987,2026-08-05
20220415,1.979,2026-08-05
20220418,1.977,2026-08-05
20220419,1.951,2026-08-05
20220420,1.926,2026-08-05
20220421,1.901,2026-08-05
20220422,1.915,2026-08-05
20220425,1.888,2026-08-05
20220426,1.875,2026-08-05
20220427,1.874,2026-08-05
20220428,1.845,2026-08-05
20220429,1.895,2026-08-05
20220502,1.931,2026-08-05
20220503,1.94,2026-08-05
20220504,1.971,2026-08-05
20220506,1.971,2026-08-05
20220509,1.937,2026-08-05
20220510,1.879,2026-08-05
20220511,1.859,2026-08-05
20220512,1.874,2026-08-05
20220513,1.884,2026-08-05
20220516,1.943,2026-08-05
20220517,1.955,2026-08-05
20220518,1.976,2026-08-05
20220519,1.978,2026-08-05
20220520,1.968,2026-08-05
20220523,1.989,2026-08-05
20220524,1.965,2026-08-05
20220525,1.952,2026-08-05
20220526,2.005,2026-08-05
20220527,2.013,2026-08-05
20220530,2.022,2026-08-05
20220531,2.062,2026-08-05
20220602,2.101,2026-08-05
20220603,2.142,2026-08-05
20220607,2.229,2026-08-05
20220608,2.29,2026-08-05
20220609,2.279,2026-08-05
20220610,2.329,2026-08-05
20220613,2.445,2026-08-05
20220614,2.487,2026-08-05
20220615,2.588,2026-08-05
20220616,2.668,2026-08-05
20220617,2.671,2026-08-05
20220620,2.633,2026-08-05
20220621,2.607,2026-08-05
20220622,2.573,2026-08-05
20220623,2.579,2026-08-05
20220624,2.596,2026-08-05
20220627,2.669,2026-08-05
20220628,2.69,2026-08-05
20220629,2.734,2026-08-05
20220630,2.843,2026-08-05
20220701,2.832,2026-08-05
20220704,2.872,2026-08-05
20220705,2.869,2026-08-05
20220706,2.832,2026-08-05
20220707,2.852,2026-08-05
20220708,2.902,2026-08-05
20220711,2.919,2026-08-05
20220712,2.904,2026-08-05
20220713,2.904,2026-08-05
20220714,3.025,2026-08-05
20220715,2.994,2026-08-05
20220718,3.05,2026-08-05
20220719,3.013,2026-08-05
20220720,3.038,2026-08-05
20220721,3.025,2026-08-05
20220722,2.993,2026-08-05
20220725,2.988,2026-08-05
20220726,2.997,2026-08-05
20220727,3.013,2026-08-05
20220728,3.038,2026-08-05
20220729,3.006,2026-08-05
20220801,3.003,2026-08-05
20220802,2.974,2026-08-05
20220803,2.976,2026-08-05
20220804,2.94,2026-08-05
20220805,2.894,2026-08-05
20220808,2.923,2026-08-05
20220809,2.916,2026-08-05
20220810,2.929,2026-08-05
20220811,2.901,2026-08-05
20220812,2.92,2026-08-05
20220816,2.868,2026-08-05
20220817,2.888,2026-08-05
20220818,2.904,2026-08-05
20220819,2.931,2026-08-05
20220822,2.951,2026-08-05
20220823,2.984,2026-08-05
20220824,3.038,2026-08-05
20220825,3.206,2026-08-05
20220826,3.211,2026-08-05
20220829,3.265,2026-08-05
20220830,3.244,2026-08-05
20220831,3.281,2026-08-05
20220901,3.315,2026-08-05
20220902,3.264,2026-08-05
20220905,3.222,2026-08-05
20220906,3.25,2026-08-05
20220907,3.244,2026-08-05
20220908,3.169,2026-08-05
20220913,3.176,2026-08-05
20220914,3.227,2026-08-05
20220915,3.258,2026-08-05
20220916,3.28,2026-08-05
20220919,3.279,2026-08-05
20220920,3.288,2026-08-05
20220921,3.325,2026-08-05
20220922,3.441,2026-08-05
20220923,3.54,2026-08-05
20220926,3.78,2026-08-05
20220927,3.729,2026-08-05
20220928,3.759,2026-08-05
20220929,3.74,2026-08-05
20220930,3.65,2026-08-05
20221004,3.539,2026-08-05
20221005,3.559,2026-08-05
20221006,3.554,2026-08-05
20221007,3.497,2026-08-05
20221011,3.495,2026-08-05
20221012,3.415,2026-08-05
20221013,3.493,2026-08-05
20221014,3.495,2026-08-05
20221017,3.533,2026-08-05
20221018,3.55,2026-08-05
20221019,3.62,2026-08-05
20221020,3.64,2026-08-05
20221021,3.728,2026-08-05
20221024,3.687,2026-08-05
20221025,3.666,2026-08-05
20221026,3.668,2026-08-05
20221027,3.707,2026-08-05
20221028,3.677,2026-08-05
20221031,3.743,2026-08-05
20221101,3.707,2026-08-05
20221102,3.777,2026-08-05
20221103,3.856,2026-08-05
20221104,3.845,2026-08-05
20221107,3.875,2026-08-05
20221108,3.872,2026-08-05
20221109,3.851,2026-08-05
20221110,3.869,2026-08-05
20221111,3.758,2026-08-05
20221114,3.821,2026-08-05
20221115,3.793,2026-08-05
20221116,3.82,2026-08-05
20221117,3.831,2026-08-05
20221118,3.835,2026-08-05
20221121,3.827,2026-08-05
20221122,3.849,2026-08-05
20221123,3.855,2026-08-05
20221124,3.777,2026-08-05
20221125,3.736,2026-08-05
20221128,3.754,2026-08-05
20221129,3.788,2026-08-05
20221130,3.775,2026-08-05
20221201,3.742,2026-08-05
20221202,3.706,2026-08-05
20221205,3.656,2026-08-05
20221206,3.652,2026-08-05
20221207,3.658,2026-08-05
20221208,3.683,2026-08-05
20221209,3.689,2026-08-05
20221212,3.687,2026-08-05
20221213,3.703,2026-08-05
20221214,3.667,2026-08-05
20221215,3.702,2026-08-05
20221216,3.713,2026-08-05
20221219,3.722,2026-08-05
20221220,3.796,2026-08-05
20221221,3.765,2026-08-05
20221222,3.746,2026-08-05
20221223,3.776,2026-08-05
20221226,3.793,2026-08-05
20221227,3.782,2026-08-05
20221228,3.787,2026-08-05
20221229,3.805,2026-08-05
20221230,3.796,2026-08-05
20230102,3.784,2026-08-05
20230103,3.678,2026-08-05
20230104,3.63,2026-08-05
20230105,3.622,2026-08-05
20230106,3.597,2026-08-05
20230109,3.552,2026-08-05
20230110,3.581,2026-08-05
20230111,3.566,2026-08-05
20230112,3.573,2026-08-05
20230113,3.522,2026-08-05
20230116,3.572,2026-08-05
20230117,3.581,2026-08-05
20230118,3.52,2026-08-05
20230119,3.473,2026-08-05
20230120,3.483,2026-08-05
20230125,3.472,2026-08-05
20230126,3.472,2026-08-05
20230127,3.483,2026-08-05
20230130,3.469,2026-08-05
20230131,3.485,2026-08-05
20230201,3.449,2026-08-05
20230202,3.422,2026-08-05
20230203,3.391,2026-08-05
20230206,3.462,2026-08-05
20230207,3.459,2026-08-05
20230208,3.456,2026-08-05
20230209,3.472,2026-08-05
20230210,3.466,2026-08-05
20230213,3.502,2026-08-05
20230214,3.5,2026-08-05
20230215,3.546,2026-08-05
20230216,3.546,2026-08-05
20230217,3.612,2026-08-05
20230220,3.629,2026-08-05
20230221,3.614,2026-08-05
20230222,3.635,2026-08-05
20230223,3.618,2026-08-05
20230224,3.607,2026-08-05
20230227,3.662,2026-08-05
20230228,3.727,2026-08-05
20230302,3.768,2026-08-05
20230303,3.721,2026-08-05
20230306,3.717,2026-08-05
20230307,3.688,2026-08-05
20230308,3.744,2026-08-05
20230309,3.759,2026-08-05
20230310,3.674,2026-08-05
20230313,3.54,2026-08-05
20230314,3.481,2026-08-05
20230315,3.492,2026-08-05
20230316,3.424,2026-08-05
20230317,3.429,2026-08-05
20230320,3.355,2026-08-05
20230321,3.332,2026-08-05
20230322,3.328,2026-08-05
20230323,3.318,2026-08-05
20230324,3.305,2026-08-05
20230327,3.317,2026-08-05
20230328,3.32,2026-08-05
20230329,3.311,2026-08-05
20230330,3.293,2026-08-05
20230331,3.295,2026-08-05
20230403,3.322,2026-08-05
20230404,3.283,2026-08-05
20230405,3.278,2026-08-05
20230406,3.249,2026-08-05
20230407,3.254,2026-08-05
20230410,3.222,2026-08-05
20230411,3.247,2026-08-05
20230412,3.254,2026-08-05
20230413,3.237,2026-08-05
20230414,3.242,2026-08-05
20230417,3.266,2026-08-05
20230418,3.254,2026-08-05
20230419,3.268,2026-08-05
20230420,3.26,2026-08-05
20230421,3.243,2026-08-05
20230424,3.243,2026-08-05
20230425,3.257,2026-08-05
20230426,3.243,2026-08-05
20230427,3.267,2026-08-05
20230428,3.293,2026-08-05
20230502,3.319,2026-08-05
20230503,3.306,2026-08-05
20230504,3.282,2026-08-05
20230508,3.305,2026-08-05
20230509,3.293,2026-08-05
20230510,3.298,2026-08-05
20230511,3.288,2026-08-05
20230512,3.298,2026-08-05
20230515,3.36,2026-08-05
20230516,3.369,2026-08-05
20230517,3.409,2026-08-05
20230518,3.429,2026-08-05
20230519,3.461,2026-08-05
20230522,3.456,2026-08-05
20230523,3.486,2026-08-05
20230524,3.476,2026-08-05
20230525,3.53,2026-08-05
20230526,3.569,2026-08-05
20230530,3.596,2026-08-05
20230531,3.551,2026-08-05
20230601,3.556,2026-08-05
20230602,3.53,2026-08-05
20230605,3.552,2026-08-05
20230607,3.525,2026-08-05
20230608,3.545,2026-08-05
20230609,3.516,2026-08-05
20230612,3.513,2026-08-05
20230613,3.496,2026-08-05
20230614,3.526,2026-08-05
20230615,3.555,2026-08-05
20230616,3.535,2026-08-05
20230619,3.544,2026-08-05
20230620,3.531,2026-08-05
20230621,3.532,2026-08-05
20230622,3.555,2026-08-05
20230623,3.57,2026-08-05
20230626,3.539,2026-08-05
20230627,3.539,2026-08-05
20230628,3.545,2026-08-05
20230629,3.561,2026-08-05
20230630,3.604,2026-08-05
20230703,3.576,2026-08-05
20230704,3.583,2026-08-05
20230705,3.586,2026-08-05
20230706,3.616,2026-08-05
20230707,3.641,2026-08-05
20230710,3.684,2026-08-05
20230711,3.639,2026-08-05
20230712,3.642,2026-08-05
20230713,3.584,2026-08-05
20230714,3.6,2026-08-05
20230717,3.597,2026-08-05
20230718,3.586,2026-08-05
20230719,3.572,2026-08-05
20230720,3.599,2026-08-05
20230721,3.592,2026-08-05
20230724,3.59,2026-08-05
20230725,3.598,2026-08-05
20230726,3.586,2026-08-05
20230727,3.562,2026-08-05
20230728,3.594,2026-08-05
20230731,3.608,2026-08-05
20230801,3.586,2026-08-05
20230802,3.599,2026-08-05
20230803,3.605,2026-08-05
20230804,3.609,2026-08-05
20230807,3.58,2026-08-05
20230808,3.565,2026-08-05
20230809,3.581,2026-08-05
20230810,3.589,2026-08-05
20230811,3.597,2026-08-05
20230814,3.614,2026-08-05
20230816,3.59,2026-08-05
20230817,3.603,2026-08-05
20230818,3.576,2026-08-05
20230821,3.609,2026-08-05
20230822,3.612,2026-08-05
20230823,3.596,2026-08-05
20230824,3.593,2026-08-05
20230825,3.607,2026-08-05
20230828,3.596,2026-08-05
20230829,3.587,2026-08-05
20230830,3.589,2026-08-05
20230831,3.582,2026-08-05
20230901,3.579,2026-08-05
20230904,3.615,2026-08-05
20230905,3.629,2026-08-05
20230906,3.613,2026-08-05
20230907,3.647,2026-08-05
20230908,3.619,2026-08-05
20230911,3.66,2026-08-05
20230912,3.648,2026-08-05
20230913,3.649,2026-08-05
20230914,3.644,2026-08-05
20230915,3.658,2026-08-05
20230918,3.679,2026-08-05
20230919,3.668,2026-08-05
20230920,3.668,2026-08-05
20230921,3.687,2026-08-05
20230922,3.667,2026-08-05
20230925,3.677,2026-08-05
20230926,3.687,2026-08-05
20230927,3.684,2026-08-05
20231004,3.772,2026-08-05
20231005,3.773,2026-08-05
20231006,3.754,2026-08-05
20231010,3.752,2026-08-05
20231011,3.742,2026-08-05
20231012,3.722,2026-08-05
20231013,3.731,2026-08-05
20231016,3.729,2026-08-05
20231017,3.727,2026-08-05
20231018,3.738,2026-08-05
20231019,3.748,2026-08-05
20231020,3.731,2026-08-05
20231023,3.744,2026-08-05
20231024,3.728,2026-08-05
20231025,3.743,2026-08-05
20231026,3.762,2026-08-05
20231027,3.748,2026-08-05
20231030,3.755,2026-08-05
20231031,3.756,2026-08-05
20231101,3.751,2026-08-05
20231102,3.708,2026-08-05
20231103,3.715,2026-08-05
20231106,3.701,2026-08-05
20231107,3.71,2026-08-05
20231108,3.7,2026-08-05
20231109,3.697,2026-08-05
20231110,3.707,2026-08-05
20231113,3.718,2026-08-05
20231114,3.714,2026-08-05
20231115,3.671,2026-08-05
20231116,3.672,2026-08-05
20231117,3.661,2026-08-05
20231120,3.659,2026-08-05
20231121,3.663,2026-08-05
20231122,3.673,2026-08-05
20231123,3.665,2026-08-05
20231124,3.688,2026-08-05
20231127,3.696,2026-08-05
20231128,3.671,2026-08-05
20231129,3.628,2026-08-05
20231130,3.638,2026-08-05
20231201,3.628,2026-08-05
20231204,3.59,2026-08-05
20231205,3.566,2026-08-05
20231206,3.554,2026-08-05
20231207,3.571,2026-08-05
20231208,3.559,2026-08-05
20231211,3.583,2026-08-05
20231212,3.57,2026-08-05
20231213,3.582,2026-08-05
20231214,3.463,2026-08-05
20231215,3.458,2026-08-05
20231218,3.444,2026-08-05
20231219,3.444,2026-08-05
20231220,3.417,2026-08-05
20231221,3.428,2026-08-05
20231222,3.431,2026-08-05
20231226,3.433,2026-08-05
20231227,3.436,2026-08-05
20231228,3.41,2026-08-05
20231229,3.41,2026-08-05
20240102,3.435,2026-08-05
20240103,3.432,2026-08-05
20240104,3.379,2026-08-05
20240105,3.389,2026-08-05
20240108,3.372,2026-08-05
20240109,3.334,2026-08-05
20240110,3.34,2026-08-05
20240111,3.312,2026-08-05
20240112,3.298,2026-08-05
20240115,3.284,2026-08-05
20240116,3.3,2026-08-05
20240117,3.304,2026-08-05
20240118,3.3,2026-08-05
20240119,3.306,2026-08-05
20240122,3.285,2026-08-05
20240123,3.29,2026-08-05
20240124,3.297,2026-08-05
20240125,3.306,2026-08-05
20240126,3.288,2026-08-05
20240129,3.32,2026-08-05
20240130,3.302,2026-08-05
20240131,3.31,2026-08-05
20240201,3.314,2026-08-05
20240202,3.308,2026-08-05
20240205,3.359,2026-08-05
20240206,3.346,2026-08-05
20240207,3.345,2026-08-05
20240208,3.353,2026-08-05
20240213,3.377,2026-08-05
20240214,3.419,2026-08-05
20240215,3.396,2026-08-05
20240216,3.397,2026-08-05
20240219,3.397,2026-08-05
20240220,3.407,2026-08-05
20240221,3.406,2026-08-05
20240222,3.37,2026-08-05
20240223,3.402,2026-08-05
20240226,3.384,2026-08-05
20240227,3.394,2026-08-05
20240228,3.401,2026-08-05
20240229,3.418,2026-08-05
20240304,3.406,2026-08-05
20240305,3.41,2026-08-05
20240306,3.396,2026-08-05
20240307,3.397,2026-08-05
20240308,3.37,2026-08-05
20240311,3.37,2026-08-05
20240312,3.379,2026-08-05
20240313,3.374,2026-08-05
20240314,3.38,2026-08-05
20240315,3.384,2026-08-05
20240318,3.38,2026-08-05
20240319,3.372,2026-08-05
20240320,3.351,2026-08-05
20240321,3.314,2026-08-05
20240322,3.316,2026-08-05
20240325,3.319,2026-08-05
20240326,3.337,2026-08-05
20240327,3.336,2026-08-05
20240328,3.346,2026-08-05
20240329,3.356,2026-08-05
20240401,3.338,2026-08-05
20240402,3.342,2026-08-05
20240403,3.336,2026-08-05
20240404,3.335,2026-08-05
20240405,3.326,2026-08-05
20240408,3.356,2026-08-05
20240409,3.362,2026-08-05
20240411,3.396,2026-08-05
20240412,3.369,2026-08-05
20240415,3.385,2026-08-05
20240416,3.399,2026-08-05
20240417,3.394,2026-08-05
20240418,3.374,2026-08-05
20240419,3.403,2026-08-05
20240422,3.433,2026-08-05
20240423,3.422,2026-08-05
20240424,3.432,2026-08-05
20240425,3.446,2026-08-05
20240426,3.438,2026-08-05
20240429,3.45,2026-08-05
20240430,3.442,2026-08-05
20240502,3.438,2026-08-05
20240503,3.437,2026-08-05
20240507,3.413,2026-08-05
20240508,3.398,2026-08-05
20240509,3.417,2026-08-05
20240510,3.396,2026-08-05
20240513,3.397,2026-08-05
20240514,3.388,2026-08-05
20240516,3.346,2026-08-05
20240517,3.354,2026-08-05
20240520,3.369,2026-08-05
20240521,3.371,2026-08-05
20240522,3.372,2026-08-05
20240523,3.364,2026-08-05
20240524,3.378,2026-08-05
20240527,3.374,2026-08-05
20240528,3.364,2026-08-05
20240529,3.38,2026-08-05
20240530,3.391,2026-08-05
20240531,3.393,2026-08-05
20240603,3.383,2026-08-05
20240604,3.371,2026-08-05
20240605,3.361,2026-08-05
20240607,3.353,2026-08-05
20240610,3.388,2026-08-05
20240611,3.376,2026-08-05
20240612,3.365,2026-08-05
20240613,3.358,2026-08-05
20240614,3.348,2026-08-05
20240617,3.327,2026-08-05
20240618,3.334,2026-08-05
20240619,3.315,2026-08-05
20240620,3.332,2026-08-05
20240621,3.331,2026-08-05
20240624,3.346,2026-08-05
20240625,3.347,2026-08-05
20240626,3.354,2026-08-05
20240627,3.357,2026-08-05
20240628,3.337,2026-08-05
20240701,3.345,2026-08-05
20240702,3.294,2026-08-05
20240703,3.278,2026-08-05
20240704,3.231,2026-08-05
20240705,3.194,2026-08-05
20240708,3.19,2026-08-05
20240709,3.179,2026-08-05
20240710,3.181,2026-08-05
20240711,3.207,2026-08-05
20240712,3.196,2026-08-05
20240715,3.196,2026-08-05
20240716,3.184,2026-08-05
20240717,3.191,2026-08-05
20240718,3.202,2026-08-05
20240719,3.224,2026-08-05
20240722,3.229,2026-08-05
20240723,3.234,2026-08-05
20240724,3.22,2026-08-05
20240725,3.196,2026-08-05
20240726,3.187,2026-08-05
20240729,3.152,2026-08-05
20240730,3.16,2026-08-05
20240731,3.156,2026-08-05
20240801,3.128,2026-08-05
20240802,3.1,2026-08-05
20240805,3.04,2026-08-05
20240806,3.083,2026-08-05
20240807,3.071,2026-08-05
20240808,3.061,2026-08-05
20240809,3.061,2026-08-05
20240812,3.051,2026-08-05
20240813,3.039,2026-08-05
20240814,3.019,2026-08-05
20240816,3.041,2026-08-05
20240819,3.032,2026-08-05
20240820,3.035,2026-08-05
20240821,3.022,2026-08-05
20240822,3.006,2026-08-05
20240823,3.023,2026-08-05
20240826,3.02,2026-08-05
20240827,3.05,2026-08-05
20240828,3.038,2026-08-05
20240829,3.048,2026-08-05
20240830,3.043,2026-08-05
20240902,3.043,2026-08-05
20240903,3.031,2026-08-05
20240904,2.998,2026-08-05
20240905,2.983,2026-08-05
20240906,2.979,2026-08-05
20240909,2.974,2026-08-05
20240910,2.959,2026-08-05
20240911,2.915,2026-08-05
20240912,2.912,2026-08-05
20240913,2.884,2026-08-05
20240919,2.887,2026-08-05
20240920,2.879,2026-08-05
20240923,2.879,2026-08-05
20240924,2.868,2026-08-05
20240925,2.85,2026-08-05
20240926,2.842,2026-08-05
20240927,2.855,2026-08-05
20240930,2.844,2026-08-05
20241002,2.835,2026-08-05
20241004,2.854,2026-08-05
20241007,2.89,2026-08-05
20241008,2.878,2026-08-05
20241010,2.883,2026-08-05
20241011,2.872,2026-08-05
20241014,2.861,2026-08-05
20241015,2.851,2026-08-05
20241016,2.845,2026-08-05
20241017,2.857,2026-08-05
20241018,2.874,2026-08-05
20241021,2.875,2026-08-05
20241022,2.877,2026-08-05
20241023,2.877,2026-08-05
20241024,2.84,2026-08-05
20241025,2.834,2026-08-05
20241028,2.859,2026-08-05
20241029,2.85,2026-08-05
20241030,2.848,2026-08-05
20241031,2.849,2026-08-05
20241101,2.844,2026-08-05
20241104,2.843,2026-08-05
20241105,2.838,2026-08-05
20241106,2.856,2026-08-05
20241107,2.844,2026-08-05
20241108,2.829,2026-08-05
20241111,2.836,2026-08-05
20241112,2.831,2026-08-05
20241113,2.845,2026-08-05
20241114,2.84,2026-08-05
20241115,2.859,2026-08-05
20241118,2.851,2026-08-05
20241119,2.842,2026-08-05
20241120,2.836,2026-08-05
20241121,2.817,2026-08-05
20241122,2.812,2026-08-05
20241125,2.801,2026-08-05
20241126,2.803,2026-08-05
20241127,2.8,2026-08-05
20241128,2.756,2026-08-05
20241129,2.711,2026-08-05
20241202,2.687,2026-08-05
20241203,2.684,2026-08-05
20241204,2.707,2026-08-05
20241205,2.698,2026-08-05
20241206,2.709,2026-08-05
20241209,2.682,2026-08-05
20241210,2.691,2026-08-05
20241211,2.695,2026-08-05
20241212,2.698,2026-08-05
20241213,2.692,2026-08-05
20241216,2.693,2026-08-05
20241217,2.712,2026-08-05
20241218,2.676,2026-08-05
20241219,2.699,2026-08-05
20241220,2.705,2026-08-05
20241223,2.697,2026-08-05
20241224,2.709,2026-08-05
20241226,2.717,2026-08-05
20241227,2.707,2026-08-05
20241230,2.701,2026-08-05
20241231,2.701,2026-08-05
20250102,2.657,2026-08-05
20250103,2.646,2026-08-05
20250106,2.654,2026-08-05
20250107,2.638,2026-08-05
20250108,2.631,2026-08-05
20250109,2.621,2026-08-05
20250110,2.637,2026-08-05
20250113,2.664,2026-08-05
20250114,2.648,2026-08-05
20250115,2.648,2026-08-05
20250116,2.619,2026-08-05
20250117,2.606,2026-08-05
20250120,2.621,2026-08-05
20250121,2.612,2026-08-05
20250122,2.625,2026-08-05
20250123,2.638,2026-08-05
20250124,2.639,2026-08-05
20250131,2.645,2026-08-05
20250203,2.655,2026-08-05
20250204,2.657,2026-08-05
20250205,2.652,2026-08-05
20250206,2.644,2026-08-05
20250207,2.659,2026-08-05
20250210,2.647,2026-08-05
20250211,2.639,2026-08-05
20250212,2.632,2026-08-05
20250213,2.623,2026-08-05
20250214,2.607,2026-08-05
20250217,2.605,2026-08-05
20250218,2.602,2026-08-05
20250219,2.601,2026-08-05
20250220,2.603,2026-08-05
20250221,2.598,2026-08-05
20250224,2.6,2026-08-05
20250225,2.6,2026-08-05
20250226,2.604,2026-08-05
20250227,2.618,2026-08-05
20250228,2.615,2026-08-05
20250304,2.616,2026-08-05
20250305,2.634,2026-08-05
20250306,2.651,2026-08-05
20250307,2.625,2026-08-05
20250310,2.629,2026-08-05
20250311,2.614,2026-08-05
20250312,2.613,2026-08-05
20250313,2.622,2026-08-05
20250314,2.632,2026-08-05
20250317,2.633,2026-08-05
20250318,2.63,2026-08-05
20250319,2.628,2026-08-05
20250320,2.615,2026-08-05
20250321,2.616,2026-08-05
20250324,2.624,2026-08-05
20250325,2.635,2026-08-05
20250326,2.639,2026-08-05
20250327,2.641,2026-08-05
20250328,2.644,2026-08-05
20250331,2.623,2026-08-05
20250401,2.631,2026-08-05
20250402,2.621,2026-08-05
20250403,2.555,2026-08-05
20250404,2.489,2026-08-05
20250407,2.447,2026-08-05
20250408,2.469,2026-08-05
20250409,2.46,2026-08-05
20250410,2.459,2026-08-05
20250411,2.442,2026-08-05
20250414,2.448,2026-08-05
20250415,2.442,2026-08-05
20250416,2.424,2026-08-05
20250417,2.432,2026-08-05
20250418,2.422,2026-08-05
20250421,2.413,2026-08-05
20250422,2.414,2026-08-05
20250423,2.413,2026-08-05
20250424,2.412,2026-08-05
20250425,2.394,2026-08-05
20250428,2.396,2026-08-05
20250429,2.392,2026-08-05
20250430,2.372,2026-08-05
20250502,2.376,2026-08-05
20250507,2.357,2026-08-05
20250508,2.361,2026-08-05
20250509,2.369,2026-08-05
20250512,2.368,2026-08-05
20250513,2.382,2026-08-05
20250514,2.348,2026-08-05
20250515,2.342,2026-08-05
20250516,2.316,2026-08-05
20250519,2.323,2026-08-05
20250520,2.302,2026-08-05
20250521,2.305,2026-08-05
20250522,2.293,2026-08-05
20250523,2.291,2026-08-05
20250526,2.286,2026-08-05
20250527,2.276,2026-08-05
20250528,2.266,2026-08-05
20250529,2.271,2026-08-05
20250530,2.274,2026-08-05
20250602,2.27,2026-08-05
20250604,2.298,2026-08-05
20250605,2.287,2026-08-05
20250609,2.278,2026-08-05
20250610,2.279,2026-08-05
20250611,2.285,2026-08-05
20250612,2.287,2026-08-05
20250613,2.3,2026-08-05
20250616,2.308,2026-08-05
20250617,2.293,2026-08-05
20250618,2.304,2026-08-05
20250619,2.307,2026-08-05
20250620,2.304,2026-08-05
20250623,2.322,2026-08-05
20250624,2.305,2026-08-05
20250625,2.305,2026-08-05
20250626,2.298,2026-08-05
20250627,2.3,2026-08-05
20250630,2.298,2026-08-05
20250701,2.296,2026-08-05
20250702,2.307,2026-08-05
20250703,2.294,2026-08-05
20250704,2.305,2026-08-05
20250707,2.307,2026-08-05
20250708,2.304,2026-08-05
20250709,2.296,2026-08-05
20250710,2.277,2026-08-05
20250711,2.286,2026-08-05
20250714,2.297,2026-08-05
20250715,2.294,2026-08-05
20250716,2.303,2026-08-05
20250717,2.314,2026-08-05
20250718,2.31,2026-08-05
20250721,2.303,2026-08-05
20250722,2.302,2026-08-05
20250723,2.3,2026-08-05
20250724,2.302,2026-08-05
20250725,2.302,2026-08-05
20250728,2.29,2026-08-05
20250729,2.279,2026-08-05
20250730,2.273,2026-08-05
20250731,2.276,2026-08-05
20250801,2.287,2026-08-05
20250804,2.249,2026-08-05
20250805,2.249,2026-08-05
20250806,2.25,2026-08-05
20250807,2.245,2026-08-05
20250808,2.246,2026-08-05
20250811,2.249,2026-08-05
20250812,2.25,2026-08-05
20250813,2.242,2026-08-05
20250814,2.236,2026-08-05
20250818,2.245,2026-08-05
20250819,2.246,2026-08-05
20250820,2.242,2026-08-05
20250821,2.241,2026-08-05
20250822,2.246,2026-08-05
20250825,2.238,2026-08-05
20250826,2.23,2026-08-05
20250827,2.224,2026-08-05
20250828,2.231,2026-08-05
20250829,2.237,2026-08-05
20250901,2.243,2026-08-05
20250902,2.249,2026-08-05
20250903,2.261,2026-08-05
20250904,2.261,2026-08-05
20250905,2.261,2026-08-05
20250908,2.261,2026-08-05
20250909,2.258,2026-08-05
20250910,2.257,2026-08-05
20250911,2.251,2026-08-05
20250912,2.257,2026-08-05
20250915,2.259,2026-08-05
20250916,2.25,2026-08-05
20250917,2.251,2026-08-05
20250918,2.249,2026-08-05
20250919,2.263,2026-08-05
20250922,2.27,2026-08-05
20250923,2.272,2026-08-05
20250924,2.283,2026-08-05
20250925,2.298,2026-08-05
20250926,2.318,2026-08-05
20250929,2.322,2026-08-05
20250930,2.316,2026-08-05
20251001,2.319,2026-08-05
20251002,2.309,2026-08-05
20251010,2.311,2026-08-05
20251013,2.295,2026-08-05
20251014,2.284,2026-08-05
20251015,2.285,2026-08-05
20251016,2.299,2026-08-05
20251017,2.29,2026-08-05
20251020,2.307,2026-08-05
20251021,2.32,2026-08-05
20251022,2.311,2026-08-05
20251023,2.326,2026-08-05
20251024,2.319,2026-08-05
20251027,2.334,2026-08-05
20251028,2.345,2026-08-05
20251029,2.368,2026-08-05
20251030,2.406,2026-08-05
20251031,2.401,2026-08-05
20251103,2.419,2026-08-05
20251104,2.42,2026-08-05
20251105,2.438,2026-08-05
20251106,2.471,2026-08-05
20251107,2.511,2026-08-05
20251110,2.504,2026-08-05
20251111,2.486,2026-08-05
20251112,2.545,2026-08-05
20251113,2.546,2026-08-05
20251114,2.558,2026-08-05
20251117,2.545,2026-08-05
20251118,2.525,2026-08-05
20251119,2.518,2026-08-05
20251120,2.521,2026-08-05
20251121,2.501,2026-08-05
20251124,2.51,2026-08-05
20251125,2.511,2026-08-05
20251126,2.508,2026-08-05
20251127,2.58,2026-08-05
20251128,2.573,2026-08-05
20251201,2.593,2026-08-05
20251202,2.582,2026-08-05
20251203,2.589,2026-08-05
20251204,2.577,2026-08-05
20251205,2.564,2026-08-05
20251208,2.581,2026-08-05
20251209,2.603,2026-08-05
20251210,2.608,2026-08-05
20251211,2.609,2026-08-05
20251212,2.598,2026-08-05
20251215,2.548,2026-08-05
20251216,2.55,2026-08-05
20251217,2.549,2026-08-05
20251218,2.523,2026-08-05
20251219,2.535,2026-08-05
20251222,2.526,2026-08-05
20251223,2.518,2026-08-05
20251224,2.51,2026-08-05
20251226,2.519,2026-08-05
20251229,2.508,2026-08-05
20251230,2.511,2026-08-05
20251231,2.511,2026-08-05
20260102,2.507,2026-08-05
20260105,2.518,2026-08-05
20260106,2.519,2026-08-05
20260107,2.501,2026-08-05
20260108,2.506,2026-08-05
20260109,2.521,2026-08-05
20260112,2.525,2026-08-05
20260113,2.528,2026-08-05
20260114,2.524,2026-08-05
20260115,2.565,2026-08-05
20260116,2.563,2026-08-05
20260119,2.58,2026-08-05
20260120,2.596,2026-08-05
20260121,2.581,2026-08-05
20260122,2.574,2026-08-05
20260123,2.592,2026-08-05
20260126,2.586,2026-08-05
20260127,2.589,2026-08-05
20260128,2.594,2026-08-05
20260129,2.61,2026-08-05
20260130,2.63,2026-08-05
20260202,2.643,2026-08-05
20260203,2.667,2026-08-05
20260204,2.68,2026-08-05
20260205,2.674,2026-08-05
20260206,2.685,2026-08-05
20260209,2.686,2026-08-05
20260210,2.671,2026-08-05
20260211,2.68,2026-08-05
20260212,2.669,2026-08-05
20260213,2.655,2026-08-05
20260219,2.66,2026-08-05
20260220,2.647,2026-08-05
20260223,2.652,2026-08-05
20260224,2.653,2026-08-05
20260225,2.646,2026-08-05
20260226,2.624,2026-08-05
20260227,2.617,2026-08-05
20260303,2.681,2026-08-05
20260304,2.693,2026-08-05
20260305,2.681,2026-08-05
20260306,2.694,2026-08-05
20260309,2.755,2026-08-05
20260310,2.713,2026-08-05
20260311,2.707,2026-08-05
20260312,2.713,2026-08-05
20260313,2.737,2026-08-05
20260316,2.72,2026-08-05
20260317,2.721,2026-08-05
20260318,2.7,2026-08-05
20260319,2.729,2026-08-05
20260320,2.761,2026-08-05
20260323,2.837,2026-08-05
20260324,2.819,2026-08-05
20260325,2.83,2026-08-05
20260326,2.83,2026-08-05
20260327,2.852,2026-08-05
20260330,2.844,2026-08-05
20260331,2.846,2026-08-05
20260401,2.769,2026-08-05
20260402,2.896,2026-08-05
20260403,2.899,2026-08-05
20260406,2.911,2026-08-05
20260407,2.925,2026-08-05
20260408,2.875,2026-08-05
20260409,2.873,2026-08-05
20260410,2.873,2026-08-05
20260413,2.881,2026-08-05
20260414,2.86,2026-08-05
20260415,2.854,2026-08-05
20260416,2.853,2026-08-05
20260417,2.864,2026-08-05
20260420,2.854,2026-08-05
20260421,2.844,2026-08-05
20260422,2.853,2026-08-05
20260423,2.879,2026-08-05
20260424,2.886,2026-08-05
20260427,2.873,2026-08-05
20260428,2.871,2026-08-05
20260429,2.861,2026-08-05
20260430,2.879,2026-08-05
20260504,2.89,2026-08-05
20260506,2.881,2026-08-05
20260507,2.849,2026-08-05
20260508,2.856,2026-08-05
20260511,2.865,2026-08-05
20260512,2.891,2026-08-05
20260513,2.886,2026-08-05
20260514,2.885,2026-08-05
20260515,2.92,2026-08-05
20260518,2.905,2026-08-05
20260519,2.896,2026-08-05
20260520,2.893,2026-08-05
20260521,2.884,2026-08-05
20260522,2.88,2026-08-05
20260526,2.871,2026-08-05
20260527,2.92,2026-08-05
20260528,2.956,2026-08-05
20260529,2.95,2026-08-05
20260601,2.989,2026-08-05
20260602,2.991,2026-08-05
20260604,3.037,2026-08-05
20260605,3.048,2026-08-05
20260608,3.087,2026-08-05
20260609,3.07,2026-08-05
20260610,3.069,2026-08-05
20260611,3.074,2026-08-05
20260612,3.04,2026-08-05
20260615,3.018,2026-08-05
20260616,3.004,2026-08-05
20260617,2.992,2026-08-05
20260618,3.005,2026-08-05
20260619,3.024,2026-08-05
20260622,3.031,2026-08-05
20260623,3.025,2026-08-05
20260624,3.031,2026-08-05
20260625,3.022,2026-08-05
20260626,3.012,2026-08-05
20260629,3.023,2026-08-05
20260630,3.022,2026-08-05
20260701,3.094,2026-08-05
20260702,3.272,2026-08-05
20260703,3.279,2026-08-05
20260706,3.287,2026-08-05
20260707,3.295,2026-08-05
20260708,3.293,2026-08-05
20260709,3.292,2026-08-05
20260710,3.287,2026-08-05
20260713,3.298,2026-08-05
20260714,3.331,2026-08-05
20260715,3.324,2026-08-05
20260716,3.305,2026-08-05
20260720,3.317,2026-08-05
20260721,3.301,2026-08-05
20260722,3.316,2026-08-05
20260723,3.319,2026-08-05
20260724,3.33,2026-08-05
20260727,3.307,2026-08-05
20260728,3.291,2026-08-05
20260729,3.275,2026-08-05
20260730,3.28,2026-08-05
20260731,3.261,2026-08-05
20260803,3.251,2026-08-05
20260804,3.252,2026-08-05
