,3Y realised21,3Y GARCH,10Y realised21,10Y GARCH
2020-01-03,,3.685137746234617,,4.672021276087006
2020-01-06,,3.880126752225295,,4.818779863797416
2020-01-07,,3.7079132698738917,,4.670081413499755
2020-01-08,,3.9407076548639695,,4.919441566299442
2020-01-09,,3.880522940756457,,4.766662455109332
2020-01-10,,4.010103015380869,,4.790100981145574
2020-01-13,,3.820849565965179,,4.681568022696143
2020-01-14,,3.660768303966661,,4.574681392441365
2020-01-15,,3.541427558208578,,4.455366334847484
2020-01-16,,3.3796568026760268,,4.346412946248705
2020-01-17,,3.3999355595807748,,4.220961836316573
2020-01-20,,3.245230739669701,,4.189177375109021
2020-01-21,,3.240582288241637,,4.083724029762755
2020-01-22,,3.505091953678665,,4.281546733167066
2020-01-23,,3.522175603843922,,4.262703037099754
2020-01-28,,3.377155372753485,,4.203648730803372
2020-01-29,,4.041903384090287,,4.788197191989603
2020-01-30,,3.9303651354949207,,4.686614719800905
2020-01-31,,3.7976201736656563,,4.565087400823713
2020-02-03,,3.632883323553392,,4.42704666040232
2020-02-04,3.5618213639332676,3.5330232849342473,4.419992458515435,4.296045899806784
2020-02-05,3.400364126160052,3.658668493665421,4.222913686070316,4.601107525315365
2020-02-06,3.4059471796368497,3.563225192148965,4.2278723682136805,4.52430759383499
2020-02-07,3.2143280420493476,3.412585526797166,3.889552551080782,4.398349674018947
2020-02-10,3.158081093081085,3.3507581759039717,3.890060594460117,4.277482665605752
2020-02-11,2.921863397608749,3.24794873291817,3.7083175494581124,4.14916693900148
2020-02-12,2.918047292282979,3.1020293764289515,3.687766132446446,4.030146371287492
2020-02-13,2.931463148408354,2.9631071515122334,3.6347594405237005,3.937120978739611
2020-02-14,3.231894623458953,2.9023561357223193,3.8370437529307333,3.829540192579675
2020-02-17,3.249351583668001,3.3285590772604055,3.9176888230544447,3.944611262751688
2020-02-18,3.2193906551514093,3.239150675332773,4.090022703394899,3.973699348146038
2020-02-19,3.2406642470186253,3.341973240949955,3.9795249776347745,4.145551810420026
2020-02-20,3.1818682741882545,3.2048960060532363,3.952202520355551,4.02156115657734
2020-02-21,3.2240170151979255,3.2547917220424494,4.0991869112463455,3.953472503460702
2020-02-24,3.121156684246893,3.60990463655536,3.9480254256912777,4.37613658165092
2020-02-25,3.2982535060962497,3.690230116929533,4.001934056237836,4.298259917319177
2020-02-26,3.045308648052732,3.6883721450929103,3.524533066000851,4.199192601925059
2020-02-27,3.3546414186346416,3.7940803713467925,3.6601392115080915,4.168714545194561
2020-02-28,3.836205962989497,4.041734109887411,4.39766713047682,4.169090754316649
2020-03-02,3.8881749911629164,4.828847867129455,4.572297536458537,5.030669682868285
2020-03-03,3.8768912435462646,4.66128840773548,4.5822847285315405,5.023188093578015
2020-03-04,4.003736350198992,4.439109787528521,4.412244866494244,4.867957810719442
2020-03-05,4.044455346226365,4.976744204292911,4.624705910855825,5.154742341863674
2020-03-06,4.1139368238314225,4.754097115793485,4.653206779558949,5.1514600462746545
2020-03-09,4.192050299589175,4.576202059655436,5.124660267485337,5.020940489989785
2020-03-10,4.460269050180714,4.6338714399253,5.7108084658245515,5.607071848291339
2020-03-11,4.457390866115883,4.8400012090460685,5.722016793970132,5.9917769362240225
2020-03-12,4.461795495943199,4.614917393972959,5.704346713566021,5.800997111381292
2020-03-13,5.095207832575901,4.462080465096493,7.97648627738639,5.621442568968782
2020-03-16,5.207522032049951,5.336794130735567,8.180310274706956,8.240134790823092
2020-03-17,5.253044468732026,5.851833807762682,8.354308839782991,8.369570178232221
2020-03-18,5.3447081082042915,5.741292712820642,8.498957919314918,8.415534082191385
2020-03-19,6.2992781143480805,5.602040361701437,9.206824590900984,8.405124087214475
2020-03-20,6.445940028975046,6.992022757133541,9.237418728297685,9.08363807255144
2020-03-23,6.403083334650279,7.032352876150124,9.265291093517737,8.840479655808691
2020-03-24,6.369977947184667,6.798416410214904,9.242536242313376,8.967702335020922
2020-03-25,6.353435516092282,6.527246634899835,9.582618192778602,8.678559964585542
2020-03-26,6.313002455250588,6.28840569814217,9.917656213133464,8.780723347473828
2020-03-27,6.161531967820678,6.049852519187275,9.90497229630029,8.976583400982435
2020-03-30,5.9013477072533815,5.751028625291561,9.509288692040613,8.71663881183081
2020-03-31,5.920682071389762,5.597041019570135,9.487495529831435,8.46219762808762
2020-04-01,5.940410439563596,5.434608572848671,9.487957279274257,8.19124555316765
2020-04-02,5.6919241034996215,5.205248008253181,9.318131327072583,7.921331944382062
2020-04-03,5.686575670572127,5.058766266628992,9.28598278000106,7.71177736413908
2020-04-06,5.666530810696383,4.817611245088948,9.28329015976966,7.497061940135402
2020-04-07,5.561710083024737,4.585589694042276,8.882111503573054,7.251278977049156
2020-04-08,5.4183330770019404,4.382870211900487,8.828552165181637,7.052584107272737
2020-04-09,5.433735012905596,4.293313530188422,8.988709849689487,7.024744063290561
2020-04-10,5.428316410050085,4.151688331740621,8.989083326325277,7.023610870665174
2020-04-13,4.920312611051883,4.014399107615328,7.134023108617307,6.800273765806804
2020-04-14,4.524188956518697,3.9182731329351244,6.8042143803185215,6.598670387581047
2020-04-16,4.424547326859446,3.734157884372123,6.565998273936214,6.393242233495795
2020-04-17,4.352388506818496,3.573213160406669,6.32462684764127,6.277644531538813
2020-04-20,2.825268634509445,3.4657026537228495,5.106494464335167,6.11953903902747
2020-04-21,2.4742964367963003,3.3096498982196283,5.086190453899001,5.925432450261833
2020-04-22,2.275804410375752,3.221673157887447,4.854119507230551,5.745124059908497
2020-04-23,2.2190731655999376,3.083800721672757,4.866738420866981,5.964857931140062
2020-04-24,2.154673768257984,2.984039559179082,4.37223926500783,5.777225398560126
2020-04-27,2.1301687838335868,2.9215850562705006,3.681653355297241,5.602515007421622
2020-04-28,2.133284969689886,2.857394087597532,3.682817244602679,5.5431411330261415
2020-04-29,1.961279951363156,2.735794670892044,3.6974959351534396,5.413972418873928
2020-05-04,1.9855309953091544,2.6941260985539173,3.7100314464076116,5.3173379799776885
2020-05-06,1.9137223762430546,2.846589163990716,3.7385698819073556,5.177108993516799
2020-05-07,1.8511129213581423,2.763872139004011,3.7888621234450053,5.037652357445984
2020-05-08,1.8680139695613138,2.7352463111222844,3.8217111600010005,5.011849857875461
2020-05-11,1.9612799513631596,2.735240709650326,3.9791061451393475,4.987654777103344
2020-05-12,2.133575135106072,2.6936200574119153,3.979106145139346,4.964973525829198
2020-05-13,2.0989226261289926,2.946863787072964,3.8155758474467563,4.916004205664991
2020-05-14,2.089372200082175,2.9263010338083046,3.5266806192900675,4.8595614132387706
2020-05-15,2.0644381225662345,2.8064617212591,3.5119998372925423,4.718550947193307
2020-05-18,1.9872929661560645,2.6866402982179944,3.505512665448385,4.573593154994365
2020-05-19,1.980271746623737,2.615878955528454,3.4991903825504154,4.456848960650727
2020-05-20,1.9787080922373945,2.525820850435801,3.4504037030883365,4.321727084732057
2020-05-21,1.8879315968238217,2.4345567919256816,3.387223894915378,4.26885746770063
2020-05-22,1.9188910487943005,2.3462219551417176,3.388109460198372,4.168107200849489
2020-05-25,1.8153446478496091,2.4213374234857126,3.3981787839398674,4.043335043781338
2020-05-26,1.9881194751873135,2.408205646894475,2.7844808013942783,3.9869806896508884
2020-05-27,2.019547332590019,2.4988913529398533,2.7566888350579792,3.9206568550784504
2020-05-28,2.0759277902846764,2.4094274701385356,2.82871332015442,3.808349056192929
2020-05-29,1.9746729687047828,2.5376229772161603,2.6107287798438072,3.728615048804123
2020-06-01,2.108350743387561,2.445572666400263,2.7700696226423047,3.6406622051242223
2020-06-02,2.095607651391704,2.4865028605051895,2.8283345259138173,3.6585760513331658
2020-06-03,2.1865280153487134,2.389690440457896,3.1685808750771547,3.7321492959019924
2020-06-04,2.239993622439906,2.547720594986412,3.1422315394666565,3.9305078121109345
2020-06-05,2.2218503657130175,2.522776445732674,3.096388064764979,3.8231965926893188
2020-06-08,2.157423507444983,2.4481766812760593,2.941169187666047,3.804778693015659
2020-06-09,2.3260737407956498,2.348484766766671,3.0947728588087062,3.708607194346528
2020-06-10,2.140126832022549,2.7024601405167794,2.9863498981676075,3.960716833829027
2020-06-11,2.0760310117878245,2.619787518108583,2.871692714692679,3.8445740245803233
2020-06-12,2.0712085269003646,2.509535596263227,2.8598951029714295,3.7329511343515507
2020-06-15,2.1539001170634013,2.409377776437143,3.001380634688921,3.625261731864757
2020-06-16,2.1350253706533215,2.4545094769202342,2.99807874987902,3.678957453297216
2020-06-17,2.1654098919142366,2.3756519219817736,3.0061841023368494,3.590621922829079
2020-06-18,2.383404927329614,2.350743387290897,2.9639741660721017,3.497382386188062
2020-06-19,2.4183622951237536,2.686904621163647,2.9436938246586184,3.4483140473396294
2020-06-22,2.335624725237959,2.635053607142659,2.94320848573052,3.3730444394100236
2020-06-23,2.3602158900446133,2.5238729581601467,2.889290570364972,3.2792851505266607
2020-06-24,2.2612996684376507,2.545883916555973,2.863497694711661,3.2119179287005637
2020-06-25,2.2530719769535485,2.440974554934539,2.9168721016086403,3.142037702648899
2020-06-26,2.1365637743593804,2.347084769980422,2.8957933364829382,3.1227056554192383
2020-06-29,2.1971193261480746,2.2557329407198172,2.966222545675921,3.054348336108345
2020-06-30,2.1301687838335917,2.3083779235749144,2.915582111280524,3.082343985028878
2020-07-01,2.1265330604396664,2.2319168650581203,2.7501774834501407,3.083316275957372
2020-07-02,2.010626531113892,2.145901281133385,2.4653600142778234,3.0253988559509004
2020-07-03,1.9620082034681268,2.142772700816073,2.458919623388627,3.013320102574751
2020-07-06,1.9987496091306773,2.0780605322061563,2.4253816587242802,2.9396799088338423
2020-07-07,2.017955117722615,2.1000009792127985,2.456885368568436,2.950464673907474
2020-07-08,1.7451292761501154,2.0776786409126538,2.019983498282419,2.9326722200464794
2020-07-09,1.7231615461951757,2.0039882000609537,2.0773953472007616,2.8732167584637898
2020-07-10,1.7278806175692416,1.9353011482905618,2.0758475033447907,2.8551517708549214
2020-07-13,1.7518289762145152,1.8785878887687728,2.1462702976270562,2.7828336365690163
2020-07-14,1.6631725277742198,1.8695376471286034,1.9561745953822713,2.7925531985146055
2020-07-15,1.6560710819803175,1.8254075993092844,1.9314810502873159,2.737168658754905
2020-07-16,1.6505987369667448,1.7805521540010796,2.131744199788819,2.6699335771671913
2020-07-17,1.3429888486577468,1.8377441314193939,2.1174557959067255,2.8148640917692145
2020-07-20,1.2846344671873489,1.8252430907826478,2.11374188630133,2.7907341490258033
2020-07-21,1.337748641775216,1.794724328740093,2.1710870658771375,2.759190027976778
2020-07-22,1.255103865935294,1.8019893418287871,2.158604046269575,2.738365798396583
2020-07-23,1.256772131484541,1.7928864259870922,2.182408019116662,2.6830866051718765
2020-07-24,1.2534523752990632,1.7410843220731846,2.158548895284349,2.6668718566244705
2020-07-27,1.252426216817356,1.6883790134316305,2.154198558297582,2.6516534694396254
2020-07-28,1.1533801256679101,1.6395188876398425,2.162086734527315,2.600551764793537
2020-07-29,1.1342713205276058,1.646645857613457,2.086772399572841,2.673629914778059
2020-07-30,1.1705310150281654,1.6011934679750461,2.1148229690629297,2.65799563244109
2020-07-31,1.116393001291814,1.629706236339096,2.140004450373646,2.70344747667954
2020-08-03,1.0999567091048499,1.5931076168657652,2.140004450373647,2.6859888270141923
2020-08-04,0.994221399124058,1.5542905470274524,2.020396000787955,2.62699030617965
2020-08-05,0.9531401735716525,1.5238043285901661,1.9873648501518315,2.5657149182321284
2020-08-06,0.9775576952891611,1.4904686853792668,2.015026881541111,2.5276238243776854
2020-08-07,0.9831436459497859,1.4786243309474023,2.015026881541111,2.4915582973201857
2020-08-10,1.0516200653775898,1.4544874423367238,2.181818813131213,2.4982965722949446
2020-08-11,1.0014513277762267,1.522147094788207,2.109773176704742,2.597934535090882
2020-08-12,1.009266588973921,1.5023715859576297,2.263541262627878,2.5731815529129216
2020-08-13,1.0466954803434625,1.4843566684746856,2.310947033247657,2.6652599582662644
2020-08-14,1.0168110748338481,1.5269693602446957,2.3310022369297227,2.6657426675049303
2020-08-18,1.0458990208929166,1.564311766024567,2.5311864336521497,2.8208588065367795
2020-08-19,1.0236721945548604,1.617151594578951,2.4970935486032775,3.0072988355803982
2020-08-20,0.9838215091696075,1.5764694819473073,2.5334429800832785,2.928547497194566
2020-08-21,1.273409371950528,1.5567930731128437,2.5936277223041615,2.940117131070215
2020-08-24,1.4527969739846844,1.9774881953189274,2.6350115207121254,2.963480991483762
2020-08-25,1.4527969739846844,2.1319332360383894,2.5825329021091106,2.9725973681321083
2020-08-26,1.4650369733673423,2.052410655569447,2.578657827335008,2.898076564290962
2020-08-27,1.4996666296214,2.00336283782283,2.518398962303878,2.8605750770468754
2020-08-28,1.6800651914789075,2.0336528332832122,2.742548345712679,2.8251358898312096
2020-08-31,1.959409532049316,2.284454199756311,2.6857028875137914,3.1711954075477626
2020-09-01,1.9524099881696892,2.8028170287847596,2.7656653380162775,3.2642508871140516
2020-09-02,2.305996324285673,2.7415214819433227,2.9418733908207186,3.3568937070789766
2020-09-03,2.305996324285673,3.032880190027278,2.9638054688428523,3.369338221343643
2020-09-04,2.3114106185658647,2.9023231409762715,2.913866683226773,3.280533329514115
2020-09-07,2.392050325955696,2.8331313588786426,2.9653796030990933,3.200576644461818
2020-09-08,2.5548273634715226,2.9281973188407906,3.0811485180815503,3.252084479410952
2020-09-09,2.673102353161245,2.9883926685810738,3.1681976249085437,3.236462434806961
2020-09-10,2.661855779428364,3.0307776418166403,3.1195466703627592,3.2575396968348453
2020-09-11,2.678041217364803,2.8967092171846502,3.0602131889632638,3.1709942009443473
2020-09-14,2.670954885429553,2.827958077766656,3.046059124586413,3.0958549699068847
2020-09-15,2.6853571191077834,2.736357383237674,2.9597136283608134,3.0557880315298287
2020-09-16,2.6447072031656345,2.6465133411545025,2.7578286835151746,2.9905315875799876
2020-09-17,2.6463002025289506,2.5506304508740665,2.765587856220841,2.948027280000955
2020-09-18,2.6538920206260954,2.4478904949490596,2.7236879759759907,2.907808923098139
2020-09-21,2.5251685469441814,2.353555396142618,2.6867222019546766,2.8360847688265873
2020-09-22,2.4278738493940386,2.2597911548801064,2.6867222019546766,2.7761856932678284
2020-09-23,2.4503644043867663,2.186729713072031,2.7254357449773052,2.7988047004399474
2020-09-24,2.5646869297477703,2.1377247391737964,2.7592528319231993,2.7627372709251015
2020-09-25,2.527034776552305,2.3082703633659647,2.731779465406945,2.756784432029211
2020-09-28,2.3848729625745357,2.2182784938891937,2.336857882265149,2.6886980216585545
2020-09-29,1.9947430912275403,2.1565491814686673,2.10259476882845,2.6235778687262497
2020-10-05,2.123115410810032,2.0763841370062277,2.223992548805604,2.561325685968519
2020-10-06,1.961413484490936,2.2873852295118438,2.4712152398981235,2.8399303133266454
2020-10-07,1.9614134844909363,2.336229781046463,2.46663449142464,3.0996975506482465
2020-10-08,1.915363946517494,2.249147437905719,2.4630217600492625,3.017524716139006
2020-10-12,1.8084721254615583,2.167822301439862,2.345309401864959,2.945338895565417
2020-10-13,1.6686749804788843,2.199363307269868,2.410097804772953,2.897732079592998
2020-10-14,1.595141432750152,2.119242522743576,2.3058414433574437,2.9753793504963366
2020-10-15,1.6938122682280992,2.1668021204670445,2.458755008225942,2.9050578191345053
2020-10-16,1.7061373807243008,2.2537143299477314,2.5342886669870524,3.0068356891104995
2020-10-19,1.6886737540505163,2.257098731526041,2.8148839103187524,3.01294603385196
2020-10-20,1.730125236314802,2.170391643768856,2.873731604261836,3.3049413193618307
2020-10-21,1.7634922063634932,2.182402506903744,3.098970643232846,3.275851136708768
2020-10-22,1.776406216950129,2.1756836718841717,3.096434201126307,3.4778729658194356
2020-10-23,1.78742965229538,2.117153111096418,3.10219584288597,3.4012424455886596
2020-10-26,1.7888277619448956,2.063081355622814,3.102195842885971,3.3160569428580047
2020-10-27,1.786696872523634,1.9903753640442479,3.0721173092681062,3.234553138800047
2020-10-28,1.7679420374036778,1.936931048852503,3.0543255821710793,3.1954762104245993
2020-10-29,1.597289370569201,1.8771587169887067,3.029120570160812,3.1192539149674343
2020-10-30,1.605763429175111,1.8542191240359898,3.0856889328764376,3.0913535131429644
2020-11-02,1.6977295763123565,1.8401711580832787,3.2470939388349955,3.1165748016078627
2020-11-03,1.6954561122516407,2.0810095621706934,3.2470939388349955,3.317641487587977
2020-11-04,1.712781085725512,2.0208058286519432,3.243682504573481,3.22611982923967
2020-11-05,1.7693151755626255,2.128201578160991,3.1588952258058427,3.298141105831273
2020-11-06,1.8444253202297927,2.232781242260276,3.279423584659192,3.3639494311927716
2020-11-09,1.841906362337418,2.2882163087756604,3.2761693659341873,3.4242107346724397
2020-11-10,1.8713376931769354,2.213161474556122,3.5502984448661397,3.3283949061326457
2020-11-11,1.8653737018675531,2.2938813929392987,3.5087441790882408,3.6319256915140556
2020-11-12,1.8453545278166323,2.2095870315938795,3.5602635001465956,3.6707508281766064
2020-11-13,1.7289137795572314,2.217502554543536,3.451300651997172,3.6167111375674694
2020-11-16,1.6927295511490748,2.1439212618537153,3.431201372280964,3.546114659649115
2020-11-17,1.7084802491994977,2.0755006746357423,3.0869618289401064,3.450003982341164
2020-11-18,1.707504444671065,2.011963210939922,3.1156822993489075,3.3535383867584536
2020-11-19,1.6834912702900686,1.99777127066963,2.9181288851721585,3.2923540794080215
2020-11-20,1.6729927560825755,1.9643230563721874,2.892560243435679,3.218780255202725
2020-11-23,1.6808586241221255,1.9222814984006946,2.9764552263196626,3.1338465875874144
2020-11-24,1.677682642104596,1.8953509558955184,2.9641026908500785,3.143267481455444
2020-11-25,1.686458673416834,1.8385805370197457,3.040050124900028,3.076577530578646
2020-11-26,1.6910267379824129,1.819113984672223,3.035535568969027,3.1620133013658887
2020-11-27,1.6974911459198256,1.8083764348803273,3.0595984797261866,3.127000668834503
2020-11-30,1.6808586241221262,1.769111155733138,3.024219694715431,3.0736481329340655
2020-12-01,1.5160726204493655,1.717021242138346,2.85235074314235,3.0436844632819553
2020-12-02,1.5099353502401283,1.668773055638826,2.9167333325714377,2.9945986806210683
2020-12-03,1.4335769449676847,1.6290837543972134,2.7900674168335344,3.0139510679198684
2020-12-04,1.27520306506175,1.673694282151005,2.59816785263696,2.9701970230876404
2020-12-07,1.1893175313919409,1.633619065240635,2.5517314383244334,2.898442406974843
2020-12-08,1.1772445633362638,1.6201194294061143,2.5517314383244334,2.8788428567678315
2020-12-09,1.005792745857254,1.5763445016047506,2.1397374115709042,2.8055144191132895
2020-12-10,1.0588403360010812,1.5388385387894703,1.944809942972749,2.7470511508981965
2020-12-11,0.967790807777731,1.5747400097340012,1.8739314415471553,2.6793868447412956
2020-12-14,0.965204148156789,1.542576291784216,1.836974738660317,2.6177466885623026
2020-12-15,0.9597618752288929,1.525944025759322,1.8252723214958912,2.5769219737745184
2020-12-16,0.9552860454185699,1.4924366663462003,1.8901247124386744,2.517255310523067
2020-12-17,0.8800432889785678,1.4804089871324104,1.9335139488703357,2.540124162218197
2020-12-18,1.1002164289248813,1.456119610449087,2.033013245687993,2.6270773020200564
2020-12-21,1.0832051206181408,1.713101774145861,2.159376012162945,2.6358788508458244
2020-12-22,1.1227093080919108,1.6699625734621535,2.104428437276741,2.6831669648745504
2020-12-23,1.1569664768572399,1.7198011564868976,2.14266189586691,2.677053128727557
2020-12-24,1.263121605577314,1.7350176947865732,2.295243528940416,2.6520121775413377
2020-12-28,1.2305825178887249,1.8598986153814288,2.2817704070471656,2.9402715347502664
2020-12-29,1.3286405511972506,1.80571702783261,2.2790662248260465,2.8894797404805015
2020-12-30,1.3448490798669812,1.8942069633173586,2.2926590924700734,2.861001408131671
2021-01-04,1.3811141120400618,1.8578985055315993,2.2510632408454683,2.8595784319633597
2021-01-05,1.4213675507361674,1.8586949734495248,2.3393324241065385,2.798581542306579
2021-01-06,1.4791567739441185,1.8859525419149927,2.4229262119535155,2.8854652107813323
2021-01-07,1.4919785521246647,1.9632832022745272,2.4448585507822975,2.964235309757994
2021-01-08,1.4810871168229967,1.9213256139168642,2.3801560573086067,2.9032801872991607
2021-01-11,1.5072839022243856,1.86913335361037,2.5255645290659636,2.8289130545958208
2021-01-12,1.5265897256552596,1.8469115037113748,2.604593012719024,2.896996559757961
2021-01-13,1.4930792726060216,1.8266900133222566,2.604593012719024,2.937191997379187
2021-01-14,1.5121570843067396,1.769009374302202,2.6173596292010437,2.861389077390146
2021-01-15,1.5479479503984845,1.7559593066565682,2.6108017378356614,2.8146206016195343
2021-01-18,1.5479479503984845,1.785387141182691,2.658123219043663,2.7445073008989596
2021-01-19,1.5541802310144734,1.7321102229026464,2.6045107391746702,2.7245640254241383
2021-01-20,1.5490242704606667,1.7096770976423274,2.4942887143384533,2.6578773593805316
2021-01-21,1.403889155846988,1.6604649195204173,2.4398575290177797,2.602029463856825
2021-01-22,1.4620435795732738,1.6214288346818821,2.6006043253718594,2.540733348233643
2021-01-25,1.4195069566578404,1.7000955920104501,2.5600037202353856,2.8226186661275343
2021-01-26,1.3665911709693706,1.717458067829676,2.528560667181828,2.8076665811598844
2021-01-27,1.3312901011174614,1.6691773831036683,2.2758148723772065,2.749101956169222
2021-01-28,1.3525813064197652,1.6899557245683026,2.2368770747671833,2.684344190211524
2021-01-29,1.2591569363968096,1.671294458555848,2.208597917662856,2.6205190890149823
2021-02-01,1.2816470058557692,1.6314073392017265,2.218858565419004,2.5584024003475303
2021-02-02,1.2436313953977918,1.6564433896570325,2.308369863902096,2.5911307220472755
2021-02-03,1.1687192827641606,1.6251555289250201,2.132738012173878,2.6212990062551125
2021-02-04,1.0651179232724453,1.5838565114635756,2.0425241153789897,2.559650165115452
2021-02-05,1.0452614163793874,1.5457618840959497,2.029895610733753,2.567358984137979
2021-02-08,1.0715809415465214,1.5090092056813427,2.2252875683616105,2.5157999140979004
2021-02-09,1.0400091574688481,1.530290652013395,2.0500174215287523,2.710256354341985
2021-02-10,1.0105161340339266,1.5017933975346225,1.9673525841790922,2.6501438938623414
2021-02-15,1.008912663169998,1.4685254936003178,2.0653029294697065,2.5991156086646034
2021-02-16,1.0253454702359335,1.437940576467484,2.137867205996704,2.6886366559489776
2021-02-17,0.9521404458226961,1.4766497558178722,2.1452605569354097,2.6720820476742664
2021-02-18,0.9498872113497098,1.4454057912566218,2.0834838040898545,2.643076968826854
2021-02-19,0.9498872113497104,1.4184812511543043,2.1022550250804866,2.586060880890196
2021-02-22,1.0827214389147992,1.4262177197009822,2.2843567397159488,2.5863492032478446
2021-02-23,1.0827214389147999,1.6065658322818375,2.5136579302833044,2.861012323834792
2021-02-24,1.049557729985089,1.5718215206073014,2.5110422802759187,2.950220616454621
2021-02-25,1.0042765697612648,1.5861502480405174,2.602233472926476,3.0392438361494727
2021-02-26,1.1341453673518853,1.556609095499917,3.004219255203137,3.128144999830716
2021-03-02,1.0743990568375255,1.6975670163237784,2.9939780830702016,3.61663956929365
2021-03-03,1.052570549609285,1.649249802819851,3.061799968583677,3.513168181382214
2021-03-04,1.0959014554238133,1.6110989340467392,3.0598163654827633,3.4512590743348364
2021-03-05,1.2420221606795407,1.6685244175153295,3.062732984334954,3.3819424461679364
2021-03-08,2.104021093502819,1.9121388886752735,2.9933815883267014,3.3636058714713295
2021-03-09,2.480840871271565,3.2140478458777486,2.9901345725409607,3.395233978871641
2021-03-10,2.768238222614318,3.786373803429466,2.99288044086851,3.3021396308722317
2021-03-11,2.771212559082949,3.8799521141739195,3.0112408453279493,3.2112461510688606
2021-03-12,2.946119319990123,3.696764616789243,3.3212805906614884,3.1413969702519036
2021-03-15,2.961836624541639,3.9312738137195344,3.365504278353991,3.711442972995508
2021-03-16,3.200803470559052,3.758605037690296,3.7035311335457743,3.7961527978418226
2021-03-17,3.2008034705590513,3.8555870216590016,3.7238421019157064,3.940657717923036
2021-03-18,3.3403022389626753,3.674307167782092,3.6519727219551834,3.9633113175845054
2021-03-19,3.3384841156543197,3.724934978481894,3.8942876358168728,3.894158359962793
2021-03-22,3.364803822201939,3.553963580224444,4.227545725020946,3.963253930823674
2021-03-23,3.371484059268971,3.4103699249706514,4.243875138417271,4.184504019905026
2021-03-24,3.4250408409104813,3.297969032511,4.333644677459866,4.072389327797969
2021-03-25,3.480893426639067,3.2619163115405043,4.254834784996837,4.207235352464737
2021-03-26,3.50346766993585,3.2129295190458143,4.230321388218522,4.098577873355403
2021-03-29,3.5113150433040543,3.211497085198989,4.298443793702447,4.1368523488330045
2021-03-30,3.5521690221475635,3.082555035095445,4.628164297203027,4.158664761036252
2021-03-31,3.6124783736376904,3.158003451464965,4.659644376375276,4.904480941877092
2021-04-01,3.6056173105969247,3.1102392056800734,4.718085770027221,4.778968334883294
2021-04-02,3.5976844404885404,2.98163506738053,4.7510500092586065,4.725200746003947
2021-04-05,3.7159886206192057,2.875013484903203,4.820995747768298,4.650689830486152
2021-04-06,3.3035334618152903,3.2552733888598318,4.803188425162921,4.669050481759043
2021-04-07,2.9121257168048538,3.1538212464610442,4.82105995063524,4.562729534152614
2021-04-08,2.766069929908291,3.0225379909888375,4.896475895016354,4.443916405177053
2021-04-09,2.771186783758214,2.9380652103864566,4.888689570251493,4.415033297247861
2021-04-12,2.5427581575169604,2.8174970313800833,4.53533744216301,4.28149310852218
2021-04-13,2.539806891796903,2.8797638773900562,4.444150783949187,4.212585788650804
2021-04-14,2.449606382374814,2.7555391566827625,4.347873043224696,4.147260310184745
2021-04-15,2.6267669789885715,2.825317298502471,4.269693866577051,4.109296496173938
2021-04-16,2.4808504686133412,2.9851475237637013,4.226148759016097,4.029121406068747
2021-04-19,2.507104191806041,2.8616718111817283,4.203637880285528,3.913618558801893
2021-04-20,2.493391264924137,2.7893911655294685,4.0353320510095205,3.9450028159736132
2021-04-21,2.497980136411165,2.6689073563127756,4.02760711187412,3.8850569814078386
2021-04-22,2.4307357302833585,2.6330796939480834,3.8218606787295353,3.771172947004084
2021-04-23,2.36610992780897,2.522815189023171,3.893150272930522,3.6616343304741004
2021-04-26,2.2734282901547975,2.423686367909381,3.834269036937681,3.6981865684506294
2021-04-27,2.292918705596901,2.330911934655749,3.6953896630673104,3.682018966581638
2021-04-28,2.1659815766705335,2.3024818555941273,2.8076680715497635,3.5803746560474123
2021-04-29,2.1248305254548523,2.2624452978759875,2.819093065914227,3.4828626039376185
2021-04-30,2.1438061390677894,2.2074676089561116,2.7230322733865533,3.443548394808452
2021-05-03,2.1411389937311798,2.175586453046589,2.6849581002317295,3.4214292773240995
2021-05-04,1.7505101297295342,2.1220374867477774,2.498513843982338,3.347402675267923
2021-05-06,1.7749580813292996,2.06297194864113,2.569880486381744,3.2768252989952513
2021-05-07,1.77039140143803,2.106689610292439,2.5873317750697655,3.308216050264962
2021-05-10,1.7400054734451393,2.0310519720291187,2.4344354972921627,3.2789337941143724
2021-05-11,1.7664869630077062,1.960517456876759,2.4369281991103056,3.2290522563492083
2021-05-12,1.6310382320122718,1.9765248834689348,2.3772833635215123,3.1411333036642604
2021-05-13,1.6335908446177858,1.907357385405449,2.402835626425374,3.0907068063206595
2021-05-14,1.4820834755746513,1.8472720065448929,2.2358230614037256,3.122674858941753
2021-05-17,1.1897979020065002,1.8096229993011812,2.416875196257695,3.039125412556761
2021-05-18,1.1771232083427234,1.7804380121036225,2.416678160892197,3.111964557041227
2021-05-20,1.1451346354614151,1.739107414027905,2.174276015246486,3.029812883700647
2021-05-21,1.1600082101515758,1.7010690709380787,2.1977585984686296,2.9745363726125165
2021-05-24,1.2016258826709665,1.6814061797838935,2.196436507922155,2.9328895878338397
2021-05-25,1.3362527562446584,1.7883119812413548,2.1989716211165904,2.8572684719853307
2021-05-26,1.4156775258309626,1.9319858403656487,2.0565227239896084,2.8043000884885387
2021-05-27,1.815567601133523,2.003143962334519,2.121432579762112,2.7346322108004912
2021-05-28,2.037061375515981,2.49871763136609,2.2756579373049433,2.8112590416414927
2021-05-31,2.4352764583454296,2.8210600095609433,2.435755480729687,2.92246152480337
2021-06-01,2.470656361605736,3.3948895009823765,2.3955414936124564,3.048897831142417
2021-06-02,2.482337607981645,3.2737694525894017,2.3330033780311386,2.9792187933224703
2021-06-03,2.4863436532194814,3.1479561653269807,2.297524547772884,2.904413594902507
2021-06-04,2.5242632116926313,3.0170327661679637,2.382835445830179,2.829998370501004
2021-06-07,2.506087825770723,2.9737692267566898,2.254836072597223,2.848647066879921
2021-06-08,2.6179326631087116,2.8990174357834078,2.404262088557767,2.7932287687325386
2021-06-09,2.706473720544879,2.9516537209748037,2.3697900248555186,2.933698264843671
2021-06-10,4.029468829463637,2.977378886294518,2.37581063859815,2.8741939120091433
2021-06-11,4.118674081603956,5.243924009268723,2.355843797877939,2.8125164760188883
2021-06-14,4.177029019359505,5.088162897320839,2.2451004856077468,2.7537235978594357
2021-06-15,4.186355387275599,4.986319960817381,2.250693014966501,2.7059219979830784
2021-06-16,4.233691398430318,4.836750807155533,2.1268465366537717,2.6547409490655474
2021-06-17,4.288894851546149,4.668653573934407,2.1505591742392753,2.6188778655179243
2021-06-18,4.335550714730485,4.665264277877238,2.30757551597011,2.577994133816382
2021-06-21,4.367449947923739,4.475291913360365,2.346253345635275,2.7642503719765488
2021-06-22,4.434963896347386,4.471846874481353,2.5364298118568427,2.7877605473206812
2021-06-23,4.419345997726255,4.329047626752469,2.514879529444501,2.8926168036801254
2021-06-24,4.5000687825431145,4.1240293419425695,2.5903943439451096,2.820526635663887
2021-06-25,4.395035077599878,4.234828869818161,2.5571282255500405,2.8218130319765846
2021-06-28,4.35557114509682,4.444318870936643,2.5571282255500427,2.8348307035386044
2021-06-29,4.251223913404794,4.357265466344528,2.5188527244797356,2.943629941809713
2021-06-30,4.232442725964692,4.182487398796871,2.498923577786841,3.058919783230061
2021-07-01,4.204391128558899,3.9905618701452545,2.498923577786841,2.9807111031074265
2021-07-02,4.177496402209845,3.8704503483827417,2.5058217927743374,2.9058418446127954
2021-07-05,4.26949868809197,3.701382422346901,2.4738441264365676,2.834203006541167
2021-07-06,4.221210613984932,3.638053331155946,2.5729175583187107,2.808937256043148
2021-07-07,4.318900874285582,3.469743027584536,2.9396549846149305,2.8422807020423666
2021-07-08,4.486381509370223,3.6424389336130787,3.072179310243088,3.4040108600676113
2021-07-09,3.3930180412976663,3.9142256277576672,3.2432200342369883,3.5002057355096476
2021-07-12,3.2960438046095186,3.759295734981207,3.2472919120252723,3.5718290671637054
2021-07-13,3.2825150055871464,3.6231318436410316,3.236973895477068,3.485750378177948
2021-07-14,3.3580252133260324,3.6280364233115368,3.278966155302467,3.3935411502583714
2021-07-15,3.86712025254181,3.6324428701527434,3.2717695808959695,3.374487952252905
2021-07-16,3.825522062100678,4.651545403190009,3.269403615340267,3.281552276048264
2021-07-19,3.8061291422676424,4.466587945245594,3.238966619448984,3.2059660294466377
2021-07-20,3.8158753598492616,4.26524259422383,3.5677724142663614,3.279753673675981
2021-07-21,3.884517497769338,4.20942449800147,3.4290426263511753,3.7136333466911147
2021-07-22,3.8877340688987667,4.203600270898529,3.4947579792216468,3.632015554715445
2021-07-23,3.733752102363617,4.014973003724034,3.4456667058232826,3.5844344015685667
2021-07-26,3.5146699364100655,3.82544757642709,3.3756480859236544,3.553874008624256
2021-07-27,3.4505762113705254,3.7303927252732887,3.274468331980455,3.5469395889118416
2021-07-28,3.5533753236150245,3.6010401546962996,3.2170305740365173,3.5040421011319496
2021-07-29,3.5768168876277455,3.6281774031418434,3.4164796696794992,3.4589871927203415
2021-07-30,3.5567240143544585,3.5058318148119723,3.414806694661467,3.5188509284254827
2021-08-02,3.5949435388638626,3.40323302121015,3.600019841215167,3.4775181310310033
2021-08-03,3.5491648917134597,3.33482152472644,3.5942281772970683,3.55109218255982
2021-08-04,3.6051748521099083,3.1881247465738007,3.5140398675137705,3.4711155320745113
2021-08-05,3.4504934084714236,3.189181680126019,3.1987944157581767,3.4756471889797234
2021-08-06,3.2313494158971787,3.049318862072702,3.147773211410913,3.3872767950815965
2021-08-09,3.226187489016363,3.019253309214834,3.010837567379354,3.3441875397034284
2021-08-10,3.2118382216271026,2.8895136257998346,3.006643437773214,3.290899874941646
2021-08-11,3.1324644185263026,2.764705593602701,3.0570605240359603,3.201366298997099
2021-08-12,3.033299319537188,2.672885987989114,3.012861319963681,3.168708612199606
2021-08-13,2.068689486239105,2.5643099905614384,3.0090656673585827,3.0936706871688298
2021-08-17,2.0401330488825664,2.4704877049233587,3.144837038703268,3.0139890010388175
2021-08-18,2.034429837056265,2.3747009845312537,3.075974487478558,3.1970745865808103
2021-08-19,1.9978202407338188,2.2903711531977953,2.641193813771471,3.1253107260825526
2021-08-20,1.8076161623741394,2.3971642974285134,2.631077997432109,3.072043997527136
2021-08-23,1.9774562784884397,2.3006579879602653,2.748662012169337,3.0087033317043903
2021-08-24,2.1558005915381457,2.501961258145089,2.8462088401775225,3.126186210789331
2021-08-25,2.0909328061896257,2.713202371798558,2.7507488157988877,3.2494117399152813
2021-08-26,2.1792528208408677,2.6249797318966617,2.7082238073091616,3.170816424752921
2021-08-27,2.028933569284969,2.688115903335814,2.6394894888793745,3.0852834044150055
2021-08-30,1.9888738139004862,2.593153174617956,2.6096889068385405,3.008522149988305
2021-08-31,1.9448589127430835,2.497424719070037,2.5452476724840865,3.040001788411365
2021-09-01,1.8964377634070166,2.3955170731558613,2.455120984314009,2.9652007592480847
2021-09-02,1.912564969329089,2.3477330395156346,2.426441643151344,2.986708470357935
2021-09-03,1.8224917531984093,2.286181117305356,2.2951294184901627,2.9115818956239115
2021-09-06,1.8622311247277505,2.2475254718834172,2.3382940464404802,2.8396941681104932
2021-09-07,1.7960008484460876,2.2515404410075237,2.308782404315342,2.8396930041354143
2021-09-08,1.8095513782361115,2.1829733182688424,2.35321461996542,2.787593394431365
2021-09-09,1.8540688845270692,2.1464656362779895,2.3637137849458005,2.8226063762674247
2021-09-10,1.8308207891284134,2.1804384697534864,2.335441224755111,2.7591482196118746
2021-09-13,1.9238354547993122,2.1037256534082274,2.5292573726575913,2.6968065791013793
2021-09-14,1.899624022950712,2.2799970334781903,2.528221659962726,2.9208243492237083
2021-09-15,2.2330739010653167,2.2136970239959766,2.376471974928167,2.8781749339194858
2021-09-16,2.230129186947746,2.6163907797613453,2.3857713138322163,2.9419220017871246
2021-09-17,2.0908075450591377,2.5571119478651463,2.3503799085011043,2.9020339247845617
2021-09-23,2.181032957546674,2.523562576394401,2.3284983920768982,2.909414038953303
2021-09-24,2.091308544565211,2.702310710277009,2.4214910794010773,2.9350719273218826
2021-09-27,2.0212560922545695,2.614853208875606,2.305748509806772,3.1813167113689884
2021-09-28,2.2937907904768093,2.549599632704578,2.890757027229389,3.118631820836545
2021-09-29,2.311307607641808,3.0961548961797765,3.3780876528704957,3.8749356801891843
2021-09-30,2.320047208058295,3.126573119158945,3.408539695697084,4.10660122702318
2021-10-01,2.3817860445272565,2.9862228698551356,3.2403042185219793,4.081743871855957
2021-10-05,2.363874946333836,3.1228703963875506,3.290730125960599,3.973889079929468
2021-10-06,2.736403618237777,3.020370133300465,3.76089528348414,4.02174113417282
2021-10-07,2.9058397687940074,3.738767591764115,3.888266843674565,4.681714156789777
2021-10-08,2.9146673419595857,3.688106666497233,3.902178878524138,4.585138636184497
2021-10-12,3.588082124664009,3.516244332809991,4.023543806385691,4.450385761030462
2021-10-13,3.584868995414723,4.791459720096553,4.22866634385109,4.6188935366004085
2021-10-14,3.62555086126496,4.6019686470332015,4.439648205711355,4.579532275631831
2021-10-15,3.7046752958416067,4.386284533076538,4.405845683915411,4.577184417021685
2021-10-18,4.011720922734379,4.22290298487995,4.404494457775069,4.4531466933452615
2021-10-19,4.108597258015372,4.893031888108916,4.48805292388792,4.453035651489171
2021-10-20,4.136481136240826,4.72653712054962,4.495050187759425,4.397724602814878
2021-10-21,3.9113083914891353,4.50219796016339,4.373595012496377,4.318768954790391
2021-10-22,4.013767972034921,4.287564468369768,4.373573236741636,4.190953015797284
2021-10-25,4.021395161833643,4.476471211531388,4.424062989304422,4.088019341075394
2021-10-26,4.000559484681633,4.365089818812573,4.427694229559675,4.156276743356476
2021-10-27,4.627346251722832,4.1724092163848026,4.407563844984991,4.032594068356072
2021-10-28,4.711859404483444,5.610153365256812,4.986644066666363,4.1131906650956225
2021-10-29,4.766540124860461,5.42819866861848,5.473290122212107,4.596876233456057
2021-11-01,4.612808255282243,5.642308022378029,5.3922475215195025,5.744698732277254
2021-11-02,5.160763140319095,5.36906712542204,5.537972811159577,5.721522428322414
2021-11-03,5.153006519545286,5.742238231645492,5.537972811159577,5.671260229926715
2021-11-04,5.223996827826648,5.459958583529419,5.684992775469704,5.50056981455298
2021-11-05,5.293918343587428,5.229058512125199,5.433222318468536,5.539215416975319
2021-11-08,5.436810164232773,5.289943006106968,5.414438369502667,5.610954042379372
2021-11-09,5.553107238294611,5.354914210883039,5.495049720300198,5.445864938604951
2021-11-10,5.075323118965407,5.2621945224263404,5.318167425147937,5.39551458322136
2021-11-11,5.103784776772923,5.051718451938316,5.315731370187914,5.269633149685834
2021-11-12,5.169378704494012,4.916756134497179,5.228279330898901,5.160070652729384
2021-11-15,5.277607683140427,4.889177962842991,5.351159197959324,4.998729603682899
2021-11-16,5.0114440462377186,4.892947249439561,5.293324637152501,5.039551323779639
2021-11-17,4.966602748070648,4.849456795935385,5.298422945960963,4.929834135596287
2021-11-18,4.9859707943293055,4.623838496526573,5.269675150374654,4.836593405533118
2021-11-19,4.999561885567484,4.436447726370193,5.371463399076548,4.706395458397435
2021-11-22,4.974784034556298,4.296157769757829,5.362209033065165,4.701807676965928
2021-11-23,4.948751646338995,4.421297137418224,5.247203336744518,4.5638902916039035
2021-11-24,4.973017671585817,4.211149442016582,5.247793186981865,4.4313389426279315
2021-11-25,4.310524219583861,4.059358027382783,5.151079406068113,4.303983747071655
2021-11-26,4.466643567815185,4.351175250024586,5.151079406068113,4.283733380200366
2021-11-29,4.085887442218175,4.625762004705584,3.858947549588637,4.739980290059195
2021-11-30,4.184552089588105,4.4721707576854905,3.934408650429106,4.598068364821921
2021-12-01,3.997112052708146,4.661597577209951,3.8642377428586485,4.760800167098423
2021-12-02,4.095962006892245,4.536060102343,3.9136817399866253,4.647237921866936
2021-12-03,4.262762350535488,4.441498340419151,3.8532546539998362,4.5486939796590065
2021-12-06,4.139271847628687,4.481943935870715,3.643154049525136,4.466242246931214
2021-12-07,3.9532686897469174,4.3701388090502755,3.700218783750364,4.3596918208416175
2021-12-08,3.9801890359510246,4.159817556988924,3.7955111331551588,4.2748257660930395
2021-12-09,3.9795907901620797,4.231816962125687,3.727944665438506,4.416234212552992
2021-12-10,3.894416026887237,4.125644246135934,3.6627728242282167,4.282273233792713
2021-12-13,3.720701418767572,3.9319948507687106,3.681866762546255,4.1661390198452235
2021-12-14,3.614758109538751,3.7759404408921395,3.5345842349964856,4.103250262352317
2021-12-15,3.487638032769316,3.5998279245266387,3.453493745125219,3.9828953958361244
2021-12-16,3.553013476178319,3.484777459454206,3.353100910244976,3.869217881875769
2021-12-17,3.5538577295531604,3.60442877311516,3.36840360662775,3.789944011823069
2021-12-20,3.4936541110446275,3.4367145749787458,3.246675955789979,3.683951070781841
2021-12-21,3.1688438630786813,3.413558778328815,3.2305756526692058,3.7958092367409955
2021-12-22,3.3297862079232936,3.2665348749016285,3.38633809804717,3.687489413775981
2021-12-23,3.592233686321486,3.2887609279378536,3.7168406963313294,3.7085814470723055
2021-12-24,3.3756339792555656,3.516222238690351,3.6592739326655646,3.8901853752078486
2021-12-27,3.116026162858562,3.3684413837194715,3.130997102704325,3.776102463630327
2021-12-28,3.1014743038018007,3.2643617168524006,3.1213626450485976,3.6671604019649755
2021-12-29,2.822511546224645,3.143150966216712,2.8318679684046355,3.5625102983256385
2021-12-30,2.766130183211955,3.025825683641143,3.297062184372487,3.5282377526195514
2022-01-03,2.956840334192019,2.9411078947966445,3.624539379602013,3.98343289102202
2022-01-04,2.8542032496786547,3.3417868904225685,3.5928367887334134,4.308106929774039
2022-01-05,2.8154759387898802,3.3463468553085147,3.6276583028042766,4.178625067337328
2022-01-06,3.7137774377502577,3.2754293265530716,4.350900289978312,4.1783375477189
2022-01-07,3.5009862556006675,4.753558569339636,4.1381903107057605,5.037822525102735
2022-01-10,3.398515081900445,4.525055998179685,4.132490313415893,4.9317715136043985
2022-01-11,3.4590461112855992,4.357355336258548,4.139513428963775,4.805101473075591
2022-01-12,3.6004034165499803,4.1867707480664125,4.396091337497328,4.65691271684268
2022-01-13,3.6870494074982707,4.192908504485498,4.459777914607301,4.805115059001293
2022-01-14,4.046309311906229,4.082993425269012,4.634749697869857,4.692683481122591
2022-01-17,4.244716603922934,4.730247135782621,4.930517214248419,4.900789923590536
2022-01-18,4.38607102628526,5.449755502792129,5.02569113939281,5.395003857791051
2022-01-19,4.444150783949187,5.298236453983469,4.822082142651257,5.265910805020397
2022-01-20,4.454264943902211,5.194501718811311,4.8099203042600704,5.105211422420679
2022-01-21,4.442961260455096,5.149932240985212,4.850144818652813,4.985770021860085
2022-01-24,4.435989179427736,4.946548265887745,4.770704250697063,4.841503565753614
2022-01-25,4.471353262715882,4.728742224006724,4.75839108462994,4.695725636012631
2022-01-26,4.4635081227555435,4.802071575132033,4.802499349297196,4.6021913032666815
2022-01-27,4.525593883679792,4.596205621226972,4.825201698226865,4.477129891047712
2022-01-28,4.548641869519164,4.684879120212628,4.793840293742037,4.507980889177056
2022-02-03,4.714370129114351,4.4936870973012555,4.693556880498643,4.399591174078085
2022-02-04,4.632293477009288,4.434395152860952,4.527634723614103,4.324632624508592
2022-02-07,4.712056471486324,4.306392858021936,4.5366182076415384,4.31473154300009
2022-02-08,4.812859757734375,4.492700447834285,4.762447350040179,4.277382458333367
2022-02-09,4.394347017963607,4.7054288864944285,4.312247232067773,4.674839530955976
2022-02-10,4.418661723709041,4.5577934840487035,4.233455191346998,4.64301004786515
2022-02-11,4.67764185603529,4.3487510645648655,4.3297970919135285,4.500237958546954
2022-02-14,4.619049582719262,4.887532816248132,4.34187802245811,4.5650987456296335
2022-02-15,4.475728192947245,4.6671924052197875,4.024567412423708,4.427057575592445
2022-02-16,4.491022791557139,4.451910153074894,3.983955918669879,4.309205859135719
2022-02-17,4.310673353654243,4.342434553011673,3.7641036370530783,4.1919698187062115
2022-02-18,3.8688007247232323,4.227785140988453,3.1747890818581497,4.069053381116324
2022-02-21,3.792819029491939,4.12192402012949,3.1282430790948417,3.9872050629742732
2022-02-22,3.7599392092350143,4.124858507562865,3.375887890262218,3.969757404049726
2022-02-23,3.707084594459125,4.08162784866449,3.3560818992220303,4.055757355331887
2022-02-24,4.337335148507224,3.900116836478187,4.084377903321739,3.937246279579836
2022-02-25,4.331237588451947,4.7821865252939375,4.192084377558669,4.585983470815904
2022-02-28,4.194111518375665,4.602455525835777,4.173641780781591,4.60231512840328
2022-03-02,4.436880070714642,4.380444875499678,4.493270099880066,4.484351117783978
2022-03-03,4.336577540169757,4.650546544675649,4.593758705855055,4.725157752775773
2022-03-04,4.3260231379959375,4.53957878059645,4.62408292066037,4.86688153939454
2022-03-07,4.567217554537573,4.336674939687499,4.702481614353576,4.776735768500781
2022-03-08,4.542943245665008,4.8444081440673274,4.645171584303331,4.834490534611544
2022-03-10,4.383328806805551,4.608193195690638,4.595650117230432,4.70000381479766
2022-03-11,4.183954611426392,4.396272585797398,4.242186094119745,4.556233649871931
2022-03-14,4.213894251390835,4.247511336660671,4.259801023745692,4.46563941181479
2022-03-15,4.207448044553731,4.176949821514586,4.259577443831733,4.477347436349247
2022-03-16,3.785750224447555,3.977775061180486,4.15281889346319,4.342635823723378
2022-03-17,3.8823471055044774,3.8272366421321,4.4628839704089796,4.27930502474681
2022-03-18,3.8986261316373563,3.951461760558771,4.498655883917421,4.544281055973468
2022-03-21,3.99680825040133,3.7776009606328036,4.489225195637097,4.466153471026539
2022-03-22,4.816835554791618,3.8493649095650952,4.877431017793423,4.333648189911347
2022-03-23,4.800793585191824,5.3983920469681905,4.888548328686628,4.770079869422737
2022-03-24,4.829004629764361,5.171234655723344,4.951728894802211,4.6450483134960106
2022-03-25,4.847625830288073,5.137919952351129,4.7962634265793715,4.684234232467037
2022-03-28,7.317718223599482,5.166403774747065,5.870511456585774,4.560340688503094
2022-03-29,7.240622835614283,9.646837046897739,5.775650860045378,6.051784568794989
2022-03-30,7.528545676291007,9.544390729783865,5.985605749669473,6.286293732643579
2022-03-31,7.537790506128816,9.342234584678929,6.1749763832207,6.302840914858273
2022-04-01,7.577422604905532,8.967084915099788,5.869850326638908,6.427949002179468
2022-04-04,7.577673974059774,9.32295722982309,5.78327638231874,6.302266774003356
2022-04-05,7.581773256586201,8.911068980187734,5.695829719231097,6.152675635935788
2022-04-06,7.50443995562754,8.78666869127596,5.643268218902605,6.032168519867534
2022-04-07,7.593383711526518,8.395271304200376,5.651068167043415,5.8785483550971875
2022-04-08,7.735043940528381,8.026884555352002,5.766099614289086,5.691880939901914
2022-04-11,8.58720809443575,8.380613429333048,6.189337990601643,5.821244768855182
2022-04-12,9.314584058908705,10.557659510046573,6.237810971349303,6.646639790732797
2022-04-13,9.705685618921175,10.705829513413985,6.267265675525418,6.435993193055422
2022-04-14,10.28603306384323,10.552872521751613,6.803276521542503,6.231178562340391
2022-04-15,10.165504227064986,10.805369841971906,6.734580271150642,6.4936994595931
2022-04-18,10.15197611539837,10.49846506062625,6.735018648116442,6.905946381939438
2022-04-19,10.305604115745767,10.074343076851548,6.836334996946556,6.733261566666509
2022-04-20,10.111556330682797,9.667387308704326,6.763054395900187,6.553102356448245
2022-04-21,10.134194825535213,9.177300649236455,6.712174440096577,6.361044862803686
2022-04-22,10.123889709846841,8.71290235902112,6.710187705840955,6.156916451040747
2022-04-25,10.464852739391166,8.285019270896376,7.459634230787929,5.960155640761601
2022-04-26,8.852484181882284,8.516185834663913,6.636439808612256,6.619405554534428
2022-04-27,8.743449248546288,8.140662852429788,6.2566878503840195,6.405185752262378
2022-04-28,8.540675784570135,8.06787756094317,6.07740937916024,6.200711980772169
2022-04-29,8.537541745000073,7.686357866098332,6.050808682670915,6.039953804687347
2022-05-02,8.67157919379657,7.407969145963288,6.794738861095128,6.1475830378127405
2022-05-03,8.683062330109768,8.316962555708294,6.787670895857896,7.144677960033093
2022-05-04,8.587174822289999,8.007566652269471,6.77226838272223,6.923219648905915
2022-05-06,8.629492618754751,7.674617694560087,6.788982671526408,6.718859723427714
2022-05-09,8.780622605107977,7.349346658355713,6.793592919943384,6.503805267422335
2022-05-10,8.480004492361786,7.352818679872392,6.674496592395931,6.293262753775897
2022-05-11,7.43992447478307,7.003509090008711,6.877593017494266,6.095534405620382
2022-05-12,7.043446802322201,7.9605273775236025,7.107430719224181,7.019362389579778
2022-05-13,6.813634789715327,7.568035750948453,7.232328216319524,7.1242815622539695
2022-05-16,6.651702252592402,7.206796758154578,6.965363286597895,7.031335529859136
2022-05-17,6.496812405216228,7.724500539026117,6.501069509081167,6.866395838391428
2022-05-18,6.440533843593729,7.341704681858471,6.506582747312073,6.651097079405409
2022-05-19,6.350628015438805,7.017093763446246,6.480917042694327,6.496198930460113
2022-05-20,6.42880052501835,6.665438323579868,6.629774110926015,6.289200440801872
2022-05-23,6.437128167717267,6.470075698640938,6.650499444187853,6.318990511616086
2022-05-24,6.602196604161376,6.179300651010297,6.7689662993624715,6.140454315210438
2022-05-25,6.181635628829886,6.2221930152165354,6.172488885985869,6.134576007282111
2022-05-26,6.132446882110335,5.931083910499436,6.271492569366489,5.961099044649701
2022-05-27,5.940157926391873,5.645313143870648,6.281924182013936,5.9131721178155425
2022-05-30,5.926433923331893,5.368261924903557,6.2480625568479855,5.7364647837328775
2022-05-31,6.111258151189182,5.10413679589045,6.492042748443611,5.554046022096656
2022-06-02,5.646849100330624,5.461371064718614,5.850083434488455,6.0579974773513525
2022-06-03,5.568897471458698,5.954333537428324,5.848076606885381,6.291874746659888
2022-06-07,6.036496145470953,5.658776414102508,6.540838740449989,6.097835918251096
2022-06-08,6.0607441001595665,6.40935213486163,6.752220093456386,6.822692510544947
2022-06-09,5.848666921778389,6.207132556534806,6.752220093456386,6.848587976731165
2022-06-10,6.201017581624728,5.9507147337137845,6.750897647544289,6.626962447576571
2022-06-13,7.3245217623827825,6.52928788388659,6.927402454160192,6.423291558044799
2022-06-14,7.2647419906336745,10.186604696548732,6.509081567866761,7.833105484414169
2022-06-15,7.409379512611343,9.700451521301291,6.60752096730183,7.577502764832342
2022-06-16,7.2402545338051265,9.737296515631165,6.620005754565186,7.63205644749165
2022-06-17,7.176671864284937,9.504643286371836,6.615256536795759,7.381854641145353
2022-06-20,7.614169122666723,9.056405313285637,6.6524037903960815,7.163877072934141
2022-06-21,7.625589750807407,8.980990257448365,6.664704473139503,6.9344783842799105
2022-06-22,8.348629770664106,8.529190964803243,6.893558069469122,6.716678748247304
2022-06-23,8.468546847853275,9.232914015824381,6.923183963356468,6.948400214739905
2022-06-24,8.691928384864834,9.21650248816424,7.209319365535532,6.840523500556143
2022-06-27,8.653562437351612,9.304802538349973,7.285955178090433,7.087086361421217
2022-06-28,8.672677402817037,8.973278558960793,7.346874943033354,7.201939065895311
2022-06-29,8.663654238362971,8.518645266591726,7.374951170136972,7.000111910233209
2022-06-30,8.673953896031271,8.087297460607047,7.4826402266783285,6.8014910795644345
2022-07-01,9.116941320838857,7.679632022154438,7.813980145501111,6.654218012291665
2022-07-04,8.998293489005881,8.124035941989355,7.601610105134048,7.187407158673945
2022-07-05,9.56924637526258,7.739386528568425,7.98623816324056,6.971007264946134
2022-07-06,9.330237581826804,8.503366128048269,7.437914454238599,7.297837736199825
2022-07-07,9.308521441591644,8.187002895672137,7.323614772319294,7.2375436186718725
2022-07-08,9.324391975581339,7.830969814099987,7.405445229533408,7.00989113016718
2022-07-11,9.060534515925958,7.565319401140565,7.4224658975302855,6.872480384487051
2022-07-12,7.019221907766994,7.185180383996309,6.011017662038049,6.6789417386209005
2022-07-13,7.037938009713597,7.005484998299785,6.0072931865001795,6.585335557027267
2022-07-14,6.648483536366267,6.920071834440064,5.528484680013401,6.452095483897871
2022-07-15,6.369424732938712,6.68803794108131,5.519295158588555,6.272989279512949
2022-07-18,6.385836261751839,6.613617730536902,5.724300747481655,6.196547844394264
2022-07-19,6.258034835313716,6.349492229660243,5.718578744508362,6.174704783957362
2022-07-20,6.833384436510417,6.133639965659057,6.429689320791846,6.0414927008345405
2022-07-21,6.247186033193925,6.67983318589859,6.221705477408828,6.467785995370325
2022-07-22,6.016334907091323,6.350409708806227,6.146106006864754,6.271666754610276
2022-07-25,5.800024630489562,6.64664021261415,6.108428992949394,6.316567557030702
2022-07-26,5.596112596300762,6.57596712435153,5.595921133587689,6.5609689485039
2022-07-27,5.595010532353155,6.31890513330378,5.662621805690868,6.38519135993198
2022-07-28,5.769798213852137,6.135918834863905,6.169514143099501,6.39492515316343
2022-07-29,6.201336261530355,6.002168662674321,6.2686103875162145,6.5528549595636125
2022-08-01,6.299387725349627,6.980513246134246,5.996844408281982,6.619602963460209
2022-08-02,6.424943950098288,7.121099194726714,6.269487713559708,6.524317340973706
2022-08-03,6.087567345867816,7.168679055022682,6.0538692861122465,6.793805383238045
2022-08-04,6.189961150735837,7.086132355625557,6.015978723366617,6.671218664609741
2022-08-05,6.189384152763186,6.936532345913054,6.037099587431968,6.515421425773838
2022-08-08,6.226234817287237,6.7410020166306746,6.090441378954073,6.385525871752475
2022-08-09,6.225229007070826,6.611888099956358,6.042342655121817,6.334630615877204
2022-08-10,6.18224416026597,6.281723666986058,6.104962852349819,6.1471101547564535
2022-08-11,6.086569915258767,6.001924652367811,6.071624086487803,6.072569567182045
2022-08-12,6.167784969384972,5.787448664572877,6.2169239063336335,5.889787244423303
2022-08-16,6.509761900407707,5.799379165068218,6.737326727164952,5.914071445174565
2022-08-17,6.488495313134718,6.5555244933744765,6.636633541329863,6.568257972596916
2022-08-18,6.546944034469516,6.259793809443526,6.683821974774315,6.4007733667148985
2022-08-19,6.271568498276272,6.116155983184823,6.453109254275716,6.298136658980463
2022-08-22,6.352629751678008,6.134711507371826,6.480325535620788,6.4000314404372505
2022-08-23,6.095857297417331,5.986315884034669,6.307659742612253,6.239741564627213
2022-08-24,5.987594317777853,5.808261969566928,6.165217332901134,6.0599135751340425
2022-08-25,7.493257286514635,5.685831566997151,6.748714163241964,6.2753861436205085
2022-08-26,7.383788548796155,8.820723601081276,6.472241092689964,7.099231011725431
2022-08-29,7.709385127727045,8.373547003536688,6.4769812192321154,6.92788685963341
2022-08-30,6.936387834491098,8.881931675003882,6.141416774653861,7.048044286786464
2022-08-31,6.83744243468411,8.437502353191094,6.122048365577981,6.828717530938761
2022-09-01,6.630948362826857,8.062947345344384,5.6158618894969905,6.626020838440125
2022-09-02,7.3175230001102785,8.42487812291426,6.161207364670997,6.894317310361217
2022-09-05,7.586670641893682,8.699834628612216,6.490542570320512,6.9864117483370975
2022-09-06,7.468374592079535,8.527507269781191,6.335500882216923,6.956724812844133
2022-09-07,7.465826908559531,8.353600858671461,6.306210091194687,6.83474025314201
2022-09-08,8.278241704268236,7.932491735096065,7.023328474245154,6.650399664924624
2022-09-13,8.341131589327455,8.709308117637384,7.055528058939038,7.117757108888349
2022-09-14,8.312248564045493,8.312116743577231,7.056034229481808,6.90400644895616
2022-09-15,9.019534356051883,8.11740000713957,7.6951004820321485,6.709209956317755
2022-09-16,8.455209721146586,9.683244867374668,6.961581648420068,7.722760879982365
2022-09-19,8.50448621107037,9.192327748775242,6.968760223140058,7.486163872276149
2022-09-20,8.530762261480806,8.731454656156298,6.983777119664033,7.25070394269671
2022-09-21,8.508813358036777,8.54102617630199,6.906615186423329,7.1508955703848835
2022-09-22,9.925287569301641,8.133234155125466,7.207390386990023,7.002719496839258
2022-09-23,9.98006107434315,11.40809951008151,7.461360784863896,7.447267959943037
2022-09-26,11.94456242097515,11.195252870434857,8.256428952496293,7.839347759557173
2022-09-27,12.953991846604854,15.24423911339624,8.645340060512643,9.192235783834077
2022-09-28,12.92984550417773,16.267399888528818,8.867124943402159,9.409914844791805
2022-09-29,12.85836581485267,15.453409405365708,9.240341160471546,9.592365242342181
2022-09-30,13.2336925703909,14.698503113759418,9.955630137192298,9.613502146253301
2022-10-04,13.58298480417601,14.429881508777871,10.243432274482256,10.022552451007993
2022-10-05,13.553767706716062,14.16745311159324,10.311957922260747,9.965186715636555
2022-10-06,13.280592714828014,13.825083601957807,10.088184979989027,10.064595114153803
2022-10-07,13.306786668034155,13.135854597997737,10.09437844497997,9.729711130859213
2022-10-11,13.309370132855024,13.107236937333722,10.215166129222721,9.810487573179802
2022-10-12,14.595899619903037,12.616661384934263,11.544864865467455,9.816731728120354
2022-10-13,14.228268308111812,14.234188082921841,11.388436073073267,10.982151139970036
2022-10-14,14.18754651764977,13.871998432855639,11.471550731722218,11.176469482035815
2022-10-17,14.179488875199441,13.161976735431246,11.48359285075473,10.87632462447888
2022-10-18,13.748923767404655,12.588746924492002,11.075393145768398,10.594799956994697
2022-10-19,13.809108450239503,11.94518165716457,11.211909059651932,10.335196015789604
2022-10-20,13.786910631533976,11.65804452658588,11.206492590925874,10.428510615395124
2022-10-21,13.887596384303988,11.071745905679261,11.694412585259942,10.10881832019428
2022-10-24,14.417748651938556,11.090266428216268,12.068940853833604,10.839172790713432
2022-10-25,13.518727750790747,11.50936667228323,12.704584849198202,10.779044987055007
2022-10-26,13.377790763585953,11.372302015163653,12.55971640565489,11.374378639704023
2022-10-27,10.881570264836382,10.792396407055127,11.740682222410221,11.091171678958414
2022-10-28,10.083177881525055,10.328370244330321,11.83973535740279,10.75244519714981
2022-10-31,10.1548252663685,10.759557179920648,11.5804967407234,10.982380572600444
2022-11-01,10.411705866361133,10.358799803827793,11.545155652810386,10.696391773422231
2022-11-02,10.143520099058309,10.484901064091162,11.067186591343775,10.593094688324769
2022-11-03,9.95898971735969,9.970953349458686,10.903101349965505,10.239060672136738
2022-11-04,9.723626111791045,9.757499789398828,10.632284617638712,9.995055741103851
2022-11-07,9.795898072541332,9.310000408121473,10.691819302625747,9.661763711747758
2022-11-08,9.37357989244237,9.019914060384197,10.432479046114565,9.45123148459068
2022-11-09,9.296322877762961,8.61491991757608,10.240405497923666,9.141938855988824
2022-11-10,7.750778762716138,8.418645793460788,9.397932903417818,8.93995464822207
2022-11-11,8.447518655118284,8.208291035972916,9.478193016453256,9.138386423771292
2022-11-14,8.479243564644868,9.985136082908557,9.505910442105677,9.77547061399133
2022-11-15,8.554734139087905,9.496197651437718,9.53538522706722,9.491398743460428
2022-11-16,8.761191482354214,9.63029712953188,9.53538522706722,9.455161110751678
2022-11-17,8.434125692119846,9.369964356929689,9.025941449379077,9.246438754190683
2022-11-18,8.386871827303606,8.894276711729974,8.947657315106103,9.032273858713136
2022-11-21,8.014516591191017,8.48033121908267,7.46626699610609,8.835336713234737
2022-11-22,7.587464599431019,8.258105748669154,7.4313460935354705,8.578571081251848
2022-11-23,7.3729428123569205,7.849640987284442,6.658088528785351,8.303421253260844
2022-11-24,7.886184423528566,7.472861764120074,7.171116005330344,8.03596715668824
2022-11-25,7.75052379182329,8.52362918105507,7.0527704789374575,8.674377018012652
2022-11-28,7.403129968691157,8.2518169912638,6.620232336593361,8.387309999398632
2022-11-29,7.354405870924283,7.8744167973611425,6.739058150951428,8.122981456100106
2022-11-30,7.045204380421101,7.611652877431389,6.629942899991143,8.053132207800534
2022-12-01,7.060615108776685,7.229692020494472,6.613204683848543,7.796989166410373
2022-12-02,6.710375761247856,7.150458943908456,6.496240671122252,7.5576129304736055
2022-12-05,6.715199532545897,6.84476179657152,6.462507253380845,7.620765234761009
2022-12-06,6.574923501275045,6.5145799120559795,6.1399782844350055,7.426878917466763
2022-12-07,6.75948011525822,6.2614422886152905,6.262153896908915,7.235077970042062
2022-12-08,6.717103258881469,6.1251372716521475,6.297164894957554,7.027168211860133
2022-12-09,6.664179297879489,5.821498805469438,6.009765861852339,6.798739052581299
2022-12-12,5.292595906412211,5.630634017306034,5.139543244482408,6.718673540510196
2022-12-13,5.269105824566068,5.485815334106659,5.083952343263199,6.579109333126428
2022-12-14,5.14114124814066,5.22277175551336,4.940811577830002,6.39489686502504
2022-12-15,4.855443680379102,5.758544076412802,4.62258431121442,6.397488722018282
2022-12-16,4.8606192041363485,5.47345971492789,4.584637909574186,6.2313268349892
2022-12-19,4.873856398220634,5.20569903656883,4.802008508352074,6.056289666835424
2022-12-20,5.6768200353970775,4.956422667606307,6.834872068332823,5.997333654498834
2022-12-21,5.729364628614505,6.4085271145384315,6.860948844556346,7.792081015900408
2022-12-22,5.828574929970937,6.291210018568134,7.077449096552071,7.6217369678923985
2022-12-23,5.048017055287775,6.272443899007917,6.619779164781568,7.71665755864242
2022-12-26,5.080410557088027,6.127803795911786,6.8871965407178655,7.740528492627434
2022-12-27,5.052919947911311,6.077878977958785,6.90873498171836,7.783206187095366
2022-12-28,4.947110748902313,5.777551221761205,6.884395744137946,7.565620474752582
2022-12-29,5.122350650870775,5.491174753443357,7.023067434567045,7.500685447015803
2023-01-02,4.954238204858162,5.544749595931748,7.096118992935835,7.439587514806327
2023-01-03,5.3375533899415215,5.386172278891894,7.365909247853861,7.334549952812812
2023-01-04,5.429263740315511,5.861294797242881,7.635780435367608,7.7294590144236635
2023-01-05,5.429263740315511,5.749968039572207,7.592188968494738,7.853944089772576
2023-01-06,5.382714839894368,5.547040503285014,7.576099637299234,7.595528383487787
2023-01-09,6.066763473848232,5.375607072597434,7.981138479475927,7.346223799197979
2023-01-10,6.035904477138691,6.524611514466676,7.900156719361717,7.6616504961147065
2023-01-11,6.426296422846186,6.206451472231706,8.033074487037052,7.414349562686607
2023-01-12,6.449854188089761,6.8502250516171745,8.011063778122276,7.432464547453805
2023-01-13,6.483433099979111,6.543955468674648,8.184130986244044,7.18892024719213
2023-01-16,6.759694977621119,6.935036472550407,8.355537086267997,7.401844831359498
2023-01-17,6.81407157495219,7.058004735463395,8.474755228941783,7.4208263001902175
2023-01-18,7.184212187978914,6.7998798929172874,8.835305260579226,7.393890060230279
2023-01-19,6.668832981364384,7.309658739988822,7.57777137736544,7.792062001545617
2023-01-20,6.806880272754846,7.711800271422964,7.633619250207774,7.82417914776596
2023-01-25,6.748788251022761,7.505929309291935,7.487383038278768,7.618675944215913
2023-01-26,6.614119096944913,7.22358456213048,7.201745820087146,7.485590131000474
2023-01-27,6.540816899614735,6.870875211773933,7.03786696581935,7.244606785383826
2023-01-30,6.561895777172644,6.648220370258589,7.0751308249725,7.155198133883244
2023-01-31,6.721915118263757,6.474390815340184,6.971052390318935,7.045935804997214
2023-02-01,6.516159400546714,6.351585596646526,6.711156312262358,6.910927505277937
2023-02-02,6.4798846256630815,6.2007053606375395,6.460465853761548,6.754943689849316
2023-02-03,6.430589101355815,6.352938288878206,6.162598400643914,6.559202922911491
2023-02-06,7.8400558792955115,6.534335630183643,6.907483864138475,6.557187761000802
2023-02-07,7.783437849813198,8.451601738711455,6.900759102481135,7.270282193457653
2023-02-08,7.771094180480937,8.024332641117581,6.942138410769824,7.040197121573119
2023-02-09,7.588311814262515,7.674147384861383,6.689536961696586,6.835472335896865
2023-02-10,7.588233372418483,7.674793268561673,6.680910972956567,6.753359671459019
2023-02-13,7.285527075092419,7.289494002559989,6.626196208268833,6.534698926311294
2023-02-14,7.280446741918019,7.068108742741317,6.650585366288127,6.51554982002713
2023-02-15,7.183522812659533,6.742928221110926,6.547158598528508,6.33637522657382
2023-02-16,6.986459693408312,6.973193895986496,6.365947354030332,6.587994309898676
2023-02-17,7.450004793862307,6.623181182600649,6.875141556984224,6.376914662046397
2023-02-20,7.024216614514317,7.43469698472898,6.208661384749232,7.106482289814567
2023-02-21,6.798938992855526,7.272247982440807,6.04346557783498,6.934819980952013
2023-02-22,6.750474410136272,7.324772906395064,6.042019529925414,6.879248902014692
2023-02-23,6.72191511826375,6.977021489561484,5.942766711766188,6.710924030828072
2023-02-24,6.858387287874321,6.690218325629434,6.293855658308285,6.543489256612613
2023-02-27,7.4563108457582,6.565323027659688,6.575662197325339,6.625718761829699
2023-02-28,7.561975680367934,7.822487845279522,6.8246611637501875,6.991281441011378
2023-03-02,7.572641861457906,8.204901576243303,6.896120372388831,7.523867925041885
2023-03-03,7.746670559789194,7.989569183852411,7.0267990409506424,7.5151010032102485
2023-03-06,7.4907212444399915,7.959084752714981,7.184188988923633,7.436697831073898
2023-03-07,7.278454833404179,7.592172824555981,7.171982524611542,7.336767966654202
2023-03-08,6.793477263768039,7.343083275340447,6.721479428986273,7.27417458676797
2023-03-09,6.832687542074423,8.051432554496376,6.6856776555773045,7.1988241353670785
2023-03-10,7.569736109132517,7.657466518858727,7.529715734848101,6.9665033406208305
2023-03-13,9.6010044117418,8.265098924626239,8.323838400298616,7.593703214828823
2023-03-14,9.634424884607418,11.423767797476563,8.403717998033743,8.353955144849785
2023-03-15,9.646526638665131,10.897349842507321,8.349987168510246,8.17684654045339
2023-03-16,9.714532559888955,10.462413403933871,8.343169433163649,7.988975638545264
2023-03-17,9.504572834267963,10.08126715451552,8.05915037469241,7.742432632994542
2023-03-20,10.136203384286391,9.571565170735239,8.416559640997987,7.489019215938815
2023-03-21,9.774843805840137,10.513943658396776,7.733206074486585,7.808368153666437
2023-03-22,9.645771340950635,10.140475795202484,7.660324498908089,7.561129810445127
2023-03-23,9.565281963832478,9.703346338152459,7.618561294002708,7.383036414964271
2023-03-24,9.551596725155425,9.26918730423163,7.566668764421778,7.1434453621220015
2023-03-27,9.699405971010599,8.940057874651533,7.669059667943407,7.025472164199184
2023-03-28,9.729968433365318,8.670169293229515,7.564956802822567,6.871608694122208
2023-03-29,8.988135036178038,8.301092043437265,7.0359721973516045,6.6588223343887725
2023-03-30,8.485839745745617,7.942138692108696,6.343151537569595,6.446784702775491
2023-03-31,8.505972691501617,7.541121346769132,6.182197944790468,6.328528421214686
2023-04-03,8.570083624640612,7.409231566215153,6.196254629094214,6.254107992155388
2023-04-04,8.617515386036237,7.1792359033861475,6.235020143550155,6.085612803894648
2023-04-05,8.613311956334954,7.104579181392675,6.180422238619226,6.137245201835861
2023-04-06,7.920227269466442,6.749483110582651,5.960085489958941,5.9452524987063535
2023-04-07,7.983083304564653,6.582017510909633,5.965021055325473,5.866791277961553
2023-04-10,7.709468513581507,6.278679060390082,5.452788714218139,5.6847940970203465
2023-04-11,5.562835864659584,6.223821002212018,4.456472019113631,5.775116815757754
2023-04-12,5.615556623387949,5.9945817266715595,4.427742625978237,5.611496043560783
2023-04-13,5.483090890573109,5.791704763671962,4.290726434222208,5.4860818239374
2023-04-14,5.398853493809509,5.62144367657303,4.29405458301413,5.3161088229234705
2023-04-17,5.8198183574993,5.343332812289648,4.572104860689744,5.154709064878337
2023-04-18,4.4825109884867915,5.825914868068815,3.7772312863360886,5.274087216782587
2023-04-19,4.476526076578329,5.538311876261648,3.786768945634132,5.109558546212953
2023-04-20,4.421155849731957,5.555674951821164,3.6945390845975643,4.975407146657267
2023-04-21,4.698464794863476,5.340176339575125,4.189226545272885,4.8799405648576855
2023-04-24,4.5783496714739655,5.633029483671672,4.029699267994589,5.18592367396732
2023-04-25,4.535043444953876,5.391674099657215,3.9635722223651566,5.030792144025523
2023-04-26,4.49610942927328,5.346801678964003,3.9770053342397387,4.899942991713247
2023-04-27,4.4715928769447455,5.115336709762422,4.034021979778152,4.767143914096491
2023-04-28,4.478094832999124,4.933726385888331,3.9619619959235814,4.704213252363212
2023-05-02,4.327541917488398,4.713588923705599,3.81138020244884,4.5931567665734025
2023-05-03,4.396692479797155,4.571416582705752,3.9383885996565464,4.452898802163277
2023-05-04,4.3453587719707265,4.722386789540449,3.7511204675276297,4.521578648519667
2023-05-08,4.457529745113485,4.818998322929252,3.834362180771828,4.4991633787022485
2023-05-09,4.3279655398681,4.7823798851231745,3.6992727728053563,4.456271964507167
2023-05-10,4.3175941272448375,4.5496455421353,3.706410148712117,4.324146561644922
2023-05-11,4.279441441078391,4.343497034241403,3.4752800503803187,4.210577834343746
2023-05-12,4.232093931804809,4.427812672984142,3.473745062883107,4.208160302914697
2023-05-15,4.285496026188361,4.226222346630962,3.593810817290774,4.095070140126213
2023-05-16,4.281188086100798,4.269013368990393,3.6708958294231397,4.18608122961588
2023-05-17,4.343029445203513,4.212861741575213,3.6847756279821757,4.140817892165652
2023-05-18,3.9272551907576956,4.16170108307127,3.4806471757282083,4.042853098992514
2023-05-19,3.9782503931346653,4.090538138656649,3.684562389212587,4.045517733131584
2023-05-22,3.8174474144255996,4.009950821112385,3.722518348798677,4.17428377375463
2023-05-23,4.0673847921753055,3.900810972718173,4.19429885167269,4.110966384834594
2023-05-24,3.6364294366340943,4.295937967428761,3.7044567752910833,4.633267570002921
2023-05-25,3.9994166241257316,4.094113745709869,4.050943452720963,4.542742657197466
2023-05-26,4.018492965563786,4.812057901942715,4.1264131778441335,4.9367587051071204
2023-05-30,3.9727164749672332,4.865135273824359,4.064644305881309,4.9482381498059675
2023-05-31,4.854310799004655,4.7120814209033295,5.1793178444012655,4.798413714326933
2023-06-01,4.905055700863275,5.777302337673336,5.192797209322051,5.744023304554653
2023-06-02,5.00805541578954,5.635245151965743,5.393108477271623,5.612596293862731
2023-06-05,4.940291103819303,5.526985384937025,5.3315011733942965,5.629634128336838
2023-06-07,4.773218939837041,5.6204272932045205,5.280183077634079,5.645484701896504
2023-06-08,4.894374808073531,5.391855149177293,5.682307546025558,5.511760508143414
2023-06-09,5.01273141016714,5.585402295355506,5.718328926730751,6.021855469863783
2023-06-12,5.052472284978538,5.4371390933986365,5.852476073464643,5.841002288572115
2023-06-13,4.880724965666089,5.196912464708361,5.735466103863867,5.758441069409444
2023-06-14,4.9626749699273,4.9481208836300175,5.740760692916339,5.576780954226226
2023-06-15,5.131819504675852,5.007700671682491,5.768201006998873,5.51887572688339
2023-06-16,5.117183935385904,5.410236490012238,5.748084567095036,5.556178610775227
2023-06-19,5.125779847751871,5.242461346393164,5.813604733725878,5.423168240711806
2023-06-20,5.118788919265977,4.991157820041183,5.788132357719208,5.283899263109007
2023-06-21,5.126783081222075,4.746986470604199,5.755543911246414,5.123716063032965
2023-06-22,5.0703526692407035,4.527170328008359,5.705289942968129,4.997278246062576
2023-06-23,4.915330730528349,4.398655870244755,5.4032838339732,4.904747342480575
2023-06-26,5.049743039195653,4.210206578539787,5.606862292040407,4.771751460701766
2023-06-27,4.734086123907294,4.223843417497332,5.273929591237754,4.892321852829442
2023-06-28,4.606253513276445,4.071204956920365,5.154447917413968,4.741971981337664
2023-06-29,4.628812456981265,3.8903043318326547,5.1812068827546955,4.5999840455897765
2023-06-30,3.949828206029098,3.8689104392884985,4.230856043065365,4.5001563143995025
2023-07-03,4.090045988797237,4.162379070488897,4.517289537090207,4.416124931455279
2023-07-04,3.932756212705231,4.256787660047381,4.371335199749768,4.644929568807106
2023-07-05,3.733713841153225,4.065072022260685,4.2095695968205735,4.614916504589464
2023-07-06,3.8353804057932717,3.872103336337775,4.451249155868379,4.47499082500981
2023-07-07,3.78265464858692,4.1077601216820865,3.898332977055697,4.7893048257691255
2023-07-10,3.7857061994522865,4.391849106609178,4.462611876682167,4.767431715859746
2023-07-11,4.428688938533129,4.5923860117712465,5.037785794799718,5.383602767185118
2023-07-12,4.411532505560742,5.306418636371627,5.044162113629135,5.877191146921985
2023-07-13,4.936192864951691,5.047715186887265,5.46372888541639,5.689669168630626
2023-07-14,4.6112801651932545,5.804934489287108,5.341432837910148,6.032580068353826
2023-07-17,4.5580593197000745,5.532360275780524,5.349477054993773,5.888285275095672
2023-07-18,4.5571346469548315,5.265132509876906,5.335036930295716,5.75038847749944
2023-07-19,4.747515641038452,5.011077149328106,5.545117972895925,5.579921889018822
2023-07-20,4.8379304902583495,5.131073496105312,5.586552732103357,5.686746978282831
2023-07-21,4.818362693656322,5.0575868182835135,5.571111712601514,5.576676059034904
2023-07-24,4.824880950912277,4.851394237025019,5.5630284660682605,5.436616995314526
2023-07-25,4.739846290455292,4.649915172008392,5.424722946623099,5.271958765455352
2023-07-26,4.73292419425574,4.465060685992363,5.457803500275471,5.178203520887124
2023-07-27,4.818911159370413,4.2835398835519065,5.474225320275281,5.055516627587807
2023-07-28,4.882378421181523,4.2611248490410505,5.821552730198046,4.918664344442127
2023-07-31,4.816212698989182,4.355216773839736,5.8369920498897665,5.328436888368654
2023-08-01,4.741252597202147,4.426943423262363,5.6420403266565895,5.231863197281089
2023-08-02,4.754641842202097,4.3338009319133315,5.664652303035541,5.131858399895896
2023-08-03,4.842097145029689,4.1738713997947805,5.882698603289391,5.11183084371185
2023-08-04,4.7117836072876536,4.222425652055021,5.666354333129157,5.351064370917806
2023-08-07,4.628025394011896,4.080230725414401,5.76777996410108,5.194290562956632
2023-08-08,4.483445741200133,4.172974439685954,5.503691401924637,5.2276495011467645
2023-08-09,4.051613435234332,4.211030444480366,5.0717753067249305,5.463947089807399
2023-08-10,4.053434757502981,4.08698069115984,5.071479543674092,5.38252794331391
2023-08-11,3.331752005862881,3.8985941573457508,4.606351722402036,5.213447135751202
2023-08-14,3.5003537236222475,3.7579047931038163,4.850566977168754,5.150418839590879
2023-08-16,3.6864100487627534,3.9693173246963633,4.89147947236533,5.385477930267159
2023-08-17,4.033278236538272,4.075605513685661,5.250741444242483,5.308226611641536
2023-08-18,4.000035714126262,4.653416486008293,5.159180444328614,5.754787298598592
2023-08-21,4.118240493451622,4.76995601038806,5.24261385188724,5.762021036955656
2023-08-22,4.111852785951028,4.970347266438801,5.239415634445903,5.7954482866548425
2023-08-23,4.185246195182024,4.734094945833971,5.527338979154086,5.626907792635838
2023-08-24,4.205308436680828,4.590439073332901,5.635732090019551,5.684495021242835
2023-08-25,4.222676876105955,4.397378647073276,5.665766034871604,5.610401724839321
2023-08-28,4.176909315339681,4.338231898975714,5.858721622301144,5.614553713525062
2023-08-29,4.107298961836686,4.2376674617410925,5.592546059584251,5.651796960710974
2023-08-30,3.9827006869591304,4.084107831005591,5.556840486326386,5.514587862071736
2023-08-31,3.9481158857889445,3.889565222669816,5.556840486326383,5.348367419297819
2023-09-01,3.9921947657421515,3.7768284799976963,5.566686626710709,5.242716067862028
2023-09-04,3.9921947657421515,3.7228293542988746,5.5317180660175245,5.204383191937601
2023-09-05,4.028440558495723,3.8242349888554217,5.568705073037725,5.387622754338957
2023-09-06,3.8689668856045727,3.7912258262497645,5.424784393345564,5.2800848266781655
2023-09-07,3.9222624666310706,3.626870282946983,5.185584413958139,5.134090364195053
2023-09-08,4.1090318637293155,4.0248435915536,5.495444000433873,5.200625010898898
2023-09-11,4.34225089753491,4.148093661502128,5.668450699559206,5.420888726866749
2023-09-12,4.339179207001719,4.530200745105843,5.62470316677117,5.5332974849240815
2023-09-13,4.226537477370677,4.311572544684178,5.402305504310608,5.371216942248677
2023-09-14,4.079151405681826,4.122047235840184,5.3714368034384705,5.234153257394058
2023-09-15,3.709164968278523,3.9540760920174,4.872796205172435,5.126266765752988
2023-09-18,3.566931454345583,3.7859004697048646,4.8091925864258505,4.972058880304666
2023-09-19,3.342546790640175,3.903275632841106,4.645658495535682,4.968441251922584
2023-09-20,3.3478208975249326,3.7297058971266543,4.628025394011907,4.848779816338707
2023-09-21,3.3788276355085163,3.5584619489855696,4.706262292085387,4.698348605738125
2023-09-22,3.6472363966890318,3.6807796850649175,4.668348336454363,4.964475016488698
2023-09-25,3.5872459259623057,3.9757641645522748,4.538381293137984,4.890949034344736
2023-09-26,3.506653539718293,3.816947650130191,4.347314441944924,4.766011266412026
2023-09-27,3.514480250132476,3.6724481637964326,4.426338915003716,4.728704271189792
2023-10-04,6.639915375249596,3.5696310079196265,9.116539130299723,4.710650922577938
2023-10-05,6.776549199084947,9.060915260167686,9.181184175101988,10.501990851875195
2023-10-06,7.001748081049191,8.775960352753785,9.406854137377973,10.22995003406601
2023-10-10,6.9882690819618976,8.66347655642505,9.366081154382368,10.154129630836364
2023-10-11,7.1145859565636815,8.23063947411897,9.636124986834961,9.82712342965263
2023-10-12,7.141841832602048,7.992835034647457,9.713954125993444,9.758206720636942
2023-10-13,7.0325907980866615,7.615502610608201,9.752210982521829,9.501912613799737
2023-10-16,6.924999570225183,7.2748641319568375,9.547073847395302,9.370424273642454
2023-10-17,6.7877445584285345,6.947253436925037,9.472343200828714,9.095149148273535
2023-10-18,6.811408497094099,6.626022133155292,9.528168764248473,8.821830862935958
2023-10-19,6.825899556974507,6.380659105423623,9.572634607741675,8.664066682848054
2023-10-20,6.886601898925606,6.180482159086109,9.610487822711002,8.590346273789761
2023-10-23,6.906177359023279,5.994696639505155,9.644912303040066,8.37732311139352
2023-10-24,7.038509717803839,5.791811759096093,10.066259058288324,8.232927842089389
2023-10-25,7.098131880324301,5.877311245225347,10.034514247858562,8.478392290906987
2023-10-26,7.2071822642747305,5.805877880342472,10.245454276572302,8.226573622241675
2023-10-27,7.230138640572864,5.9122438189428195,10.542602913440144,8.455316592949792
2023-10-30,7.069269511666075,5.726994115455853,10.486558289634651,8.638437880209585
2023-10-31,7.0727175352429725,5.44913071099337,10.491325214762204,8.361131020861949
2023-11-01,7.098239218285057,5.1803620404254325,10.568655363407242,8.120594487386333
2023-11-02,7.3596874933654695,4.962622154010538,10.923482786660884,7.95447953206383
2023-11-03,4.361438163856387,5.4344338523544256,7.081353785016793,8.319892986182108
2023-11-06,4.418925747498466,5.284060060415826,7.064977336262655,8.187680946469612
2023-11-07,4.163589339797606,5.42988824987584,6.839040589912912,7.992246536604801
2023-11-08,4.1647671860844495,5.16293178834247,6.8458851039980955,7.729004406313778
2023-11-09,4.070784410194895,4.924179414996013,6.887704711329917,7.504006257866411
2023-11-10,4.078556000304413,4.792145866169034,6.877291825794726,7.647220922816661
2023-11-13,4.056922361546882,4.583482446073648,6.749638438288316,7.423207254314144
2023-11-14,4.0159029109873,4.398614237886808,6.699502469089284,7.278219464384336
2023-11-15,4.590673775633128,4.213624235910019,7.411718520597734,7.073341201638299
2023-11-16,4.534880688302934,5.356405288856621,7.1852328722576155,7.993864815832733
2023-11-17,4.36691020767599,5.314816956431317,6.886767850637293,7.760779298887627
2023-11-20,4.347369209949741,5.067461072344262,6.91714570917114,7.515276416425317
2023-11-21,4.1904028673238765,4.889079602870886,6.636138435365351,7.426308719705695
2023-11-22,4.172785982667077,4.693425045783572,6.57667233847171,7.237597173172142
2023-11-23,3.8926365162469296,4.540789556452408,6.493351911579946,7.114815065251926
2023-11-24,3.5664107607348994,4.382148208965476,6.043004613758338,6.998312374925404
2023-11-27,3.624578793262932,4.292650479421121,5.763270400934305,6.967876490187743
2023-11-28,3.5925120538618653,4.107300141393614,5.689401173610934,6.7488513353853525
2023-11-29,3.952413367623816,4.083411380259375,5.715496895450519,6.565355922284517
2023-11-30,4.145841289774613,5.0164448308687755,6.025777958073115,6.7939747909256525
2023-12-01,3.9267822765744267,4.8774730266241075,5.629911612263958,6.730099921210708
2023-12-04,3.98313109667926,4.6404371489640965,5.689857308445968,6.511925099760909
2023-12-05,3.910559575108934,4.723941164104091,5.704426017617899,6.581809107360601
2023-12-06,3.882052721606612,4.765374582412923,5.6872288004415,6.493446200865623
2023-12-07,4.059873326665673,4.549373924012166,5.833466665142881,6.345637407951775
2023-12-08,4.092978889571281,4.469035985796188,5.608734684570548,6.204551621711331
2023-12-11,4.074204567414703,4.485956040413409,5.612706672406476,6.094058389883773
2023-12-12,3.988972895609185,4.281026873870947,5.407415543227916,5.9349382386572085
2023-12-13,4.0536285920030615,4.1402589708107165,5.421575065465404,5.794965097129927
2023-12-14,5.712496743773163,3.9640698084867294,6.323730815631821,5.610824159913024
2023-12-15,5.840111707998801,8.012060477698315,6.512870042498639,7.8777817313091205
2023-12-18,5.861598189345057,7.702011251688749,6.466367199742435,7.711171509267473
2023-12-19,5.867566218913361,7.314655614792674,6.414162158105785,7.46209624151058
2023-12-20,5.91080527911544,6.948417374804011,6.408313053407757,7.265845826400832
2023-12-21,5.8588882416864125,6.794698629794647,6.259244591573568,7.063965195712578
2023-12-22,5.8649199239448775,6.461903539885119,6.24207306833846,6.844049556493266
2023-12-26,5.750792905992956,6.144209017348942,5.930843511837494,6.621421251957808
2023-12-27,5.711171175028469,5.845136222742163,5.932898592954866,6.437961470838339
2023-12-28,5.785972363438671,5.5565012614535645,6.057089510097521,6.236014405177537
2024-01-02,6.110206137899023,5.692594446652685,6.739471506763446,6.366844583239593
2024-01-03,6.1027433331638665,6.270286679482897,6.617998546532393,6.987548542810024
2024-01-04,6.138454125235348,6.032910823558992,6.63798951203637,6.80243487633579
2024-01-05,6.279729293528483,5.956238261272893,6.687910201037608,6.702239875976546
2024-01-08,6.234523695863661,5.931866242659461,6.668029622581102,6.6173016820045225
2024-01-09,6.278174590633489,5.646052547308561,6.678109227703816,6.418951780701928
2024-01-10,6.232040864222018,5.536898645763222,6.668154595859764,6.2937047913749975
2024-01-11,6.232040864222018,5.301338888999065,6.6475810136720614,6.14449287011725
2024-01-12,6.218922736294429,5.238241895360952,6.595247206457514,5.995283121949223
2024-01-15,6.218922736294429,5.043330325091989,6.582599718015595,5.810962909280186
2024-01-16,6.285054077882268,4.796754494632524,6.6164549564306805,5.631038090073913
2024-01-17,4.076833505132544,4.70355923064638,4.522678304679538,5.475456351643167
2024-01-18,3.990476758722529,4.642511478447746,4.414893624345401,5.423385868424722
2024-01-19,4.055525331481188,4.417283373138599,4.498703516940553,5.2606338213021715
2024-01-22,4.097106993268005,4.332463595764536,4.529716694599489,5.210378508517426
2024-01-23,3.9301278302244387,4.205699864782745,4.4737381833689485,5.147520694201732
2024-01-24,3.9272491281157107,4.019574332276272,4.484417464955729,4.986061944455471
2024-01-25,3.9238525772025317,3.8318888789811125,4.490869043058896,4.8626529644842185
2024-01-26,4.058929016613215,3.671133709912856,4.501655780033023,4.733761019121675
2024-01-29,4.15685893319417,3.779010227687071,4.602964883016777,4.642215361666272
2024-01-30,3.92969161518765,3.8619357725984953,4.602964883016777,4.703192827705081
2024-01-31,3.297018855471297,3.8342335353700623,3.6947130824875476,4.989155198656339
2024-02-01,3.2380402656398033,3.670190422038039,3.638216465195404,4.850525428100181
2024-02-02,3.084392353523806,3.5160858570136164,3.674357734612225,4.700029477599764
2024-02-05,3.1499433101474774,3.4531004893689103,4.041445992993805,4.763827021664533
2024-02-06,3.165039682290916,3.8516960711662014,4.025105736558504,5.17245120463479
2024-02-07,3.008234729949805,3.7049415490727147,3.9136452378337836,5.010333261671285
2024-02-08,2.993142957144671,3.531702944101236,3.8853448703950013,4.854190905927896
2024-02-13,2.9208690813653693,3.3971964023531234,3.8904890132096233,4.739575318513064
2024-02-14,3.1167825290407003,3.516011858822136,3.980512051291419,4.703847549935482
2024-02-15,3.1285627310163964,3.9688932031230197,3.9939478023152817,4.73180867302924
2024-02-16,3.079177379322821,3.7872495874138052,3.98977263942267,4.601470031731038
2024-02-19,3.020264889045334,3.609386779476223,3.919936831366647,4.460251156956697
2024-02-20,3.0188771170120647,3.455950386636314,3.941591411745119,4.33687664665168
2024-02-21,2.9656606105795222,3.3150344358613033,3.874698144925063,4.253117424676346
2024-02-22,3.194511662508812,3.1677634241682404,3.903777169675057,4.147489955657639
2024-02-23,3.2567073643701745,3.523225626299744,4.037202001386602,4.182089391411844
2024-02-26,3.3906664606857357,3.519064316110351,4.409038335920778,4.2501953845557825
2024-02-27,3.424512478336995,3.576482543011361,4.437695669730282,4.583139997403049
2024-02-28,3.246228580984404,3.5084551753496935,4.4099778641059855,4.503049906519516
2024-02-29,3.1356247953387006,3.3461774616306896,4.294913935608692,4.401016951828412
2024-03-04,3.087278042918346,3.2382758680712502,4.020524722921018,4.325985994626645
2024-03-05,3.075316476164926,3.1913443242821016,4.031170218848791,4.347536594039851
2024-03-06,3.1710370843741673,3.0513535972333172,4.13093440369357,4.246260273035999
2024-03-07,3.1071882864768727,3.0866969378140894,3.937499811035535,4.229641955297639
2024-03-08,3.0177806414648582,2.9502000905380434,3.7873347834466404,4.133670929700519
2024-03-11,3.0107980274181148,3.2662646992520563,3.8387373916308474,4.449123992739822
2024-03-12,3.0122211390394695,3.133894393731734,3.8480297989144225,4.363709856369119
2024-03-13,3.0355590996749022,2.9973091464184543,3.8043584028247026,4.246295428457719
2024-03-14,2.90905810317001,2.9720337803278025,3.7439474965793633,4.121275641551712
2024-03-15,2.609524678484396,2.9250089687215963,3.7815970423190577,4.060758296460213
2024-03-18,2.8289826540901366,3.0446941140828683,3.814071690089596,4.179539675642254
2024-03-19,2.97890999560322,3.2397984101968924,3.9402924716199483,4.0924484418577975
2024-03-20,3.0198707004802468,3.3425380169470067,4.004640165750596,4.117468683327674
2024-03-21,3.261025255082469,3.28662643004172,4.010735593379361,4.091946117285486
2024-03-22,3.273624756690819,3.6682033712025093,4.096845476356532,4.0520735789889795
2024-03-25,3.057052735654296,3.5431027171512555,4.0166498715317855,4.086889797819024
2024-03-26,2.965379603099095,3.3812358934167364,3.9172573009575107,3.9858436003096682
2024-03-27,2.869079825940538,3.244982301900826,3.6059540709644224,3.95216624506301
2024-03-28,2.8209758527688087,3.138992679717214,3.5428062592352245,3.948670238519086
2024-03-29,2.861576322172622,3.030566773064508,3.5428062592352267,3.8343363526474135
2024-04-01,2.875090060701192,2.9577427883267045,3.507060904871246,3.763902628140572
2024-04-02,2.943912201071727,2.953887532980958,3.5696805245874828,3.7136327785610193
2024-04-03,2.9437423541504066,3.011051215920196,3.581666278889405,3.814366020444223
2024-04-04,2.8627159930986505,2.8781431469860914,3.4663965096198783,3.7570063094965236
2024-04-05,2.8643456827827407,2.764023736859768,3.497087223335895,3.655151879771841
2024-04-08,2.768092002324559,2.6497997899280956,3.1736264370440472,3.6019404872139025
2024-04-09,2.7680920023245594,2.9424690235379773,3.155569528249883,3.739226561265878
2024-04-11,3.123055585556564,2.8306881977999767,3.5042695047477297,3.6595094502364356
2024-04-12,3.4154271851618665,3.5612871672371145,3.7413901159863205,4.117816246706663
2024-04-15,3.4717293618461404,3.9233548890601435,3.726187889851548,4.1912315018733715
2024-04-16,3.4518525047118604,3.9367499429636386,3.830448189616125,4.09700435515672
2024-04-17,3.3538960997053713,3.893448136213251,3.82970221396118,4.353150692080268
2024-04-18,3.3671805359832723,3.712889343035907,4.029409740538054,4.221576023099318
2024-04-19,3.445189883494539,3.7087725958407995,3.948833462465312,4.368179163407624
2024-04-22,3.1483177669835993,3.836085891734623,4.015155811481827,4.282902221581152
2024-04-23,3.172163149590334,3.801980994811329,3.8687084100387885,4.441225728461832
2024-04-24,3.1774428172891933,3.6957297032062697,3.8691699614356936,4.327543857618829
2024-04-25,3.215949833771222,3.5794186505348886,3.97893261590402,4.218712718222226
2024-04-26,3.2439907815029367,3.5697138130343746,3.9148313835853523,4.356825958680368
2024-04-29,3.2480983447461536,3.474615738518188,3.9148313835853514,4.275934616547892
2024-04-30,3.2815574119035165,3.3685029712786005,4.087495449247507,4.148917764078473
2024-05-02,3.224201636138168,3.2366171445667304,4.022602805812844,4.150624233364796
2024-05-03,3.1974320053085212,3.1262393113113633,4.012516132588846,4.031546240455545
2024-05-07,3.5488898331194902,2.9901090562341945,4.436810308575941,3.9629498221791573
2024-05-08,3.5571457257590042,3.4679157312553026,4.43966429447307,4.348124211468912
2024-05-09,3.553891227533942,3.3134018079596776,4.416743036177117,4.21834060282313
2024-05-10,3.4524111657134307,3.18897821734774,4.324019294261171,4.140387990154455
2024-05-13,3.4652423814077813,3.0869285610360064,4.327872016415943,4.055145777294676
2024-05-14,3.0728612384024268,3.0035416044990146,3.92886752130942,3.9671622612483186
2024-05-16,3.213098193333032,2.8703762069935967,4.159876371789366,3.8583587693660304
2024-05-17,3.0796876774238315,3.630912813436327,4.126776673662599,4.259451015499257
2024-05-20,3.073922575472586,3.4622830180259276,3.9124952456992292,4.138896614021897
2024-05-21,3.078411773564261,3.454790562787178,3.9124952456992292,4.153989533132272
2024-05-22,2.9883344620612475,3.2993708724104396,3.7158604720332375,4.0299957503342
2024-05-23,2.7932657111942336,3.150469374740687,3.670895829423142,3.9186444002405896
2024-05-24,2.7012254714516364,3.0460447375331956,3.508119832888378,3.8370336162969543
2024-05-27,2.6680204896764566,2.948947734430109,3.5013670799519785,3.874172378059579
2024-05-28,2.6421852427759323,2.823441782566597,3.469774248180037,3.769163579508975
2024-05-29,2.6421852427759367,2.797529522393509,3.460126614804189,3.6946716703622076
2024-05-30,2.671543160262047,2.873577400185231,3.5179945585924126,3.8778164298383517
2024-05-31,2.64603027013605,2.8202100593089194,3.549352724357622,3.8258790129525098
2024-06-03,2.663751382650322,2.724551527765379,3.5646144518694176,3.742144878412089
2024-06-04,2.7672145183336023,2.683856994959286,3.7951159088893296,3.793789563640659
2024-06-05,2.924404701326909,2.865314932464318,3.8423455138260496,4.035288849418472
2024-06-07,2.726457670416235,3.1496279719661326,3.596234803500027,4.044748615146346
2024-06-10,2.8866028806325787,3.205890160011296,3.7864105379508,4.101566645422633
2024-06-11,2.863996541631343,3.2778033213393227,3.7305687042518016,4.153879218951007
2024-06-12,2.9377672117573015,3.155709954013575,3.8155321665903714,4.049941658983369
2024-06-13,2.8900074147210995,3.233700992529616,3.766607669154492,4.099058219271553
2024-06-14,2.94465617687364,3.133793477288221,3.878315785664369,4.0029499097799235
2024-06-17,2.6089224194054093,3.20304842994816,3.566998204439734,4.102101635557698
2024-06-18,2.61017240809874,3.2424890219718128,3.5749991674990835,4.02993998020066
2024-06-19,2.6504536898245767,3.0955897023878878,3.4990679030959497,3.9107075889038905
2024-06-20,2.9114143183911994,3.4650339294319914,3.7162000561249324,4.018226521438995
2024-06-21,2.942326581854173,3.599699532381491,3.7351802404397465,4.062637523943591
2024-06-24,3.094334300282486,3.6069925159916494,3.791613552741556,4.005246949513912
2024-06-25,3.069837904825708,3.585505456893716,3.629069144717821,3.9195796634850137
2024-06-26,3.0939418531181437,3.4282465651493697,3.646446411037945,3.809677740799202
2024-06-27,3.0916554357388,3.2803430688870883,3.698828643413129,3.7008096342103873
2024-06-28,2.9915834316581202,3.1336655515438574,3.4058632917227913,3.629626380306633
2024-07-01,3.051705221987325,3.1917872802583807,3.5485610765894706,3.6356205364617216
2024-07-02,3.0747899657266453,3.192475553452246,3.4928702891952597,3.727064072295995
2024-07-03,3.07676391529739,3.326169820199911,3.434620655562877,3.683431230751569
2024-07-04,3.0682708019804354,3.178246659630033,3.2834650686649605,3.5795751045754574
2024-07-05,2.955720845121486,3.265048799839101,3.2244896236975955,3.6224529451241843
2024-07-08,2.9210402582772006,3.1245704273111348,3.114054163519553,3.5551069957452346
2024-07-09,2.735716150689391,2.98853940392736,2.844376239261664,3.4563966643315376
2024-07-10,2.7402380848942087,2.856254815563358,2.844928654223016,3.368847638312117
2024-07-11,2.8842016308883416,2.7334388441464283,2.835749669924398,3.277710247707818
2024-07-12,3.1493839155649055,2.9211285264233178,3.016391726486994,3.2604930983076197
2024-07-15,3.1012746995235116,3.4701858042706832,2.867311666086604,3.4643811815204226
2024-07-16,3.1144670108872026,3.3763094275431915,2.9239650183563346,3.3730621033570594
2024-07-17,3.1637530455668044,3.428278525480844,2.9255117582431938,3.417923969693762
2024-07-18,2.9632993195326667,3.3199272366359884,2.733704968928248,3.3232310249259465
2024-07-19,2.7700696226422945,3.176165555813867,2.5429266978181535,3.233969086929886
2024-07-22,2.688555994085535,3.0566815275434753,2.4926176716742985,3.175243785306221
2024-07-23,2.610172408098732,2.921951397880047,2.5444337006774176,3.0979453546759403
2024-07-24,2.7117293726469325,2.851223353520843,2.6422663432310447,3.1037800068838366
2024-07-25,2.71375684070554,3.034480302751371,2.629665921204248,3.1867211034704965
2024-07-26,2.7013224274682175,3.005774497707446,2.562402146796027,3.1108856940558365
2024-07-29,2.7571551936560756,2.8740506961087027,2.7590716174967853,3.0620292397494624
2024-07-30,2.7044936151312395,3.096403343916813,2.492388412747917,3.3701221124495238
2024-07-31,2.623411083739191,3.0388522713165527,2.485452914556269,3.293019742518192
2024-08-01,2.6487013889109825,2.9098358590813524,2.5912581977910087,3.2028977512400822
2024-08-02,2.654295709653619,2.8927757607613707,2.602206023833668,3.3183850528088468
2024-08-05,3.6086206308148796,3.0296505882703135,2.9667281962586736,3.3980245228567503
2024-08-06,4.711005352212132,4.80436930966681,3.9629894920736,3.8500747146525
2024-08-07,4.706909814304915,6.047905206550063,3.976753880814286,4.588775925951734
2024-08-08,4.705270600993247,5.754074025659888,3.978962535277621,4.4498385888337495
2024-08-09,4.617518401747428,5.4820655119922215,3.9236462633626976,4.314609165487829
2024-08-12,4.453254561607291,5.253744106379395,3.7860646738118158,4.1952371487565525
2024-08-13,4.471646122807459,4.997902648032423,3.789804618660321,4.077243100212045
2024-08-14,4.446175456555458,4.847493221736989,3.7790840412031397,4.014669224779592
2024-08-16,4.50909134548245,4.695696555905602,3.894263179894982,3.9955003043231954
2024-08-19,4.501396608672846,4.603174247577698,3.9134748899521226,3.977531669203118
2024-08-20,4.524188956518691,4.380092720256236,3.9075445949988614,3.868306825963157
2024-08-21,4.524188956518691,4.221995823403259,3.908385368726611,3.774200135975061
2024-08-22,4.530599665975057,4.0209531780846195,3.823019250602363,3.665332734223582
2024-08-23,4.48496429884394,3.987264725664258,3.815163979500257,3.580202116099712
2024-08-26,4.489389607465474,3.8170852781890856,3.850324661635697,3.526724059476909
2024-08-27,4.626543500487672,3.7366784136953797,4.38078596992432,3.5102268717626175
2024-08-28,4.546992726752794,3.8363664086852514,4.173305187794946,4.103952711065648
2024-08-29,4.552633983802797,3.710143202310483,4.19149365353439,3.999677435585519
2024-08-30,4.567306176980656,3.6173177567976595,4.204594992103171,3.9211620997975016
2024-09-02,4.61233336258547,3.485942383252055,4.131522260677801,3.8273571172112946
2024-09-03,4.532759067268489,3.525603545449052,3.996033747891243,3.8322393528245176
2024-09-04,3.7917454204275445,3.3837858217720735,3.943916351860953,3.722480449428224
2024-09-05,2.6432123313444476,3.6392967610560545,3.2706778094660063,4.061188956107272
2024-09-06,2.7121156738921273,3.5111833125563674,3.423615465723754,3.9587408110370923
2024-09-09,2.7284218358394727,3.481067631372686,3.5535294326305262,4.007777775138705
2024-09-10,2.7086721399801594,3.3541950149633037,3.5834208184226357,4.039012619647101
2024-09-11,2.970289387857518,3.262853575560638,3.8825862759861716,3.962256107444632
2024-09-12,3.1822798057217865,3.6490615425824666,3.9139372455246058,4.224606768651536
2024-09-13,3.2912944334439227,3.8630031178341286,3.9531602788751394,4.17716429979877
2024-09-19,3.2030119753578195,3.982647918803758,3.987498320644516,4.196093916623624
2024-09-20,3.204602345139889,3.823397993352084,4.014266226016072,4.2071896225534005
2024-09-23,3.2127054316379633,3.643922836568275,4.066032347094527,4.1223088673145005
2024-09-24,3.2138168970274164,3.5496062724657294,4.06673497210395,4.085804307408795
2024-09-25,3.2885515700033223,3.38499430629492,4.1306346797003055,3.968070897026512
2024-09-26,3.267706345727023,3.569980819345109,4.099622514562134,3.9518285770001484
2024-09-27,3.2433521753477876,3.4048048080213595,4.043572206660367,3.836030508543933
2024-09-30,3.055097223922496,3.2638479866304957,3.492508990341907,3.72474144358421
2024-10-02,3.0625697270973657,3.1516045552605854,3.677175417031263,3.6192400389496235
2024-10-04,3.1823845507058603,3.0967844916974636,3.9055516042338154,3.80115335203369
2024-10-07,4.3612962249662255,3.2568941128407345,4.569515968948587,3.991730356275639
2024-10-08,4.301295485913837,5.2116733572173235,4.513566850539124,4.714761215493843
2024-10-10,4.343188427213998,5.004382088305455,4.517363327049462,4.6002327757863
2024-10-11,4.18974939584695,4.835782155011667,4.218598277695017,4.462591303694664
2024-10-14,4.1838123421450915,4.621377899077827,4.203048780066559,4.334007365494727
2024-10-15,4.180145816549817,4.4196241456753835,4.16128414245959,4.206598444867455
2024-10-16,4.220956786141748,4.305790199558967,4.164687148828708,4.1867464010375715
2024-10-17,4.228227141711364,4.207797135336267,4.193515402209867,4.198491736754779
2024-10-18,3.999613076524359,4.072165151677809,3.958649360817997,4.152524743448734
2024-10-21,3.853297907235395,3.915517719643211,3.965259854572673,4.173213106062867
2024-10-22,3.7494825039755812,3.7437803565984584,4.059140185755972,4.089958449471653
2024-10-23,3.7585204789220112,3.75590218637661,3.9940729897710967,4.346964350728294
2024-10-24,3.8940491840266986,3.5936561936020084,4.214515732221536,4.215319035897787
2024-10-25,3.8738193285795033,3.6759358618770404,4.169332480545694,4.336596396583566
2024-10-28,4.03045548648926,3.5184857687657107,4.406542754543409,4.212980519133255
2024-10-29,3.856571386237108,3.738372498919945,4.322532326574977,4.425483467045084
2024-10-30,3.853112532807229,3.563112769689656,4.353651997379405,4.294542908685758
2024-10-31,3.8591326437302857,3.399065325476151,4.358134157335373,4.189815690141615
2024-11-01,3.8332256713659567,3.246885542407808,4.358134157335373,4.068010203621356
2024-11-04,3.7934530067322125,3.1228079457527183,4.123163371790666,3.9490229407122084
2024-11-05,3.729943188639223,2.9994617655073563,3.9821626093894023,3.8346752500618875
2024-11-06,2.4824335218644147,2.905675935413352,3.504731495727291,3.7570443658548935
2024-11-07,2.5484262183701056,3.040735579749614,3.6073998022583202,3.9723701196893773
2024-11-08,2.604154190446299,3.0987174807676294,3.815557127140966,4.0062432958384715
2024-11-11,2.634984413073979,3.2199547742146644,3.8115613598629148,4.14755860513489
2024-11-12,2.621540804655948,3.126659547225224,3.825198407552593,4.02381087753311
2024-11-13,2.70719499886963,2.9863042737718977,3.893602811939463,3.937280129112233
2024-11-14,2.6381089908529236,3.1491953289782217,3.775093817818754,4.00280822627967
2024-11-15,2.6025536909515807,3.044859337999057,3.71812804923072,3.8982518700175857
2024-11-18,2.628117196777948,2.926479726900936,3.62415178910545,3.785894669535991
2024-11-19,2.6909637147842957,2.8833932912684084,3.6304925548024793,3.710598172241819
2024-11-20,2.5553119276556067,2.8965495508356622,3.267196264164654,3.6587613296670654
2024-11-21,2.7113254534057094,2.7956706980984007,3.318734698646466,3.5971457764688353
2024-11-22,2.583528410453234,3.0311619747465692,3.116270664936361,3.593227958082788
2024-11-25,2.7434684338659747,2.9255253552878777,3.3447471254690373,3.490681726573097
2024-11-26,2.4183622951237425,3.153988455057005,2.892428539677847,3.717741199978321
2024-11-27,2.4682556014897843,3.012212754182025,2.899564827776102,3.6390276399266335
2024-11-28,3.1453896722784878,3.051916739281772,3.4381542667403395,3.5745549502804894
2024-11-29,3.154460183235639,4.306239380441477,3.4394005568523465,4.240891789680155
2024-12-02,3.1583977251885447,4.20116579857882,3.5591531898151634,4.161827043967768
2024-12-03,3.26230272163989,4.257451234641058,3.585513179714275,4.314351722580045
2024-12-04,3.488109052467361,4.1025756079892925,3.9070327311023054,4.194990110086398
2024-12-05,3.2758931897234014,4.107469443742636,3.4976114298597696,4.285283885628238
2024-12-06,3.3571033432324997,3.99104503033994,3.504330654109756,4.225015781051124
2024-12-09,3.3920986620871316,3.8650575722577125,3.6045077598024666,4.104345138297747
2024-12-10,3.4313470907418897,3.9844406345801286,3.599947089558269,4.380489039235923
2024-12-11,3.506205383384743,4.217004601306564,3.8752388559256814,4.324379904908144
2024-12-12,3.3076606608929806,4.06000250103435,3.665911177579837,4.359634099025533
2024-12-13,3.311114040693273,3.8854479310737986,3.602426430959583,4.2403410806015165
2024-12-16,3.334437912223909,3.7183273268521098,3.772879410691401,4.161303451063165
2024-12-17,3.8168423748283944,3.57592442329287,4.3087452598506815,4.144297485968143
2024-12-18,4.056059546853201,4.016758024802601,4.3997889559776455,4.480491124338414
2024-12-19,4.387015473178173,4.554879330661268,4.805240195175817,4.56218503302762
2024-12-20,4.3559701778680875,4.733089685067379,4.943090415635026,4.813979501419974
2024-12-23,4.358429162198774,4.518953190974571,4.945257468380328,4.834049985686561
2024-12-24,4.30882814695596,4.301525014871277,4.880485924284876,4.699581004429175
2024-12-26,4.459852656118323,4.122469616230133,4.9126949252494185,4.660810797210179
2024-12-27,4.508172473144633,4.18767547173553,4.933317245791012,4.580971310651673
2024-12-30,4.005032548467698,4.234703293319125,4.433046893718221,4.500990467292202
2025-01-02,4.449483651156024,4.1423907146001735,5.2752521943776,4.37795461121986
2025-01-03,4.3924502327993435,4.942911105135864,5.118584253668661,5.359112935072448
2025-01-06,4.5349751928759146,4.802881584478644,5.2405425019062415,5.222564253658466
2025-01-07,4.428495391052289,4.856971355432504,5.162797322234937,5.247071162842302
2025-01-08,4.408049995395322,4.633204547355322,5.119128460048276,5.124541453279645
2025-01-09,4.365432395536545,4.422242623465492,5.119128460048276,4.969170191594295
2025-01-10,4.584824865534008,4.2109695412862855,4.9049974515793595,4.8196882358833015
2025-01-13,4.829379335060017,4.644770844648023,4.849393678349806,4.813779171822245
2025-01-14,4.851219777884044,5.347277625691357,4.856193884887531,4.748316736895789
2025-01-15,4.887160047853285,5.115784240197881,4.877719021955123,4.6640667933693765
2025-01-16,5.056570454557589,4.975989671930922,5.080804210808701,4.579922959927048
2025-01-17,5.131875179419589,5.043343744695295,5.032324086770018,4.726803512906106
2025-01-20,4.96993820024814,4.945189225320957,4.867912430248866,4.582028330828767
2025-01-21,4.789318472243359,4.825322549890294,4.867912430248866,4.6259591444066395
2025-01-22,4.601185147535881,4.866324892978736,4.59470709984144,4.695692164520036
2025-01-23,4.59683638624487,4.634231697444882,4.456744487691821,4.564777443198821
2025-01-24,4.597209298404127,4.425820559156301,4.499544950537196,4.427547167281102
2025-01-31,4.589070867678059,4.215421744967493,4.413858046782079,4.364228673012331
2025-02-03,4.452292079581569,4.026107303991302,4.4114029730320725,4.233145823327231
2025-02-04,4.37941613851501,3.8411919298030894,4.399464253097838,4.200632618170692
2025-02-05,4.33553973132582,3.699599212582415,4.428839469614929,4.1000234785508844
2025-02-06,3.7867249324826444,3.5356186448775024,3.3658438409862073,4.040635744185488
2025-02-07,3.8644965174435497,3.409704516773458,3.421048293808704,3.9272992894621055
2025-02-10,3.756049089389644,3.720845103043813,3.212883291938732,3.925452686818165
2025-02-11,3.7376463182061532,3.5704137955790927,3.166055078785706,3.8106787474651713
2025-02-12,3.7173787487831764,3.40830798444693,3.200096724728653,3.719098539775758
2025-02-13,3.7570315029669006,3.2615987832452134,3.2096951346105858,3.680718068133287
2025-02-14,3.447262544051308,3.177283041432566,3.11867645919593,3.580473395697178
2025-02-17,2.7312041649199688,3.0814420576243875,3.055073843702669,3.540353776067149
2025-02-18,2.7460707860331555,2.9769600709969137,2.990039018697476,3.4808710086058547
2025-02-19,2.6475415370634274,2.915080762065189,2.926000032548911,3.3988103868627935
2025-02-20,2.3581570689639713,2.812944589495917,2.5356599591765927,3.3064457752073833
2025-02-21,2.2118619607320222,2.692732440550276,2.6581232190436666,3.225359850870648
2025-02-24,2.08389516233879,2.605949134408501,2.4910793223974643,3.2472489921660737
2025-02-25,1.7531604115343673,2.5015629644770927,2.2574638108157763,3.2488930530900046
2025-02-26,1.7536492563467858,2.41940211844106,2.401140601979864,3.2334704254576927
2025-02-27,1.7315146136093618,2.326904570313674,2.3915725051980083,3.3207644615870073
2025-02-28,1.8748333259252505,2.2368460047263223,2.454451737829313,3.2300121987883195
2025-03-04,1.8995613528742046,2.377586633229325,2.4743253048630662,3.3881872877684747
2025-03-05,2.0277127626019897,2.3525023318389744,2.8818231663141263,3.2985970945431555
2025-03-06,2.0457621702296698,2.475966155805997,2.935359148951514,3.6418627086041604
2025-03-07,2.146469970284533,2.4660278092044297,3.0196814716913796,3.6182599026335676
2025-03-10,2.2202102002588133,2.5491168968121265,3.1858466767280365,3.6799530905122553
2025-03-11,2.025739136122668,2.6216138219512715,3.2483035865627192,3.7517075613763273
2025-03-12,2.016503338525795,2.8878550113218866,3.2518200032187154,3.857232866518351
2025-03-13,2.087901657965075,2.766051800676428,3.2578476681041244,3.745115696818119
2025-03-14,2.136329740911904,2.7372276948298992,3.3131412227529315,3.6620529682304555
2025-03-17,2.115498365240043,2.6954351939701873,3.314908603207497,3.6849896130870747
2025-03-18,2.086258898237741,2.5999789581080073,3.28215956781072,3.587797530108214
2025-03-19,2.0935956766154318,2.492747876943924,3.2475558575056196,3.501018174697396
2025-03-20,2.077567258667139,2.443469541221845,3.2263719857567885,3.4081741546419817
2025-03-21,2.0685513679637593,2.4201552508021313,3.2407303703537793,3.315426756981504
2025-03-24,2.077395347200769,2.3327799743987603,3.2407303703537793,3.2339503366552305
2025-03-25,2.0723462663413734,2.2512825325425787,3.168640988544729,3.156033482356536
2025-03-26,2.0963346697555307,2.1788203001281845,3.22546416002706,3.0715271222205445
2025-03-27,2.0917866594305,2.149450690694275,3.164746284873253,3.1574288408462174
2025-03-28,2.09741337297702,2.0929091946947036,3.007039360282091,3.0762106659290636
2025-03-31,2.5118955088974193,2.0318309634519505,3.446102007721053,2.9998411956410167
2025-04-01,2.473786378735846,2.7743908689538936,3.261426798489399,3.4584291494691963
2025-04-02,2.4369868202156373,2.7704797670643417,3.3058894055767816,3.395592834742862
2025-04-03,2.475777896031094,2.652831746513669,2.976151237836585,3.3435972405062957
2025-04-04,2.9540851456278348,2.7980587960898187,3.0953959666698863,3.2865277295897166
2025-04-07,3.1415722481706783,3.6868616987958855,3.107831888571046,3.4771962683128264
2025-04-08,3.042390977034812,3.9958103884566682,2.99548072300671,3.5666961895646656
2025-04-09,2.9765992100285916,3.812626384529039,3.0508390727173844,3.5423597921044783
2025-04-10,2.996331089849713,3.6777025711495575,3.058944729337697,3.659214434856164
2025-04-11,3.017102046982289,3.5201462086324895,3.0543879443000908,3.5693179342636996
2025-04-14,2.9816662008570494,3.577440195357639,2.8986039332590443,3.512299121779645
2025-04-15,2.9545928734123463,3.4290142479431247,2.927049546492011,3.4138115472346753
2025-04-16,3.174886574651881,3.3056086080418905,3.024503107556526,3.378415580004114
2025-04-17,3.4345305356045377,3.767738829828442,3.102763744976871,3.4527761997619137
2025-04-18,3.47072107232845,3.964166537735567,3.148423641851816,3.4249370930422485
2025-04-21,3.491172541465933,3.935779863251791,3.1279386183235807,3.426544678691347
2025-04-22,3.4857533175019992,3.86811208624327,3.1923569438806316,3.369020744516035
2025-04-23,3.4857533175019992,3.6889897778606913,3.213038911625421,3.3361994871179785
2025-04-24,3.4640878686754975,3.525632079012664,3.1282430790948403,3.3207099798577895
2025-04-25,3.458268215106954,3.3744523166362996,3.1968138900503837,3.306192242911279
2025-04-28,3.4997823061550815,3.426633272070621,3.2406642470186253,3.3869170542477556
2025-04-29,3.337863588185312,3.284334055063459,2.989752338843314,3.3066283225985966
2025-04-30,3.293919361779333,3.1348624864790615,3.005685089483411,3.2552956352824616
2025-05-02,3.3294358166426448,3.289501702834208,3.090130217629158,3.324781599612793
2025-05-07,3.308999273266195,3.1556828364147904,3.096334238141253,3.2945300603189973
2025-05-08,3.061146688353735,3.1600221043090477,2.9632109353907197,3.208857840934079
2025-05-09,3.082461910319645,3.1454596550870146,2.9940973677586227,3.175770936576616
2025-05-12,3.0730239488940194,3.3962286662519037,2.9585308451839447,3.311877269234026
2025-05-13,3.2081592407930324,3.241737114906651,2.8465768916367007,3.2602704759324723
2025-05-14,3.214831699660634,3.3814032999518013,2.8465768916367007,3.2796161383634947
2025-05-15,3.1153766110329983,3.288020038216229,2.8024054293546183,3.206624174199167
2025-05-16,3.1773379093946255,3.138336482258575,2.9413634674448343,3.1200345454360474
2025-05-19,3.3517372893982738,3.1959130893541583,3.31579194016697,3.2014968962924
2025-05-20,3.0940265027953506,3.38180547763837,3.208315089620371,3.6493607939543495
2025-05-21,2.863647357911972,3.35504634508307,3.254915696370069,3.5922540788779562
2025-05-22,2.7917054012948923,3.224019088290799,3.196009416518712,3.6203192805316298
2025-05-23,2.716536660634537,3.136353390973069,3.1640013846243544,3.5530785123502566
2025-05-26,2.733400115328198,3.003636318359736,3.1405868423410594,3.509840290913293
2025-05-27,2.7501774834501527,2.909552639595181,3.4373647159526555,3.412958539795966
2025-05-28,2.7898882039386828,2.8222374462142357,3.401750249783906,3.7044276479987706
2025-05-29,2.7585020089413277,2.804861514052674,3.4268547289509392,3.5983055225161
2025-05-30,2.755263361364245,2.8686463588913282,3.4268547289509383,3.792324475631797
2025-06-02,2.755263361364245,2.7480121650858016,3.4324363137018477,3.6945113272800647
2025-06-04,3.0289161978062897,2.630007927317896,3.745975618358102,3.635060631791336
2025-06-05,3.0312735026089324,3.507052237489613,3.7574560796470022,4.303052374022218
2025-06-09,2.9662466262296903,3.3448541915647576,3.86632592915758,4.173377746984192
2025-06-10,2.94635367870186,3.2370458137983573,3.9918011211076414,4.110108010911978
2025-06-11,2.83289352328775,3.106501998518685,3.898833769462966,4.08503583764359
2025-06-12,2.828182994012059,3.135792507997396,3.918661093014398,3.96854783466401
2025-06-13,2.8084650951144363,2.9990944883177666,3.8950151292572555,3.870084895017525
2025-06-16,2.7702243333605314,3.1339471093667997,3.8919942250238635,3.809802386666594
2025-06-17,2.9627930837543857,3.05952631772028,3.8932787015084216,3.752683356546967
2025-06-18,2.8588292642102178,3.211801435575903,3.738436138535044,3.644661106120448
2025-06-19,2.718008724888755,3.1836285143073026,3.4279939989945887,3.5458913702347488
2025-06-20,2.658284444990065,3.050519642695782,3.415782696333518,3.4455940527316504
2025-06-23,2.746929021219696,2.969889221151689,3.3401953179275026,3.3870997473902524
2025-06-24,2.851048261688348,3.08353069250953,3.4902176218137306,3.302522810281739
2025-06-25,2.8519500429739315,3.1588601922753727,3.456801439260901,3.425592188546618
2025-06-26,2.871045935178454,3.01813270270362,3.6084490798547804,3.329720963610543
2025-06-27,2.8346579536666607,2.909070659468778,3.2873422468035014,3.4328835809167773
2025-06-30,2.7555398745073463,2.785978997888128,3.3066599462297366,3.3463402813889096
2025-07-01,2.7020979503588154,2.6656992724260817,3.1211566842468974,3.301131034921826
2025-07-02,2.7816319293673963,2.554428607306458,3.292415526630871,3.258383480332799
2025-07-03,3.0056454817401153,2.7282746227530503,3.313177154506365,3.413439690229135
2025-07-04,2.580872868218188,2.9754046757862866,2.546743952953422,3.378064989173765
2025-07-07,2.5832795693330115,2.9790847830310354,2.553913896449183,3.340008960682142
2025-07-08,2.5490988136799992,2.8616024123923607,2.501923069884264,3.2511440388442088
2025-07-09,2.533208016950616,2.741397498895937,2.377493678325189,3.1769281228465616
2025-07-10,2.692140235503915,2.6245558717589375,2.524508438714935,3.0937427893453315
2025-07-11,2.724448393275064,2.938322389036868,2.55296279793089,3.1695993389618757
2025-07-14,2.6505614858886437,2.8795993303801892,2.791057147390582,3.1341583743251173
2025-07-15,2.6325797595659313,2.8931522910092973,2.74620083890802,3.3752306448536853
2025-07-16,2.463157091446435,2.807029317281058,2.751527714180766,3.2861800893392235
2025-07-17,2.463157091446432,2.6901613607252406,2.850897937075109,3.2023652588105667
2025-07-18,2.467850423807267,2.7140239743699928,2.9600514796038304,3.2394687757120337
2025-07-21,2.464326431685694,2.617317130195167,2.9600514796038304,3.273708553564209
2025-07-22,2.31116338463471,2.5644333942216924,2.9719722487969356,3.2241017461939756
2025-07-23,2.1818188131312173,2.464906433119918,2.789862601156803,3.165867370848177
2025-07-24,2.217538317701901,2.3813137457617373,2.841235479086363,3.0872091270530726
2025-07-25,2.2123785950010975,2.3558911667872606,2.6337462003046372,3.0712571046444928
2025-07-28,2.26889946051048,2.2937183374240884,2.7296345473166967,2.990805495542807
2025-07-29,2.2700010488774556,2.3113825417582987,2.6991797695914035,3.010434783726279
2025-07-30,2.26889946051048,2.2223216665263856,2.6874842192227826,2.940420872667348
2025-07-31,2.098241894448545,2.136924076610081,2.4397306642918153,2.904711726172396
2025-08-01,1.8808432759194438,2.057318526212484,2.585656405561093,2.835843781832765
2025-08-04,2.1477008748005413,2.0546008172533314,2.851248682177531,2.9905785399328715
2025-08-05,2.14277301422156,2.637912348884233,2.84790649926775,3.2859314152006056
2025-08-06,2.142106217632311,2.5362761350446656,2.8568464131926117,3.2057391707840273
2025-08-07,2.1976285920444747,2.431960402638876,2.8744523287882604,3.141879496611903
2025-08-08,1.9561380806262472,2.464093998277665,2.7736515385215403,3.0914143948793718
2025-08-11,1.9243551795712757,2.3737988923813402,2.741949254505954,3.019822528904101
2025-08-12,1.824907042642354,2.3156942746067273,2.4236925783369796,2.9589646765408917
2025-08-13,1.8366117872710093,2.2467833026898245,2.424380136781171,2.9072296356196774
2025-08-14,1.8764327858998706,2.2338579289419673,2.4427735992397848,2.832694955200595
2025-08-18,1.9013904686533136,2.239271084972656,2.613153540948459,2.7988019906878243
2025-08-19,1.956929081129763,2.3533323857813975,2.5643991220445566,3.041853230393227
2025-08-20,1.9264697543137477,2.3467757686114616,2.5359228619784155,3.013734161035376
2025-08-21,1.9202306409089702,2.2590024605993366,2.509648049694094,2.945646877300344
2025-08-22,1.9550666777083794,2.171247934894203,2.5305278952367756,2.8722863072034652
2025-08-25,1.9573792001891965,2.16562060658265,2.479717725871241,2.8362009605377767
2025-08-26,1.9621174179708853,2.1781346744896375,2.479717725871241,2.7721249405456567
2025-08-27,1.9529464918425095,2.1718328790322463,2.498656782010234,2.7044445199297407
2025-08-28,2.005991026899165,2.183691937820132,2.495491172189598,2.7681295728320316
2025-08-29,2.0289335692849564,2.1768472442266096,2.4582320398824846,2.7053805632540606
2025-09-01,2.0332006201810793,2.1286319949087744,2.5544359176035094,2.6400177545244325
2025-09-02,2.0246810448397308,2.055441422204871,2.4227886333530604,2.717415623146169
2025-09-03,1.6764474911180969,2.0371981900578926,2.1030023888762184,2.725773817919895
2025-09-04,1.6737610912182668,2.0948175296528193,2.2312819292099983,2.8369616520808396
2025-09-05,1.6786615983886501,2.0177371107691644,2.2550578073046736,2.8749618941068835
2025-09-08,1.6011305529590734,1.952229109451594,2.2223003954504197,2.821122164074429
2025-09-09,1.745893140241644,1.9292069444325466,2.341255259572573,2.761924794878589
2025-09-10,1.7236588989704356,2.091759729120352,2.329224273075858,2.7989635675837388
2025-09-11,1.7161834733750603,2.015877777277582,2.3493768170669185,2.730115073290322
2025-09-12,1.7161834733750603,1.9605132208004985,2.349924010929484,2.702012397322632
2025-09-15,1.6602208688404398,1.9765211036047725,2.3116269265647325,2.637406860738477
2025-09-16,1.6678186494997027,1.938942052921303,2.0502729202764933,2.5776626435665926
2025-09-17,1.6005058724100365,2.0856873802680123,2.0193822723557884,2.5841190940081797
2025-09-18,1.6096287652451808,2.0102097947088287,2.0631460027277497,2.584537690400744
2025-09-19,1.8187908071023338,1.964492729137813,2.5104922681759976,2.5963441155725167
2025-09-22,1.829181445867171,2.2293460341300184,2.5104922681759976,2.9698602519461867
2025-09-23,1.770767925962912,2.2352224757297843,2.539685019840066,2.9284647766585215
2025-09-24,1.7863103766996071,2.1510958147338672,2.677774484618938,2.8977498079203627
2025-09-25,1.9215445176558574,2.2167074985987703,2.693510720231135,2.9753954600323516
2025-09-26,1.9750708245287583,2.564634844955057,2.8691711097707118,3.0539622188790942
2025-09-29,1.9719461018423845,2.635193701267902,2.86588306012052,3.232274646848823
2025-09-30,1.987113244789787,2.528972459030282,2.792413190874781,3.1443263283017804
2025-10-01,1.9915177270470887,2.4904752465508593,2.8001105420356365,3.0615639386031788
2025-10-02,2.061772238125421,2.448160783886764,2.6966910941268205,3.058162335168414
2025-10-10,2.059276340761238,2.4589603150373525,2.589851990622896,2.984189939933576
2025-10-13,2.2152394259505335,2.372181946953143,2.824164436059771,2.906849981675739
2025-10-14,2.2473582374910754,2.505857021662314,3.003601013386944,3.1031291791609124
2025-10-15,2.1365637743593604,2.48477026087044,2.9239731612343975,3.2377725291964436
2025-10-16,2.423525570419291,2.40378460476764,3.199553540283841,3.149905782429693
2025-10-17,2.619332884897359,2.949483287326623,3.366643092798184,3.433361798396234
2025-10-20,2.6834501601305574,3.0913009156724156,3.3873785341076577,3.5521910194747144
2025-10-21,2.729582211185258,3.15440452133429,3.3934460641766804,3.4883287388012483
2025-10-22,2.904069394422075,3.1588737493872885,3.512975946402142,3.405936895427652
2025-10-23,3.011889139805137,3.4074102499935917,3.6192014378339117,3.501953469319954
2025-10-24,3.051159030363931,3.5498712073442493,3.5577480839108664,3.6495316377371942
2025-10-27,3.065802155577362,3.4440562159570924,3.482452611375526,3.545125926932595
2025-10-28,3.0585321720751915,3.5214635553667737,3.5325493290122356,3.6703939690767022
2025-10-29,3.1311187716061974,3.3919160119679725,3.5760180035767157,3.6121929217288673
2025-10-30,3.316926287996157,3.475638939882351,3.8175783897524362,3.6743877261166116
2025-10-31,3.320441737680891,3.853638693669778,3.764824665493043,4.043716915024994
2025-11-03,3.320441737680889,3.7564044897930127,3.70290105059212,3.9243637046599655
2025-11-04,3.350415752453068,3.7041934150471265,3.727931891877349,3.9227124545192784
2025-11-05,3.4043949186169193,3.5512712135019235,3.832685245422096,3.8215277842683664
2025-11-06,3.714630020671793,3.583776076429204,4.137309915069621,3.90456015788868
2025-11-07,3.720791006531494,4.198909010254444,4.113948398870785,4.322715742708066
2025-11-10,3.8649216095050347,4.312288438005202,4.101219330881983,4.196893057280531
2025-11-11,3.9095122092513837,4.236238064198767,4.016537243518534,4.078832841767882
2025-11-12,4.158124577258343,4.227762365762297,3.940812099047606,4.073003477206133
2025-11-13,4.108666798018882,4.896805353945632,3.931109137078114,4.311556222451486
2025-11-14,4.01849296556378,4.688794529683896,3.9710979649989815,4.18155876105475
2025-11-17,4.079414056898236,4.548420788520936,3.822253137564161,4.407447124016671
2025-11-18,4.256244711904959,4.587801061157064,4.058277842585338,4.3320897994679415
2025-11-19,4.243639498175601,4.563919200846987,4.058013823347112,4.333887372952139
2025-11-20,4.034600351955555,4.3458708891420255,3.845077248589301,4.239595723289633
2025-11-21,4.157643563366139,4.345693828685781,4.150197929875493,4.303025820472735
2025-11-24,4.105803094111909,4.31736855889526,4.127215133949857,4.416237806179968
2025-11-25,4.080762067018725,4.233188322385969,4.161684640577542,4.29883470558119
2025-11-26,4.10992411006287,4.030528976432212,4.129153032027844,4.216928619250807
2025-11-27,4.762307363933087,3.849536829031281,4.541176688291883,4.107862007732837
2025-11-28,4.745258284906737,5.398502327544635,4.382421596288855,4.79280184238914
2025-12-01,4.746040956618956,5.219654672997008,4.426242090941135,4.651365002517489
2025-12-02,4.807068208576262,5.239589296065134,4.5886713503916,4.650431871379378
2025-12-03,4.77247065894344,5.035025946451902,4.5555042583251915,4.64956105588542
2025-12-04,4.7773573089253745,4.8186860166313155,4.486461114657435,4.534987380687925
2025-12-05,4.642033626599017,4.599612921406604,4.241854940156865,4.403565687902453
2025-12-08,4.603326954238515,4.515059909120426,4.350993318443814,4.309425384240031
2025-12-09,4.612111385100235,4.4981877907965355,4.443475688070775,4.374696215541323
2025-12-10,4.471981557164436,4.5870203531708515,4.785041175122622,4.427402850305694
2025-12-11,4.12631508618477,4.364935933405456,4.591239069192117,4.780852633664411
2025-12-12,4.154469767325175,4.181999904088925,4.672141346524596,4.63405367979562
2025-12-15,4.664108142175159,4.010308945780978,4.7968342735202905,4.634278520961996
2025-12-16,4.524336310180632,4.824510685837848,4.774356102185515,4.897801172096941
2025-12-17,4.40733695644194,4.600302881227877,4.674342327052656,4.7699446342087075
2025-12-18,4.477680096614641,4.38299448828673,4.66393967942695,4.625847601359565
2025-12-19,4.514410787899637,4.278903037639722,4.639062918511089,4.494029209721387
2025-12-22,4.440452572387066,4.370868829307152,4.4459130510101925,4.503772921199248
2025-12-23,4.483355461088944,4.2084994017052795,4.442779053057401,4.373573306842593
2025-12-24,4.503363822109599,4.157728689412001,4.460482570519096,4.251823350044271
2025-12-26,4.507760504053496,3.9955913727076764,4.481698232547448,4.193355498843402
2025-12-29,3.5598154045238903,3.8438954572920725,3.9099872122552943,4.1527142339714755
2025-12-30,3.523391223563687,3.7226804789417196,3.9559960518060064,4.078018791930219
2026-01-02,3.3215314884208693,3.5686190269334843,3.830783831268049,4.029070776743392
2026-01-05,3.299783542684482,3.4939238769478527,3.695061053687224,3.9095429778436714
2026-01-06,3.3177732061759384,3.3326222801315333,3.6737356101566814,3.803087310265237
2026-01-07,3.4162078669887914,3.255885520075273,3.793716609643589,3.6944796842512466
2026-01-08,3.351907772341842,3.381011515761503,3.7691289886833625,3.749947609168403
2026-01-09,3.2845815852976106,3.2266180611850666,3.7125334694659267,3.653929174114018
2026-01-12,3.19068584954335,3.233305015198683,3.534247410963855,3.7053245924935023
2026-01-13,3.2313936253425934,3.3368770582621754,3.0521967108796813,3.6040761006610915
2026-01-14,3.2017182886693805,3.2408043158161823,3.048863957045544,3.545262075837334
2026-01-15,3.8014470928844957,3.096435301146518,3.3710391219777898,3.445456339276399
2026-01-16,3.1537128534324,4.108785319712399,2.816363748152002,3.9152397258572216
2026-01-19,3.3007430620853717,3.9149281351751943,3.005312756087917,3.8001015287293636
2026-01-20,3.4385282012041323,4.040074197676672,3.358060664814052,4.040826501567389
2026-01-21,3.6015671192254106,4.198505841222619,3.597684440488528,4.4262020246757325
2026-01-22,3.5712609484472955,4.336085931335713,3.753817104913725,4.467794772671289
2026-01-23,3.581141079121478,4.25803440333911,3.780992563058644,4.492538645215588
2026-01-26,3.5990474930379532,4.1865770017393515,3.9070449191172623,4.421332733910448
2026-01-27,3.566577657990375,4.1642583754136995,3.8571455026445984,4.37777515701918
2026-01-28,3.6206353033687235,3.9664193840244613,3.8350513748343835,4.269430596222261
2026-01-29,3.646217870877258,3.8541882367916434,3.851530308109461,4.1484792849819065
2026-01-30,3.7006627463070285,3.885021773615323,3.922869455118894,4.183004845165654
2026-02-02,3.6175827235744973,3.8827967660999274,3.9332707823920665,4.243542908896855
2026-02-03,3.6470013775181074,3.7223149432703986,4.062036786778635,4.11862953789479
2026-02-04,3.666469691678894,3.7172622302698737,4.1747939783784345,4.249025948292228
2026-02-05,3.516478216571087,3.685430290346492,4.081969645952346,4.375637861621841
2026-02-06,3.535762866429107,3.554207825842734,4.034865903241764,4.301898035765336
2026-02-09,3.5299197346870734,3.576160183341357,4.0411160646063085,4.2198423689039615
2026-02-10,3.7346511279661723,3.523581642473445,4.569625388418215,4.242347162009994
2026-02-11,3.8002067612922557,3.6756871154311015,4.744836792817677,4.587505736281839
2026-02-12,4.009174003516951,3.572628720677797,4.789064925133403,4.59723199543048
2026-02-13,3.545909783183454,3.7571229347280006,4.6679658055629405,4.484934331478218
2026-02-19,3.6153311117543545,3.5948039485345684,4.681717226667615,4.529146173628143
2026-02-20,3.5679993060003494,3.6124786873563193,4.5947070998414565,4.4198266681096685
2026-02-23,3.3796942662515006,3.6283051197604173,4.305362105229134,4.454908121877512
2026-02-24,3.1656940862343297,3.491745030538088,4.185627335355647,4.4366742825353915
2026-02-25,3.165694086234327,3.3304166074224173,4.1142840608462485,4.312390330945526
2026-02-26,3.3272038882950445,3.3459015796658087,4.4512117130379085,4.260038448768985
2026-02-27,3.2673565840934757,3.6840756792597347,4.427742625978266,4.660039359644899
2026-03-03,4.585692033768889,3.593270506672527,5.898098967342926,4.568221668480473
2026-03-04,4.598964686804648,5.731510159322182,5.894501069398757,6.268885072982335
2026-03-05,4.6731757326866505,5.59302175796999,5.974302111065856,6.08204920257249
2026-03-06,4.692293580714982,5.504343746607322,5.931537984127141,6.061460324162203
2026-03-09,6.04138505090789,5.3991155257278445,6.521627024571347,5.9413235254709305
2026-03-10,6.65748772865132,7.6263575518254205,6.9910282641737735,6.566538581245145
2026-03-11,6.665908290198222,8.179494178418048,6.854435477432554,7.077922787404212
2026-03-12,6.658474728816335,7.8239080069199485,6.892711816874149,6.849235650011243
2026-03-13,6.7690718221432205,7.4442307334832885,6.966679197983742,6.6924583320385
2026-03-16,6.777234300354736,7.3812748805872745,6.900527930114192,6.603045737680392
2026-03-17,6.694550022219564,7.057967635417898,6.690658021592878,6.40905265277351
2026-03-18,6.830732373757936,6.736421886434209,6.910182273111141,6.222598222624455
2026-03-19,6.836637993021056,6.693744959680606,7.0895227860085,6.440009777637898
2026-03-20,7.015017903788711,6.664542655888012,7.049106664103272,6.515453937568614
2026-03-23,8.317359929116702,6.867670559346713,7.6996845946534185,6.430705044965868
2026-03-24,8.636048479098145,9.50116092949811,7.695669778085183,7.293061087957085
2026-03-25,8.636114646672787,9.538074123002934,7.673650028630774,7.154401659645545
2026-03-26,8.649888521164389,9.08266333615306,7.68398148283634,6.93411251167628
2026-03-27,8.587343954359593,8.627596416041651,7.729270279115576,6.709430528489421
2026-03-30,8.551602467485543,8.324841594451817,7.452736793573623,6.764365669672221
2026-03-31,8.488322510815616,8.060899785714804,7.426814352639479,6.588584703231818
2026-04-01,9.173419157959536,7.664652960528788,7.85215469367062,6.391330307184656
2026-04-02,9.391001265142329,9.345449110271463,8.157611111570548,7.793221385339845
2026-04-03,9.351175123505937,9.474266810634546,8.134901293047093,7.993357966133784
2026-04-06,9.344351489638264,9.043007455389091,8.126209800041218,7.837454190032128
2026-04-07,8.519543359102009,8.59734371489294,7.677660854093281,7.594914336573999
2026-04-08,8.563463362559848,8.177602373526891,7.6776608540932765,7.38491249044637
2026-04-09,8.533382626345727,8.73059436071244,7.690674625185771,7.794225633922371
2026-04-10,8.545260451880694,8.29419392002684,7.676271416328565,7.560439718629682
2026-04-13,8.437306611540375,7.9209615221016785,7.616860995749595,7.351832665101089
2026-04-14,8.473878630687313,7.556221167093614,7.720189980391245,7.144018810264883
2026-04-15,8.46263214710074,7.3036695782276935,7.705600931419025,7.076165614976243
2026-04-16,8.34143701220428,6.937362274880718,7.444963142318179,6.845663320085957
2026-04-17,8.259600474599244,6.590463239715399,7.3218557366675405,6.636941621459092
2026-04-20,8.055985648069688,6.3474433139405315,7.264397854638478,6.513546054549447
2026-04-21,6.263982454515353,6.0744773141997195,6.38380018185914,6.34839318303385
2026-04-22,6.0212955416587866,5.784669395691661,6.423717214910918,6.187262521657418
2026-04-23,6.354233684267967,5.5740911340573485,6.747807404031678,6.077635276256516
2026-04-24,6.434009340254035,6.002322045579829,6.781838492129792,6.309520322640072
2026-04-27,6.335504640328112,5.857060290182629,6.554387843269572,6.147070054954594
2026-04-28,6.296393525548686,5.566703113505338,6.6154041016835405,5.950665324531121
2026-04-29,6.289242516279,5.393860791096566,6.622562444653377,5.871909288971072
2026-04-30,4.857105742155114,5.1304126369687,5.278460273331875,5.71390882226394
2026-05-04,4.363293862821214,5.333370769873121,4.823232466776963,5.833249720903489
2026-05-06,4.323496160241035,5.1184261784895515,4.642187497495629,5.665221951144432
2026-05-07,4.552032513064897,4.904467659976565,4.841034914934932,5.485099522346865
2026-05-08,4.569312754410555,5.049600514471562,4.836517834341644,5.517955084734618
2026-05-11,3.4604156095006964,4.872427211805782,3.8737947434377222,5.389913425766177
2026-05-12,3.826399526099337,4.737648683187275,4.4451793043272305,5.348308444879096
2026-05-13,3.997695764883983,5.300097113514399,4.483578502767214,5.943887328801947
2026-05-14,3.9920695193870266,5.181114402836418,4.49013203751135,5.759033574622033
2026-05-15,4.278957371892857,4.949552733029822,4.782517766875132,5.634009383884712
2026-05-18,4.291225821093443,5.820119001893142,4.750749314331282,6.413061860040747
2026-05-19,4.318603169235787,5.537181105219455,4.988734928864856,6.243413713200691
2026-05-20,4.314466252923888,5.268260117034095,5.029044214787319,6.13532974394829
2026-05-21,4.239760774922504,5.015535087164006,4.952810649856648,5.943407591091442
2026-05-22,4.323837581196995,4.77099145884893,5.128301491768626,5.762422107398275
2026-05-26,4.649101295642302,4.637251097857838,5.349485956613041,5.7564175832581
2026-05-27,4.420584964523533,4.817133897709503,5.10322493741996,5.72082559211773
2026-05-28,4.450559087404222,4.880465432681048,5.120365500346927,5.597571848272718
2026-05-29,4.617239950652867,4.9052183662433455,5.528954090362246,5.504654245179207
2026-06-01,4.756624453378293,4.869573954413872,5.92760290425027,5.7030723491428805
2026-06-02,4.795136424892778,5.095372036701386,6.00716239167879,6.232227843657674
2026-06-04,4.946022933341794,4.886833012544859,6.107559718437946,6.129169056965575
2026-06-05,4.944337790895389,5.453452347183014,6.11126983920847,6.365010231984861
2026-06-08,4.952969287397698,5.2229471959209235,6.331715332168618,6.191967282640329
2026-06-09,5.02619329588698,5.212864429104999,6.425207056141125,6.439866846802354
2026-06-10,5.020605161778445,5.430392944021181,6.445666687598657,6.5007012626589615
2026-06-11,5.017616584642192,5.190563236879237,6.455189864789122,6.292773339677608
2026-06-12,5.485608877955563,5.020434749984314,6.710187705840948,6.220354453063023
2026-06-15,5.538892789478191,6.025685566342985,6.934760613165007,6.745227671649515
2026-06-16,5.570269720750058,5.9411262350730105,6.907742378078723,6.797501722740054
2026-06-17,5.028708060914338,5.701225509090501,6.280335902451321,6.5813679558305065
2026-06-18,5.167969113869084,5.439647804166914,6.395850589398153,6.483318007610628
2026-06-19,5.206689835934064,5.427464973574518,6.456495437412878,6.437838274603405
2026-06-22,5.226270636113749,5.2466045947278275,6.473583684041296,6.362456025584922
2026-06-23,5.306563770239558,5.041593343108529,6.5010365473881295,6.18219013316283
2026-06-24,5.263314183143184,4.959400947304917,6.380666482578817,6.0313336646848486
2026-06-25,5.075168305911966,4.7275810835013345,6.282883020367241,5.844402125524513
2026-06-26,5.063543837123976,4.516542771548495,6.31146726582805,5.675936301977083
2026-06-29,4.954353544875358,4.5386329018745775,6.275261330168232,5.5790235180134955
2026-06-30,4.930304733168601,4.360839039712926,6.2152155845074954,5.433186692823322
2026-07-01,5.138482266194944,4.322149522368227,6.420895946976945,5.552593285640836
2026-07-02,5.215517140957258,5.0609676679712505,6.361000969449189,6.373553732777102
2026-07-03,4.780336708603174,5.019808967434874,6.033624039300031,6.18848489345724
2026-07-06,4.794883185428474,4.774086900301019,6.009484567074366,5.99460614091362
2026-07-07,4.637984989400538,4.610265334293275,5.614615281736137,5.80787636621229
2026-07-08,4.409648512069857,4.394115212427206,5.457332332786454,5.630578831144748
2026-07-09,4.387764372716029,4.18295755561327,5.462717795592772,5.515321485978426
2026-07-10,4.320372558891066,3.9849623359114497,5.3647837572361645,5.349073191853942
2026-07-13,3.628839510156948,3.809126801714279,4.699635244204774,5.222009065536331
2026-07-14,3.8199850411075764,3.8448339618663523,4.572703691211498,5.118530124596291
2026-07-15,3.8118112180306993,4.4551479942201455,4.568432053623174,5.292378032342653
2026-07-16,3.811811218030705,4.302343103247385,4.478318136681846,5.129618903477877
2026-07-20,3.7735798337791606,4.123237525853428,4.413329377066304,5.034630884873261
2026-07-21,3.821387182686411,4.177433163942138,4.338603022918371,4.992238037759931
2026-07-22,3.9266913250094833,4.097226136840707,4.451586127170773,4.846060255006694
2026-07-23,3.7893145504041703,4.199540295678755,4.360116861692962,4.89844097020094
2026-07-24,3.8409138297570586,3.999115230329932,4.433449694140719,4.755912664297441
2026-07-27,4.342579878367225,3.9764326091795197,5.209446547699061,4.766921783036489
2026-07-28,4.293899326785776,4.666300151351187,5.209446547699058,5.462850175231392
2026-07-29,4.338306669877622,4.591974551115924,5.288914732496577,5.376887459978528
2026-07-30,4.253777033134079,4.452478805502271,5.101237011511948,5.2908678372375375
2026-07-31,4.049144530462128,4.305340948954144,4.406375251512643,5.317249243027995
2026-08-03,3.9454132501280057,4.615824298500895,4.377393222977765,5.2973302433564875
2026-08-04,3.945618425786341,4.428933871426401,4.378616872288092,5.130628175230728
2026-08-05,4.127295897869617,4.215862148893368,4.914109908261756,4.9714071669848385
2026-08-06,4.415265725703428,4.483055765037827,4.9844042486826705,5.443096890163601
2026-08-07,4.415934350788763,4.779789988423347,4.9524068222767665,5.358163494184529
2026-08-10,4.461379244348629,4.547527740261155,4.966502074613783,5.218884148972192
2026-08-11,4.4809756590660985,4.4175062124717135,5.1051561237262035,5.080179940709464
2026-08-12,4.403445620571842,4.261985946841006,5.0702352720841075,5.150991941980048
2026-08-13,3.9896711882655382,4.085359352766009,4.808836113022036,4.995844370339759
2026-08-14,3.999446390260956,3.8939720148348167,4.813468208109025,4.854892910102453
2026-08-18,4.124993506488386,3.7535911775016833,4.952435668195922,4.711063499976215
2026-08-19,4.137983175643017,3.8511904883216106,4.948972957425966,4.837133104912637
2026-08-20,4.182930164598101,4.035664253187654,4.950199611174925,4.785144356391502
2026-08-21,4.098937144466311,4.000612529671335,4.913261936549186,4.648776865953958
2026-08-24,4.113988911252034,3.9515744218362627,4.988119218035342,4.6672726595827685
2026-08-25,4.011667507468202,3.8173686654627135,4.847935250235544,4.653135863933372
2026-08-26,3.5721808731468516,3.648841922169059,4.226954323995347,4.515755346718637
2026-08-27,3.7719516231811716,3.4902914209345157,4.352065738299032,4.471903305699553
2026-08-28,3.8763999007424688,3.948417744496096,4.516920569212123,4.603180842110148
